record_id,company_id,company_name_normalized,relation_class,evidence_count,official_designation_verified,source_dataset,source_row,record_json
66d14bd9f5ec2e39f595f772,CMP0001,4S Mapper,미분류,0,N,company_master,2,"{""company_id"":""CMP0001"",""company_name_normalized"":""4S Mapper"",""company_name_variants"":""4S Mapper"",""source_flags"":""portal"",""in_portal_directory"":""Y"",""in_defense_cost_cert"":""N"",""in_swarm_registry"":""N"",""in_krit_report"":""N"",""in_patent_applicant_ranking"":""N"",""defense_drone_relation_class"":""미분류"",""classification_basis"":""현재 수집자료 내 직접 근거 없음"",""evidence_count"":""0"",""official_defense_company_designation_verified"":""N"",""designation_note"":""공식 방산업체 지정현황 원본이 이번 묶음에 없어 별도 검증 전에는 지정업체로 표시하지 않음""}"
489463b152c6fc5158759668,CMP0002,LIG넥스원,교차출처 후보,2,N,company_master,3,"{""company_id"":""CMP0002"",""company_name_normalized"":""LIG넥스원"",""company_name_variants"":""LIG넥스원"",""source_flags"":""cost_cert,krit,portal"",""in_portal_directory"":""Y"",""in_defense_cost_cert"":""Y"",""in_swarm_registry"":""N"",""in_krit_report"":""Y"",""in_patent_applicant_ranking"":""N"",""defense_drone_relation_class"":""교차출처 후보"",""classification_basis"":""방산 공식 보조근거와 별도 드론 근거가 함께 존재"",""evidence_count"":""2"",""official_defense_company_designation_verified"":""N"",""designation_note"":""공식 방산업체 지정현황 원본이 이번 묶음에 없어 별도 검증 전에는 지정업체로 표시하지 않음""}"
e0c91b50054f233a8612606c,CMP0003,LIG디펜스앤에어로스페이스,드론근거만 확인,1,N,company_master,4,"{""company_id"":""CMP0003"",""company_name_normalized"":""LIG디펜스앤에어로스페이스"",""company_name_variants"":""엘아이지디펜스앤에어로스페이스 주식회사"",""source_flags"":""patent"",""in_portal_directory"":""N"",""in_defense_cost_cert"":""N"",""in_swarm_registry"":""N"",""in_krit_report"":""N"",""in_patent_applicant_ranking"":""Y"",""defense_drone_relation_class"":""드론근거만 확인"",""classification_basis"":""드론 기술·운용 근거는 있으나 방산 참여 근거 미확인"",""evidence_count"":""1"",""official_defense_company_designation_verified"":""N"",""designation_note"":""공식 방산업체 지정현황 원본이 이번 묶음에 없어 별도 검증 전에는 지정업체로 표시하지 않음""}"
29663154d3131ab1f6dd32f6,CMP0004,STX엔진,방산근거만 확인,1,N,company_master,5,"{""company_id"":""CMP0004"",""company_name_normalized"":""STX엔진"",""company_name_variants"":""STX엔진"",""source_flags"":""cost_cert"",""in_portal_directory"":""N"",""in_defense_cost_cert"":""Y"",""in_swarm_registry"":""N"",""in_krit_report"":""N"",""in_patent_applicant_ranking"":""N"",""defense_drone_relation_class"":""방산근거만 확인"",""classification_basis"":""방산원가관리체계 인증은 확인되나 드론 참여 근거는 미확인"",""evidence_count"":""1"",""official_defense_company_designation_verified"":""N"",""designation_note"":""공식 방산업체 지정현황 원본이 이번 묶음에 없어 별도 검증 전에는 지정업체로 표시하지 않음""}"
c315b685e9a462e39e62695f,CMP0005,S&T모티브,방산근거만 확인,1,N,company_master,6,"{""company_id"":""CMP0005"",""company_name_normalized"":""S&T모티브"",""company_name_variants"":""S&T모티브"",""source_flags"":""cost_cert"",""in_portal_directory"":""N"",""in_defense_cost_cert"":""Y"",""in_swarm_registry"":""N"",""in_krit_report"":""N"",""in_patent_applicant_ranking"":""N"",""defense_drone_relation_class"":""방산근거만 확인"",""classification_basis"":""방산원가관리체계 인증은 확인되나 드론 참여 근거는 미확인"",""evidence_count"":""1"",""official_defense_company_designation_verified"":""N"",""designation_note"":""공식 방산업체 지정현황 원본이 이번 묶음에 없어 별도 검증 전에는 지정업체로 표시하지 않음""}"
0e6c4a63b76bdb6cdaf13daa,CMP0006,가이온,미분류,0,N,company_master,7,"{""company_id"":""CMP0006"",""company_name_normalized"":""가이온"",""company_name_variants"":""(주)가이온"",""source_flags"":""portal"",""in_portal_directory"":""Y"",""in_defense_cost_cert"":""N"",""in_swarm_registry"":""N"",""in_krit_report"":""N"",""in_patent_applicant_ranking"":""N"",""defense_drone_relation_class"":""미분류"",""classification_basis"":""현재 수집자료 내 직접 근거 없음"",""evidence_count"":""0"",""official_defense_company_designation_verified"":""N"",""designation_note"":""공식 방산업체 지정현황 원본이 이번 묶음에 없어 별도 검증 전에는 지정업체로 표시하지 않음""}"
bbf5416b61b48ed2b875e471,CMP0007,강남무인항공,미분류,0,N,company_master,8,"{""company_id"":""CMP0007"",""company_name_normalized"":""강남무인항공"",""company_name_variants"":""강남무인항공"",""source_flags"":""portal"",""in_portal_directory"":""Y"",""in_defense_cost_cert"":""N"",""in_swarm_registry"":""N"",""in_krit_report"":""N"",""in_patent_applicant_ranking"":""N"",""defense_drone_relation_class"":""미분류"",""classification_basis"":""현재 수집자료 내 직접 근거 없음"",""evidence_count"":""0"",""official_defense_company_designation_verified"":""N"",""designation_note"":""공식 방산업체 지정현황 원본이 이번 묶음에 없어 별도 검증 전에는 지정업체로 표시하지 않음""}"
06bcf5c6130d0bf425b2ac09,CMP0008,건국대학교 산학협력단,드론근거만 확인,1,N,company_master,9,"{""company_id"":""CMP0008"",""company_name_normalized"":""건국대학교 산학협력단"",""company_name_variants"":""건국대학교 산학협력단"",""source_flags"":""patent,portal"",""in_portal_directory"":""Y"",""in_defense_cost_cert"":""N"",""in_swarm_registry"":""N"",""in_krit_report"":""N"",""in_patent_applicant_ranking"":""Y"",""defense_drone_relation_class"":""드론근거만 확인"",""classification_basis"":""드론 기술·운용 근거는 있으나 방산 참여 근거 미확인"",""evidence_count"":""1"",""official_defense_company_designation_verified"":""N"",""designation_note"":""공식 방산업체 지정현황 원본이 이번 묶음에 없어 별도 검증 전에는 지정업체로 표시하지 않음""}"
772af42ba7effaf426debef4,CMP0009,경기항공,미분류,0,N,company_master,10,"{""company_id"":""CMP0009"",""company_name_normalized"":""경기항공"",""company_name_variants"":""주식회사 경기항공"",""source_flags"":""portal"",""in_portal_directory"":""Y"",""in_defense_cost_cert"":""N"",""in_swarm_registry"":""N"",""in_krit_report"":""N"",""in_patent_applicant_ranking"":""N"",""defense_drone_relation_class"":""미분류"",""classification_basis"":""현재 수집자료 내 직접 근거 없음"",""evidence_count"":""0"",""official_defense_company_designation_verified"":""N"",""designation_note"":""공식 방산업체 지정현황 원본이 이번 묶음에 없어 별도 검증 전에는 지정업체로 표시하지 않음""}"
14b134f097ed60f4f5d323be,CMP0010,경북과학대 산학협력단,드론근거만 확인,1,N,company_master,11,"{""company_id"":""CMP0010"",""company_name_normalized"":""경북과학대 산학협력단"",""company_name_variants"":""경북과학대 산학협력단"",""source_flags"":""swarm"",""in_portal_directory"":""N"",""in_defense_cost_cert"":""N"",""in_swarm_registry"":""Y"",""in_krit_report"":""N"",""in_patent_applicant_ranking"":""N"",""defense_drone_relation_class"":""드론근거만 확인"",""classification_basis"":""드론 기술·운용 근거는 있으나 방산 참여 근거 미확인"",""evidence_count"":""1"",""official_defense_company_designation_verified"":""N"",""designation_note"":""공식 방산업체 지정현황 원본이 이번 묶음에 없어 별도 검증 전에는 지정업체로 표시하지 않음""}"
14a5a2b000b2fdc23a236072,CMP0011,경북대학교 산학협력단,드론근거만 확인,1,N,company_master,12,"{""company_id"":""CMP0011"",""company_name_normalized"":""경북대학교 산학협력단"",""company_name_variants"":""경북대학교 산학협력단"",""source_flags"":""patent"",""in_portal_directory"":""N"",""in_defense_cost_cert"":""N"",""in_swarm_registry"":""N"",""in_krit_report"":""N"",""in_patent_applicant_ranking"":""Y"",""defense_drone_relation_class"":""드론근거만 확인"",""classification_basis"":""드론 기술·운용 근거는 있으나 방산 참여 근거 미확인"",""evidence_count"":""1"",""official_defense_company_designation_verified"":""N"",""designation_note"":""공식 방산업체 지정현황 원본이 이번 묶음에 없어 별도 검증 전에는 지정업체로 표시하지 않음""}"
ff4e275e22353201b095c274,CMP0012,경상국립대학교산학협력단,드론근거만 확인,1,N,company_master,13,"{""company_id"":""CMP0012"",""company_name_normalized"":""경상국립대학교산학협력단"",""company_name_variants"":""경상국립대학교산학협력단"",""source_flags"":""patent"",""in_portal_directory"":""N"",""in_defense_cost_cert"":""N"",""in_swarm_registry"":""N"",""in_krit_report"":""N"",""in_patent_applicant_ranking"":""Y"",""defense_drone_relation_class"":""드론근거만 확인"",""classification_basis"":""드론 기술·운용 근거는 있으나 방산 참여 근거 미확인"",""evidence_count"":""1"",""official_defense_company_designation_verified"":""N"",""designation_note"":""공식 방산업체 지정현황 원본이 이번 묶음에 없어 별도 검증 전에는 지정업체로 표시하지 않음""}"
d6b42c57bc177b1efc76d41b,CMP0013,고양드론앵커센터,미분류,0,N,company_master,14,"{""company_id"":""CMP0013"",""company_name_normalized"":""고양드론앵커센터"",""company_name_variants"":""고양드론앵커센터"",""source_flags"":""portal"",""in_portal_directory"":""Y"",""in_defense_cost_cert"":""N"",""in_swarm_registry"":""N"",""in_krit_report"":""N"",""in_patent_applicant_ranking"":""N"",""defense_drone_relation_class"":""미분류"",""classification_basis"":""현재 수집자료 내 직접 근거 없음"",""evidence_count"":""0"",""official_defense_company_designation_verified"":""N"",""designation_note"":""공식 방산업체 지정현황 원본이 이번 묶음에 없어 별도 검증 전에는 지정업체로 표시하지 않음""}"
61c5c4822973375949ac8461,CMP0014,공간정보,미분류,0,N,company_master,15,"{""company_id"":""CMP0014"",""company_name_normalized"":""공간정보"",""company_name_variants"":""공간정보"",""source_flags"":""portal"",""in_portal_directory"":""Y"",""in_defense_cost_cert"":""N"",""in_swarm_registry"":""N"",""in_krit_report"":""N"",""in_patent_applicant_ranking"":""N"",""defense_drone_relation_class"":""미분류"",""classification_basis"":""현재 수집자료 내 직접 근거 없음"",""evidence_count"":""0"",""official_defense_company_designation_verified"":""N"",""designation_note"":""공식 방산업체 지정현황 원본이 이번 묶음에 없어 별도 검증 전에는 지정업체로 표시하지 않음""}"
60fe7d3f2223e827cdd05b10,CMP0015,국방과학연구소,드론근거만 확인,1,N,company_master,16,"{""company_id"":""CMP0015"",""company_name_normalized"":""국방과학연구소"",""company_name_variants"":""국방과학연구소"",""source_flags"":""patent"",""in_portal_directory"":""N"",""in_defense_cost_cert"":""N"",""in_swarm_registry"":""N"",""in_krit_report"":""N"",""in_patent_applicant_ranking"":""Y"",""defense_drone_relation_class"":""드론근거만 확인"",""classification_basis"":""드론 기술·운용 근거는 있으나 방산 참여 근거 미확인"",""evidence_count"":""1"",""official_defense_company_designation_verified"":""N"",""designation_note"":""공식 방산업체 지정현황 원본이 이번 묶음에 없어 별도 검증 전에는 지정업체로 표시하지 않음""}"
39206be6c74abd233941b037,CMP0016,국제드론표준산업협회,미분류,0,N,company_master,17,"{""company_id"":""CMP0016"",""company_name_normalized"":""국제드론표준산업협회"",""company_name_variants"":""국제드론표준산업협회"",""source_flags"":""portal"",""in_portal_directory"":""Y"",""in_defense_cost_cert"":""N"",""in_swarm_registry"":""N"",""in_krit_report"":""N"",""in_patent_applicant_ranking"":""N"",""defense_drone_relation_class"":""미분류"",""classification_basis"":""현재 수집자료 내 직접 근거 없음"",""evidence_count"":""0"",""official_defense_company_designation_verified"":""N"",""designation_note"":""공식 방산업체 지정현황 원본이 이번 묶음에 없어 별도 검증 전에는 지정업체로 표시하지 않음""}"
9c5247b7c931aa98741448f2,CMP0017,국토드론센터,미분류,0,N,company_master,18,"{""company_id"":""CMP0017"",""company_name_normalized"":""국토드론센터"",""company_name_variants"":""국토드론센터"",""source_flags"":""portal"",""in_portal_directory"":""Y"",""in_defense_cost_cert"":""N"",""in_swarm_registry"":""N"",""in_krit_report"":""N"",""in_patent_applicant_ranking"":""N"",""defense_drone_relation_class"":""미분류"",""classification_basis"":""현재 수집자료 내 직접 근거 없음"",""evidence_count"":""0"",""official_defense_company_designation_verified"":""N"",""designation_note"":""공식 방산업체 지정현황 원본이 이번 묶음에 없어 별도 검증 전에는 지정업체로 표시하지 않음""}"
85e63b8118ea235622faa4a6,CMP0018,군집텍,미분류,0,N,company_master,19,"{""company_id"":""CMP0018"",""company_name_normalized"":""군집텍"",""company_name_variants"":""(주)군집텍"",""source_flags"":""portal"",""in_portal_directory"":""Y"",""in_defense_cost_cert"":""N"",""in_swarm_registry"":""N"",""in_krit_report"":""N"",""in_patent_applicant_ranking"":""N"",""defense_drone_relation_class"":""미분류"",""classification_basis"":""현재 수집자료 내 직접 근거 없음"",""evidence_count"":""0"",""official_defense_company_designation_verified"":""N"",""designation_note"":""공식 방산업체 지정현황 원본이 이번 묶음에 없어 별도 검증 전에는 지정업체로 표시하지 않음""}"
50773ecfdc1b79437d1b2aa2,CMP0019,규림,미분류,0,N,company_master,20,"{""company_id"":""CMP0019"",""company_name_normalized"":""규림"",""company_name_variants"":""(주) 규림"",""source_flags"":""portal"",""in_portal_directory"":""Y"",""in_defense_cost_cert"":""N"",""in_swarm_registry"":""N"",""in_krit_report"":""N"",""in_patent_applicant_ranking"":""N"",""defense_drone_relation_class"":""미분류"",""classification_basis"":""현재 수집자료 내 직접 근거 없음"",""evidence_count"":""0"",""official_defense_company_designation_verified"":""N"",""designation_note"":""공식 방산업체 지정현황 원본이 이번 묶음에 없어 별도 검증 전에는 지정업체로 표시하지 않음""}"
cf9d39d3aa9997f58713fcbd,CMP0020,그리폰다이나믹스,미분류,0,N,company_master,21,"{""company_id"":""CMP0020"",""company_name_normalized"":""그리폰다이나믹스"",""company_name_variants"":""그리폰다이나믹스"",""source_flags"":""portal"",""in_portal_directory"":""Y"",""in_defense_cost_cert"":""N"",""in_swarm_registry"":""N"",""in_krit_report"":""N"",""in_patent_applicant_ranking"":""N"",""defense_drone_relation_class"":""미분류"",""classification_basis"":""현재 수집자료 내 직접 근거 없음"",""evidence_count"":""0"",""official_defense_company_designation_verified"":""N"",""designation_note"":""공식 방산업체 지정현황 원본이 이번 묶음에 없어 별도 검증 전에는 지정업체로 표시하지 않음""}"
79a50cdffbd0957d267cc796,CMP0021,기아,드론근거만 확인,1,N,company_master,22,"{""company_id"":""CMP0021"",""company_name_normalized"":""기아"",""company_name_variants"":""기아 주식회사"",""source_flags"":""patent"",""in_portal_directory"":""N"",""in_defense_cost_cert"":""N"",""in_swarm_registry"":""N"",""in_krit_report"":""N"",""in_patent_applicant_ranking"":""Y"",""defense_drone_relation_class"":""드론근거만 확인"",""classification_basis"":""드론 기술·운용 근거는 있으나 방산 참여 근거 미확인"",""evidence_count"":""1"",""official_defense_company_designation_verified"":""N"",""designation_note"":""공식 방산업체 지정현황 원본이 이번 묶음에 없어 별도 검증 전에는 지정업체로 표시하지 않음""}"
2fe5774dfdcd88625f65c4db,CMP0022,김명준,드론근거만 확인,1,N,company_master,23,"{""company_id"":""CMP0022"",""company_name_normalized"":""김명준"",""company_name_variants"":""김명준"",""source_flags"":""patent"",""in_portal_directory"":""N"",""in_defense_cost_cert"":""N"",""in_swarm_registry"":""N"",""in_krit_report"":""N"",""in_patent_applicant_ranking"":""Y"",""defense_drone_relation_class"":""드론근거만 확인"",""classification_basis"":""드론 기술·운용 근거는 있으나 방산 참여 근거 미확인"",""evidence_count"":""1"",""official_defense_company_designation_verified"":""N"",""designation_note"":""공식 방산업체 지정현황 원본이 이번 묶음에 없어 별도 검증 전에는 지정업체로 표시하지 않음""}"
04316bf0b9136a49e03c9b23,CMP0023,김태산,드론근거만 확인,1,N,company_master,24,"{""company_id"":""CMP0023"",""company_name_normalized"":""김태산"",""company_name_variants"":""김태산"",""source_flags"":""patent"",""in_portal_directory"":""N"",""in_defense_cost_cert"":""N"",""in_swarm_registry"":""N"",""in_krit_report"":""N"",""in_patent_applicant_ranking"":""Y"",""defense_drone_relation_class"":""드론근거만 확인"",""classification_basis"":""드론 기술·운용 근거는 있으나 방산 참여 근거 미확인"",""evidence_count"":""1"",""official_defense_company_designation_verified"":""N"",""designation_note"":""공식 방산업체 지정현황 원본이 이번 묶음에 없어 별도 검증 전에는 지정업체로 표시하지 않음""}"
c48d551e5548fd1c79119941,CMP0024,나라항공기술,미분류,0,N,company_master,25,"{""company_id"":""CMP0024"",""company_name_normalized"":""나라항공기술"",""company_name_variants"":""나라항공기술"",""source_flags"":""portal"",""in_portal_directory"":""Y"",""in_defense_cost_cert"":""N"",""in_swarm_registry"":""N"",""in_krit_report"":""N"",""in_patent_applicant_ranking"":""N"",""defense_drone_relation_class"":""미분류"",""classification_basis"":""현재 수집자료 내 직접 근거 없음"",""evidence_count"":""0"",""official_defense_company_designation_verified"":""N"",""designation_note"":""공식 방산업체 지정현황 원본이 이번 묶음에 없어 별도 검증 전에는 지정업체로 표시하지 않음""}"
f1aeea188759dfb8db503e95,CMP0025,나래기술,미분류,0,N,company_master,26,"{""company_id"":""CMP0025"",""company_name_normalized"":""나래기술"",""company_name_variants"":""나래기술"",""source_flags"":""portal"",""in_portal_directory"":""Y"",""in_defense_cost_cert"":""N"",""in_swarm_registry"":""N"",""in_krit_report"":""N"",""in_patent_applicant_ranking"":""N"",""defense_drone_relation_class"":""미분류"",""classification_basis"":""현재 수집자료 내 직접 근거 없음"",""evidence_count"":""0"",""official_defense_company_designation_verified"":""N"",""designation_note"":""공식 방산업체 지정현황 원본이 이번 묶음에 없어 별도 검증 전에는 지정업체로 표시하지 않음""}"
8a801be5317e080473e926b7,CMP0026,나르마,드론근거만 확인,1,N,company_master,27,"{""company_id"":""CMP0026"",""company_name_normalized"":""나르마"",""company_name_variants"":""나르마 | 주식회사 나르마"",""source_flags"":""patent,portal"",""in_portal_directory"":""Y"",""in_defense_cost_cert"":""N"",""in_swarm_registry"":""N"",""in_krit_report"":""N"",""in_patent_applicant_ranking"":""Y"",""defense_drone_relation_class"":""드론근거만 확인"",""classification_basis"":""드론 기술·운용 근거는 있으나 방산 참여 근거 미확인"",""evidence_count"":""1"",""official_defense_company_designation_verified"":""N"",""designation_note"":""공식 방산업체 지정현황 원본이 이번 묶음에 없어 별도 검증 전에는 지정업체로 표시하지 않음""}"
3cf175de3e72c1936572dd68,CMP0027,날다,드론근거만 확인,1,N,company_master,28,"{""company_id"":""CMP0027"",""company_name_normalized"":""날다"",""company_name_variants"":""주식회사 날다"",""source_flags"":""portal,swarm"",""in_portal_directory"":""Y"",""in_defense_cost_cert"":""N"",""in_swarm_registry"":""Y"",""in_krit_report"":""N"",""in_patent_applicant_ranking"":""N"",""defense_drone_relation_class"":""드론근거만 확인"",""classification_basis"":""드론 기술·운용 근거는 있으나 방산 참여 근거 미확인"",""evidence_count"":""1"",""official_defense_company_designation_verified"":""N"",""designation_note"":""공식 방산업체 지정현황 원본이 이번 묶음에 없어 별도 검증 전에는 지정업체로 표시하지 않음""}"
3e55fde2bf5657023e5bbbbb,CMP0028,남양주드론항공센터,미분류,0,N,company_master,29,"{""company_id"":""CMP0028"",""company_name_normalized"":""남양주드론항공센터"",""company_name_variants"":""남양주드론항공센터"",""source_flags"":""portal"",""in_portal_directory"":""Y"",""in_defense_cost_cert"":""N"",""in_swarm_registry"":""N"",""in_krit_report"":""N"",""in_patent_applicant_ranking"":""N"",""defense_drone_relation_class"":""미분류"",""classification_basis"":""현재 수집자료 내 직접 근거 없음"",""evidence_count"":""0"",""official_defense_company_designation_verified"":""N"",""designation_note"":""공식 방산업체 지정현황 원본이 이번 묶음에 없어 별도 검증 전에는 지정업체로 표시하지 않음""}"
dfc6dc31d9f1f43cc07bf652,CMP0029,네스앤텍,미분류,0,N,company_master,30,"{""company_id"":""CMP0029"",""company_name_normalized"":""네스앤텍"",""company_name_variants"":""네스앤텍"",""source_flags"":""portal"",""in_portal_directory"":""Y"",""in_defense_cost_cert"":""N"",""in_swarm_registry"":""N"",""in_krit_report"":""N"",""in_patent_applicant_ranking"":""N"",""defense_drone_relation_class"":""미분류"",""classification_basis"":""현재 수집자료 내 직접 근거 없음"",""evidence_count"":""0"",""official_defense_company_designation_verified"":""N"",""designation_note"":""공식 방산업체 지정현황 원본이 이번 묶음에 없어 별도 검증 전에는 지정업체로 표시하지 않음""}"
e0765d6f89e9e121f379a1fe,CMP0030,네오와인,미분류,0,N,company_master,31,"{""company_id"":""CMP0030"",""company_name_normalized"":""네오와인"",""company_name_variants"":""네오와인"",""source_flags"":""portal"",""in_portal_directory"":""Y"",""in_defense_cost_cert"":""N"",""in_swarm_registry"":""N"",""in_krit_report"":""N"",""in_patent_applicant_ranking"":""N"",""defense_drone_relation_class"":""미분류"",""classification_basis"":""현재 수집자료 내 직접 근거 없음"",""evidence_count"":""0"",""official_defense_company_designation_verified"":""N"",""designation_note"":""공식 방산업체 지정현황 원본이 이번 묶음에 없어 별도 검증 전에는 지정업체로 표시하지 않음""}"
5bc01792a72db06a4c2e7ba0,CMP0031,네온테크,미분류,0,N,company_master,32,"{""company_id"":""CMP0031"",""company_name_normalized"":""네온테크"",""company_name_variants"":""네온테크"",""source_flags"":""portal"",""in_portal_directory"":""Y"",""in_defense_cost_cert"":""N"",""in_swarm_registry"":""N"",""in_krit_report"":""N"",""in_patent_applicant_ranking"":""N"",""defense_drone_relation_class"":""미분류"",""classification_basis"":""현재 수집자료 내 직접 근거 없음"",""evidence_count"":""0"",""official_defense_company_designation_verified"":""N"",""designation_note"":""공식 방산업체 지정현황 원본이 이번 묶음에 없어 별도 검증 전에는 지정업체로 표시하지 않음""}"
47ef966220728864405213d2,CMP0032,넥스컴스,미분류,0,N,company_master,33,"{""company_id"":""CMP0032"",""company_name_normalized"":""넥스컴스"",""company_name_variants"":""넥스컴스"",""source_flags"":""portal"",""in_portal_directory"":""Y"",""in_defense_cost_cert"":""N"",""in_swarm_registry"":""N"",""in_krit_report"":""N"",""in_patent_applicant_ranking"":""N"",""defense_drone_relation_class"":""미분류"",""classification_basis"":""현재 수집자료 내 직접 근거 없음"",""evidence_count"":""0"",""official_defense_company_designation_verified"":""N"",""designation_note"":""공식 방산업체 지정현황 원본이 이번 묶음에 없어 별도 검증 전에는 지정업체로 표시하지 않음""}"
8628ac85cb4344a1462c14d5,CMP0033,노타,미분류,0,N,company_master,34,"{""company_id"":""CMP0033"",""company_name_normalized"":""노타"",""company_name_variants"":""노타"",""source_flags"":""portal"",""in_portal_directory"":""Y"",""in_defense_cost_cert"":""N"",""in_swarm_registry"":""N"",""in_krit_report"":""N"",""in_patent_applicant_ranking"":""N"",""defense_drone_relation_class"":""미분류"",""classification_basis"":""현재 수집자료 내 직접 근거 없음"",""evidence_count"":""0"",""official_defense_company_designation_verified"":""N"",""designation_note"":""공식 방산업체 지정현황 원본이 이번 묶음에 없어 별도 검증 전에는 지정업체로 표시하지 않음""}"
20344088047898306ceaf974,CMP0034,농업회사법인 주식회사 금산,미분류,0,N,company_master,35,"{""company_id"":""CMP0034"",""company_name_normalized"":""농업회사법인 주식회사 금산"",""company_name_variants"":""농업회사법인 주식회사 금산"",""source_flags"":""portal"",""in_portal_directory"":""Y"",""in_defense_cost_cert"":""N"",""in_swarm_registry"":""N"",""in_krit_report"":""N"",""in_patent_applicant_ranking"":""N"",""defense_drone_relation_class"":""미분류"",""classification_basis"":""현재 수집자료 내 직접 근거 없음"",""evidence_count"":""0"",""official_defense_company_designation_verified"":""N"",""designation_note"":""공식 방산업체 지정현황 원본이 이번 묶음에 없어 별도 검증 전에는 지정업체로 표시하지 않음""}"
add167c0d52c7f4a65b1d9da,CMP0035,농업회사법인 주식회사 케이제이,드론근거만 확인,1,N,company_master,36,"{""company_id"":""CMP0035"",""company_name_normalized"":""농업회사법인 주식회사 케이제이"",""company_name_variants"":""농업회사법인 주식회사 케이제이"",""source_flags"":""swarm"",""in_portal_directory"":""N"",""in_defense_cost_cert"":""N"",""in_swarm_registry"":""Y"",""in_krit_report"":""N"",""in_patent_applicant_ranking"":""N"",""defense_drone_relation_class"":""드론근거만 확인"",""classification_basis"":""드론 기술·운용 근거는 있으나 방산 참여 근거 미확인"",""evidence_count"":""1"",""official_defense_company_designation_verified"":""N"",""designation_note"":""공식 방산업체 지정현황 원본이 이번 묶음에 없어 별도 검증 전에는 지정업체로 표시하지 않음""}"
fafe0ac4cd112e401e4ee298,CMP0036,니나노컴퍼니,미분류,0,N,company_master,37,"{""company_id"":""CMP0036"",""company_name_normalized"":""니나노컴퍼니"",""company_name_variants"":""주식회사 니나노컴퍼니"",""source_flags"":""portal"",""in_portal_directory"":""Y"",""in_defense_cost_cert"":""N"",""in_swarm_registry"":""N"",""in_krit_report"":""N"",""in_patent_applicant_ranking"":""N"",""defense_drone_relation_class"":""미분류"",""classification_basis"":""현재 수집자료 내 직접 근거 없음"",""evidence_count"":""0"",""official_defense_company_designation_verified"":""N"",""designation_note"":""공식 방산업체 지정현황 원본이 이번 묶음에 없어 별도 검증 전에는 지정업체로 표시하지 않음""}"
0bbd942da4d5749e13cf5c96,CMP0037,니어스랩,원문 직접확인,1,N,company_master,38,"{""company_id"":""CMP0037"",""company_name_normalized"":""니어스랩"",""company_name_variants"":""니어스랩"",""source_flags"":""krit,portal"",""in_portal_directory"":""Y"",""in_defense_cost_cert"":""N"",""in_swarm_registry"":""N"",""in_krit_report"":""Y"",""in_patent_applicant_ranking"":""N"",""defense_drone_relation_class"":""원문 직접확인"",""classification_basis"":""공식 보고서에 방산혁신기업 프로젝트 또는 국방기술개발 과제로 명시"",""evidence_count"":""1"",""official_defense_company_designation_verified"":""N"",""designation_note"":""공식 방산업체 지정현황 원본이 이번 묶음에 없어 별도 검증 전에는 지정업체로 표시하지 않음""}"
cb72130a786f628e9afc8dc6,CMP0038,다산항공드론교육원,미분류,0,N,company_master,39,"{""company_id"":""CMP0038"",""company_name_normalized"":""다산항공드론교육원"",""company_name_variants"":""다산항공드론교육원"",""source_flags"":""portal"",""in_portal_directory"":""Y"",""in_defense_cost_cert"":""N"",""in_swarm_registry"":""N"",""in_krit_report"":""N"",""in_patent_applicant_ranking"":""N"",""defense_drone_relation_class"":""미분류"",""classification_basis"":""현재 수집자료 내 직접 근거 없음"",""evidence_count"":""0"",""official_defense_company_designation_verified"":""N"",""designation_note"":""공식 방산업체 지정현황 원본이 이번 묶음에 없어 별도 검증 전에는 지정업체로 표시하지 않음""}"
0accb73b40099f01ca6b96a7,CMP0039,다온아이앤씨,드론근거만 확인,1,N,company_master,40,"{""company_id"":""CMP0039"",""company_name_normalized"":""다온아이앤씨"",""company_name_variants"":""(주)다온아이앤씨"",""source_flags"":""swarm"",""in_portal_directory"":""N"",""in_defense_cost_cert"":""N"",""in_swarm_registry"":""Y"",""in_krit_report"":""N"",""in_patent_applicant_ranking"":""N"",""defense_drone_relation_class"":""드론근거만 확인"",""classification_basis"":""드론 기술·운용 근거는 있으나 방산 참여 근거 미확인"",""evidence_count"":""1"",""official_defense_company_designation_verified"":""N"",""designation_note"":""공식 방산업체 지정현황 원본이 이번 묶음에 없어 별도 검증 전에는 지정업체로 표시하지 않음""}"
87127c77ff014e88654739c2,CMP0040,다츠,미분류,0,N,company_master,41,"{""company_id"":""CMP0040"",""company_name_normalized"":""다츠"",""company_name_variants"":""(주)다츠"",""source_flags"":""portal"",""in_portal_directory"":""Y"",""in_defense_cost_cert"":""N"",""in_swarm_registry"":""N"",""in_krit_report"":""N"",""in_patent_applicant_ranking"":""N"",""defense_drone_relation_class"":""미분류"",""classification_basis"":""현재 수집자료 내 직접 근거 없음"",""evidence_count"":""0"",""official_defense_company_designation_verified"":""N"",""designation_note"":""공식 방산업체 지정현황 원본이 이번 묶음에 없어 별도 검증 전에는 지정업체로 표시하지 않음""}"
9f2795e000a6175cb83e760e,CMP0041,단트넷,미분류,0,N,company_master,42,"{""company_id"":""CMP0041"",""company_name_normalized"":""단트넷"",""company_name_variants"":""단트넷"",""source_flags"":""portal"",""in_portal_directory"":""Y"",""in_defense_cost_cert"":""N"",""in_swarm_registry"":""N"",""in_krit_report"":""N"",""in_patent_applicant_ranking"":""N"",""defense_drone_relation_class"":""미분류"",""classification_basis"":""현재 수집자료 내 직접 근거 없음"",""evidence_count"":""0"",""official_defense_company_designation_verified"":""N"",""designation_note"":""공식 방산업체 지정현황 원본이 이번 묶음에 없어 별도 검증 전에는 지정업체로 표시하지 않음""}"
a0fd18a9b27a0d942468c35c,CMP0042,담스테크,방산인접 탐색후보,1,N,company_master,43,"{""company_id"":""CMP0042"",""company_name_normalized"":""담스테크"",""company_name_variants"":""주식회사 담스테크"",""source_flags"":""portal"",""in_portal_directory"":""Y"",""in_defense_cost_cert"":""N"",""in_swarm_registry"":""N"",""in_krit_report"":""N"",""in_patent_applicant_ranking"":""N"",""defense_drone_relation_class"":""방산인접 탐색후보"",""classification_basis"":""안티드론 사업분야 태그 존재. 공식 방산 근거 미확인"",""evidence_count"":""1"",""official_defense_company_designation_verified"":""N"",""designation_note"":""공식 방산업체 지정현황 원본이 이번 묶음에 없어 별도 검증 전에는 지정업체로 표시하지 않음""}"
1262743a808f56f2df49e288,CMP0043,대구경북과학기술원,드론근거만 확인,1,N,company_master,44,"{""company_id"":""CMP0043"",""company_name_normalized"":""대구경북과학기술원"",""company_name_variants"":""재단법인대구경북과학기술원"",""source_flags"":""patent"",""in_portal_directory"":""N"",""in_defense_cost_cert"":""N"",""in_swarm_registry"":""N"",""in_krit_report"":""N"",""in_patent_applicant_ranking"":""Y"",""defense_drone_relation_class"":""드론근거만 확인"",""classification_basis"":""드론 기술·운용 근거는 있으나 방산 참여 근거 미확인"",""evidence_count"":""1"",""official_defense_company_designation_verified"":""N"",""designation_note"":""공식 방산업체 지정현황 원본이 이번 묶음에 없어 별도 검증 전에는 지정업체로 표시하지 않음""}"
f9a5c9b56e6c174ff398aa2e,CMP0044,대영드론솔루션(주),미분류,0,N,company_master,45,"{""company_id"":""CMP0044"",""company_name_normalized"":""대영드론솔루션(주)"",""company_name_variants"":""대영드론솔루션(주)"",""source_flags"":""portal"",""in_portal_directory"":""Y"",""in_defense_cost_cert"":""N"",""in_swarm_registry"":""N"",""in_krit_report"":""N"",""in_patent_applicant_ranking"":""N"",""defense_drone_relation_class"":""미분류"",""classification_basis"":""현재 수집자료 내 직접 근거 없음"",""evidence_count"":""0"",""official_defense_company_designation_verified"":""N"",""designation_note"":""공식 방산업체 지정현황 원본이 이번 묶음에 없어 별도 검증 전에는 지정업체로 표시하지 않음""}"
329f545fdc55a6514c8f2e5f,CMP0045,대우건설,드론근거만 확인,1,N,company_master,46,"{""company_id"":""CMP0045"",""company_name_normalized"":""대우건설"",""company_name_variants"":""(주)대우건설"",""source_flags"":""patent"",""in_portal_directory"":""N"",""in_defense_cost_cert"":""N"",""in_swarm_registry"":""N"",""in_krit_report"":""N"",""in_patent_applicant_ranking"":""Y"",""defense_drone_relation_class"":""드론근거만 확인"",""classification_basis"":""드론 기술·운용 근거는 있으나 방산 참여 근거 미확인"",""evidence_count"":""1"",""official_defense_company_designation_verified"":""N"",""designation_note"":""공식 방산업체 지정현황 원본이 이번 묶음에 없어 별도 검증 전에는 지정업체로 표시하지 않음""}"
a934a667761d95d322b4a5b3,CMP0046,대한드론진흥협회,미분류,0,N,company_master,47,"{""company_id"":""CMP0046"",""company_name_normalized"":""대한드론진흥협회"",""company_name_variants"":""사단법인 대한드론진흥협회"",""source_flags"":""portal"",""in_portal_directory"":""Y"",""in_defense_cost_cert"":""N"",""in_swarm_registry"":""N"",""in_krit_report"":""N"",""in_patent_applicant_ranking"":""N"",""defense_drone_relation_class"":""미분류"",""classification_basis"":""현재 수집자료 내 직접 근거 없음"",""evidence_count"":""0"",""official_defense_company_designation_verified"":""N"",""designation_note"":""공식 방산업체 지정현황 원본이 이번 묶음에 없어 별도 검증 전에는 지정업체로 표시하지 않음""}"
6225e025973914fd1f70e6ce,CMP0047,대한민국(방위사업청장),드론근거만 확인,1,N,company_master,48,"{""company_id"":""CMP0047"",""company_name_normalized"":""대한민국(방위사업청장)"",""company_name_variants"":""대한민국(방위사업청장)"",""source_flags"":""patent"",""in_portal_directory"":""N"",""in_defense_cost_cert"":""N"",""in_swarm_registry"":""N"",""in_krit_report"":""N"",""in_patent_applicant_ranking"":""Y"",""defense_drone_relation_class"":""드론근거만 확인"",""classification_basis"":""드론 기술·운용 근거는 있으나 방산 참여 근거 미확인"",""evidence_count"":""1"",""official_defense_company_designation_verified"":""N"",""designation_note"":""공식 방산업체 지정현황 원본이 이번 묶음에 없어 별도 검증 전에는 지정업체로 표시하지 않음""}"
466ddb3a4285220b0e920424,CMP0048,대한민국(행정안전부 국립재난안전연구원장),드론근거만 확인,1,N,company_master,49,"{""company_id"":""CMP0048"",""company_name_normalized"":""대한민국(행정안전부 국립재난안전연구원장)"",""company_name_variants"":""대한민국(행정안전부 국립재난안전연구원장)"",""source_flags"":""patent"",""in_portal_directory"":""N"",""in_defense_cost_cert"":""N"",""in_swarm_registry"":""N"",""in_krit_report"":""N"",""in_patent_applicant_ranking"":""Y"",""defense_drone_relation_class"":""드론근거만 확인"",""classification_basis"":""드론 기술·운용 근거는 있으나 방산 참여 근거 미확인"",""evidence_count"":""1"",""official_defense_company_designation_verified"":""N"",""designation_note"":""공식 방산업체 지정현황 원본이 이번 묶음에 없어 별도 검증 전에는 지정업체로 표시하지 않음""}"
9a4577c671d5beb3def2db77,CMP0049,대한항공,교차출처 후보,1,N,company_master,50,"{""company_id"":""CMP0049"",""company_name_normalized"":""대한항공"",""company_name_variants"":""대한항공"",""source_flags"":""cost_cert,portal"",""in_portal_directory"":""Y"",""in_defense_cost_cert"":""Y"",""in_swarm_registry"":""N"",""in_krit_report"":""N"",""in_patent_applicant_ranking"":""N"",""defense_drone_relation_class"":""교차출처 후보"",""classification_basis"":""방산 공식 보조근거와 별도 드론 근거가 함께 존재"",""evidence_count"":""1"",""official_defense_company_designation_verified"":""N"",""designation_note"":""공식 방산업체 지정현황 원본이 이번 묶음에 없어 별도 검증 전에는 지정업체로 표시하지 않음""}"
aecceb3e5a3a30b407b47789,CMP0050,더대시,방산인접 탐색후보,1,N,company_master,51,"{""company_id"":""CMP0050"",""company_name_normalized"":""더대시"",""company_name_variants"":""주식회사 더대시"",""source_flags"":""portal"",""in_portal_directory"":""Y"",""in_defense_cost_cert"":""N"",""in_swarm_registry"":""N"",""in_krit_report"":""N"",""in_patent_applicant_ranking"":""N"",""defense_drone_relation_class"":""방산인접 탐색후보"",""classification_basis"":""안티드론 사업분야 태그 존재. 공식 방산 근거 미확인"",""evidence_count"":""1"",""official_defense_company_designation_verified"":""N"",""designation_note"":""공식 방산업체 지정현황 원본이 이번 묶음에 없어 별도 검증 전에는 지정업체로 표시하지 않음""}"
58fd01490ef16c4043b24be1,CMP0051,더 드론,미분류,0,N,company_master,52,"{""company_id"":""CMP0051"",""company_name_normalized"":""더 드론"",""company_name_variants"":""더 드론"",""source_flags"":""portal"",""in_portal_directory"":""Y"",""in_defense_cost_cert"":""N"",""in_swarm_registry"":""N"",""in_krit_report"":""N"",""in_patent_applicant_ranking"":""N"",""defense_drone_relation_class"":""미분류"",""classification_basis"":""현재 수집자료 내 직접 근거 없음"",""evidence_count"":""0"",""official_defense_company_designation_verified"":""N"",""designation_note"":""공식 방산업체 지정현황 원본이 이번 묶음에 없어 별도 검증 전에는 지정업체로 표시하지 않음""}"
9cd2b3f53a19c850b2cd62b7,CMP0052,더피치,미분류,0,N,company_master,53,"{""company_id"":""CMP0052"",""company_name_normalized"":""더피치"",""company_name_variants"":""더피치"",""source_flags"":""portal"",""in_portal_directory"":""Y"",""in_defense_cost_cert"":""N"",""in_swarm_registry"":""N"",""in_krit_report"":""N"",""in_patent_applicant_ranking"":""N"",""defense_drone_relation_class"":""미분류"",""classification_basis"":""현재 수집자료 내 직접 근거 없음"",""evidence_count"":""0"",""official_defense_company_designation_verified"":""N"",""designation_note"":""공식 방산업체 지정현황 원본이 이번 묶음에 없어 별도 검증 전에는 지정업체로 표시하지 않음""}"
45cbc1d1daacb9ebc6ebb948,CMP0053,더하드,미분류,0,N,company_master,54,"{""company_id"":""CMP0053"",""company_name_normalized"":""더하드"",""company_name_variants"":""주식회사 더하드"",""source_flags"":""portal"",""in_portal_directory"":""Y"",""in_defense_cost_cert"":""N"",""in_swarm_registry"":""N"",""in_krit_report"":""N"",""in_patent_applicant_ranking"":""N"",""defense_drone_relation_class"":""미분류"",""classification_basis"":""현재 수집자료 내 직접 근거 없음"",""evidence_count"":""0"",""official_defense_company_designation_verified"":""N"",""designation_note"":""공식 방산업체 지정현황 원본이 이번 묶음에 없어 별도 검증 전에는 지정업체로 표시하지 않음""}"
a28b457938e82427e83f5041,CMP0054,도레이첨단소재,드론근거만 확인,1,N,company_master,55,"{""company_id"":""CMP0054"",""company_name_normalized"":""도레이첨단소재"",""company_name_variants"":""도레이첨단소재 주식회사"",""source_flags"":""patent"",""in_portal_directory"":""N"",""in_defense_cost_cert"":""N"",""in_swarm_registry"":""N"",""in_krit_report"":""N"",""in_patent_applicant_ranking"":""Y"",""defense_drone_relation_class"":""드론근거만 확인"",""classification_basis"":""드론 기술·운용 근거는 있으나 방산 참여 근거 미확인"",""evidence_count"":""1"",""official_defense_company_designation_verified"":""N"",""designation_note"":""공식 방산업체 지정현황 원본이 이번 묶음에 없어 별도 검증 전에는 지정업체로 표시하지 않음""}"
82e6bce512e25e15816f5ee7,CMP0055,동부엔지니어링(주),미분류,0,N,company_master,56,"{""company_id"":""CMP0055"",""company_name_normalized"":""동부엔지니어링(주)"",""company_name_variants"":""동부엔지니어링(주)"",""source_flags"":""portal"",""in_portal_directory"":""Y"",""in_defense_cost_cert"":""N"",""in_swarm_registry"":""N"",""in_krit_report"":""N"",""in_patent_applicant_ranking"":""N"",""defense_drone_relation_class"":""미분류"",""classification_basis"":""현재 수집자료 내 직접 근거 없음"",""evidence_count"":""0"",""official_defense_company_designation_verified"":""N"",""designation_note"":""공식 방산업체 지정현황 원본이 이번 묶음에 없어 별도 검증 전에는 지정업체로 표시하지 않음""}"
f161f053d13ed5fa09294ed8,CMP0056,두드론,미분류,0,N,company_master,57,"{""company_id"":""CMP0056"",""company_name_normalized"":""두드론"",""company_name_variants"":""두드론"",""source_flags"":""portal"",""in_portal_directory"":""Y"",""in_defense_cost_cert"":""N"",""in_swarm_registry"":""N"",""in_krit_report"":""N"",""in_patent_applicant_ranking"":""N"",""defense_drone_relation_class"":""미분류"",""classification_basis"":""현재 수집자료 내 직접 근거 없음"",""evidence_count"":""0"",""official_defense_company_designation_verified"":""N"",""designation_note"":""공식 방산업체 지정현황 원본이 이번 묶음에 없어 별도 검증 전에는 지정업체로 표시하지 않음""}"
01cde42e5ba6975d9c6edded,CMP0057,두산모빌리티이노베이션,미분류,0,N,company_master,58,"{""company_id"":""CMP0057"",""company_name_normalized"":""두산모빌리티이노베이션"",""company_name_variants"":""두산모빌리티이노베이션"",""source_flags"":""portal"",""in_portal_directory"":""Y"",""in_defense_cost_cert"":""N"",""in_swarm_registry"":""N"",""in_krit_report"":""N"",""in_patent_applicant_ranking"":""N"",""defense_drone_relation_class"":""미분류"",""classification_basis"":""현재 수집자료 내 직접 근거 없음"",""evidence_count"":""0"",""official_defense_company_designation_verified"":""N"",""designation_note"":""공식 방산업체 지정현황 원본이 이번 묶음에 없어 별도 검증 전에는 지정업체로 표시하지 않음""}"
32a6d66c50189cb21b4fca7e,CMP0058,두시텍,드론근거만 확인,1,N,company_master,59,"{""company_id"":""CMP0058"",""company_name_normalized"":""두시텍"",""company_name_variants"":""두시텍 | 주식회사 두시텍"",""source_flags"":""patent,portal"",""in_portal_directory"":""Y"",""in_defense_cost_cert"":""N"",""in_swarm_registry"":""N"",""in_krit_report"":""N"",""in_patent_applicant_ranking"":""Y"",""defense_drone_relation_class"":""드론근거만 확인"",""classification_basis"":""드론 기술·운용 근거는 있으나 방산 참여 근거 미확인"",""evidence_count"":""1"",""official_defense_company_designation_verified"":""N"",""designation_note"":""공식 방산업체 지정현황 원본이 이번 묶음에 없어 별도 검증 전에는 지정업체로 표시하지 않음""}"
6f36abbe751c7c3d526ef2d7,CMP0059,두타기술,방산인접 탐색후보,1,N,company_master,60,"{""company_id"":""CMP0059"",""company_name_normalized"":""두타기술"",""company_name_variants"":""두타기술"",""source_flags"":""portal"",""in_portal_directory"":""Y"",""in_defense_cost_cert"":""N"",""in_swarm_registry"":""N"",""in_krit_report"":""N"",""in_patent_applicant_ranking"":""N"",""defense_drone_relation_class"":""방산인접 탐색후보"",""classification_basis"":""안티드론 사업분야 태그 존재. 공식 방산 근거 미확인"",""evidence_count"":""1"",""official_defense_company_designation_verified"":""N"",""designation_note"":""공식 방산업체 지정현황 원본이 이번 묶음에 없어 별도 검증 전에는 지정업체로 표시하지 않음""}"
476730234a436f952a10adc9,CMP0060,드로니아,미분류,0,N,company_master,61,"{""company_id"":""CMP0060"",""company_name_normalized"":""드로니아"",""company_name_variants"":""주식회사 드로니아"",""source_flags"":""portal"",""in_portal_directory"":""Y"",""in_defense_cost_cert"":""N"",""in_swarm_registry"":""N"",""in_krit_report"":""N"",""in_patent_applicant_ranking"":""N"",""defense_drone_relation_class"":""미분류"",""classification_basis"":""현재 수집자료 내 직접 근거 없음"",""evidence_count"":""0"",""official_defense_company_designation_verified"":""N"",""designation_note"":""공식 방산업체 지정현황 원본이 이번 묶음에 없어 별도 검증 전에는 지정업체로 표시하지 않음""}"
bb42b541b90b1e0d99dc47af,CMP0061,드로미,미분류,0,N,company_master,62,"{""company_id"":""CMP0061"",""company_name_normalized"":""드로미"",""company_name_variants"":""주식회사 드로미"",""source_flags"":""portal"",""in_portal_directory"":""Y"",""in_defense_cost_cert"":""N"",""in_swarm_registry"":""N"",""in_krit_report"":""N"",""in_patent_applicant_ranking"":""N"",""defense_drone_relation_class"":""미분류"",""classification_basis"":""현재 수집자료 내 직접 근거 없음"",""evidence_count"":""0"",""official_defense_company_designation_verified"":""N"",""designation_note"":""공식 방산업체 지정현황 원본이 이번 묶음에 없어 별도 검증 전에는 지정업체로 표시하지 않음""}"
28352a50e0a5467bf986fd9d,CMP0062,드론- 디디에이(DRONE DDA),미분류,0,N,company_master,63,"{""company_id"":""CMP0062"",""company_name_normalized"":""드론- 디디에이(DRONE DDA)"",""company_name_variants"":""드론- 디디에이(DRONE DDA)"",""source_flags"":""portal"",""in_portal_directory"":""Y"",""in_defense_cost_cert"":""N"",""in_swarm_registry"":""N"",""in_krit_report"":""N"",""in_patent_applicant_ranking"":""N"",""defense_drone_relation_class"":""미분류"",""classification_basis"":""현재 수집자료 내 직접 근거 없음"",""evidence_count"":""0"",""official_defense_company_designation_verified"":""N"",""designation_note"":""공식 방산업체 지정현황 원본이 이번 묶음에 없어 별도 검증 전에는 지정업체로 표시하지 않음""}"
e656b069a30130f5246dc7a2,CMP0063,드론매거진,미분류,0,N,company_master,64,"{""company_id"":""CMP0063"",""company_name_normalized"":""드론매거진"",""company_name_variants"":""드론매거진"",""source_flags"":""portal"",""in_portal_directory"":""Y"",""in_defense_cost_cert"":""N"",""in_swarm_registry"":""N"",""in_krit_report"":""N"",""in_patent_applicant_ranking"":""N"",""defense_drone_relation_class"":""미분류"",""classification_basis"":""현재 수집자료 내 직접 근거 없음"",""evidence_count"":""0"",""official_defense_company_designation_verified"":""N"",""designation_note"":""공식 방산업체 지정현황 원본이 이번 묶음에 없어 별도 검증 전에는 지정업체로 표시하지 않음""}"
d10e515a61982d60ee11d0d3,CMP0064,드론메이커,미분류,0,N,company_master,65,"{""company_id"":""CMP0064"",""company_name_normalized"":""드론메이커"",""company_name_variants"":""드론메이커"",""source_flags"":""portal"",""in_portal_directory"":""Y"",""in_defense_cost_cert"":""N"",""in_swarm_registry"":""N"",""in_krit_report"":""N"",""in_patent_applicant_ranking"":""N"",""defense_drone_relation_class"":""미분류"",""classification_basis"":""현재 수집자료 내 직접 근거 없음"",""evidence_count"":""0"",""official_defense_company_designation_verified"":""N"",""designation_note"":""공식 방산업체 지정현황 원본이 이번 묶음에 없어 별도 검증 전에는 지정업체로 표시하지 않음""}"
a7f65036f813a022e2d35447,CMP0065,드론메이커스항공(주),미분류,0,N,company_master,66,"{""company_id"":""CMP0065"",""company_name_normalized"":""드론메이커스항공(주)"",""company_name_variants"":""드론메이커스항공(주)"",""source_flags"":""portal"",""in_portal_directory"":""Y"",""in_defense_cost_cert"":""N"",""in_swarm_registry"":""N"",""in_krit_report"":""N"",""in_patent_applicant_ranking"":""N"",""defense_drone_relation_class"":""미분류"",""classification_basis"":""현재 수집자료 내 직접 근거 없음"",""evidence_count"":""0"",""official_defense_company_designation_verified"":""N"",""designation_note"":""공식 방산업체 지정현황 원본이 이번 묶음에 없어 별도 검증 전에는 지정업체로 표시하지 않음""}"
f2a5e954b2a1c7783fbb1e05,CMP0066,드론미디어,미분류,0,N,company_master,67,"{""company_id"":""CMP0066"",""company_name_normalized"":""드론미디어"",""company_name_variants"":""드론미디어"",""source_flags"":""portal"",""in_portal_directory"":""Y"",""in_defense_cost_cert"":""N"",""in_swarm_registry"":""N"",""in_krit_report"":""N"",""in_patent_applicant_ranking"":""N"",""defense_drone_relation_class"":""미분류"",""classification_basis"":""현재 수집자료 내 직접 근거 없음"",""evidence_count"":""0"",""official_defense_company_designation_verified"":""N"",""designation_note"":""공식 방산업체 지정현황 원본이 이번 묶음에 없어 별도 검증 전에는 지정업체로 표시하지 않음""}"
0826f84489ec5f2a5c19f7eb,CMP0067,드론버스,미분류,0,N,company_master,68,"{""company_id"":""CMP0067"",""company_name_normalized"":""드론버스"",""company_name_variants"":""드론버스"",""source_flags"":""portal"",""in_portal_directory"":""Y"",""in_defense_cost_cert"":""N"",""in_swarm_registry"":""N"",""in_krit_report"":""N"",""in_patent_applicant_ranking"":""N"",""defense_drone_relation_class"":""미분류"",""classification_basis"":""현재 수집자료 내 직접 근거 없음"",""evidence_count"":""0"",""official_defense_company_designation_verified"":""N"",""designation_note"":""공식 방산업체 지정현황 원본이 이번 묶음에 없어 별도 검증 전에는 지정업체로 표시하지 않음""}"
379ab89c3925ffc0e76195cf,CMP0068,드론스퀘어,미분류,0,N,company_master,69,"{""company_id"":""CMP0068"",""company_name_normalized"":""드론스퀘어"",""company_name_variants"":""드론스퀘어"",""source_flags"":""portal"",""in_portal_directory"":""Y"",""in_defense_cost_cert"":""N"",""in_swarm_registry"":""N"",""in_krit_report"":""N"",""in_patent_applicant_ranking"":""N"",""defense_drone_relation_class"":""미분류"",""classification_basis"":""현재 수집자료 내 직접 근거 없음"",""evidence_count"":""0"",""official_defense_company_designation_verified"":""N"",""designation_note"":""공식 방산업체 지정현황 원본이 이번 묶음에 없어 별도 검증 전에는 지정업체로 표시하지 않음""}"
b67e022b71bba29a58695dd7,CMP0069,드론아카데미,미분류,0,N,company_master,70,"{""company_id"":""CMP0069"",""company_name_normalized"":""드론아카데미"",""company_name_variants"":""(주)드론아카데미"",""source_flags"":""portal"",""in_portal_directory"":""Y"",""in_defense_cost_cert"":""N"",""in_swarm_registry"":""N"",""in_krit_report"":""N"",""in_patent_applicant_ranking"":""N"",""defense_drone_relation_class"":""미분류"",""classification_basis"":""현재 수집자료 내 직접 근거 없음"",""evidence_count"":""0"",""official_defense_company_designation_verified"":""N"",""designation_note"":""공식 방산업체 지정현황 원본이 이번 묶음에 없어 별도 검증 전에는 지정업체로 표시하지 않음""}"
44475436430aba9127004a42,CMP0070,드론안전기술,미분류,0,N,company_master,71,"{""company_id"":""CMP0070"",""company_name_normalized"":""드론안전기술"",""company_name_variants"":""드론안전기술"",""source_flags"":""portal"",""in_portal_directory"":""Y"",""in_defense_cost_cert"":""N"",""in_swarm_registry"":""N"",""in_krit_report"":""N"",""in_patent_applicant_ranking"":""N"",""defense_drone_relation_class"":""미분류"",""classification_basis"":""현재 수집자료 내 직접 근거 없음"",""evidence_count"":""0"",""official_defense_company_designation_verified"":""N"",""designation_note"":""공식 방산업체 지정현황 원본이 이번 묶음에 없어 별도 검증 전에는 지정업체로 표시하지 않음""}"
07f1ae401653cbaca4285104,CMP0071,드론월드,미분류,0,N,company_master,72,"{""company_id"":""CMP0071"",""company_name_normalized"":""드론월드"",""company_name_variants"":""드론월드"",""source_flags"":""portal"",""in_portal_directory"":""Y"",""in_defense_cost_cert"":""N"",""in_swarm_registry"":""N"",""in_krit_report"":""N"",""in_patent_applicant_ranking"":""N"",""defense_drone_relation_class"":""미분류"",""classification_basis"":""현재 수집자료 내 직접 근거 없음"",""evidence_count"":""0"",""official_defense_company_designation_verified"":""N"",""designation_note"":""공식 방산업체 지정현황 원본이 이번 묶음에 없어 별도 검증 전에는 지정업체로 표시하지 않음""}"
f9036e323213ee1d17877eb1,CMP0072,드론코리아 아카데미,드론근거만 확인,1,N,company_master,73,"{""company_id"":""CMP0072"",""company_name_normalized"":""드론코리아 아카데미"",""company_name_variants"":""주식회사 드론코리아 아카데미"",""source_flags"":""swarm"",""in_portal_directory"":""N"",""in_defense_cost_cert"":""N"",""in_swarm_registry"":""Y"",""in_krit_report"":""N"",""in_patent_applicant_ranking"":""N"",""defense_drone_relation_class"":""드론근거만 확인"",""classification_basis"":""드론 기술·운용 근거는 있으나 방산 참여 근거 미확인"",""evidence_count"":""1"",""official_defense_company_designation_verified"":""N"",""designation_note"":""공식 방산업체 지정현황 원본이 이번 묶음에 없어 별도 검증 전에는 지정업체로 표시하지 않음""}"
0b37b5faac1d91045c63d6ab,CMP0073,드론테크,미분류,0,N,company_master,74,"{""company_id"":""CMP0073"",""company_name_normalized"":""드론테크"",""company_name_variants"":""드론테크"",""source_flags"":""portal"",""in_portal_directory"":""Y"",""in_defense_cost_cert"":""N"",""in_swarm_registry"":""N"",""in_krit_report"":""N"",""in_patent_applicant_ranking"":""N"",""defense_drone_relation_class"":""미분류"",""classification_basis"":""현재 수집자료 내 직접 근거 없음"",""evidence_count"":""0"",""official_defense_company_designation_verified"":""N"",""designation_note"":""공식 방산업체 지정현황 원본이 이번 묶음에 없어 별도 검증 전에는 지정업체로 표시하지 않음""}"
c06ba8eaf0d3d6dda2a734e3,CMP0074,드론프릭,미분류,0,N,company_master,75,"{""company_id"":""CMP0074"",""company_name_normalized"":""드론프릭"",""company_name_variants"":""주식회사 드론프릭"",""source_flags"":""portal"",""in_portal_directory"":""Y"",""in_defense_cost_cert"":""N"",""in_swarm_registry"":""N"",""in_krit_report"":""N"",""in_patent_applicant_ranking"":""N"",""defense_drone_relation_class"":""미분류"",""classification_basis"":""현재 수집자료 내 직접 근거 없음"",""evidence_count"":""0"",""official_defense_company_designation_verified"":""N"",""designation_note"":""공식 방산업체 지정현황 원본이 이번 묶음에 없어 별도 검증 전에는 지정업체로 표시하지 않음""}"
169b66a3abbd104fe94e6188,CMP0075,드론핏,미분류,0,N,company_master,76,"{""company_id"":""CMP0075"",""company_name_normalized"":""드론핏"",""company_name_variants"":""드론핏"",""source_flags"":""portal"",""in_portal_directory"":""Y"",""in_defense_cost_cert"":""N"",""in_swarm_registry"":""N"",""in_krit_report"":""N"",""in_patent_applicant_ranking"":""N"",""defense_drone_relation_class"":""미분류"",""classification_basis"":""현재 수집자료 내 직접 근거 없음"",""evidence_count"":""0"",""official_defense_company_designation_verified"":""N"",""designation_note"":""공식 방산업체 지정현황 원본이 이번 묶음에 없어 별도 검증 전에는 지정업체로 표시하지 않음""}"
f7987172f8e545a4f4bec0d4,CMP0076,드림플라잉,미분류,0,N,company_master,77,"{""company_id"":""CMP0076"",""company_name_normalized"":""드림플라잉"",""company_name_variants"":""드림플라잉"",""source_flags"":""portal"",""in_portal_directory"":""Y"",""in_defense_cost_cert"":""N"",""in_swarm_registry"":""N"",""in_krit_report"":""N"",""in_patent_applicant_ranking"":""N"",""defense_drone_relation_class"":""미분류"",""classification_basis"":""현재 수집자료 내 직접 근거 없음"",""evidence_count"":""0"",""official_defense_company_designation_verified"":""N"",""designation_note"":""공식 방산업체 지정현황 원본이 이번 묶음에 없어 별도 검증 전에는 지정업체로 표시하지 않음""}"
bd0045b74b48948d65b4c64e,CMP0077,디브레인,미분류,0,N,company_master,78,"{""company_id"":""CMP0077"",""company_name_normalized"":""디브레인"",""company_name_variants"":""디브레인"",""source_flags"":""portal"",""in_portal_directory"":""Y"",""in_defense_cost_cert"":""N"",""in_swarm_registry"":""N"",""in_krit_report"":""N"",""in_patent_applicant_ranking"":""N"",""defense_drone_relation_class"":""미분류"",""classification_basis"":""현재 수집자료 내 직접 근거 없음"",""evidence_count"":""0"",""official_defense_company_designation_verified"":""N"",""designation_note"":""공식 방산업체 지정현황 원본이 이번 묶음에 없어 별도 검증 전에는 지정업체로 표시하지 않음""}"
27b9d719543b060df14d66a8,CMP0078,디스이즈엔지니어링,미분류,0,N,company_master,79,"{""company_id"":""CMP0078"",""company_name_normalized"":""디스이즈엔지니어링"",""company_name_variants"":""디스이즈엔지니어링"",""source_flags"":""portal"",""in_portal_directory"":""Y"",""in_defense_cost_cert"":""N"",""in_swarm_registry"":""N"",""in_krit_report"":""N"",""in_patent_applicant_ranking"":""N"",""defense_drone_relation_class"":""미분류"",""classification_basis"":""현재 수집자료 내 직접 근거 없음"",""evidence_count"":""0"",""official_defense_company_designation_verified"":""N"",""designation_note"":""공식 방산업체 지정현황 원본이 이번 묶음에 없어 별도 검증 전에는 지정업체로 표시하지 않음""}"
3de7e6fa1c18f2c0d8b7dbb6,CMP0079,디알메이커시스템,미분류,0,N,company_master,80,"{""company_id"":""CMP0079"",""company_name_normalized"":""디알메이커시스템"",""company_name_variants"":""디알메이커시스템"",""source_flags"":""portal"",""in_portal_directory"":""Y"",""in_defense_cost_cert"":""N"",""in_swarm_registry"":""N"",""in_krit_report"":""N"",""in_patent_applicant_ranking"":""N"",""defense_drone_relation_class"":""미분류"",""classification_basis"":""현재 수집자료 내 직접 근거 없음"",""evidence_count"":""0"",""official_defense_company_designation_verified"":""N"",""designation_note"":""공식 방산업체 지정현황 원본이 이번 묶음에 없어 별도 검증 전에는 지정업체로 표시하지 않음""}"
5f58e1dff4c5db2a5455943b,CMP0080,디알원,미분류,0,N,company_master,81,"{""company_id"":""CMP0080"",""company_name_normalized"":""디알원"",""company_name_variants"":""(주)디알원"",""source_flags"":""portal"",""in_portal_directory"":""Y"",""in_defense_cost_cert"":""N"",""in_swarm_registry"":""N"",""in_krit_report"":""N"",""in_patent_applicant_ranking"":""N"",""defense_drone_relation_class"":""미분류"",""classification_basis"":""현재 수집자료 내 직접 근거 없음"",""evidence_count"":""0"",""official_defense_company_designation_verified"":""N"",""designation_note"":""공식 방산업체 지정현황 원본이 이번 묶음에 없어 별도 검증 전에는 지정업체로 표시하지 않음""}"
bab4b366475013d84e56a8f9,CMP0081,디에어,미분류,0,N,company_master,82,"{""company_id"":""CMP0081"",""company_name_normalized"":""디에어"",""company_name_variants"":""주식회사 디에어"",""source_flags"":""portal"",""in_portal_directory"":""Y"",""in_defense_cost_cert"":""N"",""in_swarm_registry"":""N"",""in_krit_report"":""N"",""in_patent_applicant_ranking"":""N"",""defense_drone_relation_class"":""미분류"",""classification_basis"":""현재 수집자료 내 직접 근거 없음"",""evidence_count"":""0"",""official_defense_company_designation_verified"":""N"",""designation_note"":""공식 방산업체 지정현황 원본이 이번 묶음에 없어 별도 검증 전에는 지정업체로 표시하지 않음""}"
8d4d5f3e159944b56cc66440,CMP0082,디에이브이윙스,미분류,0,N,company_master,83,"{""company_id"":""CMP0082"",""company_name_normalized"":""디에이브이윙스"",""company_name_variants"":""디에이브이윙스"",""source_flags"":""portal"",""in_portal_directory"":""Y"",""in_defense_cost_cert"":""N"",""in_swarm_registry"":""N"",""in_krit_report"":""N"",""in_patent_applicant_ranking"":""N"",""defense_drone_relation_class"":""미분류"",""classification_basis"":""현재 수집자료 내 직접 근거 없음"",""evidence_count"":""0"",""official_defense_company_designation_verified"":""N"",""designation_note"":""공식 방산업체 지정현황 원본이 이번 묶음에 없어 별도 검증 전에는 지정업체로 표시하지 않음""}"
3faa0abe566db791a19463c7,CMP0083,디지털커브,드론근거만 확인,1,N,company_master,84,"{""company_id"":""CMP0083"",""company_name_normalized"":""디지털커브"",""company_name_variants"":""주식회사 디지털커브"",""source_flags"":""patent"",""in_portal_directory"":""N"",""in_defense_cost_cert"":""N"",""in_swarm_registry"":""N"",""in_krit_report"":""N"",""in_patent_applicant_ranking"":""Y"",""defense_drone_relation_class"":""드론근거만 확인"",""classification_basis"":""드론 기술·운용 근거는 있으나 방산 참여 근거 미확인"",""evidence_count"":""1"",""official_defense_company_designation_verified"":""N"",""designation_note"":""공식 방산업체 지정현황 원본이 이번 묶음에 없어 별도 검증 전에는 지정업체로 표시하지 않음""}"
7258aac415dc8a9d9ce3e301,CMP0084,딥블루익스플로러,미분류,0,N,company_master,85,"{""company_id"":""CMP0084"",""company_name_normalized"":""딥블루익스플로러"",""company_name_variants"":""딥블루익스플로러"",""source_flags"":""portal"",""in_portal_directory"":""Y"",""in_defense_cost_cert"":""N"",""in_swarm_registry"":""N"",""in_krit_report"":""N"",""in_patent_applicant_ranking"":""N"",""defense_drone_relation_class"":""미분류"",""classification_basis"":""현재 수집자료 내 직접 근거 없음"",""evidence_count"":""0"",""official_defense_company_designation_verified"":""N"",""designation_note"":""공식 방산업체 지정현황 원본이 이번 묶음에 없어 별도 검증 전에는 지정업체로 표시하지 않음""}"
11cfe9607dcb1372f8bf472b,CMP0085,딥엑스,원문 직접확인,1,N,company_master,86,"{""company_id"":""CMP0085"",""company_name_normalized"":""딥엑스"",""company_name_variants"":""딥엑스"",""source_flags"":""krit"",""in_portal_directory"":""N"",""in_defense_cost_cert"":""N"",""in_swarm_registry"":""N"",""in_krit_report"":""Y"",""in_patent_applicant_ranking"":""N"",""defense_drone_relation_class"":""원문 직접확인"",""classification_basis"":""공식 보고서에 방산혁신기업 프로젝트 또는 국방기술개발 과제로 명시"",""evidence_count"":""1"",""official_defense_company_designation_verified"":""N"",""designation_note"":""공식 방산업체 지정현황 원본이 이번 묶음에 없어 별도 검증 전에는 지정업체로 표시하지 않음""}"
18aa88c677b45c38799b1eff,CMP0086,띄움스토리,미분류,0,N,company_master,87,"{""company_id"":""CMP0086"",""company_name_normalized"":""띄움스토리"",""company_name_variants"":""(주)띄움스토리"",""source_flags"":""portal"",""in_portal_directory"":""Y"",""in_defense_cost_cert"":""N"",""in_swarm_registry"":""N"",""in_krit_report"":""N"",""in_patent_applicant_ranking"":""N"",""defense_drone_relation_class"":""미분류"",""classification_basis"":""현재 수집자료 내 직접 근거 없음"",""evidence_count"":""0"",""official_defense_company_designation_verified"":""N"",""designation_note"":""공식 방산업체 지정현황 원본이 이번 묶음에 없어 별도 검증 전에는 지정업체로 표시하지 않음""}"
c972c86dbc7e344080c31797,CMP0087,라온스랩,드론근거만 확인,1,N,company_master,88,"{""company_id"":""CMP0087"",""company_name_normalized"":""라온스랩"",""company_name_variants"":""주식회사 라온스랩"",""source_flags"":""swarm"",""in_portal_directory"":""N"",""in_defense_cost_cert"":""N"",""in_swarm_registry"":""Y"",""in_krit_report"":""N"",""in_patent_applicant_ranking"":""N"",""defense_drone_relation_class"":""드론근거만 확인"",""classification_basis"":""드론 기술·운용 근거는 있으나 방산 참여 근거 미확인"",""evidence_count"":""1"",""official_defense_company_designation_verified"":""N"",""designation_note"":""공식 방산업체 지정현황 원본이 이번 묶음에 없어 별도 검증 전에는 지정업체로 표시하지 않음""}"
5fc291889cdc1f28b08ac2d5,CMP0088,로텀,미분류,0,N,company_master,89,"{""company_id"":""CMP0088"",""company_name_normalized"":""로텀"",""company_name_variants"":""주식회사 로텀"",""source_flags"":""portal"",""in_portal_directory"":""Y"",""in_defense_cost_cert"":""N"",""in_swarm_registry"":""N"",""in_krit_report"":""N"",""in_patent_applicant_ranking"":""N"",""defense_drone_relation_class"":""미분류"",""classification_basis"":""현재 수집자료 내 직접 근거 없음"",""evidence_count"":""0"",""official_defense_company_designation_verified"":""N"",""designation_note"":""공식 방산업체 지정현황 원본이 이번 묶음에 없어 별도 검증 전에는 지정업체로 표시하지 않음""}"
43874539fb2bf46fd4ef9695,CMP0089,루프,방산인접 탐색후보,1,N,company_master,90,"{""company_id"":""CMP0089"",""company_name_normalized"":""루프"",""company_name_variants"":""주식회사 루프"",""source_flags"":""portal"",""in_portal_directory"":""Y"",""in_defense_cost_cert"":""N"",""in_swarm_registry"":""N"",""in_krit_report"":""N"",""in_patent_applicant_ranking"":""N"",""defense_drone_relation_class"":""방산인접 탐색후보"",""classification_basis"":""안티드론 사업분야 태그 존재. 공식 방산 근거 미확인"",""evidence_count"":""1"",""official_defense_company_designation_verified"":""N"",""designation_note"":""공식 방산업체 지정현황 원본이 이번 묶음에 없어 별도 검증 전에는 지정업체로 표시하지 않음""}"
a4c56b7114b5d50b78467f9f,CMP0090,리맵,미분류,0,N,company_master,91,"{""company_id"":""CMP0090"",""company_name_normalized"":""리맵"",""company_name_variants"":""주식회사 리맵"",""source_flags"":""portal"",""in_portal_directory"":""Y"",""in_defense_cost_cert"":""N"",""in_swarm_registry"":""N"",""in_krit_report"":""N"",""in_patent_applicant_ranking"":""N"",""defense_drone_relation_class"":""미분류"",""classification_basis"":""현재 수집자료 내 직접 근거 없음"",""evidence_count"":""0"",""official_defense_company_designation_verified"":""N"",""designation_note"":""공식 방산업체 지정현황 원본이 이번 묶음에 없어 별도 검증 전에는 지정업체로 표시하지 않음""}"
8a31c89bd6ab90924efaf0f2,CMP0091,리얼테크,미분류,0,N,company_master,92,"{""company_id"":""CMP0091"",""company_name_normalized"":""리얼테크"",""company_name_variants"":""(주)리얼테크"",""source_flags"":""portal"",""in_portal_directory"":""Y"",""in_defense_cost_cert"":""N"",""in_swarm_registry"":""N"",""in_krit_report"":""N"",""in_patent_applicant_ranking"":""N"",""defense_drone_relation_class"":""미분류"",""classification_basis"":""현재 수집자료 내 직접 근거 없음"",""evidence_count"":""0"",""official_defense_company_designation_verified"":""N"",""designation_note"":""공식 방산업체 지정현황 원본이 이번 묶음에 없어 별도 검증 전에는 지정업체로 표시하지 않음""}"
317bf1f3aeb356c1ff19bd8e,CMP0092,리하이,미분류,0,N,company_master,93,"{""company_id"":""CMP0092"",""company_name_normalized"":""리하이"",""company_name_variants"":""주식회사 리하이"",""source_flags"":""portal"",""in_portal_directory"":""Y"",""in_defense_cost_cert"":""N"",""in_swarm_registry"":""N"",""in_krit_report"":""N"",""in_patent_applicant_ranking"":""N"",""defense_drone_relation_class"":""미분류"",""classification_basis"":""현재 수집자료 내 직접 근거 없음"",""evidence_count"":""0"",""official_defense_company_designation_verified"":""N"",""designation_note"":""공식 방산업체 지정현황 원본이 이번 묶음에 없어 별도 검증 전에는 지정업체로 표시하지 않음""}"
29d75311522da8c9b8a1a2b3,CMP0093,마이크로드론코리아,미분류,0,N,company_master,94,"{""company_id"":""CMP0093"",""company_name_normalized"":""마이크로드론코리아"",""company_name_variants"":""마이크로드론코리아"",""source_flags"":""portal"",""in_portal_directory"":""Y"",""in_defense_cost_cert"":""N"",""in_swarm_registry"":""N"",""in_krit_report"":""N"",""in_patent_applicant_ranking"":""N"",""defense_drone_relation_class"":""미분류"",""classification_basis"":""현재 수집자료 내 직접 근거 없음"",""evidence_count"":""0"",""official_defense_company_designation_verified"":""N"",""designation_note"":""공식 방산업체 지정현황 원본이 이번 묶음에 없어 별도 검증 전에는 지정업체로 표시하지 않음""}"
fabbf3e7a445a0855e4f5e02,CMP0094,만물공작소,미분류,0,N,company_master,95,"{""company_id"":""CMP0094"",""company_name_normalized"":""만물공작소"",""company_name_variants"":""만물공작소"",""source_flags"":""portal"",""in_portal_directory"":""Y"",""in_defense_cost_cert"":""N"",""in_swarm_registry"":""N"",""in_krit_report"":""N"",""in_patent_applicant_ranking"":""N"",""defense_drone_relation_class"":""미분류"",""classification_basis"":""현재 수집자료 내 직접 근거 없음"",""evidence_count"":""0"",""official_defense_company_designation_verified"":""N"",""designation_note"":""공식 방산업체 지정현황 원본이 이번 묶음에 없어 별도 검증 전에는 지정업체로 표시하지 않음""}"
708d579f3fdbb49fdbc5458f,CMP0095,메이사,미분류,0,N,company_master,96,"{""company_id"":""CMP0095"",""company_name_normalized"":""메이사"",""company_name_variants"":""주식회사 메이사"",""source_flags"":""portal"",""in_portal_directory"":""Y"",""in_defense_cost_cert"":""N"",""in_swarm_registry"":""N"",""in_krit_report"":""N"",""in_patent_applicant_ranking"":""N"",""defense_drone_relation_class"":""미분류"",""classification_basis"":""현재 수집자료 내 직접 근거 없음"",""evidence_count"":""0"",""official_defense_company_designation_verified"":""N"",""designation_note"":""공식 방산업체 지정현황 원본이 이번 묶음에 없어 별도 검증 전에는 지정업체로 표시하지 않음""}"
6e01c8b06fba835ce9e12c75,CMP0096,메타로보틱스,미분류,0,N,company_master,97,"{""company_id"":""CMP0096"",""company_name_normalized"":""메타로보틱스"",""company_name_variants"":""메타로보틱스"",""source_flags"":""portal"",""in_portal_directory"":""Y"",""in_defense_cost_cert"":""N"",""in_swarm_registry"":""N"",""in_krit_report"":""N"",""in_patent_applicant_ranking"":""N"",""defense_drone_relation_class"":""미분류"",""classification_basis"":""현재 수집자료 내 직접 근거 없음"",""evidence_count"":""0"",""official_defense_company_designation_verified"":""N"",""designation_note"":""공식 방산업체 지정현황 원본이 이번 묶음에 없어 별도 검증 전에는 지정업체로 표시하지 않음""}"
1048be5d3d0c5ae4d9f235a8,CMP0097,메타파스,미분류,0,N,company_master,98,"{""company_id"":""CMP0097"",""company_name_normalized"":""메타파스"",""company_name_variants"":""메타파스"",""source_flags"":""portal"",""in_portal_directory"":""Y"",""in_defense_cost_cert"":""N"",""in_swarm_registry"":""N"",""in_krit_report"":""N"",""in_patent_applicant_ranking"":""N"",""defense_drone_relation_class"":""미분류"",""classification_basis"":""현재 수집자료 내 직접 근거 없음"",""evidence_count"":""0"",""official_defense_company_designation_verified"":""N"",""designation_note"":""공식 방산업체 지정현황 원본이 이번 묶음에 없어 별도 검증 전에는 지정업체로 표시하지 않음""}"
f07227bc9d95982862bc453a,CMP0098,모디랩스,미분류,0,N,company_master,99,"{""company_id"":""CMP0098"",""company_name_normalized"":""모디랩스"",""company_name_variants"":""모디랩스"",""source_flags"":""portal"",""in_portal_directory"":""Y"",""in_defense_cost_cert"":""N"",""in_swarm_registry"":""N"",""in_krit_report"":""N"",""in_patent_applicant_ranking"":""N"",""defense_drone_relation_class"":""미분류"",""classification_basis"":""현재 수집자료 내 직접 근거 없음"",""evidence_count"":""0"",""official_defense_company_designation_verified"":""N"",""designation_note"":""공식 방산업체 지정현황 원본이 이번 묶음에 없어 별도 검증 전에는 지정업체로 표시하지 않음""}"
59fc6f5b3abd0f445be41efc,CMP0099,모빌리티원,미분류,0,N,company_master,100,"{""company_id"":""CMP0099"",""company_name_normalized"":""모빌리티원"",""company_name_variants"":""(주)모빌리티원"",""source_flags"":""portal"",""in_portal_directory"":""Y"",""in_defense_cost_cert"":""N"",""in_swarm_registry"":""N"",""in_krit_report"":""N"",""in_patent_applicant_ranking"":""N"",""defense_drone_relation_class"":""미분류"",""classification_basis"":""현재 수집자료 내 직접 근거 없음"",""evidence_count"":""0"",""official_defense_company_designation_verified"":""N"",""designation_note"":""공식 방산업체 지정현황 원본이 이번 묶음에 없어 별도 검증 전에는 지정업체로 표시하지 않음""}"
c9dd805f4dabf0dab26ada4a,CMP0100,모터이엔지(주),미분류,0,N,company_master,101,"{""company_id"":""CMP0100"",""company_name_normalized"":""모터이엔지(주)"",""company_name_variants"":""모터이엔지(주)"",""source_flags"":""portal"",""in_portal_directory"":""Y"",""in_defense_cost_cert"":""N"",""in_swarm_registry"":""N"",""in_krit_report"":""N"",""in_patent_applicant_ranking"":""N"",""defense_drone_relation_class"":""미분류"",""classification_basis"":""현재 수집자료 내 직접 근거 없음"",""evidence_count"":""0"",""official_defense_company_designation_verified"":""N"",""designation_note"":""공식 방산업체 지정현황 원본이 이번 묶음에 없어 별도 검증 전에는 지정업체로 표시하지 않음""}"
1b65289b7ae75da06c104247,CMP0101,몬스터드론,미분류,0,N,company_master,102,"{""company_id"":""CMP0101"",""company_name_normalized"":""몬스터드론"",""company_name_variants"":""몬스터드론"",""source_flags"":""portal"",""in_portal_directory"":""Y"",""in_defense_cost_cert"":""N"",""in_swarm_registry"":""N"",""in_krit_report"":""N"",""in_patent_applicant_ranking"":""N"",""defense_drone_relation_class"":""미분류"",""classification_basis"":""현재 수집자료 내 직접 근거 없음"",""evidence_count"":""0"",""official_defense_company_designation_verified"":""N"",""designation_note"":""공식 방산업체 지정현황 원본이 이번 묶음에 없어 별도 검증 전에는 지정업체로 표시하지 않음""}"
ce771a5913e5162027c9edfc,CMP0102,무지개연구소,미분류,0,N,company_master,103,"{""company_id"":""CMP0102"",""company_name_normalized"":""무지개연구소"",""company_name_variants"":""무지개연구소"",""source_flags"":""portal"",""in_portal_directory"":""Y"",""in_defense_cost_cert"":""N"",""in_swarm_registry"":""N"",""in_krit_report"":""N"",""in_patent_applicant_ranking"":""N"",""defense_drone_relation_class"":""미분류"",""classification_basis"":""현재 수집자료 내 직접 근거 없음"",""evidence_count"":""0"",""official_defense_company_designation_verified"":""N"",""designation_note"":""공식 방산업체 지정현황 원본이 이번 묶음에 없어 별도 검증 전에는 지정업체로 표시하지 않음""}"
02d66af121fc17e914fcb349,CMP0103,무한정보기술,미분류,0,N,company_master,104,"{""company_id"":""CMP0103"",""company_name_normalized"":""무한정보기술"",""company_name_variants"":""주식회사 무한정보기술"",""source_flags"":""portal"",""in_portal_directory"":""Y"",""in_defense_cost_cert"":""N"",""in_swarm_registry"":""N"",""in_krit_report"":""N"",""in_patent_applicant_ranking"":""N"",""defense_drone_relation_class"":""미분류"",""classification_basis"":""현재 수집자료 내 직접 근거 없음"",""evidence_count"":""0"",""official_defense_company_designation_verified"":""N"",""designation_note"":""공식 방산업체 지정현황 원본이 이번 묶음에 없어 별도 검증 전에는 지정업체로 표시하지 않음""}"
352afa2f11bee6fb731195bd,CMP0104,미래도시정보,미분류,0,N,company_master,105,"{""company_id"":""CMP0104"",""company_name_normalized"":""미래도시정보"",""company_name_variants"":""주식회사 미래도시정보"",""source_flags"":""portal"",""in_portal_directory"":""Y"",""in_defense_cost_cert"":""N"",""in_swarm_registry"":""N"",""in_krit_report"":""N"",""in_patent_applicant_ranking"":""N"",""defense_drone_relation_class"":""미분류"",""classification_basis"":""현재 수집자료 내 직접 근거 없음"",""evidence_count"":""0"",""official_defense_company_designation_verified"":""N"",""designation_note"":""공식 방산업체 지정현황 원본이 이번 묶음에 없어 별도 검증 전에는 지정업체로 표시하지 않음""}"
c6798481db029f975b42a905,CMP0105,베셀,미분류,0,N,company_master,106,"{""company_id"":""CMP0105"",""company_name_normalized"":""베셀"",""company_name_variants"":""베셀"",""source_flags"":""portal"",""in_portal_directory"":""Y"",""in_defense_cost_cert"":""N"",""in_swarm_registry"":""N"",""in_krit_report"":""N"",""in_patent_applicant_ranking"":""N"",""defense_drone_relation_class"":""미분류"",""classification_basis"":""현재 수집자료 내 직접 근거 없음"",""evidence_count"":""0"",""official_defense_company_designation_verified"":""N"",""designation_note"":""공식 방산업체 지정현황 원본이 이번 묶음에 없어 별도 검증 전에는 지정업체로 표시하지 않음""}"
28cbe3475793f1eb6846ddac,CMP0106,베이리스,미분류,0,N,company_master,107,"{""company_id"":""CMP0106"",""company_name_normalized"":""베이리스"",""company_name_variants"":""베이리스"",""source_flags"":""portal"",""in_portal_directory"":""Y"",""in_defense_cost_cert"":""N"",""in_swarm_registry"":""N"",""in_krit_report"":""N"",""in_patent_applicant_ranking"":""N"",""defense_drone_relation_class"":""미분류"",""classification_basis"":""현재 수집자료 내 직접 근거 없음"",""evidence_count"":""0"",""official_defense_company_designation_verified"":""N"",""designation_note"":""공식 방산업체 지정현황 원본이 이번 묶음에 없어 별도 검증 전에는 지정업체로 표시하지 않음""}"
dd89e96c68e07f5c5cf2438e,CMP0107,보다,미분류,0,N,company_master,108,"{""company_id"":""CMP0107"",""company_name_normalized"":""보다"",""company_name_variants"":""주식회사 보다"",""source_flags"":""portal"",""in_portal_directory"":""Y"",""in_defense_cost_cert"":""N"",""in_swarm_registry"":""N"",""in_krit_report"":""N"",""in_patent_applicant_ranking"":""N"",""defense_drone_relation_class"":""미분류"",""classification_basis"":""현재 수집자료 내 직접 근거 없음"",""evidence_count"":""0"",""official_defense_company_designation_verified"":""N"",""designation_note"":""공식 방산업체 지정현황 원본이 이번 묶음에 없어 별도 검증 전에는 지정업체로 표시하지 않음""}"
cf690556560fac31c14f1149,CMP0108,보라스카이,미분류,0,N,company_master,109,"{""company_id"":""CMP0108"",""company_name_normalized"":""보라스카이"",""company_name_variants"":""(주)보라스카이"",""source_flags"":""portal"",""in_portal_directory"":""Y"",""in_defense_cost_cert"":""N"",""in_swarm_registry"":""N"",""in_krit_report"":""N"",""in_patent_applicant_ranking"":""N"",""defense_drone_relation_class"":""미분류"",""classification_basis"":""현재 수집자료 내 직접 근거 없음"",""evidence_count"":""0"",""official_defense_company_designation_verified"":""N"",""designation_note"":""공식 방산업체 지정현황 원본이 이번 묶음에 없어 별도 검증 전에는 지정업체로 표시하지 않음""}"
c8391265cd9f2c96a411f5ba,CMP0109,보헤미안오에스,미분류,0,N,company_master,110,"{""company_id"":""CMP0109"",""company_name_normalized"":""보헤미안오에스"",""company_name_variants"":""(주)보헤미안오에스"",""source_flags"":""portal"",""in_portal_directory"":""Y"",""in_defense_cost_cert"":""N"",""in_swarm_registry"":""N"",""in_krit_report"":""N"",""in_patent_applicant_ranking"":""N"",""defense_drone_relation_class"":""미분류"",""classification_basis"":""현재 수집자료 내 직접 근거 없음"",""evidence_count"":""0"",""official_defense_company_designation_verified"":""N"",""designation_note"":""공식 방산업체 지정현황 원본이 이번 묶음에 없어 별도 검증 전에는 지정업체로 표시하지 않음""}"
5f3b991360e11a277b55e932,CMP0110,볼로랜드,미분류,0,N,company_master,111,"{""company_id"":""CMP0110"",""company_name_normalized"":""볼로랜드"",""company_name_variants"":""(주)볼로랜드"",""source_flags"":""portal"",""in_portal_directory"":""Y"",""in_defense_cost_cert"":""N"",""in_swarm_registry"":""N"",""in_krit_report"":""N"",""in_patent_applicant_ranking"":""N"",""defense_drone_relation_class"":""미분류"",""classification_basis"":""현재 수집자료 내 직접 근거 없음"",""evidence_count"":""0"",""official_defense_company_designation_verified"":""N"",""designation_note"":""공식 방산업체 지정현황 원본이 이번 묶음에 없어 별도 검증 전에는 지정업체로 표시하지 않음""}"
13455086b59c0457a5945324,CMP0111,부산드론교육센터,미분류,0,N,company_master,112,"{""company_id"":""CMP0111"",""company_name_normalized"":""부산드론교육센터"",""company_name_variants"":""부산드론교육센터"",""source_flags"":""portal"",""in_portal_directory"":""Y"",""in_defense_cost_cert"":""N"",""in_swarm_registry"":""N"",""in_krit_report"":""N"",""in_patent_applicant_ranking"":""N"",""defense_drone_relation_class"":""미분류"",""classification_basis"":""현재 수집자료 내 직접 근거 없음"",""evidence_count"":""0"",""official_defense_company_designation_verified"":""N"",""designation_note"":""공식 방산업체 지정현황 원본이 이번 묶음에 없어 별도 검증 전에는 지정업체로 표시하지 않음""}"
eee876b3dce0167eb8028f38,CMP0112,부산직업능력교육원,미분류,0,N,company_master,113,"{""company_id"":""CMP0112"",""company_name_normalized"":""부산직업능력교육원"",""company_name_variants"":""부산직업능력교육원"",""source_flags"":""portal"",""in_portal_directory"":""Y"",""in_defense_cost_cert"":""N"",""in_swarm_registry"":""N"",""in_krit_report"":""N"",""in_patent_applicant_ranking"":""N"",""defense_drone_relation_class"":""미분류"",""classification_basis"":""현재 수집자료 내 직접 근거 없음"",""evidence_count"":""0"",""official_defense_company_designation_verified"":""N"",""designation_note"":""공식 방산업체 지정현황 원본이 이번 묶음에 없어 별도 검증 전에는 지정업체로 표시하지 않음""}"
1104a08d41afa827adba3a51,CMP0113,뷰런테크놀로지,드론근거만 확인,1,N,company_master,114,"{""company_id"":""CMP0113"",""company_name_normalized"":""뷰런테크놀로지"",""company_name_variants"":""(주)뷰런테크놀로지"",""source_flags"":""patent"",""in_portal_directory"":""N"",""in_defense_cost_cert"":""N"",""in_swarm_registry"":""N"",""in_krit_report"":""N"",""in_patent_applicant_ranking"":""Y"",""defense_drone_relation_class"":""드론근거만 확인"",""classification_basis"":""드론 기술·운용 근거는 있으나 방산 참여 근거 미확인"",""evidence_count"":""1"",""official_defense_company_designation_verified"":""N"",""designation_note"":""공식 방산업체 지정현황 원본이 이번 묶음에 없어 별도 검증 전에는 지정업체로 표시하지 않음""}"
1d1fd2f8869c144a650a9f5f,CMP0114,뷰메진,미분류,0,N,company_master,115,"{""company_id"":""CMP0114"",""company_name_normalized"":""뷰메진"",""company_name_variants"":""주식회사 뷰메진"",""source_flags"":""portal"",""in_portal_directory"":""Y"",""in_defense_cost_cert"":""N"",""in_swarm_registry"":""N"",""in_krit_report"":""N"",""in_patent_applicant_ranking"":""N"",""defense_drone_relation_class"":""미분류"",""classification_basis"":""현재 수집자료 내 직접 근거 없음"",""evidence_count"":""0"",""official_defense_company_designation_verified"":""N"",""designation_note"":""공식 방산업체 지정현황 원본이 이번 묶음에 없어 별도 검증 전에는 지정업체로 표시하지 않음""}"
d86eef15fd385ace33f7443c,CMP0115,비거텍코리아,미분류,0,N,company_master,116,"{""company_id"":""CMP0115"",""company_name_normalized"":""비거텍코리아"",""company_name_variants"":""주식회사비거텍코리아"",""source_flags"":""portal"",""in_portal_directory"":""Y"",""in_defense_cost_cert"":""N"",""in_swarm_registry"":""N"",""in_krit_report"":""N"",""in_patent_applicant_ranking"":""N"",""defense_drone_relation_class"":""미분류"",""classification_basis"":""현재 수집자료 내 직접 근거 없음"",""evidence_count"":""0"",""official_defense_company_designation_verified"":""N"",""designation_note"":""공식 방산업체 지정현황 원본이 이번 묶음에 없어 별도 검증 전에는 지정업체로 표시하지 않음""}"
b3891192c5f139831afb6820,CMP0116,비스타컴,방산인접 탐색후보,1,N,company_master,117,"{""company_id"":""CMP0116"",""company_name_normalized"":""비스타컴"",""company_name_variants"":""비스타컴"",""source_flags"":""portal"",""in_portal_directory"":""Y"",""in_defense_cost_cert"":""N"",""in_swarm_registry"":""N"",""in_krit_report"":""N"",""in_patent_applicant_ranking"":""N"",""defense_drone_relation_class"":""방산인접 탐색후보"",""classification_basis"":""안티드론 사업분야 태그 존재. 공식 방산 근거 미확인"",""evidence_count"":""1"",""official_defense_company_designation_verified"":""N"",""designation_note"":""공식 방산업체 지정현황 원본이 이번 묶음에 없어 별도 검증 전에는 지정업체로 표시하지 않음""}"
d3ff9b156b768c97742a3449,CMP0117,삼정솔루션,방산인접 탐색후보,2,N,company_master,118,"{""company_id"":""CMP0117"",""company_name_normalized"":""삼정솔루션"",""company_name_variants"":""삼정솔루션 | 주식회사 삼정솔루션"",""source_flags"":""patent,portal"",""in_portal_directory"":""Y"",""in_defense_cost_cert"":""N"",""in_swarm_registry"":""N"",""in_krit_report"":""N"",""in_patent_applicant_ranking"":""Y"",""defense_drone_relation_class"":""방산인접 탐색후보"",""classification_basis"":""안티드론 사업분야 태그 존재. 공식 방산 근거 미확인"",""evidence_count"":""2"",""official_defense_company_designation_verified"":""N"",""designation_note"":""공식 방산업체 지정현황 원본이 이번 묶음에 없어 별도 검증 전에는 지정업체로 표시하지 않음""}"
b4f19ebd81944d16bf5e739a,CMP0118,새론에스엔아이,미분류,0,N,company_master,119,"{""company_id"":""CMP0118"",""company_name_normalized"":""새론에스엔아이"",""company_name_variants"":""새론에스엔아이"",""source_flags"":""portal"",""in_portal_directory"":""Y"",""in_defense_cost_cert"":""N"",""in_swarm_registry"":""N"",""in_krit_report"":""N"",""in_patent_applicant_ranking"":""N"",""defense_drone_relation_class"":""미분류"",""classification_basis"":""현재 수집자료 내 직접 근거 없음"",""evidence_count"":""0"",""official_defense_company_designation_verified"":""N"",""designation_note"":""공식 방산업체 지정현황 원본이 이번 묶음에 없어 별도 검증 전에는 지정업체로 표시하지 않음""}"
1f170c725dcc464638d8e45d,CMP0119,샘코,미분류,0,N,company_master,120,"{""company_id"":""CMP0119"",""company_name_normalized"":""샘코"",""company_name_variants"":""샘코"",""source_flags"":""portal"",""in_portal_directory"":""Y"",""in_defense_cost_cert"":""N"",""in_swarm_registry"":""N"",""in_krit_report"":""N"",""in_patent_applicant_ranking"":""N"",""defense_drone_relation_class"":""미분류"",""classification_basis"":""현재 수집자료 내 직접 근거 없음"",""evidence_count"":""0"",""official_defense_company_designation_verified"":""N"",""designation_note"":""공식 방산업체 지정현황 원본이 이번 묶음에 없어 별도 검증 전에는 지정업체로 표시하지 않음""}"
ef3208ffb49c8cde83e400c5,CMP0120,서넙드론,미분류,0,N,company_master,121,"{""company_id"":""CMP0120"",""company_name_normalized"":""서넙드론"",""company_name_variants"":""서넙드론"",""source_flags"":""portal"",""in_portal_directory"":""Y"",""in_defense_cost_cert"":""N"",""in_swarm_registry"":""N"",""in_krit_report"":""N"",""in_patent_applicant_ranking"":""N"",""defense_drone_relation_class"":""미분류"",""classification_basis"":""현재 수집자료 내 직접 근거 없음"",""evidence_count"":""0"",""official_defense_company_designation_verified"":""N"",""designation_note"":""공식 방산업체 지정현황 원본이 이번 묶음에 없어 별도 검증 전에는 지정업체로 표시하지 않음""}"
832d8a5ef9478f9a199aa63d,CMP0121,서우,미분류,0,N,company_master,122,"{""company_id"":""CMP0121"",""company_name_normalized"":""서우"",""company_name_variants"":""서우"",""source_flags"":""portal"",""in_portal_directory"":""Y"",""in_defense_cost_cert"":""N"",""in_swarm_registry"":""N"",""in_krit_report"":""N"",""in_patent_applicant_ranking"":""N"",""defense_drone_relation_class"":""미분류"",""classification_basis"":""현재 수집자료 내 직접 근거 없음"",""evidence_count"":""0"",""official_defense_company_designation_verified"":""N"",""designation_note"":""공식 방산업체 지정현황 원본이 이번 묶음에 없어 별도 검증 전에는 지정업체로 표시하지 않음""}"
e5a835da4d47a938a5b8a9e7,CMP0122,서울대학교산학협력단,드론근거만 확인,1,N,company_master,123,"{""company_id"":""CMP0122"",""company_name_normalized"":""서울대학교산학협력단"",""company_name_variants"":""서울대학교산학협력단"",""source_flags"":""patent"",""in_portal_directory"":""N"",""in_defense_cost_cert"":""N"",""in_swarm_registry"":""N"",""in_krit_report"":""N"",""in_patent_applicant_ranking"":""Y"",""defense_drone_relation_class"":""드론근거만 확인"",""classification_basis"":""드론 기술·운용 근거는 있으나 방산 참여 근거 미확인"",""evidence_count"":""1"",""official_defense_company_designation_verified"":""N"",""designation_note"":""공식 방산업체 지정현황 원본이 이번 묶음에 없어 별도 검증 전에는 지정업체로 표시하지 않음""}"
59bba8e9294f0fede1a896d7,CMP0123,서원무인기술,미분류,0,N,company_master,124,"{""company_id"":""CMP0123"",""company_name_normalized"":""서원무인기술"",""company_name_variants"":""서원무인기술"",""source_flags"":""portal"",""in_portal_directory"":""Y"",""in_defense_cost_cert"":""N"",""in_swarm_registry"":""N"",""in_krit_report"":""N"",""in_patent_applicant_ranking"":""N"",""defense_drone_relation_class"":""미분류"",""classification_basis"":""현재 수집자료 내 직접 근거 없음"",""evidence_count"":""0"",""official_defense_company_designation_verified"":""N"",""designation_note"":""공식 방산업체 지정현황 원본이 이번 묶음에 없어 별도 검증 전에는 지정업체로 표시하지 않음""}"
aabd6e05ce29a0960446f123,CMP0124,서해항공방제,미분류,0,N,company_master,125,"{""company_id"":""CMP0124"",""company_name_normalized"":""서해항공방제"",""company_name_variants"":""(유)서해항공방제"",""source_flags"":""portal"",""in_portal_directory"":""Y"",""in_defense_cost_cert"":""N"",""in_swarm_registry"":""N"",""in_krit_report"":""N"",""in_patent_applicant_ranking"":""N"",""defense_drone_relation_class"":""미분류"",""classification_basis"":""현재 수집자료 내 직접 근거 없음"",""evidence_count"":""0"",""official_defense_company_designation_verified"":""N"",""designation_note"":""공식 방산업체 지정현황 원본이 이번 묶음에 없어 별도 검증 전에는 지정업체로 표시하지 않음""}"
dddb096a6b5d01a375c0945f,CMP0125,성문드론아카데미,미분류,0,N,company_master,126,"{""company_id"":""CMP0125"",""company_name_normalized"":""성문드론아카데미"",""company_name_variants"":""성문드론아카데미"",""source_flags"":""portal"",""in_portal_directory"":""Y"",""in_defense_cost_cert"":""N"",""in_swarm_registry"":""N"",""in_krit_report"":""N"",""in_patent_applicant_ranking"":""N"",""defense_drone_relation_class"":""미분류"",""classification_basis"":""현재 수집자료 내 직접 근거 없음"",""evidence_count"":""0"",""official_defense_company_designation_verified"":""N"",""designation_note"":""공식 방산업체 지정현황 원본이 이번 묶음에 없어 별도 검증 전에는 지정업체로 표시하지 않음""}"
99f6c54cca19bd2afec8df28,CMP0126,성우엔지니어링,미분류,0,N,company_master,127,"{""company_id"":""CMP0126"",""company_name_normalized"":""성우엔지니어링"",""company_name_variants"":""성우엔지니어링"",""source_flags"":""portal"",""in_portal_directory"":""Y"",""in_defense_cost_cert"":""N"",""in_swarm_registry"":""N"",""in_krit_report"":""N"",""in_patent_applicant_ranking"":""N"",""defense_drone_relation_class"":""미분류"",""classification_basis"":""현재 수집자료 내 직접 근거 없음"",""evidence_count"":""0"",""official_defense_company_designation_verified"":""N"",""designation_note"":""공식 방산업체 지정현황 원본이 이번 묶음에 없어 별도 검증 전에는 지정업체로 표시하지 않음""}"
2eabcb64b394c22f70780909,CMP0127,세이에어,미분류,0,N,company_master,128,"{""company_id"":""CMP0127"",""company_name_normalized"":""세이에어"",""company_name_variants"":""세이에어"",""source_flags"":""portal"",""in_portal_directory"":""Y"",""in_defense_cost_cert"":""N"",""in_swarm_registry"":""N"",""in_krit_report"":""N"",""in_patent_applicant_ranking"":""N"",""defense_drone_relation_class"":""미분류"",""classification_basis"":""현재 수집자료 내 직접 근거 없음"",""evidence_count"":""0"",""official_defense_company_designation_verified"":""N"",""designation_note"":""공식 방산업체 지정현황 원본이 이번 묶음에 없어 별도 검증 전에는 지정업체로 표시하지 않음""}"
f4a0489fab83d1764047f73e,CMP0128,세이프어스드론,미분류,0,N,company_master,129,"{""company_id"":""CMP0128"",""company_name_normalized"":""세이프어스드론"",""company_name_variants"":""세이프어스드론"",""source_flags"":""portal"",""in_portal_directory"":""Y"",""in_defense_cost_cert"":""N"",""in_swarm_registry"":""N"",""in_krit_report"":""N"",""in_patent_applicant_ranking"":""N"",""defense_drone_relation_class"":""미분류"",""classification_basis"":""현재 수집자료 내 직접 근거 없음"",""evidence_count"":""0"",""official_defense_company_designation_verified"":""N"",""designation_note"":""공식 방산업체 지정현황 원본이 이번 묶음에 없어 별도 검증 전에는 지정업체로 표시하지 않음""}"
5df12cfb92a4e8710139a0f6,CMP0129,세종대학교산학협력단,드론근거만 확인,1,N,company_master,130,"{""company_id"":""CMP0129"",""company_name_normalized"":""세종대학교산학협력단"",""company_name_variants"":""세종대학교산학협력단"",""source_flags"":""patent"",""in_portal_directory"":""N"",""in_defense_cost_cert"":""N"",""in_swarm_registry"":""N"",""in_krit_report"":""N"",""in_patent_applicant_ranking"":""Y"",""defense_drone_relation_class"":""드론근거만 확인"",""classification_basis"":""드론 기술·운용 근거는 있으나 방산 참여 근거 미확인"",""evidence_count"":""1"",""official_defense_company_designation_verified"":""N"",""designation_note"":""공식 방산업체 지정현황 원본이 이번 묶음에 없어 별도 검증 전에는 지정업체로 표시하지 않음""}"
7c1e60c95808e07562c21a78,CMP0130,솔더,미분류,0,N,company_master,131,"{""company_id"":""CMP0130"",""company_name_normalized"":""솔더"",""company_name_variants"":""(주)솔더"",""source_flags"":""portal"",""in_portal_directory"":""Y"",""in_defense_cost_cert"":""N"",""in_swarm_registry"":""N"",""in_krit_report"":""N"",""in_patent_applicant_ranking"":""N"",""defense_drone_relation_class"":""미분류"",""classification_basis"":""현재 수집자료 내 직접 근거 없음"",""evidence_count"":""0"",""official_defense_company_designation_verified"":""N"",""designation_note"":""공식 방산업체 지정현황 원본이 이번 묶음에 없어 별도 검증 전에는 지정업체로 표시하지 않음""}"
e69bc970df1f393f8d1e127a,CMP0131,솔더드론스쿨,미분류,0,N,company_master,132,"{""company_id"":""CMP0131"",""company_name_normalized"":""솔더드론스쿨"",""company_name_variants"":""솔더드론스쿨"",""source_flags"":""portal"",""in_portal_directory"":""Y"",""in_defense_cost_cert"":""N"",""in_swarm_registry"":""N"",""in_krit_report"":""N"",""in_patent_applicant_ranking"":""N"",""defense_drone_relation_class"":""미분류"",""classification_basis"":""현재 수집자료 내 직접 근거 없음"",""evidence_count"":""0"",""official_defense_company_designation_verified"":""N"",""designation_note"":""공식 방산업체 지정현황 원본이 이번 묶음에 없어 별도 검증 전에는 지정업체로 표시하지 않음""}"
4bfe8039d77036c7a6a14ccb,CMP0132,솔빛,미분류,0,N,company_master,133,"{""company_id"":""CMP0132"",""company_name_normalized"":""솔빛"",""company_name_variants"":""(주)솔빛"",""source_flags"":""portal"",""in_portal_directory"":""Y"",""in_defense_cost_cert"":""N"",""in_swarm_registry"":""N"",""in_krit_report"":""N"",""in_patent_applicant_ranking"":""N"",""defense_drone_relation_class"":""미분류"",""classification_basis"":""현재 수집자료 내 직접 근거 없음"",""evidence_count"":""0"",""official_defense_company_designation_verified"":""N"",""designation_note"":""공식 방산업체 지정현황 원본이 이번 묶음에 없어 별도 검증 전에는 지정업체로 표시하지 않음""}"
7a699899912ef22592a7936c,CMP0133,수성알씨(수성RC),미분류,0,N,company_master,134,"{""company_id"":""CMP0133"",""company_name_normalized"":""수성알씨(수성RC)"",""company_name_variants"":""수성알씨(수성RC)"",""source_flags"":""portal"",""in_portal_directory"":""Y"",""in_defense_cost_cert"":""N"",""in_swarm_registry"":""N"",""in_krit_report"":""N"",""in_patent_applicant_ranking"":""N"",""defense_drone_relation_class"":""미분류"",""classification_basis"":""현재 수집자료 내 직접 근거 없음"",""evidence_count"":""0"",""official_defense_company_designation_verified"":""N"",""designation_note"":""공식 방산업체 지정현황 원본이 이번 묶음에 없어 별도 검증 전에는 지정업체로 표시하지 않음""}"
e323306c842e7e594334e458,CMP0134,순돌이드론,방산인접 탐색후보,1,N,company_master,135,"{""company_id"":""CMP0134"",""company_name_normalized"":""순돌이드론"",""company_name_variants"":""순돌이드론"",""source_flags"":""portal"",""in_portal_directory"":""Y"",""in_defense_cost_cert"":""N"",""in_swarm_registry"":""N"",""in_krit_report"":""N"",""in_patent_applicant_ranking"":""N"",""defense_drone_relation_class"":""방산인접 탐색후보"",""classification_basis"":""안티드론 사업분야 태그 존재. 공식 방산 근거 미확인"",""evidence_count"":""1"",""official_defense_company_designation_verified"":""N"",""designation_note"":""공식 방산업체 지정현황 원본이 이번 묶음에 없어 별도 검증 전에는 지정업체로 표시하지 않음""}"
e9120e53319eca46292486fa,CMP0135,숨비,방산인접 탐색후보,1,N,company_master,136,"{""company_id"":""CMP0135"",""company_name_normalized"":""숨비"",""company_name_variants"":""숨비"",""source_flags"":""portal"",""in_portal_directory"":""Y"",""in_defense_cost_cert"":""N"",""in_swarm_registry"":""N"",""in_krit_report"":""N"",""in_patent_applicant_ranking"":""N"",""defense_drone_relation_class"":""방산인접 탐색후보"",""classification_basis"":""안티드론 사업분야 태그 존재. 공식 방산 근거 미확인"",""evidence_count"":""1"",""official_defense_company_designation_verified"":""N"",""designation_note"":""공식 방산업체 지정현황 원본이 이번 묶음에 없어 별도 검증 전에는 지정업체로 표시하지 않음""}"
cc4437ed33cd021c5e4beaad,CMP0136,스마티,미분류,0,N,company_master,137,"{""company_id"":""CMP0136"",""company_name_normalized"":""스마티"",""company_name_variants"":""(주)스마티"",""source_flags"":""portal"",""in_portal_directory"":""Y"",""in_defense_cost_cert"":""N"",""in_swarm_registry"":""N"",""in_krit_report"":""N"",""in_patent_applicant_ranking"":""N"",""defense_drone_relation_class"":""미분류"",""classification_basis"":""현재 수집자료 내 직접 근거 없음"",""evidence_count"":""0"",""official_defense_company_designation_verified"":""N"",""designation_note"":""공식 방산업체 지정현황 원본이 이번 묶음에 없어 별도 검증 전에는 지정업체로 표시하지 않음""}"
79610a4918e0f16cf5fa1ba2,CMP0137,스카이시스,미분류,0,N,company_master,138,"{""company_id"":""CMP0137"",""company_name_normalized"":""스카이시스"",""company_name_variants"":""스카이시스"",""source_flags"":""portal"",""in_portal_directory"":""Y"",""in_defense_cost_cert"":""N"",""in_swarm_registry"":""N"",""in_krit_report"":""N"",""in_patent_applicant_ranking"":""N"",""defense_drone_relation_class"":""미분류"",""classification_basis"":""현재 수집자료 내 직접 근거 없음"",""evidence_count"":""0"",""official_defense_company_designation_verified"":""N"",""designation_note"":""공식 방산업체 지정현황 원본이 이번 묶음에 없어 별도 검증 전에는 지정업체로 표시하지 않음""}"
ca6ec069e8c5b923a82006bd,CMP0138,스카이아트,드론근거만 확인,1,N,company_master,139,"{""company_id"":""CMP0138"",""company_name_normalized"":""스카이아트"",""company_name_variants"":""주식회사 스카이아트"",""source_flags"":""swarm"",""in_portal_directory"":""N"",""in_defense_cost_cert"":""N"",""in_swarm_registry"":""Y"",""in_krit_report"":""N"",""in_patent_applicant_ranking"":""N"",""defense_drone_relation_class"":""드론근거만 확인"",""classification_basis"":""드론 기술·운용 근거는 있으나 방산 참여 근거 미확인"",""evidence_count"":""1"",""official_defense_company_designation_verified"":""N"",""designation_note"":""공식 방산업체 지정현황 원본이 이번 묶음에 없어 별도 검증 전에는 지정업체로 표시하지 않음""}"
0d1d12e7322fee0927dd37d8,CMP0139,스카이엔터프라이즈,드론근거만 확인,1,N,company_master,140,"{""company_id"":""CMP0139"",""company_name_normalized"":""스카이엔터프라이즈"",""company_name_variants"":""주식회사 스카이엔터프라이즈 | (주)스카이엔터프라이즈"",""source_flags"":""portal,swarm"",""in_portal_directory"":""Y"",""in_defense_cost_cert"":""N"",""in_swarm_registry"":""Y"",""in_krit_report"":""N"",""in_patent_applicant_ranking"":""N"",""defense_drone_relation_class"":""드론근거만 확인"",""classification_basis"":""드론 기술·운용 근거는 있으나 방산 참여 근거 미확인"",""evidence_count"":""1"",""official_defense_company_designation_verified"":""N"",""designation_note"":""공식 방산업체 지정현황 원본이 이번 묶음에 없어 별도 검증 전에는 지정업체로 표시하지 않음""}"
2590f3a99ee380b7396bff32,CMP0140,스카이텍,미분류,0,N,company_master,141,"{""company_id"":""CMP0140"",""company_name_normalized"":""스카이텍"",""company_name_variants"":""스카이텍"",""source_flags"":""portal"",""in_portal_directory"":""Y"",""in_defense_cost_cert"":""N"",""in_swarm_registry"":""N"",""in_krit_report"":""N"",""in_patent_applicant_ranking"":""N"",""defense_drone_relation_class"":""미분류"",""classification_basis"":""현재 수집자료 내 직접 근거 없음"",""evidence_count"":""0"",""official_defense_company_designation_verified"":""N"",""designation_note"":""공식 방산업체 지정현황 원본이 이번 묶음에 없어 별도 검증 전에는 지정업체로 표시하지 않음""}"
3dec50055fe99c179668e634,CMP0141,스타맨,미분류,0,N,company_master,142,"{""company_id"":""CMP0141"",""company_name_normalized"":""스타맨"",""company_name_variants"":""스타맨"",""source_flags"":""portal"",""in_portal_directory"":""Y"",""in_defense_cost_cert"":""N"",""in_swarm_registry"":""N"",""in_krit_report"":""N"",""in_patent_applicant_ranking"":""N"",""defense_drone_relation_class"":""미분류"",""classification_basis"":""현재 수집자료 내 직접 근거 없음"",""evidence_count"":""0"",""official_defense_company_designation_verified"":""N"",""designation_note"":""공식 방산업체 지정현황 원본이 이번 묶음에 없어 별도 검증 전에는 지정업체로 표시하지 않음""}"
c26865b91e51c33b2900fbd4,CMP0142,스타팅드론교육원,미분류,0,N,company_master,143,"{""company_id"":""CMP0142"",""company_name_normalized"":""스타팅드론교육원"",""company_name_variants"":""스타팅드론교육원"",""source_flags"":""portal"",""in_portal_directory"":""Y"",""in_defense_cost_cert"":""N"",""in_swarm_registry"":""N"",""in_krit_report"":""N"",""in_patent_applicant_ranking"":""N"",""defense_drone_relation_class"":""미분류"",""classification_basis"":""현재 수집자료 내 직접 근거 없음"",""evidence_count"":""0"",""official_defense_company_designation_verified"":""N"",""designation_note"":""공식 방산업체 지정현황 원본이 이번 묶음에 없어 별도 검증 전에는 지정업체로 표시하지 않음""}"
045fb98cbf9d6f17d6fb7ce5,CMP0143,시너지,드론근거만 확인,1,N,company_master,144,"{""company_id"":""CMP0143"",""company_name_normalized"":""시너지"",""company_name_variants"":""주식회사 시너지"",""source_flags"":""patent"",""in_portal_directory"":""N"",""in_defense_cost_cert"":""N"",""in_swarm_registry"":""N"",""in_krit_report"":""N"",""in_patent_applicant_ranking"":""Y"",""defense_drone_relation_class"":""드론근거만 확인"",""classification_basis"":""드론 기술·운용 근거는 있으나 방산 참여 근거 미확인"",""evidence_count"":""1"",""official_defense_company_designation_verified"":""N"",""designation_note"":""공식 방산업체 지정현황 원본이 이번 묶음에 없어 별도 검증 전에는 지정업체로 표시하지 않음""}"
bf58d13579d81fd70e141432,CMP0144,시스테크,미분류,0,N,company_master,145,"{""company_id"":""CMP0144"",""company_name_normalized"":""시스테크"",""company_name_variants"":""시스테크"",""source_flags"":""portal"",""in_portal_directory"":""Y"",""in_defense_cost_cert"":""N"",""in_swarm_registry"":""N"",""in_krit_report"":""N"",""in_patent_applicant_ranking"":""N"",""defense_drone_relation_class"":""미분류"",""classification_basis"":""현재 수집자료 내 직접 근거 없음"",""evidence_count"":""0"",""official_defense_company_designation_verified"":""N"",""designation_note"":""공식 방산업체 지정현황 원본이 이번 묶음에 없어 별도 검증 전에는 지정업체로 표시하지 않음""}"
e54f92fce2aed4950d10a86c,CMP0145,써드아이로보틱스,미분류,0,N,company_master,146,"{""company_id"":""CMP0145"",""company_name_normalized"":""써드아이로보틱스"",""company_name_variants"":""써드아이로보틱스"",""source_flags"":""portal"",""in_portal_directory"":""Y"",""in_defense_cost_cert"":""N"",""in_swarm_registry"":""N"",""in_krit_report"":""N"",""in_patent_applicant_ranking"":""N"",""defense_drone_relation_class"":""미분류"",""classification_basis"":""현재 수집자료 내 직접 근거 없음"",""evidence_count"":""0"",""official_defense_company_designation_verified"":""N"",""designation_note"":""공식 방산업체 지정현황 원본이 이번 묶음에 없어 별도 검증 전에는 지정업체로 표시하지 않음""}"
0a20fae3c87017b5cb2b74bb,CMP0146,씨너렉스,미분류,0,N,company_master,147,"{""company_id"":""CMP0146"",""company_name_normalized"":""씨너렉스"",""company_name_variants"":""주식회사 씨너렉스"",""source_flags"":""portal"",""in_portal_directory"":""Y"",""in_defense_cost_cert"":""N"",""in_swarm_registry"":""N"",""in_krit_report"":""N"",""in_patent_applicant_ranking"":""N"",""defense_drone_relation_class"":""미분류"",""classification_basis"":""현재 수집자료 내 직접 근거 없음"",""evidence_count"":""0"",""official_defense_company_designation_verified"":""N"",""designation_note"":""공식 방산업체 지정현황 원본이 이번 묶음에 없어 별도 검증 전에는 지정업체로 표시하지 않음""}"
f3fd753a24edba991167bc35,CMP0147,아라레연구소,미분류,0,N,company_master,148,"{""company_id"":""CMP0147"",""company_name_normalized"":""아라레연구소"",""company_name_variants"":""주식회사 아라레연구소"",""source_flags"":""portal"",""in_portal_directory"":""Y"",""in_defense_cost_cert"":""N"",""in_swarm_registry"":""N"",""in_krit_report"":""N"",""in_patent_applicant_ranking"":""N"",""defense_drone_relation_class"":""미분류"",""classification_basis"":""현재 수집자료 내 직접 근거 없음"",""evidence_count"":""0"",""official_defense_company_designation_verified"":""N"",""designation_note"":""공식 방산업체 지정현황 원본이 이번 묶음에 없어 별도 검증 전에는 지정업체로 표시하지 않음""}"
bab3f4c79e5b24c0757936cb,CMP0148,아르고스다인,드론근거만 확인,1,N,company_master,149,"{""company_id"":""CMP0148"",""company_name_normalized"":""아르고스다인"",""company_name_variants"":""아르고스다인 | 주식회사 아르고스다인"",""source_flags"":""patent,portal"",""in_portal_directory"":""Y"",""in_defense_cost_cert"":""N"",""in_swarm_registry"":""N"",""in_krit_report"":""N"",""in_patent_applicant_ranking"":""Y"",""defense_drone_relation_class"":""드론근거만 확인"",""classification_basis"":""드론 기술·운용 근거는 있으나 방산 참여 근거 미확인"",""evidence_count"":""1"",""official_defense_company_designation_verified"":""N"",""designation_note"":""공식 방산업체 지정현황 원본이 이번 묶음에 없어 별도 검증 전에는 지정업체로 표시하지 않음""}"
3e047af09d31ebae19c12f52,CMP0149,아소아,방산인접 탐색후보,1,N,company_master,150,"{""company_id"":""CMP0149"",""company_name_normalized"":""아소아"",""company_name_variants"":""주식회사 아소아"",""source_flags"":""portal"",""in_portal_directory"":""Y"",""in_defense_cost_cert"":""N"",""in_swarm_registry"":""N"",""in_krit_report"":""N"",""in_patent_applicant_ranking"":""N"",""defense_drone_relation_class"":""방산인접 탐색후보"",""classification_basis"":""안티드론 사업분야 태그 존재. 공식 방산 근거 미확인"",""evidence_count"":""1"",""official_defense_company_designation_verified"":""N"",""designation_note"":""공식 방산업체 지정현황 원본이 이번 묶음에 없어 별도 검증 전에는 지정업체로 표시하지 않음""}"
64672fd5519e4831502694eb,CMP0150,아와소프트,미분류,0,N,company_master,151,"{""company_id"":""CMP0150"",""company_name_normalized"":""아와소프트"",""company_name_variants"":""아와소프트"",""source_flags"":""portal"",""in_portal_directory"":""Y"",""in_defense_cost_cert"":""N"",""in_swarm_registry"":""N"",""in_krit_report"":""N"",""in_patent_applicant_ranking"":""N"",""defense_drone_relation_class"":""미분류"",""classification_basis"":""현재 수집자료 내 직접 근거 없음"",""evidence_count"":""0"",""official_defense_company_designation_verified"":""N"",""designation_note"":""공식 방산업체 지정현황 원본이 이번 묶음에 없어 별도 검증 전에는 지정업체로 표시하지 않음""}"
5ff06d98dac4b5b20fb8a532,CMP0151,아이디에스코리아,미분류,0,N,company_master,152,"{""company_id"":""CMP0151"",""company_name_normalized"":""아이디에스코리아"",""company_name_variants"":""아이디에스코리아"",""source_flags"":""portal"",""in_portal_directory"":""Y"",""in_defense_cost_cert"":""N"",""in_swarm_registry"":""N"",""in_krit_report"":""N"",""in_patent_applicant_ranking"":""N"",""defense_drone_relation_class"":""미분류"",""classification_basis"":""현재 수집자료 내 직접 근거 없음"",""evidence_count"":""0"",""official_defense_company_designation_verified"":""N"",""designation_note"":""공식 방산업체 지정현황 원본이 이번 묶음에 없어 별도 검증 전에는 지정업체로 표시하지 않음""}"
5d0d22728aa53b1d470cea9b,CMP0152,아이씨알 (ICR),미분류,0,N,company_master,153,"{""company_id"":""CMP0152"",""company_name_normalized"":""아이씨알 (ICR)"",""company_name_variants"":""주식회사 아이씨알 (ICR)"",""source_flags"":""portal"",""in_portal_directory"":""Y"",""in_defense_cost_cert"":""N"",""in_swarm_registry"":""N"",""in_krit_report"":""N"",""in_patent_applicant_ranking"":""N"",""defense_drone_relation_class"":""미분류"",""classification_basis"":""현재 수집자료 내 직접 근거 없음"",""evidence_count"":""0"",""official_defense_company_designation_verified"":""N"",""designation_note"":""공식 방산업체 지정현황 원본이 이번 묶음에 없어 별도 검증 전에는 지정업체로 표시하지 않음""}"
e7a772c2400e2a1f6e55ea37,CMP0153,아이엔,미분류,0,N,company_master,154,"{""company_id"":""CMP0153"",""company_name_normalized"":""아이엔"",""company_name_variants"":""(주)아이엔"",""source_flags"":""portal"",""in_portal_directory"":""Y"",""in_defense_cost_cert"":""N"",""in_swarm_registry"":""N"",""in_krit_report"":""N"",""in_patent_applicant_ranking"":""N"",""defense_drone_relation_class"":""미분류"",""classification_basis"":""현재 수집자료 내 직접 근거 없음"",""evidence_count"":""0"",""official_defense_company_designation_verified"":""N"",""designation_note"":""공식 방산업체 지정현황 원본이 이번 묶음에 없어 별도 검증 전에는 지정업체로 표시하지 않음""}"
951581051781726eb4abbadf,CMP0154,아이지아이에스,미분류,0,N,company_master,155,"{""company_id"":""CMP0154"",""company_name_normalized"":""아이지아이에스"",""company_name_variants"":""아이지아이에스"",""source_flags"":""portal"",""in_portal_directory"":""Y"",""in_defense_cost_cert"":""N"",""in_swarm_registry"":""N"",""in_krit_report"":""N"",""in_patent_applicant_ranking"":""N"",""defense_drone_relation_class"":""미분류"",""classification_basis"":""현재 수집자료 내 직접 근거 없음"",""evidence_count"":""0"",""official_defense_company_designation_verified"":""N"",""designation_note"":""공식 방산업체 지정현황 원본이 이번 묶음에 없어 별도 검증 전에는 지정업체로 표시하지 않음""}"
4e9cbd69efdf4b171bdbb211,CMP0155,아이팝,미분류,0,N,company_master,156,"{""company_id"":""CMP0155"",""company_name_normalized"":""아이팝"",""company_name_variants"":""아이팝"",""source_flags"":""portal"",""in_portal_directory"":""Y"",""in_defense_cost_cert"":""N"",""in_swarm_registry"":""N"",""in_krit_report"":""N"",""in_patent_applicant_ranking"":""N"",""defense_drone_relation_class"":""미분류"",""classification_basis"":""현재 수집자료 내 직접 근거 없음"",""evidence_count"":""0"",""official_defense_company_designation_verified"":""N"",""designation_note"":""공식 방산업체 지정현황 원본이 이번 묶음에 없어 별도 검증 전에는 지정업체로 표시하지 않음""}"
a7e9210b7103726e77ab1438,CMP0156,아주대학교산학협력단,드론근거만 확인,1,N,company_master,157,"{""company_id"":""CMP0156"",""company_name_normalized"":""아주대학교산학협력단"",""company_name_variants"":""아주대학교산학협력단"",""source_flags"":""patent"",""in_portal_directory"":""N"",""in_defense_cost_cert"":""N"",""in_swarm_registry"":""N"",""in_krit_report"":""N"",""in_patent_applicant_ranking"":""Y"",""defense_drone_relation_class"":""드론근거만 확인"",""classification_basis"":""드론 기술·운용 근거는 있으나 방산 참여 근거 미확인"",""evidence_count"":""1"",""official_defense_company_designation_verified"":""N"",""designation_note"":""공식 방산업체 지정현황 원본이 이번 묶음에 없어 별도 검증 전에는 지정업체로 표시하지 않음""}"
402cfc4fceba89f827933d4e,CMP0157,안동드론클럽,드론근거만 확인,1,N,company_master,158,"{""company_id"":""CMP0157"",""company_name_normalized"":""안동드론클럽"",""company_name_variants"":""안동드론클럽"",""source_flags"":""swarm"",""in_portal_directory"":""N"",""in_defense_cost_cert"":""N"",""in_swarm_registry"":""Y"",""in_krit_report"":""N"",""in_patent_applicant_ranking"":""N"",""defense_drone_relation_class"":""드론근거만 확인"",""classification_basis"":""드론 기술·운용 근거는 있으나 방산 참여 근거 미확인"",""evidence_count"":""1"",""official_defense_company_designation_verified"":""N"",""designation_note"":""공식 방산업체 지정현황 원본이 이번 묶음에 없어 별도 검증 전에는 지정업체로 표시하지 않음""}"
dac2dd092abecd5a9717cf43,CMP0158,안범주,드론근거만 확인,1,N,company_master,159,"{""company_id"":""CMP0158"",""company_name_normalized"":""안범주"",""company_name_variants"":""안범주"",""source_flags"":""patent"",""in_portal_directory"":""N"",""in_defense_cost_cert"":""N"",""in_swarm_registry"":""N"",""in_krit_report"":""N"",""in_patent_applicant_ranking"":""Y"",""defense_drone_relation_class"":""드론근거만 확인"",""classification_basis"":""드론 기술·운용 근거는 있으나 방산 참여 근거 미확인"",""evidence_count"":""1"",""official_defense_company_designation_verified"":""N"",""designation_note"":""공식 방산업체 지정현황 원본이 이번 묶음에 없어 별도 검증 전에는 지정업체로 표시하지 않음""}"
643c4930510383d4370a64b8,CMP0159,알씨뱅크,미분류,0,N,company_master,160,"{""company_id"":""CMP0159"",""company_name_normalized"":""알씨뱅크"",""company_name_variants"":""알씨뱅크"",""source_flags"":""portal"",""in_portal_directory"":""Y"",""in_defense_cost_cert"":""N"",""in_swarm_registry"":""N"",""in_krit_report"":""N"",""in_patent_applicant_ranking"":""N"",""defense_drone_relation_class"":""미분류"",""classification_basis"":""현재 수집자료 내 직접 근거 없음"",""evidence_count"":""0"",""official_defense_company_designation_verified"":""N"",""designation_note"":""공식 방산업체 지정현황 원본이 이번 묶음에 없어 별도 검증 전에는 지정업체로 표시하지 않음""}"
574b0e50913527b3b5908e9d,CMP0160,억세스위,미분류,0,N,company_master,161,"{""company_id"":""CMP0160"",""company_name_normalized"":""억세스위"",""company_name_variants"":""억세스위"",""source_flags"":""portal"",""in_portal_directory"":""Y"",""in_defense_cost_cert"":""N"",""in_swarm_registry"":""N"",""in_krit_report"":""N"",""in_patent_applicant_ranking"":""N"",""defense_drone_relation_class"":""미분류"",""classification_basis"":""현재 수집자료 내 직접 근거 없음"",""evidence_count"":""0"",""official_defense_company_designation_verified"":""N"",""designation_note"":""공식 방산업체 지정현황 원본이 이번 묶음에 없어 별도 검증 전에는 지정업체로 표시하지 않음""}"
157bafd8293bb09fd85b5baa,CMP0161,업사이트,미분류,0,N,company_master,162,"{""company_id"":""CMP0161"",""company_name_normalized"":""업사이트"",""company_name_variants"":""주식회사 업사이트"",""source_flags"":""portal"",""in_portal_directory"":""Y"",""in_defense_cost_cert"":""N"",""in_swarm_registry"":""N"",""in_krit_report"":""N"",""in_patent_applicant_ranking"":""N"",""defense_drone_relation_class"":""미분류"",""classification_basis"":""현재 수집자료 내 직접 근거 없음"",""evidence_count"":""0"",""official_defense_company_designation_verified"":""N"",""designation_note"":""공식 방산업체 지정현황 원본이 이번 묶음에 없어 별도 검증 전에는 지정업체로 표시하지 않음""}"
5dc8e88d8065c5066d16bccb,CMP0162,에보션,미분류,0,N,company_master,163,"{""company_id"":""CMP0162"",""company_name_normalized"":""에보션"",""company_name_variants"":""에보션"",""source_flags"":""portal"",""in_portal_directory"":""Y"",""in_defense_cost_cert"":""N"",""in_swarm_registry"":""N"",""in_krit_report"":""N"",""in_patent_applicant_ranking"":""N"",""defense_drone_relation_class"":""미분류"",""classification_basis"":""현재 수집자료 내 직접 근거 없음"",""evidence_count"":""0"",""official_defense_company_designation_verified"":""N"",""designation_note"":""공식 방산업체 지정현황 원본이 이번 묶음에 없어 별도 검증 전에는 지정업체로 표시하지 않음""}"
ca4c1ed9d4323114fd183e43,CMP0163,에브리심,드론근거만 확인,1,N,company_master,164,"{""company_id"":""CMP0163"",""company_name_normalized"":""에브리심"",""company_name_variants"":""주식회사 에브리심"",""source_flags"":""patent"",""in_portal_directory"":""N"",""in_defense_cost_cert"":""N"",""in_swarm_registry"":""N"",""in_krit_report"":""N"",""in_patent_applicant_ranking"":""Y"",""defense_drone_relation_class"":""드론근거만 확인"",""classification_basis"":""드론 기술·운용 근거는 있으나 방산 참여 근거 미확인"",""evidence_count"":""1"",""official_defense_company_designation_verified"":""N"",""designation_note"":""공식 방산업체 지정현황 원본이 이번 묶음에 없어 별도 검증 전에는 지정업체로 표시하지 않음""}"
3d2f37ae44e4d98a74af30fd,CMP0164,에스아이에스,미분류,0,N,company_master,165,"{""company_id"":""CMP0164"",""company_name_normalized"":""에스아이에스"",""company_name_variants"":""에스아이에스"",""source_flags"":""portal"",""in_portal_directory"":""Y"",""in_defense_cost_cert"":""N"",""in_swarm_registry"":""N"",""in_krit_report"":""N"",""in_patent_applicant_ranking"":""N"",""defense_drone_relation_class"":""미분류"",""classification_basis"":""현재 수집자료 내 직접 근거 없음"",""evidence_count"":""0"",""official_defense_company_designation_verified"":""N"",""designation_note"":""공식 방산업체 지정현황 원본이 이번 묶음에 없어 별도 검증 전에는 지정업체로 표시하지 않음""}"
27889e53758b3aa2d05671aa,CMP0165,에스엠소프트,방산인접 탐색후보,1,N,company_master,166,"{""company_id"":""CMP0165"",""company_name_normalized"":""에스엠소프트"",""company_name_variants"":""(주)에스엠소프트"",""source_flags"":""portal"",""in_portal_directory"":""Y"",""in_defense_cost_cert"":""N"",""in_swarm_registry"":""N"",""in_krit_report"":""N"",""in_patent_applicant_ranking"":""N"",""defense_drone_relation_class"":""방산인접 탐색후보"",""classification_basis"":""안티드론 사업분야 태그 존재. 공식 방산 근거 미확인"",""evidence_count"":""1"",""official_defense_company_designation_verified"":""N"",""designation_note"":""공식 방산업체 지정현황 원본이 이번 묶음에 없어 별도 검증 전에는 지정업체로 표시하지 않음""}"
2e3bdfa067396cdedcbff060,CMP0166,에스케이온,드론근거만 확인,1,N,company_master,167,"{""company_id"":""CMP0166"",""company_name_normalized"":""에스케이온"",""company_name_variants"":""에스케이온 주식회사"",""source_flags"":""patent"",""in_portal_directory"":""N"",""in_defense_cost_cert"":""N"",""in_swarm_registry"":""N"",""in_krit_report"":""N"",""in_patent_applicant_ranking"":""Y"",""defense_drone_relation_class"":""드론근거만 확인"",""classification_basis"":""드론 기술·운용 근거는 있으나 방산 참여 근거 미확인"",""evidence_count"":""1"",""official_defense_company_designation_verified"":""N"",""designation_note"":""공식 방산업체 지정현황 원본이 이번 묶음에 없어 별도 검증 전에는 지정업체로 표시하지 않음""}"
db954e8a877ecd213ad4708e,CMP0167,에스큐엔지니어링(주),미분류,0,N,company_master,168,"{""company_id"":""CMP0167"",""company_name_normalized"":""에스큐엔지니어링(주)"",""company_name_variants"":""에스큐엔지니어링(주)"",""source_flags"":""portal"",""in_portal_directory"":""Y"",""in_defense_cost_cert"":""N"",""in_swarm_registry"":""N"",""in_krit_report"":""N"",""in_patent_applicant_ranking"":""N"",""defense_drone_relation_class"":""미분류"",""classification_basis"":""현재 수집자료 내 직접 근거 없음"",""evidence_count"":""0"",""official_defense_company_designation_verified"":""N"",""designation_note"":""공식 방산업체 지정현황 원본이 이번 묶음에 없어 별도 검증 전에는 지정업체로 표시하지 않음""}"
35bb8e60780556a2b09622f4,CMP0168,에어로디제이컨설팅,방산인접 탐색후보,1,N,company_master,169,"{""company_id"":""CMP0168"",""company_name_normalized"":""에어로디제이컨설팅"",""company_name_variants"":""(주)에어로디제이컨설팅"",""source_flags"":""portal"",""in_portal_directory"":""Y"",""in_defense_cost_cert"":""N"",""in_swarm_registry"":""N"",""in_krit_report"":""N"",""in_patent_applicant_ranking"":""N"",""defense_drone_relation_class"":""방산인접 탐색후보"",""classification_basis"":""안티드론 사업분야 태그 존재. 공식 방산 근거 미확인"",""evidence_count"":""1"",""official_defense_company_designation_verified"":""N"",""designation_note"":""공식 방산업체 지정현황 원본이 이번 묶음에 없어 별도 검증 전에는 지정업체로 표시하지 않음""}"
1d15ead7e84bb9fc1f46611e,CMP0169,에어로리서치,미분류,0,N,company_master,170,"{""company_id"":""CMP0169"",""company_name_normalized"":""에어로리서치"",""company_name_variants"":""주식회사 에어로리서치"",""source_flags"":""portal"",""in_portal_directory"":""Y"",""in_defense_cost_cert"":""N"",""in_swarm_registry"":""N"",""in_krit_report"":""N"",""in_patent_applicant_ranking"":""N"",""defense_drone_relation_class"":""미분류"",""classification_basis"":""현재 수집자료 내 직접 근거 없음"",""evidence_count"":""0"",""official_defense_company_designation_verified"":""N"",""designation_note"":""공식 방산업체 지정현황 원본이 이번 묶음에 없어 별도 검증 전에는 지정업체로 표시하지 않음""}"
13025d793fdd28917426f419,CMP0170,에어온,미분류,0,N,company_master,171,"{""company_id"":""CMP0170"",""company_name_normalized"":""에어온"",""company_name_variants"":""에어온"",""source_flags"":""portal"",""in_portal_directory"":""Y"",""in_defense_cost_cert"":""N"",""in_swarm_registry"":""N"",""in_krit_report"":""N"",""in_patent_applicant_ranking"":""N"",""defense_drone_relation_class"":""미분류"",""classification_basis"":""현재 수집자료 내 직접 근거 없음"",""evidence_count"":""0"",""official_defense_company_designation_verified"":""N"",""designation_note"":""공식 방산업체 지정현황 원본이 이번 묶음에 없어 별도 검증 전에는 지정업체로 표시하지 않음""}"
24c1630546a5a2c6f092ee0f,CMP0171,에이디시스템,미분류,0,N,company_master,172,"{""company_id"":""CMP0171"",""company_name_normalized"":""에이디시스템"",""company_name_variants"":""주식회사 에이디시스템"",""source_flags"":""portal"",""in_portal_directory"":""Y"",""in_defense_cost_cert"":""N"",""in_swarm_registry"":""N"",""in_krit_report"":""N"",""in_patent_applicant_ranking"":""N"",""defense_drone_relation_class"":""미분류"",""classification_basis"":""현재 수집자료 내 직접 근거 없음"",""evidence_count"":""0"",""official_defense_company_designation_verified"":""N"",""designation_note"":""공식 방산업체 지정현황 원본이 이번 묶음에 없어 별도 검증 전에는 지정업체로 표시하지 않음""}"
a2149ee4333cf836b8fb6556,CMP0172,에이디티,미분류,0,N,company_master,173,"{""company_id"":""CMP0172"",""company_name_normalized"":""에이디티"",""company_name_variants"":""주식회사 에이디티"",""source_flags"":""portal"",""in_portal_directory"":""Y"",""in_defense_cost_cert"":""N"",""in_swarm_registry"":""N"",""in_krit_report"":""N"",""in_patent_applicant_ranking"":""N"",""defense_drone_relation_class"":""미분류"",""classification_basis"":""현재 수집자료 내 직접 근거 없음"",""evidence_count"":""0"",""official_defense_company_designation_verified"":""N"",""designation_note"":""공식 방산업체 지정현황 원본이 이번 묶음에 없어 별도 검증 전에는 지정업체로 표시하지 않음""}"
6642430149dbd784e9877a9c,CMP0173,에이미파이,미분류,0,N,company_master,174,"{""company_id"":""CMP0173"",""company_name_normalized"":""에이미파이"",""company_name_variants"":""에이미파이 주식회사"",""source_flags"":""portal"",""in_portal_directory"":""Y"",""in_defense_cost_cert"":""N"",""in_swarm_registry"":""N"",""in_krit_report"":""N"",""in_patent_applicant_ranking"":""N"",""defense_drone_relation_class"":""미분류"",""classification_basis"":""현재 수집자료 내 직접 근거 없음"",""evidence_count"":""0"",""official_defense_company_designation_verified"":""N"",""designation_note"":""공식 방산업체 지정현황 원본이 이번 묶음에 없어 별도 검증 전에는 지정업체로 표시하지 않음""}"
26cedf6063a333cfd4dc1546,CMP0174,에이스드론,방산인접 탐색후보,1,N,company_master,175,"{""company_id"":""CMP0174"",""company_name_normalized"":""에이스드론"",""company_name_variants"":""주식회사 에이스드론"",""source_flags"":""portal"",""in_portal_directory"":""Y"",""in_defense_cost_cert"":""N"",""in_swarm_registry"":""N"",""in_krit_report"":""N"",""in_patent_applicant_ranking"":""N"",""defense_drone_relation_class"":""방산인접 탐색후보"",""classification_basis"":""안티드론 사업분야 태그 존재. 공식 방산 근거 미확인"",""evidence_count"":""1"",""official_defense_company_designation_verified"":""N"",""designation_note"":""공식 방산업체 지정현황 원본이 이번 묶음에 없어 별도 검증 전에는 지정업체로 표시하지 않음""}"
d13641deef3baa37bc7c976f,CMP0175,에이알엑스,방산인접 탐색후보,1,N,company_master,176,"{""company_id"":""CMP0175"",""company_name_normalized"":""에이알엑스"",""company_name_variants"":""주식회사 에이알엑스"",""source_flags"":""portal"",""in_portal_directory"":""Y"",""in_defense_cost_cert"":""N"",""in_swarm_registry"":""N"",""in_krit_report"":""N"",""in_patent_applicant_ranking"":""N"",""defense_drone_relation_class"":""방산인접 탐색후보"",""classification_basis"":""안티드론 사업분야 태그 존재. 공식 방산 근거 미확인"",""evidence_count"":""1"",""official_defense_company_designation_verified"":""N"",""designation_note"":""공식 방산업체 지정현황 원본이 이번 묶음에 없어 별도 검증 전에는 지정업체로 표시하지 않음""}"
d0632382934181b7e9a5e657,CMP0176,에이엔에이치스트럭쳐,드론근거만 확인,1,N,company_master,177,"{""company_id"":""CMP0176"",""company_name_normalized"":""에이엔에이치스트럭쳐"",""company_name_variants"":""에이엔에이치스트럭쳐 | (주)에이엔에이치스트럭쳐"",""source_flags"":""patent,portal"",""in_portal_directory"":""Y"",""in_defense_cost_cert"":""N"",""in_swarm_registry"":""N"",""in_krit_report"":""N"",""in_patent_applicant_ranking"":""Y"",""defense_drone_relation_class"":""드론근거만 확인"",""classification_basis"":""드론 기술·운용 근거는 있으나 방산 참여 근거 미확인"",""evidence_count"":""1"",""official_defense_company_designation_verified"":""N"",""designation_note"":""공식 방산업체 지정현황 원본이 이번 묶음에 없어 별도 검증 전에는 지정업체로 표시하지 않음""}"
fd220246acfa422acada4ab4,CMP0177,에이엔에이치시스템즈,미분류,0,N,company_master,178,"{""company_id"":""CMP0177"",""company_name_normalized"":""에이엔에이치시스템즈"",""company_name_variants"":""주식회사에이엔에이치시스템즈"",""source_flags"":""portal"",""in_portal_directory"":""Y"",""in_defense_cost_cert"":""N"",""in_swarm_registry"":""N"",""in_krit_report"":""N"",""in_patent_applicant_ranking"":""N"",""defense_drone_relation_class"":""미분류"",""classification_basis"":""현재 수집자료 내 직접 근거 없음"",""evidence_count"":""0"",""official_defense_company_designation_verified"":""N"",""designation_note"":""공식 방산업체 지정현황 원본이 이번 묶음에 없어 별도 검증 전에는 지정업체로 표시하지 않음""}"
93ba8096f6887f5dc6447508,CMP0178,에이엠시스템,미분류,0,N,company_master,179,"{""company_id"":""CMP0178"",""company_name_normalized"":""에이엠시스템"",""company_name_variants"":""에이엠시스템"",""source_flags"":""portal"",""in_portal_directory"":""Y"",""in_defense_cost_cert"":""N"",""in_swarm_registry"":""N"",""in_krit_report"":""N"",""in_patent_applicant_ranking"":""N"",""defense_drone_relation_class"":""미분류"",""classification_basis"":""현재 수집자료 내 직접 근거 없음"",""evidence_count"":""0"",""official_defense_company_designation_verified"":""N"",""designation_note"":""공식 방산업체 지정현황 원본이 이번 묶음에 없어 별도 검증 전에는 지정업체로 표시하지 않음""}"
036bcc1d15ad0a260d1c2a05,CMP0179,에이엠피,미분류,0,N,company_master,180,"{""company_id"":""CMP0179"",""company_name_normalized"":""에이엠피"",""company_name_variants"":""주식회사 에이엠피"",""source_flags"":""portal"",""in_portal_directory"":""Y"",""in_defense_cost_cert"":""N"",""in_swarm_registry"":""N"",""in_krit_report"":""N"",""in_patent_applicant_ranking"":""N"",""defense_drone_relation_class"":""미분류"",""classification_basis"":""현재 수집자료 내 직접 근거 없음"",""evidence_count"":""0"",""official_defense_company_designation_verified"":""N"",""designation_note"":""공식 방산업체 지정현황 원본이 이번 묶음에 없어 별도 검증 전에는 지정업체로 표시하지 않음""}"
a2d255671a2ad3c33298f73e,CMP0180,에이치디현대중공업(주),방산근거만 확인,1,N,company_master,181,"{""company_id"":""CMP0180"",""company_name_normalized"":""에이치디현대중공업(주)"",""company_name_variants"":""에이치디현대중공업(주)"",""source_flags"":""cost_cert"",""in_portal_directory"":""N"",""in_defense_cost_cert"":""Y"",""in_swarm_registry"":""N"",""in_krit_report"":""N"",""in_patent_applicant_ranking"":""N"",""defense_drone_relation_class"":""방산근거만 확인"",""classification_basis"":""방산원가관리체계 인증은 확인되나 드론 참여 근거는 미확인"",""evidence_count"":""1"",""official_defense_company_designation_verified"":""N"",""designation_note"":""공식 방산업체 지정현황 원본이 이번 묶음에 없어 별도 검증 전에는 지정업체로 표시하지 않음""}"
41d37269bf79b91ecc9b990a,CMP0181,에이치에스지,미분류,0,N,company_master,182,"{""company_id"":""CMP0181"",""company_name_normalized"":""에이치에스지"",""company_name_variants"":""에이치에스지"",""source_flags"":""portal"",""in_portal_directory"":""Y"",""in_defense_cost_cert"":""N"",""in_swarm_registry"":""N"",""in_krit_report"":""N"",""in_patent_applicant_ranking"":""N"",""defense_drone_relation_class"":""미분류"",""classification_basis"":""현재 수집자료 내 직접 근거 없음"",""evidence_count"":""0"",""official_defense_company_designation_verified"":""N"",""designation_note"":""공식 방산업체 지정현황 원본이 이번 묶음에 없어 별도 검증 전에는 지정업체로 표시하지 않음""}"
b3160194dcaf657476ed544e,CMP0182,에코산업,드론근거만 확인,1,N,company_master,183,"{""company_id"":""CMP0182"",""company_name_normalized"":""에코산업"",""company_name_variants"":""에코산업 주식회사"",""source_flags"":""patent"",""in_portal_directory"":""N"",""in_defense_cost_cert"":""N"",""in_swarm_registry"":""N"",""in_krit_report"":""N"",""in_patent_applicant_ranking"":""Y"",""defense_drone_relation_class"":""드론근거만 확인"",""classification_basis"":""드론 기술·운용 근거는 있으나 방산 참여 근거 미확인"",""evidence_count"":""1"",""official_defense_company_designation_verified"":""N"",""designation_note"":""공식 방산업체 지정현황 원본이 이번 묶음에 없어 별도 검증 전에는 지정업체로 표시하지 않음""}"
05146c97b753123e4faf40c6,CMP0183,에프엠웍스,미분류,0,N,company_master,184,"{""company_id"":""CMP0183"",""company_name_normalized"":""에프엠웍스"",""company_name_variants"":""주식회사 에프엠웍스"",""source_flags"":""portal"",""in_portal_directory"":""Y"",""in_defense_cost_cert"":""N"",""in_swarm_registry"":""N"",""in_krit_report"":""N"",""in_patent_applicant_ranking"":""N"",""defense_drone_relation_class"":""미분류"",""classification_basis"":""현재 수집자료 내 직접 근거 없음"",""evidence_count"":""0"",""official_defense_company_designation_verified"":""N"",""designation_note"":""공식 방산업체 지정현황 원본이 이번 묶음에 없어 별도 검증 전에는 지정업체로 표시하지 않음""}"
456a70e846c644f838498046,CMP0184,엑스드론,미분류,0,N,company_master,185,"{""company_id"":""CMP0184"",""company_name_normalized"":""엑스드론"",""company_name_variants"":""엑스드론"",""source_flags"":""portal"",""in_portal_directory"":""Y"",""in_defense_cost_cert"":""N"",""in_swarm_registry"":""N"",""in_krit_report"":""N"",""in_patent_applicant_ranking"":""N"",""defense_drone_relation_class"":""미분류"",""classification_basis"":""현재 수집자료 내 직접 근거 없음"",""evidence_count"":""0"",""official_defense_company_designation_verified"":""N"",""designation_note"":""공식 방산업체 지정현황 원본이 이번 묶음에 없어 별도 검증 전에는 지정업체로 표시하지 않음""}"
37a38246032153b55a3ab243,CMP0185,엑슬리트엣지,방산인접 탐색후보,1,N,company_master,186,"{""company_id"":""CMP0185"",""company_name_normalized"":""엑슬리트엣지"",""company_name_variants"":""엑슬리트엣지"",""source_flags"":""portal"",""in_portal_directory"":""Y"",""in_defense_cost_cert"":""N"",""in_swarm_registry"":""N"",""in_krit_report"":""N"",""in_patent_applicant_ranking"":""N"",""defense_drone_relation_class"":""방산인접 탐색후보"",""classification_basis"":""안티드론 사업분야 태그 존재. 공식 방산 근거 미확인"",""evidence_count"":""1"",""official_defense_company_designation_verified"":""N"",""designation_note"":""공식 방산업체 지정현황 원본이 이번 묶음에 없어 별도 검증 전에는 지정업체로 표시하지 않음""}"
01084532c62134a144511b4a,CMP0186,엔디티엔지니어링(주),미분류,0,N,company_master,187,"{""company_id"":""CMP0186"",""company_name_normalized"":""엔디티엔지니어링(주)"",""company_name_variants"":""엔디티엔지니어링(주)"",""source_flags"":""portal"",""in_portal_directory"":""Y"",""in_defense_cost_cert"":""N"",""in_swarm_registry"":""N"",""in_krit_report"":""N"",""in_patent_applicant_ranking"":""N"",""defense_drone_relation_class"":""미분류"",""classification_basis"":""현재 수집자료 내 직접 근거 없음"",""evidence_count"":""0"",""official_defense_company_designation_verified"":""N"",""designation_note"":""공식 방산업체 지정현황 원본이 이번 묶음에 없어 별도 검증 전에는 지정업체로 표시하지 않음""}"
48a098ab35165c66356ecece,CMP0187,엔클라우드,미분류,0,N,company_master,188,"{""company_id"":""CMP0187"",""company_name_normalized"":""엔클라우드"",""company_name_variants"":""주식회사엔클라우드"",""source_flags"":""portal"",""in_portal_directory"":""Y"",""in_defense_cost_cert"":""N"",""in_swarm_registry"":""N"",""in_krit_report"":""N"",""in_patent_applicant_ranking"":""N"",""defense_drone_relation_class"":""미분류"",""classification_basis"":""현재 수집자료 내 직접 근거 없음"",""evidence_count"":""0"",""official_defense_company_designation_verified"":""N"",""designation_note"":""공식 방산업체 지정현황 원본이 이번 묶음에 없어 별도 검증 전에는 지정업체로 표시하지 않음""}"
552221360b9e3b09c30842dc,CMP0188,엔텍로직,미분류,0,N,company_master,189,"{""company_id"":""CMP0188"",""company_name_normalized"":""엔텍로직"",""company_name_variants"":""엔텍로직"",""source_flags"":""portal"",""in_portal_directory"":""Y"",""in_defense_cost_cert"":""N"",""in_swarm_registry"":""N"",""in_krit_report"":""N"",""in_patent_applicant_ranking"":""N"",""defense_drone_relation_class"":""미분류"",""classification_basis"":""현재 수집자료 내 직접 근거 없음"",""evidence_count"":""0"",""official_defense_company_designation_verified"":""N"",""designation_note"":""공식 방산업체 지정현황 원본이 이번 묶음에 없어 별도 검증 전에는 지정업체로 표시하지 않음""}"
36da6380ec561a95b83972f5,CMP0189,엘지유플러스,드론근거만 확인,1,N,company_master,190,"{""company_id"":""CMP0189"",""company_name_normalized"":""엘지유플러스"",""company_name_variants"":""주식회사 엘지유플러스"",""source_flags"":""patent"",""in_portal_directory"":""N"",""in_defense_cost_cert"":""N"",""in_swarm_registry"":""N"",""in_krit_report"":""N"",""in_patent_applicant_ranking"":""Y"",""defense_drone_relation_class"":""드론근거만 확인"",""classification_basis"":""드론 기술·운용 근거는 있으나 방산 참여 근거 미확인"",""evidence_count"":""1"",""official_defense_company_designation_verified"":""N"",""designation_note"":""공식 방산업체 지정현황 원본이 이번 묶음에 없어 별도 검증 전에는 지정업체로 표시하지 않음""}"
8b11b81ffb6b6985e33edebe,CMP0190,엘지전자,드론근거만 확인,1,N,company_master,191,"{""company_id"":""CMP0190"",""company_name_normalized"":""엘지전자"",""company_name_variants"":""엘지전자 주식회사"",""source_flags"":""patent"",""in_portal_directory"":""N"",""in_defense_cost_cert"":""N"",""in_swarm_registry"":""N"",""in_krit_report"":""N"",""in_patent_applicant_ranking"":""Y"",""defense_drone_relation_class"":""드론근거만 확인"",""classification_basis"":""드론 기술·운용 근거는 있으나 방산 참여 근거 미확인"",""evidence_count"":""1"",""official_defense_company_designation_verified"":""N"",""designation_note"":""공식 방산업체 지정현황 원본이 이번 묶음에 없어 별도 검증 전에는 지정업체로 표시하지 않음""}"
beb1d1971c8d323f5b07d91e,CMP0191,엠엠피,미분류,0,N,company_master,192,"{""company_id"":""CMP0191"",""company_name_normalized"":""엠엠피"",""company_name_variants"":""주식회사 엠엠피"",""source_flags"":""portal"",""in_portal_directory"":""Y"",""in_defense_cost_cert"":""N"",""in_swarm_registry"":""N"",""in_krit_report"":""N"",""in_patent_applicant_ranking"":""N"",""defense_drone_relation_class"":""미분류"",""classification_basis"":""현재 수집자료 내 직접 근거 없음"",""evidence_count"":""0"",""official_defense_company_designation_verified"":""N"",""designation_note"":""공식 방산업체 지정현황 원본이 이번 묶음에 없어 별도 검증 전에는 지정업체로 표시하지 않음""}"
ad93f6818b9060efa3d80e7e,CMP0192,영월드론비행교육원,드론근거만 확인,1,N,company_master,193,"{""company_id"":""CMP0192"",""company_name_normalized"":""영월드론비행교육원"",""company_name_variants"":""영월드론비행교육원"",""source_flags"":""swarm"",""in_portal_directory"":""N"",""in_defense_cost_cert"":""N"",""in_swarm_registry"":""Y"",""in_krit_report"":""N"",""in_patent_applicant_ranking"":""N"",""defense_drone_relation_class"":""드론근거만 확인"",""classification_basis"":""드론 기술·운용 근거는 있으나 방산 참여 근거 미확인"",""evidence_count"":""1"",""official_defense_company_designation_verified"":""N"",""designation_note"":""공식 방산업체 지정현황 원본이 이번 묶음에 없어 별도 검증 전에는 지정업체로 표시하지 않음""}"
85704946831b93655a55ed7b,CMP0193,영인모빌리티,미분류,0,N,company_master,194,"{""company_id"":""CMP0193"",""company_name_normalized"":""영인모빌리티"",""company_name_variants"":""영인모빌리티 주식회사"",""source_flags"":""portal"",""in_portal_directory"":""Y"",""in_defense_cost_cert"":""N"",""in_swarm_registry"":""N"",""in_krit_report"":""N"",""in_patent_applicant_ranking"":""N"",""defense_drone_relation_class"":""미분류"",""classification_basis"":""현재 수집자료 내 직접 근거 없음"",""evidence_count"":""0"",""official_defense_company_designation_verified"":""N"",""designation_note"":""공식 방산업체 지정현황 원본이 이번 묶음에 없어 별도 검증 전에는 지정업체로 표시하지 않음""}"
9da8610f35324eaaeca65f6c,CMP0194,온누리무인항공,미분류,0,N,company_master,195,"{""company_id"":""CMP0194"",""company_name_normalized"":""온누리무인항공"",""company_name_variants"":""온누리무인항공"",""source_flags"":""portal"",""in_portal_directory"":""Y"",""in_defense_cost_cert"":""N"",""in_swarm_registry"":""N"",""in_krit_report"":""N"",""in_patent_applicant_ranking"":""N"",""defense_drone_relation_class"":""미분류"",""classification_basis"":""현재 수집자료 내 직접 근거 없음"",""evidence_count"":""0"",""official_defense_company_designation_verified"":""N"",""designation_note"":""공식 방산업체 지정현황 원본이 이번 묶음에 없어 별도 검증 전에는 지정업체로 표시하지 않음""}"
01ea63f79ff8ed203b280e76,CMP0195,올뉴텍,미분류,0,N,company_master,196,"{""company_id"":""CMP0195"",""company_name_normalized"":""올뉴텍"",""company_name_variants"":""올뉴텍"",""source_flags"":""portal"",""in_portal_directory"":""Y"",""in_defense_cost_cert"":""N"",""in_swarm_registry"":""N"",""in_krit_report"":""N"",""in_patent_applicant_ranking"":""N"",""defense_drone_relation_class"":""미분류"",""classification_basis"":""현재 수집자료 내 직접 근거 없음"",""evidence_count"":""0"",""official_defense_company_designation_verified"":""N"",""designation_note"":""공식 방산업체 지정현황 원본이 이번 묶음에 없어 별도 검증 전에는 지정업체로 표시하지 않음""}"
4acd202882d59421dbd996b5,CMP0196,와우미래기술,미분류,0,N,company_master,197,"{""company_id"":""CMP0196"",""company_name_normalized"":""와우미래기술"",""company_name_variants"":""와우미래기술"",""source_flags"":""portal"",""in_portal_directory"":""Y"",""in_defense_cost_cert"":""N"",""in_swarm_registry"":""N"",""in_krit_report"":""N"",""in_patent_applicant_ranking"":""N"",""defense_drone_relation_class"":""미분류"",""classification_basis"":""현재 수집자료 내 직접 근거 없음"",""evidence_count"":""0"",""official_defense_company_designation_verified"":""N"",""designation_note"":""공식 방산업체 지정현황 원본이 이번 묶음에 없어 별도 검증 전에는 지정업체로 표시하지 않음""}"
9c919d2742e8eeeb8a690cf0,CMP0197,우리아이오,미분류,0,N,company_master,198,"{""company_id"":""CMP0197"",""company_name_normalized"":""우리아이오"",""company_name_variants"":""주식회사 우리아이오"",""source_flags"":""portal"",""in_portal_directory"":""Y"",""in_defense_cost_cert"":""N"",""in_swarm_registry"":""N"",""in_krit_report"":""N"",""in_patent_applicant_ranking"":""N"",""defense_drone_relation_class"":""미분류"",""classification_basis"":""현재 수집자료 내 직접 근거 없음"",""evidence_count"":""0"",""official_defense_company_designation_verified"":""N"",""designation_note"":""공식 방산업체 지정현황 원본이 이번 묶음에 없어 별도 검증 전에는 지정업체로 표시하지 않음""}"
0be405d940e2bddd6e771314,CMP0198,웨이브랩스,미분류,0,N,company_master,199,"{""company_id"":""CMP0198"",""company_name_normalized"":""웨이브랩스"",""company_name_variants"":""웨이브랩스"",""source_flags"":""portal"",""in_portal_directory"":""Y"",""in_defense_cost_cert"":""N"",""in_swarm_registry"":""N"",""in_krit_report"":""N"",""in_patent_applicant_ranking"":""N"",""defense_drone_relation_class"":""미분류"",""classification_basis"":""현재 수집자료 내 직접 근거 없음"",""evidence_count"":""0"",""official_defense_company_designation_verified"":""N"",""designation_note"":""공식 방산업체 지정현황 원본이 이번 묶음에 없어 별도 검증 전에는 지정업체로 표시하지 않음""}"
97acc05b5f0cfa59837677a2,CMP0199,위즈윙,미분류,0,N,company_master,200,"{""company_id"":""CMP0199"",""company_name_normalized"":""위즈윙"",""company_name_variants"":""위즈윙"",""source_flags"":""portal"",""in_portal_directory"":""Y"",""in_defense_cost_cert"":""N"",""in_swarm_registry"":""N"",""in_krit_report"":""N"",""in_patent_applicant_ranking"":""N"",""defense_drone_relation_class"":""미분류"",""classification_basis"":""현재 수집자료 내 직접 근거 없음"",""evidence_count"":""0"",""official_defense_company_designation_verified"":""N"",""designation_note"":""공식 방산업체 지정현황 원본이 이번 묶음에 없어 별도 검증 전에는 지정업체로 표시하지 않음""}"
8269b8b9f3c9a669be156f34,CMP0200,윈스젠,미분류,0,N,company_master,201,"{""company_id"":""CMP0200"",""company_name_normalized"":""윈스젠"",""company_name_variants"":""윈스젠"",""source_flags"":""portal"",""in_portal_directory"":""Y"",""in_defense_cost_cert"":""N"",""in_swarm_registry"":""N"",""in_krit_report"":""N"",""in_patent_applicant_ranking"":""N"",""defense_drone_relation_class"":""미분류"",""classification_basis"":""현재 수집자료 내 직접 근거 없음"",""evidence_count"":""0"",""official_defense_company_designation_verified"":""N"",""designation_note"":""공식 방산업체 지정현황 원본이 이번 묶음에 없어 별도 검증 전에는 지정업체로 표시하지 않음""}"
a397d7800e2c45759ce0b907,CMP0201,유맥에어,미분류,0,N,company_master,202,"{""company_id"":""CMP0201"",""company_name_normalized"":""유맥에어"",""company_name_variants"":""유맥에어"",""source_flags"":""portal"",""in_portal_directory"":""Y"",""in_defense_cost_cert"":""N"",""in_swarm_registry"":""N"",""in_krit_report"":""N"",""in_patent_applicant_ranking"":""N"",""defense_drone_relation_class"":""미분류"",""classification_basis"":""현재 수집자료 내 직접 근거 없음"",""evidence_count"":""0"",""official_defense_company_designation_verified"":""N"",""designation_note"":""공식 방산업체 지정현황 원본이 이번 묶음에 없어 별도 검증 전에는 지정업체로 표시하지 않음""}"
2849941f932adf3285dc0809,CMP0202,유비파이,원문 직접확인,2,N,company_master,203,"{""company_id"":""CMP0202"",""company_name_normalized"":""유비파이"",""company_name_variants"":""유비파이 | 주식회사 유비파이"",""source_flags"":""krit,portal,swarm"",""in_portal_directory"":""Y"",""in_defense_cost_cert"":""N"",""in_swarm_registry"":""Y"",""in_krit_report"":""Y"",""in_patent_applicant_ranking"":""N"",""defense_drone_relation_class"":""원문 직접확인"",""classification_basis"":""공식 보고서에 방산혁신기업 프로젝트 또는 국방기술개발 과제로 명시"",""evidence_count"":""2"",""official_defense_company_designation_verified"":""N"",""designation_note"":""공식 방산업체 지정현황 원본이 이번 묶음에 없어 별도 검증 전에는 지정업체로 표시하지 않음""}"
e00217aff86d63c9d3fe437b,CMP0203,유시스,미분류,0,N,company_master,204,"{""company_id"":""CMP0203"",""company_name_normalized"":""유시스"",""company_name_variants"":""유시스"",""source_flags"":""portal"",""in_portal_directory"":""Y"",""in_defense_cost_cert"":""N"",""in_swarm_registry"":""N"",""in_krit_report"":""N"",""in_patent_applicant_ranking"":""N"",""defense_drone_relation_class"":""미분류"",""classification_basis"":""현재 수집자료 내 직접 근거 없음"",""evidence_count"":""0"",""official_defense_company_designation_verified"":""N"",""designation_note"":""공식 방산업체 지정현황 원본이 이번 묶음에 없어 별도 검증 전에는 지정업체로 표시하지 않음""}"
09e5cc1142e9d7742ce74456,CMP0204,유인프라,미분류,0,N,company_master,205,"{""company_id"":""CMP0204"",""company_name_normalized"":""유인프라"",""company_name_variants"":""주식회사 유인프라"",""source_flags"":""portal"",""in_portal_directory"":""Y"",""in_defense_cost_cert"":""N"",""in_swarm_registry"":""N"",""in_krit_report"":""N"",""in_patent_applicant_ranking"":""N"",""defense_drone_relation_class"":""미분류"",""classification_basis"":""현재 수집자료 내 직접 근거 없음"",""evidence_count"":""0"",""official_defense_company_designation_verified"":""N"",""designation_note"":""공식 방산업체 지정현황 원본이 이번 묶음에 없어 별도 검증 전에는 지정업체로 표시하지 않음""}"
801fac3fa4b542fac65a5065,CMP0205,유콘시스템,미분류,0,N,company_master,206,"{""company_id"":""CMP0205"",""company_name_normalized"":""유콘시스템"",""company_name_variants"":""유콘시스템"",""source_flags"":""portal"",""in_portal_directory"":""Y"",""in_defense_cost_cert"":""N"",""in_swarm_registry"":""N"",""in_krit_report"":""N"",""in_patent_applicant_ranking"":""N"",""defense_drone_relation_class"":""미분류"",""classification_basis"":""현재 수집자료 내 직접 근거 없음"",""evidence_count"":""0"",""official_defense_company_designation_verified"":""N"",""designation_note"":""공식 방산업체 지정현황 원본이 이번 묶음에 없어 별도 검증 전에는 지정업체로 표시하지 않음""}"
46bd45254b3bf5a2822a2383,CMP0206,이노뎁,미분류,0,N,company_master,207,"{""company_id"":""CMP0206"",""company_name_normalized"":""이노뎁"",""company_name_variants"":""이노뎁"",""source_flags"":""portal"",""in_portal_directory"":""Y"",""in_defense_cost_cert"":""N"",""in_swarm_registry"":""N"",""in_krit_report"":""N"",""in_patent_applicant_ranking"":""N"",""defense_drone_relation_class"":""미분류"",""classification_basis"":""현재 수집자료 내 직접 근거 없음"",""evidence_count"":""0"",""official_defense_company_designation_verified"":""N"",""designation_note"":""공식 방산업체 지정현황 원본이 이번 묶음에 없어 별도 검증 전에는 지정업체로 표시하지 않음""}"
ea5ad82d2b12bf072cc9124e,CMP0207,이노드,미분류,0,N,company_master,208,"{""company_id"":""CMP0207"",""company_name_normalized"":""이노드"",""company_name_variants"":""이노드"",""source_flags"":""portal"",""in_portal_directory"":""Y"",""in_defense_cost_cert"":""N"",""in_swarm_registry"":""N"",""in_krit_report"":""N"",""in_patent_applicant_ranking"":""N"",""defense_drone_relation_class"":""미분류"",""classification_basis"":""현재 수집자료 내 직접 근거 없음"",""evidence_count"":""0"",""official_defense_company_designation_verified"":""N"",""designation_note"":""공식 방산업체 지정현황 원본이 이번 묶음에 없어 별도 검증 전에는 지정업체로 표시하지 않음""}"
4db42e464ccb8ffc78974819,CMP0208,이노스카이,미분류,0,N,company_master,209,"{""company_id"":""CMP0208"",""company_name_normalized"":""이노스카이"",""company_name_variants"":""(주)이노스카이"",""source_flags"":""portal"",""in_portal_directory"":""Y"",""in_defense_cost_cert"":""N"",""in_swarm_registry"":""N"",""in_krit_report"":""N"",""in_patent_applicant_ranking"":""N"",""defense_drone_relation_class"":""미분류"",""classification_basis"":""현재 수집자료 내 직접 근거 없음"",""evidence_count"":""0"",""official_defense_company_designation_verified"":""N"",""designation_note"":""공식 방산업체 지정현황 원본이 이번 묶음에 없어 별도 검증 전에는 지정업체로 표시하지 않음""}"
5bc74b63133748df702513bb,CMP0209,이노팸,미분류,0,N,company_master,210,"{""company_id"":""CMP0209"",""company_name_normalized"":""이노팸"",""company_name_variants"":""이노팸"",""source_flags"":""portal"",""in_portal_directory"":""Y"",""in_defense_cost_cert"":""N"",""in_swarm_registry"":""N"",""in_krit_report"":""N"",""in_patent_applicant_ranking"":""N"",""defense_drone_relation_class"":""미분류"",""classification_basis"":""현재 수집자료 내 직접 근거 없음"",""evidence_count"":""0"",""official_defense_company_designation_verified"":""N"",""designation_note"":""공식 방산업체 지정현황 원본이 이번 묶음에 없어 별도 검증 전에는 지정업체로 표시하지 않음""}"
59144b787eabb6cb87f82590,CMP0210,이스온,미분류,0,N,company_master,211,"{""company_id"":""CMP0210"",""company_name_normalized"":""이스온"",""company_name_variants"":""주식회사 이스온"",""source_flags"":""portal"",""in_portal_directory"":""Y"",""in_defense_cost_cert"":""N"",""in_swarm_registry"":""N"",""in_krit_report"":""N"",""in_patent_applicant_ranking"":""N"",""defense_drone_relation_class"":""미분류"",""classification_basis"":""현재 수집자료 내 직접 근거 없음"",""evidence_count"":""0"",""official_defense_company_designation_verified"":""N"",""designation_note"":""공식 방산업체 지정현황 원본이 이번 묶음에 없어 별도 검증 전에는 지정업체로 표시하지 않음""}"
6e26dc8535e1ba2cfbfd5d8d,CMP0211,이정용,드론근거만 확인,1,N,company_master,212,"{""company_id"":""CMP0211"",""company_name_normalized"":""이정용"",""company_name_variants"":""이정용"",""source_flags"":""patent"",""in_portal_directory"":""N"",""in_defense_cost_cert"":""N"",""in_swarm_registry"":""N"",""in_krit_report"":""N"",""in_patent_applicant_ranking"":""Y"",""defense_drone_relation_class"":""드론근거만 확인"",""classification_basis"":""드론 기술·운용 근거는 있으나 방산 참여 근거 미확인"",""evidence_count"":""1"",""official_defense_company_designation_verified"":""N"",""designation_note"":""공식 방산업체 지정현황 원본이 이번 묶음에 없어 별도 검증 전에는 지정업체로 표시하지 않음""}"
a713df874ae3705c39347ad8,CMP0212,이지시스템,미분류,0,N,company_master,213,"{""company_id"":""CMP0212"",""company_name_normalized"":""이지시스템"",""company_name_variants"":""이지시스템"",""source_flags"":""portal"",""in_portal_directory"":""Y"",""in_defense_cost_cert"":""N"",""in_swarm_registry"":""N"",""in_krit_report"":""N"",""in_patent_applicant_ranking"":""N"",""defense_drone_relation_class"":""미분류"",""classification_basis"":""현재 수집자료 내 직접 근거 없음"",""evidence_count"":""0"",""official_defense_company_designation_verified"":""N"",""designation_note"":""공식 방산업체 지정현황 원본이 이번 묶음에 없어 별도 검증 전에는 지정업체로 표시하지 않음""}"
16ff77027dfe4039258d8b07,CMP0213,이투비비,방산인접 탐색후보,1,N,company_master,214,"{""company_id"":""CMP0213"",""company_name_normalized"":""이투비비"",""company_name_variants"":""(주)이투비비"",""source_flags"":""portal"",""in_portal_directory"":""Y"",""in_defense_cost_cert"":""N"",""in_swarm_registry"":""N"",""in_krit_report"":""N"",""in_patent_applicant_ranking"":""N"",""defense_drone_relation_class"":""방산인접 탐색후보"",""classification_basis"":""안티드론 사업분야 태그 존재. 공식 방산 근거 미확인"",""evidence_count"":""1"",""official_defense_company_designation_verified"":""N"",""designation_note"":""공식 방산업체 지정현황 원본이 이번 묶음에 없어 별도 검증 전에는 지정업체로 표시하지 않음""}"
c94d766aa95271881ad54b63,CMP0214,이투온,드론근거만 확인,1,N,company_master,215,"{""company_id"":""CMP0214"",""company_name_normalized"":""이투온"",""company_name_variants"":""주식회사 이투온"",""source_flags"":""patent"",""in_portal_directory"":""N"",""in_defense_cost_cert"":""N"",""in_swarm_registry"":""N"",""in_krit_report"":""N"",""in_patent_applicant_ranking"":""Y"",""defense_drone_relation_class"":""드론근거만 확인"",""classification_basis"":""드론 기술·운용 근거는 있으나 방산 참여 근거 미확인"",""evidence_count"":""1"",""official_defense_company_designation_verified"":""N"",""designation_note"":""공식 방산업체 지정현황 원본이 이번 묶음에 없어 별도 검증 전에는 지정업체로 표시하지 않음""}"
f1b580250c1cb5e5fd83f064,CMP0215,인스페이스,미분류,0,N,company_master,216,"{""company_id"":""CMP0215"",""company_name_normalized"":""인스페이스"",""company_name_variants"":""인스페이스"",""source_flags"":""portal"",""in_portal_directory"":""Y"",""in_defense_cost_cert"":""N"",""in_swarm_registry"":""N"",""in_krit_report"":""N"",""in_patent_applicant_ranking"":""N"",""defense_drone_relation_class"":""미분류"",""classification_basis"":""현재 수집자료 내 직접 근거 없음"",""evidence_count"":""0"",""official_defense_company_designation_verified"":""N"",""designation_note"":""공식 방산업체 지정현황 원본이 이번 묶음에 없어 별도 검증 전에는 지정업체로 표시하지 않음""}"
d7553b05020628ba3975195b,CMP0216,인투스카이,미분류,0,N,company_master,217,"{""company_id"":""CMP0216"",""company_name_normalized"":""인투스카이"",""company_name_variants"":""(주)인투스카이"",""source_flags"":""portal"",""in_portal_directory"":""Y"",""in_defense_cost_cert"":""N"",""in_swarm_registry"":""N"",""in_krit_report"":""N"",""in_patent_applicant_ranking"":""N"",""defense_drone_relation_class"":""미분류"",""classification_basis"":""현재 수집자료 내 직접 근거 없음"",""evidence_count"":""0"",""official_defense_company_designation_verified"":""N"",""designation_note"":""공식 방산업체 지정현황 원본이 이번 묶음에 없어 별도 검증 전에는 지정업체로 표시하지 않음""}"
3de88f0173a8bb38dd45099e,CMP0217,인하대학교 산학협력단,드론근거만 확인,1,N,company_master,218,"{""company_id"":""CMP0217"",""company_name_normalized"":""인하대학교 산학협력단"",""company_name_variants"":""인하대학교 산학협력단"",""source_flags"":""patent"",""in_portal_directory"":""N"",""in_defense_cost_cert"":""N"",""in_swarm_registry"":""N"",""in_krit_report"":""N"",""in_patent_applicant_ranking"":""Y"",""defense_drone_relation_class"":""드론근거만 확인"",""classification_basis"":""드론 기술·운용 근거는 있으나 방산 참여 근거 미확인"",""evidence_count"":""1"",""official_defense_company_designation_verified"":""N"",""designation_note"":""공식 방산업체 지정현황 원본이 이번 묶음에 없어 별도 검증 전에는 지정업체로 표시하지 않음""}"
fbbf0f5478d59fe09875f521,CMP0218,자이언트드론,미분류,0,N,company_master,219,"{""company_id"":""CMP0218"",""company_name_normalized"":""자이언트드론"",""company_name_variants"":""자이언트드론"",""source_flags"":""portal"",""in_portal_directory"":""Y"",""in_defense_cost_cert"":""N"",""in_swarm_registry"":""N"",""in_krit_report"":""N"",""in_patent_applicant_ranking"":""N"",""defense_drone_relation_class"":""미분류"",""classification_basis"":""현재 수집자료 내 직접 근거 없음"",""evidence_count"":""0"",""official_defense_company_designation_verified"":""N"",""designation_note"":""공식 방산업체 지정현황 원본이 이번 묶음에 없어 별도 검증 전에는 지정업체로 표시하지 않음""}"
c0c60d786844927aaca9b546,CMP0219,제이씨현시스템,방산인접 탐색후보,1,N,company_master,220,"{""company_id"":""CMP0219"",""company_name_normalized"":""제이씨현시스템"",""company_name_variants"":""제이씨현시스템"",""source_flags"":""portal"",""in_portal_directory"":""Y"",""in_defense_cost_cert"":""N"",""in_swarm_registry"":""N"",""in_krit_report"":""N"",""in_patent_applicant_ranking"":""N"",""defense_drone_relation_class"":""방산인접 탐색후보"",""classification_basis"":""안티드론 사업분야 태그 존재. 공식 방산 근거 미확인"",""evidence_count"":""1"",""official_defense_company_designation_verified"":""N"",""designation_note"":""공식 방산업체 지정현황 원본이 이번 묶음에 없어 별도 검증 전에는 지정업체로 표시하지 않음""}"
1623f7eb7b73e9fd41243b04,CMP0220,제이에스융합인재교육원,방산인접 탐색후보,1,N,company_master,221,"{""company_id"":""CMP0220"",""company_name_normalized"":""제이에스융합인재교육원"",""company_name_variants"":""제이에스융합인재교육원주식회사"",""source_flags"":""portal"",""in_portal_directory"":""Y"",""in_defense_cost_cert"":""N"",""in_swarm_registry"":""N"",""in_krit_report"":""N"",""in_patent_applicant_ranking"":""N"",""defense_drone_relation_class"":""방산인접 탐색후보"",""classification_basis"":""안티드론 사업분야 태그 존재. 공식 방산 근거 미확인"",""evidence_count"":""1"",""official_defense_company_designation_verified"":""N"",""designation_note"":""공식 방산업체 지정현황 원본이 이번 묶음에 없어 별도 검증 전에는 지정업체로 표시하지 않음""}"
eea4812dd2f388c7d76a136f,CMP0221,제이와이시스템,미분류,0,N,company_master,222,"{""company_id"":""CMP0221"",""company_name_normalized"":""제이와이시스템"",""company_name_variants"":""(주)제이와이시스템"",""source_flags"":""portal"",""in_portal_directory"":""Y"",""in_defense_cost_cert"":""N"",""in_swarm_registry"":""N"",""in_krit_report"":""N"",""in_patent_applicant_ranking"":""N"",""defense_drone_relation_class"":""미분류"",""classification_basis"":""현재 수집자료 내 직접 근거 없음"",""evidence_count"":""0"",""official_defense_company_designation_verified"":""N"",""designation_note"":""공식 방산업체 지정현황 원본이 이번 묶음에 없어 별도 검증 전에는 지정업체로 표시하지 않음""}"
7a6e72f1cad24a095308d22d,CMP0222,조은에듀테크,미분류,0,N,company_master,223,"{""company_id"":""CMP0222"",""company_name_normalized"":""조은에듀테크"",""company_name_variants"":""조은에듀테크"",""source_flags"":""portal"",""in_portal_directory"":""Y"",""in_defense_cost_cert"":""N"",""in_swarm_registry"":""N"",""in_krit_report"":""N"",""in_patent_applicant_ranking"":""N"",""defense_drone_relation_class"":""미분류"",""classification_basis"":""현재 수집자료 내 직접 근거 없음"",""evidence_count"":""0"",""official_defense_company_designation_verified"":""N"",""designation_note"":""공식 방산업체 지정현황 원본이 이번 묶음에 없어 별도 검증 전에는 지정업체로 표시하지 않음""}"
11674bf61278537f23e97fb9,CMP0223,주)제주도드론,미분류,0,N,company_master,224,"{""company_id"":""CMP0223"",""company_name_normalized"":""주)제주도드론"",""company_name_variants"":""주)제주도드론"",""source_flags"":""portal"",""in_portal_directory"":""Y"",""in_defense_cost_cert"":""N"",""in_swarm_registry"":""N"",""in_krit_report"":""N"",""in_patent_applicant_ranking"":""N"",""defense_drone_relation_class"":""미분류"",""classification_basis"":""현재 수집자료 내 직접 근거 없음"",""evidence_count"":""0"",""official_defense_company_designation_verified"":""N"",""designation_note"":""공식 방산업체 지정현황 원본이 이번 묶음에 없어 별도 검증 전에는 지정업체로 표시하지 않음""}"
8c1bb8595498604e34ea96d4,CMP0224,지오랩스(주),미분류,0,N,company_master,225,"{""company_id"":""CMP0224"",""company_name_normalized"":""지오랩스(주)"",""company_name_variants"":""지오랩스(주)"",""source_flags"":""portal"",""in_portal_directory"":""Y"",""in_defense_cost_cert"":""N"",""in_swarm_registry"":""N"",""in_krit_report"":""N"",""in_patent_applicant_ranking"":""N"",""defense_drone_relation_class"":""미분류"",""classification_basis"":""현재 수집자료 내 직접 근거 없음"",""evidence_count"":""0"",""official_defense_company_designation_verified"":""N"",""designation_note"":""공식 방산업체 지정현황 원본이 이번 묶음에 없어 별도 검증 전에는 지정업체로 표시하지 않음""}"
f3df16e9b9f8651154d0c80b,CMP0225,진항공시스템,미분류,0,N,company_master,226,"{""company_id"":""CMP0225"",""company_name_normalized"":""진항공시스템"",""company_name_variants"":""진항공시스템"",""source_flags"":""portal"",""in_portal_directory"":""Y"",""in_defense_cost_cert"":""N"",""in_swarm_registry"":""N"",""in_krit_report"":""N"",""in_patent_applicant_ranking"":""N"",""defense_drone_relation_class"":""미분류"",""classification_basis"":""현재 수집자료 내 직접 근거 없음"",""evidence_count"":""0"",""official_defense_company_designation_verified"":""N"",""designation_note"":""공식 방산업체 지정현황 원본이 이번 묶음에 없어 별도 검증 전에는 지정업체로 표시하지 않음""}"
39bbfd73d32c786e03547df5,CMP0226,천풍,미분류,0,N,company_master,227,"{""company_id"":""CMP0226"",""company_name_normalized"":""천풍"",""company_name_variants"":""천풍"",""source_flags"":""portal"",""in_portal_directory"":""Y"",""in_defense_cost_cert"":""N"",""in_swarm_registry"":""N"",""in_krit_report"":""N"",""in_patent_applicant_ranking"":""N"",""defense_drone_relation_class"":""미분류"",""classification_basis"":""현재 수집자료 내 직접 근거 없음"",""evidence_count"":""0"",""official_defense_company_designation_verified"":""N"",""designation_note"":""공식 방산업체 지정현황 원본이 이번 묶음에 없어 별도 검증 전에는 지정업체로 표시하지 않음""}"
b7fd8b0909f26a55edd713f2,CMP0227,캠틱종합기술원,드론근거만 확인,1,N,company_master,228,"{""company_id"":""CMP0227"",""company_name_normalized"":""캠틱종합기술원"",""company_name_variants"":""사단법인 캠틱종합기술원"",""source_flags"":""patent"",""in_portal_directory"":""N"",""in_defense_cost_cert"":""N"",""in_swarm_registry"":""N"",""in_krit_report"":""N"",""in_patent_applicant_ranking"":""Y"",""defense_drone_relation_class"":""드론근거만 확인"",""classification_basis"":""드론 기술·운용 근거는 있으나 방산 참여 근거 미확인"",""evidence_count"":""1"",""official_defense_company_designation_verified"":""N"",""designation_note"":""공식 방산업체 지정현황 원본이 이번 묶음에 없어 별도 검증 전에는 지정업체로 표시하지 않음""}"
7b66871b712f861fd7737797,CMP0228,케바드론,미분류,0,N,company_master,229,"{""company_id"":""CMP0228"",""company_name_normalized"":""케바드론"",""company_name_variants"":""케바드론"",""source_flags"":""portal"",""in_portal_directory"":""Y"",""in_defense_cost_cert"":""N"",""in_swarm_registry"":""N"",""in_krit_report"":""N"",""in_patent_applicant_ranking"":""N"",""defense_drone_relation_class"":""미분류"",""classification_basis"":""현재 수집자료 내 직접 근거 없음"",""evidence_count"":""0"",""official_defense_company_designation_verified"":""N"",""designation_note"":""공식 방산업체 지정현황 원본이 이번 묶음에 없어 별도 검증 전에는 지정업체로 표시하지 않음""}"
c7aeebd1488242df6187257f,CMP0229,케이드론,미분류,0,N,company_master,230,"{""company_id"":""CMP0229"",""company_name_normalized"":""케이드론"",""company_name_variants"":""케이드론"",""source_flags"":""portal"",""in_portal_directory"":""Y"",""in_defense_cost_cert"":""N"",""in_swarm_registry"":""N"",""in_krit_report"":""N"",""in_patent_applicant_ranking"":""N"",""defense_drone_relation_class"":""미분류"",""classification_basis"":""현재 수집자료 내 직접 근거 없음"",""evidence_count"":""0"",""official_defense_company_designation_verified"":""N"",""designation_note"":""공식 방산업체 지정현황 원본이 이번 묶음에 없어 별도 검증 전에는 지정업체로 표시하지 않음""}"
47fa5eeda628c343c4d053d9,CMP0230,케이텍,미분류,0,N,company_master,231,"{""company_id"":""CMP0230"",""company_name_normalized"":""케이텍"",""company_name_variants"":""케이텍"",""source_flags"":""portal"",""in_portal_directory"":""Y"",""in_defense_cost_cert"":""N"",""in_swarm_registry"":""N"",""in_krit_report"":""N"",""in_patent_applicant_ranking"":""N"",""defense_drone_relation_class"":""미분류"",""classification_basis"":""현재 수집자료 내 직접 근거 없음"",""evidence_count"":""0"",""official_defense_company_designation_verified"":""N"",""designation_note"":""공식 방산업체 지정현황 원본이 이번 묶음에 없어 별도 검증 전에는 지정업체로 표시하지 않음""}"
15a5a4dd804b7ca051f56c36,CMP0231,케이프로시스템,방산인접 탐색후보,1,N,company_master,232,"{""company_id"":""CMP0231"",""company_name_normalized"":""케이프로시스템"",""company_name_variants"":""주식회사케이프로시스템"",""source_flags"":""portal"",""in_portal_directory"":""Y"",""in_defense_cost_cert"":""N"",""in_swarm_registry"":""N"",""in_krit_report"":""N"",""in_patent_applicant_ranking"":""N"",""defense_drone_relation_class"":""방산인접 탐색후보"",""classification_basis"":""안티드론 사업분야 태그 존재. 공식 방산 근거 미확인"",""evidence_count"":""1"",""official_defense_company_designation_verified"":""N"",""designation_note"":""공식 방산업체 지정현황 원본이 이번 묶음에 없어 별도 검증 전에는 지정업체로 표시하지 않음""}"
ce81d97d3a7573b7b43221e8,CMP0232,코리아드론안전시스템,미분류,0,N,company_master,233,"{""company_id"":""CMP0232"",""company_name_normalized"":""코리아드론안전시스템"",""company_name_variants"":""코리아드론안전시스템"",""source_flags"":""portal"",""in_portal_directory"":""Y"",""in_defense_cost_cert"":""N"",""in_swarm_registry"":""N"",""in_krit_report"":""N"",""in_patent_applicant_ranking"":""N"",""defense_drone_relation_class"":""미분류"",""classification_basis"":""현재 수집자료 내 직접 근거 없음"",""evidence_count"":""0"",""official_defense_company_designation_verified"":""N"",""designation_note"":""공식 방산업체 지정현황 원본이 이번 묶음에 없어 별도 검증 전에는 지정업체로 표시하지 않음""}"
94978049fb74475710d79160,CMP0233,코리아드론(주),미분류,0,N,company_master,234,"{""company_id"":""CMP0233"",""company_name_normalized"":""코리아드론(주)"",""company_name_variants"":""코리아드론(주)"",""source_flags"":""portal"",""in_portal_directory"":""Y"",""in_defense_cost_cert"":""N"",""in_swarm_registry"":""N"",""in_krit_report"":""N"",""in_patent_applicant_ranking"":""N"",""defense_drone_relation_class"":""미분류"",""classification_basis"":""현재 수집자료 내 직접 근거 없음"",""evidence_count"":""0"",""official_defense_company_designation_verified"":""N"",""designation_note"":""공식 방산업체 지정현황 원본이 이번 묶음에 없어 별도 검증 전에는 지정업체로 표시하지 않음""}"
48b41e8b0053be6023d686b2,CMP0234,코리아디펜스인더스트리,방산근거만 확인,1,N,company_master,235,"{""company_id"":""CMP0234"",""company_name_normalized"":""코리아디펜스인더스트리"",""company_name_variants"":""코리아디펜스인더스트리"",""source_flags"":""cost_cert"",""in_portal_directory"":""N"",""in_defense_cost_cert"":""Y"",""in_swarm_registry"":""N"",""in_krit_report"":""N"",""in_patent_applicant_ranking"":""N"",""defense_drone_relation_class"":""방산근거만 확인"",""classification_basis"":""방산원가관리체계 인증은 확인되나 드론 참여 근거는 미확인"",""evidence_count"":""1"",""official_defense_company_designation_verified"":""N"",""designation_note"":""공식 방산업체 지정현황 원본이 이번 묶음에 없어 별도 검증 전에는 지정업체로 표시하지 않음""}"
7f2b73a75b68d15515a52a4b,CMP0235,코세코,미분류,0,N,company_master,236,"{""company_id"":""CMP0235"",""company_name_normalized"":""코세코"",""company_name_variants"":""(주)코세코"",""source_flags"":""portal"",""in_portal_directory"":""Y"",""in_defense_cost_cert"":""N"",""in_swarm_registry"":""N"",""in_krit_report"":""N"",""in_patent_applicant_ranking"":""N"",""defense_drone_relation_class"":""미분류"",""classification_basis"":""현재 수집자료 내 직접 근거 없음"",""evidence_count"":""0"",""official_defense_company_designation_verified"":""N"",""designation_note"":""공식 방산업체 지정현황 원본이 이번 묶음에 없어 별도 검증 전에는 지정업체로 표시하지 않음""}"
39239ea27ce1ea76f1c4ff89,CMP0236,코코드론,미분류,0,N,company_master,237,"{""company_id"":""CMP0236"",""company_name_normalized"":""코코드론"",""company_name_variants"":""주식회사 코코드론"",""source_flags"":""portal"",""in_portal_directory"":""Y"",""in_defense_cost_cert"":""N"",""in_swarm_registry"":""N"",""in_krit_report"":""N"",""in_patent_applicant_ranking"":""N"",""defense_drone_relation_class"":""미분류"",""classification_basis"":""현재 수집자료 내 직접 근거 없음"",""evidence_count"":""0"",""official_defense_company_designation_verified"":""N"",""designation_note"":""공식 방산업체 지정현황 원본이 이번 묶음에 없어 별도 검증 전에는 지정업체로 표시하지 않음""}"
94d75fbde8d3b1b0908a7687,CMP0237,클로버스튜디오,미분류,0,N,company_master,238,"{""company_id"":""CMP0237"",""company_name_normalized"":""클로버스튜디오"",""company_name_variants"":""주식회사 클로버스튜디오 | 클로버스튜디오"",""source_flags"":""portal"",""in_portal_directory"":""Y"",""in_defense_cost_cert"":""N"",""in_swarm_registry"":""N"",""in_krit_report"":""N"",""in_patent_applicant_ranking"":""N"",""defense_drone_relation_class"":""미분류"",""classification_basis"":""현재 수집자료 내 직접 근거 없음"",""evidence_count"":""0"",""official_defense_company_designation_verified"":""N"",""designation_note"":""공식 방산업체 지정현황 원본이 이번 묶음에 없어 별도 검증 전에는 지정업체로 표시하지 않음""}"
93340462543dc4a2f461376e,CMP0238,탑스커뮤니케이션,드론근거만 확인,1,N,company_master,239,"{""company_id"":""CMP0238"",""company_name_normalized"":""탑스커뮤니케이션"",""company_name_variants"":""탑스커뮤니케이션 주식회사"",""source_flags"":""patent"",""in_portal_directory"":""N"",""in_defense_cost_cert"":""N"",""in_swarm_registry"":""N"",""in_krit_report"":""N"",""in_patent_applicant_ranking"":""Y"",""defense_drone_relation_class"":""드론근거만 확인"",""classification_basis"":""드론 기술·운용 근거는 있으나 방산 참여 근거 미확인"",""evidence_count"":""1"",""official_defense_company_designation_verified"":""N"",""designation_note"":""공식 방산업체 지정현황 원본이 이번 묶음에 없어 별도 검증 전에는 지정업체로 표시하지 않음""}"
a967e9d57ed7d98923c8e929,CMP0239,태경전자,미분류,0,N,company_master,240,"{""company_id"":""CMP0239"",""company_name_normalized"":""태경전자"",""company_name_variants"":""태경전자 주식회사"",""source_flags"":""portal"",""in_portal_directory"":""Y"",""in_defense_cost_cert"":""N"",""in_swarm_registry"":""N"",""in_krit_report"":""N"",""in_patent_applicant_ranking"":""N"",""defense_drone_relation_class"":""미분류"",""classification_basis"":""현재 수집자료 내 직접 근거 없음"",""evidence_count"":""0"",""official_defense_company_designation_verified"":""N"",""designation_note"":""공식 방산업체 지정현황 원본이 이번 묶음에 없어 별도 검증 전에는 지정업체로 표시하지 않음""}"
bbc573086462a13b31979f15,CMP0240,테이슨,미분류,0,N,company_master,241,"{""company_id"":""CMP0240"",""company_name_normalized"":""테이슨"",""company_name_variants"":""(주) 테이슨"",""source_flags"":""portal"",""in_portal_directory"":""Y"",""in_defense_cost_cert"":""N"",""in_swarm_registry"":""N"",""in_krit_report"":""N"",""in_patent_applicant_ranking"":""N"",""defense_drone_relation_class"":""미분류"",""classification_basis"":""현재 수집자료 내 직접 근거 없음"",""evidence_count"":""0"",""official_defense_company_designation_verified"":""N"",""designation_note"":""공식 방산업체 지정현황 원본이 이번 묶음에 없어 별도 검증 전에는 지정업체로 표시하지 않음""}"
02e7d94fa245f5f62b550a9c,CMP0241,트라이셀인터내셔널,미분류,0,N,company_master,242,"{""company_id"":""CMP0241"",""company_name_normalized"":""트라이셀인터내셔널"",""company_name_variants"":""트라이셀인터내셔널"",""source_flags"":""portal"",""in_portal_directory"":""Y"",""in_defense_cost_cert"":""N"",""in_swarm_registry"":""N"",""in_krit_report"":""N"",""in_patent_applicant_ranking"":""N"",""defense_drone_relation_class"":""미분류"",""classification_basis"":""현재 수집자료 내 직접 근거 없음"",""evidence_count"":""0"",""official_defense_company_designation_verified"":""N"",""designation_note"":""공식 방산업체 지정현황 원본이 이번 묶음에 없어 별도 검증 전에는 지정업체로 표시하지 않음""}"
30f61024151af856860b8398,CMP0242,파블로항공,원문 직접확인,2,N,company_master,243,"{""company_id"":""CMP0242"",""company_name_normalized"":""파블로항공"",""company_name_variants"":""파블로항공 | 주식회사 파블로항공"",""source_flags"":""krit,portal,swarm"",""in_portal_directory"":""Y"",""in_defense_cost_cert"":""N"",""in_swarm_registry"":""Y"",""in_krit_report"":""Y"",""in_patent_applicant_ranking"":""N"",""defense_drone_relation_class"":""원문 직접확인"",""classification_basis"":""공식 보고서에 방산혁신기업 프로젝트 또는 국방기술개발 과제로 명시"",""evidence_count"":""2"",""official_defense_company_designation_verified"":""N"",""designation_note"":""공식 방산업체 지정현황 원본이 이번 묶음에 없어 별도 검증 전에는 지정업체로 표시하지 않음""}"
224c7f41cc0e1fdac4486014,CMP0243,파이온시스템즈,방산인접 탐색후보,1,N,company_master,244,"{""company_id"":""CMP0243"",""company_name_normalized"":""파이온시스템즈"",""company_name_variants"":""파이온시스템즈"",""source_flags"":""portal"",""in_portal_directory"":""Y"",""in_defense_cost_cert"":""N"",""in_swarm_registry"":""N"",""in_krit_report"":""N"",""in_patent_applicant_ranking"":""N"",""defense_drone_relation_class"":""방산인접 탐색후보"",""classification_basis"":""안티드론 사업분야 태그 존재. 공식 방산 근거 미확인"",""evidence_count"":""1"",""official_defense_company_designation_verified"":""N"",""designation_note"":""공식 방산업체 지정현황 원본이 이번 묶음에 없어 별도 검증 전에는 지정업체로 표시하지 않음""}"
0bbd2755da3ed62c40ea479c,CMP0244,파인ADS,미분류,0,N,company_master,245,"{""company_id"":""CMP0244"",""company_name_normalized"":""파인ADS"",""company_name_variants"":""파인ADS"",""source_flags"":""portal"",""in_portal_directory"":""Y"",""in_defense_cost_cert"":""N"",""in_swarm_registry"":""N"",""in_krit_report"":""N"",""in_patent_applicant_ranking"":""N"",""defense_drone_relation_class"":""미분류"",""classification_basis"":""현재 수집자료 내 직접 근거 없음"",""evidence_count"":""0"",""official_defense_company_designation_verified"":""N"",""designation_note"":""공식 방산업체 지정현황 원본이 이번 묶음에 없어 별도 검증 전에는 지정업체로 표시하지 않음""}"
b77ab4736f7585265c9f3470,CMP0245,파인브이티,방산인접 탐색후보,1,N,company_master,246,"{""company_id"":""CMP0245"",""company_name_normalized"":""파인브이티"",""company_name_variants"":""파인브이티"",""source_flags"":""portal"",""in_portal_directory"":""Y"",""in_defense_cost_cert"":""N"",""in_swarm_registry"":""N"",""in_krit_report"":""N"",""in_patent_applicant_ranking"":""N"",""defense_drone_relation_class"":""방산인접 탐색후보"",""classification_basis"":""안티드론 사업분야 태그 존재. 공식 방산 근거 미확인"",""evidence_count"":""1"",""official_defense_company_designation_verified"":""N"",""designation_note"":""공식 방산업체 지정현황 원본이 이번 묶음에 없어 별도 검증 전에는 지정업체로 표시하지 않음""}"
440c51e4625f69c33c065761,CMP0246,팝코즈(popcoz),미분류,0,N,company_master,247,"{""company_id"":""CMP0246"",""company_name_normalized"":""팝코즈(popcoz)"",""company_name_variants"":""팝코즈(popcoz)"",""source_flags"":""portal"",""in_portal_directory"":""Y"",""in_defense_cost_cert"":""N"",""in_swarm_registry"":""N"",""in_krit_report"":""N"",""in_patent_applicant_ranking"":""N"",""defense_drone_relation_class"":""미분류"",""classification_basis"":""현재 수집자료 내 직접 근거 없음"",""evidence_count"":""0"",""official_defense_company_designation_verified"":""N"",""designation_note"":""공식 방산업체 지정현황 원본이 이번 묶음에 없어 별도 검증 전에는 지정업체로 표시하지 않음""}"
63aa4059606aaa38b9dd16c6,CMP0247,팰콘샵,미분류,0,N,company_master,248,"{""company_id"":""CMP0247"",""company_name_normalized"":""팰콘샵"",""company_name_variants"":""주식회사 팰콘샵"",""source_flags"":""portal"",""in_portal_directory"":""Y"",""in_defense_cost_cert"":""N"",""in_swarm_registry"":""N"",""in_krit_report"":""N"",""in_patent_applicant_ranking"":""N"",""defense_drone_relation_class"":""미분류"",""classification_basis"":""현재 수집자료 내 직접 근거 없음"",""evidence_count"":""0"",""official_defense_company_designation_verified"":""N"",""designation_note"":""공식 방산업체 지정현황 원본이 이번 묶음에 없어 별도 검증 전에는 지정업체로 표시하지 않음""}"
aad2ffb7a345401ec38cefdb,CMP0248,퍼스텍,방산근거만 확인,1,N,company_master,249,"{""company_id"":""CMP0248"",""company_name_normalized"":""퍼스텍"",""company_name_variants"":""퍼스텍"",""source_flags"":""cost_cert"",""in_portal_directory"":""N"",""in_defense_cost_cert"":""Y"",""in_swarm_registry"":""N"",""in_krit_report"":""N"",""in_patent_applicant_ranking"":""N"",""defense_drone_relation_class"":""방산근거만 확인"",""classification_basis"":""방산원가관리체계 인증은 확인되나 드론 참여 근거는 미확인"",""evidence_count"":""1"",""official_defense_company_designation_verified"":""N"",""designation_note"":""공식 방산업체 지정현황 원본이 이번 묶음에 없어 별도 검증 전에는 지정업체로 표시하지 않음""}"
d9f7c2cfa3e7ead58e162182,CMP0249,포앤텍,드론근거만 확인,1,N,company_master,250,"{""company_id"":""CMP0249"",""company_name_normalized"":""포앤텍"",""company_name_variants"":""주식회사포앤텍"",""source_flags"":""patent"",""in_portal_directory"":""N"",""in_defense_cost_cert"":""N"",""in_swarm_registry"":""N"",""in_krit_report"":""N"",""in_patent_applicant_ranking"":""Y"",""defense_drone_relation_class"":""드론근거만 확인"",""classification_basis"":""드론 기술·운용 근거는 있으나 방산 참여 근거 미확인"",""evidence_count"":""1"",""official_defense_company_designation_verified"":""N"",""designation_note"":""공식 방산업체 지정현황 원본이 이번 묶음에 없어 별도 검증 전에는 지정업체로 표시하지 않음""}"
9b5606f7b510fd280212b281,CMP0250,포토플랫폼,미분류,0,N,company_master,251,"{""company_id"":""CMP0250"",""company_name_normalized"":""포토플랫폼"",""company_name_variants"":""포토플랫폼"",""source_flags"":""portal"",""in_portal_directory"":""Y"",""in_defense_cost_cert"":""N"",""in_swarm_registry"":""N"",""in_krit_report"":""N"",""in_patent_applicant_ranking"":""N"",""defense_drone_relation_class"":""미분류"",""classification_basis"":""현재 수집자료 내 직접 근거 없음"",""evidence_count"":""0"",""official_defense_company_designation_verified"":""N"",""designation_note"":""공식 방산업체 지정현황 원본이 이번 묶음에 없어 별도 검증 전에는 지정업체로 표시하지 않음""}"
5be853f70f8567ab628108e4,CMP0251,포항공과대학교 산학협력단,드론근거만 확인,1,N,company_master,252,"{""company_id"":""CMP0251"",""company_name_normalized"":""포항공과대학교 산학협력단"",""company_name_variants"":""포항공과대학교 산학협력단"",""source_flags"":""patent"",""in_portal_directory"":""N"",""in_defense_cost_cert"":""N"",""in_swarm_registry"":""N"",""in_krit_report"":""N"",""in_patent_applicant_ranking"":""Y"",""defense_drone_relation_class"":""드론근거만 확인"",""classification_basis"":""드론 기술·운용 근거는 있으나 방산 참여 근거 미확인"",""evidence_count"":""1"",""official_defense_company_designation_verified"":""N"",""designation_note"":""공식 방산업체 지정현황 원본이 이번 묶음에 없어 별도 검증 전에는 지정업체로 표시하지 않음""}"
bd1ed2d62881fbba8db106ad,CMP0252,풍산,방산근거만 확인,2,N,company_master,253,"{""company_id"":""CMP0252"",""company_name_normalized"":""풍산"",""company_name_variants"":""풍산"",""source_flags"":""cost_cert,krit"",""in_portal_directory"":""N"",""in_defense_cost_cert"":""Y"",""in_swarm_registry"":""N"",""in_krit_report"":""Y"",""in_patent_applicant_ranking"":""N"",""defense_drone_relation_class"":""방산근거만 확인"",""classification_basis"":""방산원가관리체계 인증은 확인되나 드론 참여 근거는 미확인"",""evidence_count"":""2"",""official_defense_company_designation_verified"":""N"",""designation_note"":""공식 방산업체 지정현황 원본이 이번 묶음에 없어 별도 검증 전에는 지정업체로 표시하지 않음""}"
d6a475ecc220ff56b59f62fd,CMP0253,프로펠,미분류,0,N,company_master,254,"{""company_id"":""CMP0253"",""company_name_normalized"":""프로펠"",""company_name_variants"":""주식회사 프로펠"",""source_flags"":""portal"",""in_portal_directory"":""Y"",""in_defense_cost_cert"":""N"",""in_swarm_registry"":""N"",""in_krit_report"":""N"",""in_patent_applicant_ranking"":""N"",""defense_drone_relation_class"":""미분류"",""classification_basis"":""현재 수집자료 내 직접 근거 없음"",""evidence_count"":""0"",""official_defense_company_designation_verified"":""N"",""designation_note"":""공식 방산업체 지정현황 원본이 이번 묶음에 없어 별도 검증 전에는 지정업체로 표시하지 않음""}"
03cc96ee62ac02d1ae3b1e1c,CMP0254,프리뉴,방산인접 탐색후보,1,N,company_master,255,"{""company_id"":""CMP0254"",""company_name_normalized"":""프리뉴"",""company_name_variants"":""프리뉴"",""source_flags"":""portal"",""in_portal_directory"":""Y"",""in_defense_cost_cert"":""N"",""in_swarm_registry"":""N"",""in_krit_report"":""N"",""in_patent_applicant_ranking"":""N"",""defense_drone_relation_class"":""방산인접 탐색후보"",""classification_basis"":""안티드론 사업분야 태그 존재. 공식 방산 근거 미확인"",""evidence_count"":""1"",""official_defense_company_designation_verified"":""N"",""designation_note"":""공식 방산업체 지정현황 원본이 이번 묶음에 없어 별도 검증 전에는 지정업체로 표시하지 않음""}"
f8f2ddc7aeaf8a54a8895bda,CMP0255,플라이존드론교육원,미분류,0,N,company_master,256,"{""company_id"":""CMP0255"",""company_name_normalized"":""플라이존드론교육원"",""company_name_variants"":""(주)플라이존드론교육원"",""source_flags"":""portal"",""in_portal_directory"":""Y"",""in_defense_cost_cert"":""N"",""in_swarm_registry"":""N"",""in_krit_report"":""N"",""in_patent_applicant_ranking"":""N"",""defense_drone_relation_class"":""미분류"",""classification_basis"":""현재 수집자료 내 직접 근거 없음"",""evidence_count"":""0"",""official_defense_company_designation_verified"":""N"",""designation_note"":""공식 방산업체 지정현황 원본이 이번 묶음에 없어 별도 검증 전에는 지정업체로 표시하지 않음""}"
02028465088d99ca61e90489,CMP0256,피앤유드론,미분류,0,N,company_master,257,"{""company_id"":""CMP0256"",""company_name_normalized"":""피앤유드론"",""company_name_variants"":""피앤유드론"",""source_flags"":""portal"",""in_portal_directory"":""Y"",""in_defense_cost_cert"":""N"",""in_swarm_registry"":""N"",""in_krit_report"":""N"",""in_patent_applicant_ranking"":""N"",""defense_drone_relation_class"":""미분류"",""classification_basis"":""현재 수집자료 내 직접 근거 없음"",""evidence_count"":""0"",""official_defense_company_designation_verified"":""N"",""designation_note"":""공식 방산업체 지정현황 원본이 이번 묶음에 없어 별도 검증 전에는 지정업체로 표시하지 않음""}"
c9903bb1332197c8885e869c,CMP0257,픽소니어,방산인접 탐색후보,1,N,company_master,258,"{""company_id"":""CMP0257"",""company_name_normalized"":""픽소니어"",""company_name_variants"":""(주)픽소니어"",""source_flags"":""portal"",""in_portal_directory"":""Y"",""in_defense_cost_cert"":""N"",""in_swarm_registry"":""N"",""in_krit_report"":""N"",""in_patent_applicant_ranking"":""N"",""defense_drone_relation_class"":""방산인접 탐색후보"",""classification_basis"":""안티드론 사업분야 태그 존재. 공식 방산 근거 미확인"",""evidence_count"":""1"",""official_defense_company_designation_verified"":""N"",""designation_note"":""공식 방산업체 지정현황 원본이 이번 묶음에 없어 별도 검증 전에는 지정업체로 표시하지 않음""}"
09f656edf09551b0d8e12217,CMP0258,필라넷,방산인접 탐색후보,1,N,company_master,259,"{""company_id"":""CMP0258"",""company_name_normalized"":""필라넷"",""company_name_variants"":""필라넷"",""source_flags"":""portal"",""in_portal_directory"":""Y"",""in_defense_cost_cert"":""N"",""in_swarm_registry"":""N"",""in_krit_report"":""N"",""in_patent_applicant_ranking"":""N"",""defense_drone_relation_class"":""방산인접 탐색후보"",""classification_basis"":""안티드론 사업분야 태그 존재. 공식 방산 근거 미확인"",""evidence_count"":""1"",""official_defense_company_designation_verified"":""N"",""designation_note"":""공식 방산업체 지정현황 원본이 이번 묶음에 없어 별도 검증 전에는 지정업체로 표시하지 않음""}"
a8f5e643e50a0b226c40ccef,CMP0259,하늘로,미분류,0,N,company_master,260,"{""company_id"":""CMP0259"",""company_name_normalized"":""하늘로"",""company_name_variants"":""주식회사 하늘로"",""source_flags"":""portal"",""in_portal_directory"":""Y"",""in_defense_cost_cert"":""N"",""in_swarm_registry"":""N"",""in_krit_report"":""N"",""in_patent_applicant_ranking"":""N"",""defense_drone_relation_class"":""미분류"",""classification_basis"":""현재 수집자료 내 직접 근거 없음"",""evidence_count"":""0"",""official_defense_company_designation_verified"":""N"",""designation_note"":""공식 방산업체 지정현황 원본이 이번 묶음에 없어 별도 검증 전에는 지정업체로 표시하지 않음""}"
16d1949e93dbfd00d04a5cb5,CMP0260,하늘숲엔지니어링,드론근거만 확인,1,N,company_master,261,"{""company_id"":""CMP0260"",""company_name_normalized"":""하늘숲엔지니어링"",""company_name_variants"":""주식회사 하늘숲엔지니어링"",""source_flags"":""patent"",""in_portal_directory"":""N"",""in_defense_cost_cert"":""N"",""in_swarm_registry"":""N"",""in_krit_report"":""N"",""in_patent_applicant_ranking"":""Y"",""defense_drone_relation_class"":""드론근거만 확인"",""classification_basis"":""드론 기술·운용 근거는 있으나 방산 참여 근거 미확인"",""evidence_count"":""1"",""official_defense_company_designation_verified"":""N"",""designation_note"":""공식 방산업체 지정현황 원본이 이번 묶음에 없어 별도 검증 전에는 지정업체로 표시하지 않음""}"
867480faabd1cde4231777a9,CMP0261,하늘항공,미분류,0,N,company_master,262,"{""company_id"":""CMP0261"",""company_name_normalized"":""하늘항공"",""company_name_variants"":""하늘항공"",""source_flags"":""portal"",""in_portal_directory"":""Y"",""in_defense_cost_cert"":""N"",""in_swarm_registry"":""N"",""in_krit_report"":""N"",""in_patent_applicant_ranking"":""N"",""defense_drone_relation_class"":""미분류"",""classification_basis"":""현재 수집자료 내 직접 근거 없음"",""evidence_count"":""0"",""official_defense_company_designation_verified"":""N"",""designation_note"":""공식 방산업체 지정현황 원본이 이번 묶음에 없어 별도 검증 전에는 지정업체로 표시하지 않음""}"
168fa28f6973f7a1aa92d60e,CMP0262,하이즈복합재산업(주),미분류,0,N,company_master,263,"{""company_id"":""CMP0262"",""company_name_normalized"":""하이즈복합재산업(주)"",""company_name_variants"":""하이즈복합재산업(주)"",""source_flags"":""portal"",""in_portal_directory"":""Y"",""in_defense_cost_cert"":""N"",""in_swarm_registry"":""N"",""in_krit_report"":""N"",""in_patent_applicant_ranking"":""N"",""defense_drone_relation_class"":""미분류"",""classification_basis"":""현재 수집자료 내 직접 근거 없음"",""evidence_count"":""0"",""official_defense_company_designation_verified"":""N"",""designation_note"":""공식 방산업체 지정현황 원본이 이번 묶음에 없어 별도 검증 전에는 지정업체로 표시하지 않음""}"
580cb829615a413814a09b23,CMP0263,한강드론교육원,미분류,0,N,company_master,264,"{""company_id"":""CMP0263"",""company_name_normalized"":""한강드론교육원"",""company_name_variants"":""한강드론교육원"",""source_flags"":""portal"",""in_portal_directory"":""Y"",""in_defense_cost_cert"":""N"",""in_swarm_registry"":""N"",""in_krit_report"":""N"",""in_patent_applicant_ranking"":""N"",""defense_drone_relation_class"":""미분류"",""classification_basis"":""현재 수집자료 내 직접 근거 없음"",""evidence_count"":""0"",""official_defense_company_designation_verified"":""N"",""designation_note"":""공식 방산업체 지정현황 원본이 이번 묶음에 없어 별도 검증 전에는 지정업체로 표시하지 않음""}"
8e832d6814c91f5c7a068d46,CMP0264,한국과학기술연구원,드론근거만 확인,1,N,company_master,265,"{""company_id"":""CMP0264"",""company_name_normalized"":""한국과학기술연구원"",""company_name_variants"":""한국과학기술연구원"",""source_flags"":""patent"",""in_portal_directory"":""N"",""in_defense_cost_cert"":""N"",""in_swarm_registry"":""N"",""in_krit_report"":""N"",""in_patent_applicant_ranking"":""Y"",""defense_drone_relation_class"":""드론근거만 확인"",""classification_basis"":""드론 기술·운용 근거는 있으나 방산 참여 근거 미확인"",""evidence_count"":""1"",""official_defense_company_designation_verified"":""N"",""designation_note"":""공식 방산업체 지정현황 원본이 이번 묶음에 없어 별도 검증 전에는 지정업체로 표시하지 않음""}"
98b98d66e26d3b873bf89d2e,CMP0265,한국과학기술원,드론근거만 확인,1,N,company_master,266,"{""company_id"":""CMP0265"",""company_name_normalized"":""한국과학기술원"",""company_name_variants"":""한국과학기술원"",""source_flags"":""patent"",""in_portal_directory"":""N"",""in_defense_cost_cert"":""N"",""in_swarm_registry"":""N"",""in_krit_report"":""N"",""in_patent_applicant_ranking"":""Y"",""defense_drone_relation_class"":""드론근거만 확인"",""classification_basis"":""드론 기술·운용 근거는 있으나 방산 참여 근거 미확인"",""evidence_count"":""1"",""official_defense_company_designation_verified"":""N"",""designation_note"":""공식 방산업체 지정현황 원본이 이번 묶음에 없어 별도 검증 전에는 지정업체로 표시하지 않음""}"
f2ae12174770857134c64ba5,CMP0266,한국드론센터,미분류,0,N,company_master,267,"{""company_id"":""CMP0266"",""company_name_normalized"":""한국드론센터"",""company_name_variants"":""(주)한국드론센터"",""source_flags"":""portal"",""in_portal_directory"":""Y"",""in_defense_cost_cert"":""N"",""in_swarm_registry"":""N"",""in_krit_report"":""N"",""in_patent_applicant_ranking"":""N"",""defense_drone_relation_class"":""미분류"",""classification_basis"":""현재 수집자료 내 직접 근거 없음"",""evidence_count"":""0"",""official_defense_company_designation_verified"":""N"",""designation_note"":""공식 방산업체 지정현황 원본이 이번 묶음에 없어 별도 검증 전에는 지정업체로 표시하지 않음""}"
e29b2273ef5ad5c9775ee0d9,CMP0267,한국드론활용협회,미분류,0,N,company_master,268,"{""company_id"":""CMP0267"",""company_name_normalized"":""한국드론활용협회"",""company_name_variants"":""(사)한국드론활용협회"",""source_flags"":""portal"",""in_portal_directory"":""Y"",""in_defense_cost_cert"":""N"",""in_swarm_registry"":""N"",""in_krit_report"":""N"",""in_patent_applicant_ranking"":""N"",""defense_drone_relation_class"":""미분류"",""classification_basis"":""현재 수집자료 내 직접 근거 없음"",""evidence_count"":""0"",""official_defense_company_designation_verified"":""N"",""designation_note"":""공식 방산업체 지정현황 원본이 이번 묶음에 없어 별도 검증 전에는 지정업체로 표시하지 않음""}"
eae50b5d658dbc9128829b02,CMP0268,한국사업관리연구원,미분류,0,N,company_master,269,"{""company_id"":""CMP0268"",""company_name_normalized"":""한국사업관리연구원"",""company_name_variants"":""한국사업관리연구원"",""source_flags"":""portal"",""in_portal_directory"":""Y"",""in_defense_cost_cert"":""N"",""in_swarm_registry"":""N"",""in_krit_report"":""N"",""in_patent_applicant_ranking"":""N"",""defense_drone_relation_class"":""미분류"",""classification_basis"":""현재 수집자료 내 직접 근거 없음"",""evidence_count"":""0"",""official_defense_company_designation_verified"":""N"",""designation_note"":""공식 방산업체 지정현황 원본이 이번 묶음에 없어 별도 검증 전에는 지정업체로 표시하지 않음""}"
d3f5ed5c8fc0ffbfed472343,CMP0269,한국유에이브이,미분류,0,N,company_master,270,"{""company_id"":""CMP0269"",""company_name_normalized"":""한국유에이브이"",""company_name_variants"":""한국유에이브이"",""source_flags"":""portal"",""in_portal_directory"":""Y"",""in_defense_cost_cert"":""N"",""in_swarm_registry"":""N"",""in_krit_report"":""N"",""in_patent_applicant_ranking"":""N"",""defense_drone_relation_class"":""미분류"",""classification_basis"":""현재 수집자료 내 직접 근거 없음"",""evidence_count"":""0"",""official_defense_company_designation_verified"":""N"",""designation_note"":""공식 방산업체 지정현황 원본이 이번 묶음에 없어 별도 검증 전에는 지정업체로 표시하지 않음""}"
9b9c62a1aa9b68603efe5fe8,CMP0270,한국전력공사,드론근거만 확인,1,N,company_master,271,"{""company_id"":""CMP0270"",""company_name_normalized"":""한국전력공사"",""company_name_variants"":""한국전력공사"",""source_flags"":""patent"",""in_portal_directory"":""N"",""in_defense_cost_cert"":""N"",""in_swarm_registry"":""N"",""in_krit_report"":""N"",""in_patent_applicant_ranking"":""Y"",""defense_drone_relation_class"":""드론근거만 확인"",""classification_basis"":""드론 기술·운용 근거는 있으나 방산 참여 근거 미확인"",""evidence_count"":""1"",""official_defense_company_designation_verified"":""N"",""designation_note"":""공식 방산업체 지정현황 원본이 이번 묶음에 없어 별도 검증 전에는 지정업체로 표시하지 않음""}"
0d2bdd0ba7fb72ad441709a6,CMP0271,한국전력기술,드론근거만 확인,1,N,company_master,272,"{""company_id"":""CMP0271"",""company_name_normalized"":""한국전력기술"",""company_name_variants"":""한국전력기술 주식회사"",""source_flags"":""patent"",""in_portal_directory"":""N"",""in_defense_cost_cert"":""N"",""in_swarm_registry"":""N"",""in_krit_report"":""N"",""in_patent_applicant_ranking"":""Y"",""defense_drone_relation_class"":""드론근거만 확인"",""classification_basis"":""드론 기술·운용 근거는 있으나 방산 참여 근거 미확인"",""evidence_count"":""1"",""official_defense_company_designation_verified"":""N"",""designation_note"":""공식 방산업체 지정현황 원본이 이번 묶음에 없어 별도 검증 전에는 지정업체로 표시하지 않음""}"
08f69f2b97a3c5c0e223a6d6,CMP0272,한국전자통신연구원,드론근거만 확인,1,N,company_master,273,"{""company_id"":""CMP0272"",""company_name_normalized"":""한국전자통신연구원"",""company_name_variants"":""한국전자통신연구원"",""source_flags"":""patent"",""in_portal_directory"":""N"",""in_defense_cost_cert"":""N"",""in_swarm_registry"":""N"",""in_krit_report"":""N"",""in_patent_applicant_ranking"":""Y"",""defense_drone_relation_class"":""드론근거만 확인"",""classification_basis"":""드론 기술·운용 근거는 있으나 방산 참여 근거 미확인"",""evidence_count"":""1"",""official_defense_company_designation_verified"":""N"",""designation_note"":""공식 방산업체 지정현황 원본이 이번 묶음에 없어 별도 검증 전에는 지정업체로 표시하지 않음""}"
a9c540f36c0866f9bec4c8c8,CMP0273,한국철도기술연구원,드론근거만 확인,1,N,company_master,274,"{""company_id"":""CMP0273"",""company_name_normalized"":""한국철도기술연구원"",""company_name_variants"":""한국철도기술연구원"",""source_flags"":""patent"",""in_portal_directory"":""N"",""in_defense_cost_cert"":""N"",""in_swarm_registry"":""N"",""in_krit_report"":""N"",""in_patent_applicant_ranking"":""Y"",""defense_drone_relation_class"":""드론근거만 확인"",""classification_basis"":""드론 기술·운용 근거는 있으나 방산 참여 근거 미확인"",""evidence_count"":""1"",""official_defense_company_designation_verified"":""N"",""designation_note"":""공식 방산업체 지정현황 원본이 이번 묶음에 없어 별도 검증 전에는 지정업체로 표시하지 않음""}"
b537937d795c6517d614b062,CMP0274,한국항공기술케이에이티,미분류,0,N,company_master,275,"{""company_id"":""CMP0274"",""company_name_normalized"":""한국항공기술케이에이티"",""company_name_variants"":""한국항공기술케이에이티"",""source_flags"":""portal"",""in_portal_directory"":""Y"",""in_defense_cost_cert"":""N"",""in_swarm_registry"":""N"",""in_krit_report"":""N"",""in_patent_applicant_ranking"":""N"",""defense_drone_relation_class"":""미분류"",""classification_basis"":""현재 수집자료 내 직접 근거 없음"",""evidence_count"":""0"",""official_defense_company_designation_verified"":""N"",""designation_note"":""공식 방산업체 지정현황 원본이 이번 묶음에 없어 별도 검증 전에는 지정업체로 표시하지 않음""}"
16b358e81acc3a0c29b7d0d9,CMP0275,한국항공대학교산학협력단,드론근거만 확인,1,N,company_master,276,"{""company_id"":""CMP0275"",""company_name_normalized"":""한국항공대학교산학협력단"",""company_name_variants"":""한국항공대학교산학협력단"",""source_flags"":""patent"",""in_portal_directory"":""N"",""in_defense_cost_cert"":""N"",""in_swarm_registry"":""N"",""in_krit_report"":""N"",""in_patent_applicant_ranking"":""Y"",""defense_drone_relation_class"":""드론근거만 확인"",""classification_basis"":""드론 기술·운용 근거는 있으나 방산 참여 근거 미확인"",""evidence_count"":""1"",""official_defense_company_designation_verified"":""N"",""designation_note"":""공식 방산업체 지정현황 원본이 이번 묶음에 없어 별도 검증 전에는 지정업체로 표시하지 않음""}"
e685eaa630b02cd888e03b22,CMP0276,한국항공우주산업,교차출처 후보,1,N,company_master,277,"{""company_id"":""CMP0276"",""company_name_normalized"":""한국항공우주산업"",""company_name_variants"":""한국항공우주산업"",""source_flags"":""cost_cert,portal"",""in_portal_directory"":""Y"",""in_defense_cost_cert"":""Y"",""in_swarm_registry"":""N"",""in_krit_report"":""N"",""in_patent_applicant_ranking"":""N"",""defense_drone_relation_class"":""교차출처 후보"",""classification_basis"":""방산 공식 보조근거와 별도 드론 근거가 함께 존재"",""evidence_count"":""1"",""official_defense_company_designation_verified"":""N"",""designation_note"":""공식 방산업체 지정현황 원본이 이번 묶음에 없어 별도 검증 전에는 지정업체로 표시하지 않음""}"
b48dcfe365b8b20e7b8c919d,CMP0277,한국항공우주연구원,드론근거만 확인,1,N,company_master,278,"{""company_id"":""CMP0277"",""company_name_normalized"":""한국항공우주연구원"",""company_name_variants"":""한국항공우주연구원"",""source_flags"":""patent"",""in_portal_directory"":""N"",""in_defense_cost_cert"":""N"",""in_swarm_registry"":""N"",""in_krit_report"":""N"",""in_patent_applicant_ranking"":""Y"",""defense_drone_relation_class"":""드론근거만 확인"",""classification_basis"":""드론 기술·운용 근거는 있으나 방산 참여 근거 미확인"",""evidence_count"":""1"",""official_defense_company_designation_verified"":""N"",""designation_note"":""공식 방산업체 지정현황 원본이 이번 묶음에 없어 별도 검증 전에는 지정업체로 표시하지 않음""}"
082dd5ce98abd79f34ba410b,CMP0278,한국헬리콥터,미분류,0,N,company_master,279,"{""company_id"":""CMP0278"",""company_name_normalized"":""한국헬리콥터"",""company_name_variants"":""(주)한국헬리콥터"",""source_flags"":""portal"",""in_portal_directory"":""Y"",""in_defense_cost_cert"":""N"",""in_swarm_registry"":""N"",""in_krit_report"":""N"",""in_patent_applicant_ranking"":""N"",""defense_drone_relation_class"":""미분류"",""classification_basis"":""현재 수집자료 내 직접 근거 없음"",""evidence_count"":""0"",""official_defense_company_designation_verified"":""N"",""designation_note"":""공식 방산업체 지정현황 원본이 이번 묶음에 없어 별도 검증 전에는 지정업체로 표시하지 않음""}"
94c92f84059ebc06753844fe,CMP0279,한빛드론,방산인접 탐색후보,1,N,company_master,280,"{""company_id"":""CMP0279"",""company_name_normalized"":""한빛드론"",""company_name_variants"":""한빛드론"",""source_flags"":""portal"",""in_portal_directory"":""Y"",""in_defense_cost_cert"":""N"",""in_swarm_registry"":""N"",""in_krit_report"":""N"",""in_patent_applicant_ranking"":""N"",""defense_drone_relation_class"":""방산인접 탐색후보"",""classification_basis"":""안티드론 사업분야 태그 존재. 공식 방산 근거 미확인"",""evidence_count"":""1"",""official_defense_company_designation_verified"":""N"",""designation_note"":""공식 방산업체 지정현황 원본이 이번 묶음에 없어 별도 검증 전에는 지정업체로 표시하지 않음""}"
e49c73a420d01b02312898c7,CMP0280,한울드론,미분류,0,N,company_master,281,"{""company_id"":""CMP0280"",""company_name_normalized"":""한울드론"",""company_name_variants"":""주식회사 한울드론"",""source_flags"":""portal"",""in_portal_directory"":""Y"",""in_defense_cost_cert"":""N"",""in_swarm_registry"":""N"",""in_krit_report"":""N"",""in_patent_applicant_ranking"":""N"",""defense_drone_relation_class"":""미분류"",""classification_basis"":""현재 수집자료 내 직접 근거 없음"",""evidence_count"":""0"",""official_defense_company_designation_verified"":""N"",""designation_note"":""공식 방산업체 지정현황 원본이 이번 묶음에 없어 별도 검증 전에는 지정업체로 표시하지 않음""}"
e710abbd6957be0a8ac3f470,CMP0281,한컴아카데미,미분류,0,N,company_master,282,"{""company_id"":""CMP0281"",""company_name_normalized"":""한컴아카데미"",""company_name_variants"":""(주) 한컴아카데미"",""source_flags"":""portal"",""in_portal_directory"":""Y"",""in_defense_cost_cert"":""N"",""in_swarm_registry"":""N"",""in_krit_report"":""N"",""in_patent_applicant_ranking"":""N"",""defense_drone_relation_class"":""미분류"",""classification_basis"":""현재 수집자료 내 직접 근거 없음"",""evidence_count"":""0"",""official_defense_company_designation_verified"":""N"",""designation_note"":""공식 방산업체 지정현황 원본이 이번 묶음에 없어 별도 검증 전에는 지정업체로 표시하지 않음""}"
96d27471dd614784852e18de,CMP0282,한화,드론근거만 확인,1,N,company_master,283,"{""company_id"":""CMP0282"",""company_name_normalized"":""한화"",""company_name_variants"":""주식회사 한화"",""source_flags"":""patent"",""in_portal_directory"":""N"",""in_defense_cost_cert"":""N"",""in_swarm_registry"":""N"",""in_krit_report"":""N"",""in_patent_applicant_ranking"":""Y"",""defense_drone_relation_class"":""드론근거만 확인"",""classification_basis"":""드론 기술·운용 근거는 있으나 방산 참여 근거 미확인"",""evidence_count"":""1"",""official_defense_company_designation_verified"":""N"",""designation_note"":""공식 방산업체 지정현황 원본이 이번 묶음에 없어 별도 검증 전에는 지정업체로 표시하지 않음""}"
f641047be06f18af2b1ca704,CMP0283,한화시스템,교차출처 후보,2,N,company_master,284,"{""company_id"":""CMP0283"",""company_name_normalized"":""한화시스템"",""company_name_variants"":""한화시스템 | 한화시스템 주식회사"",""source_flags"":""cost_cert,patent"",""in_portal_directory"":""N"",""in_defense_cost_cert"":""Y"",""in_swarm_registry"":""N"",""in_krit_report"":""N"",""in_patent_applicant_ranking"":""Y"",""defense_drone_relation_class"":""교차출처 후보"",""classification_basis"":""방산 공식 보조근거와 별도 드론 근거가 함께 존재"",""evidence_count"":""2"",""official_defense_company_designation_verified"":""N"",""designation_note"":""공식 방산업체 지정현황 원본이 이번 묶음에 없어 별도 검증 전에는 지정업체로 표시하지 않음""}"
2ed34c16cc3b75a8075b5721,CMP0284,한화에어로스페이스,교차출처 후보,2,N,company_master,285,"{""company_id"":""CMP0284"",""company_name_normalized"":""한화에어로스페이스"",""company_name_variants"":""한화에어로스페이스 | 한화에어로스페이스 주식회사"",""source_flags"":""cost_cert,patent"",""in_portal_directory"":""N"",""in_defense_cost_cert"":""Y"",""in_swarm_registry"":""N"",""in_krit_report"":""N"",""in_patent_applicant_ranking"":""Y"",""defense_drone_relation_class"":""교차출처 후보"",""classification_basis"":""방산 공식 보조근거와 별도 드론 근거가 함께 존재"",""evidence_count"":""2"",""official_defense_company_designation_verified"":""N"",""designation_note"":""공식 방산업체 지정현황 원본이 이번 묶음에 없어 별도 검증 전에는 지정업체로 표시하지 않음""}"
25d15a28e0a00def6f47ca3d,CMP0285,해양드론기술,미분류,0,N,company_master,286,"{""company_id"":""CMP0285"",""company_name_normalized"":""해양드론기술"",""company_name_variants"":""해양드론기술"",""source_flags"":""portal"",""in_portal_directory"":""Y"",""in_defense_cost_cert"":""N"",""in_swarm_registry"":""N"",""in_krit_report"":""N"",""in_patent_applicant_ranking"":""N"",""defense_drone_relation_class"":""미분류"",""classification_basis"":""현재 수집자료 내 직접 근거 없음"",""evidence_count"":""0"",""official_defense_company_designation_verified"":""N"",""designation_note"":""공식 방산업체 지정현황 원본이 이번 묶음에 없어 별도 검증 전에는 지정업체로 표시하지 않음""}"
e2c8eb5414dfa0f6ca49324a,CMP0286,해오름드론항공,방산인접 탐색후보,1,N,company_master,287,"{""company_id"":""CMP0286"",""company_name_normalized"":""해오름드론항공"",""company_name_variants"":""(주)해오름드론항공"",""source_flags"":""portal"",""in_portal_directory"":""Y"",""in_defense_cost_cert"":""N"",""in_swarm_registry"":""N"",""in_krit_report"":""N"",""in_patent_applicant_ranking"":""N"",""defense_drone_relation_class"":""방산인접 탐색후보"",""classification_basis"":""안티드론 사업분야 태그 존재. 공식 방산 근거 미확인"",""evidence_count"":""1"",""official_defense_company_designation_verified"":""N"",""designation_note"":""공식 방산업체 지정현황 원본이 이번 묶음에 없어 별도 검증 전에는 지정업체로 표시하지 않음""}"
2df40222ef22d43490977f69,CMP0287,허니,미분류,0,N,company_master,288,"{""company_id"":""CMP0287"",""company_name_normalized"":""허니"",""company_name_variants"":""주식회사허니"",""source_flags"":""portal"",""in_portal_directory"":""Y"",""in_defense_cost_cert"":""N"",""in_swarm_registry"":""N"",""in_krit_report"":""N"",""in_patent_applicant_ranking"":""N"",""defense_drone_relation_class"":""미분류"",""classification_basis"":""현재 수집자료 내 직접 근거 없음"",""evidence_count"":""0"",""official_defense_company_designation_verified"":""N"",""designation_note"":""공식 방산업체 지정현황 원본이 이번 묶음에 없어 별도 검증 전에는 지정업체로 표시하지 않음""}"
e50fb6c1cd1b48fb9b09a95c,CMP0288,헤디,미분류,0,N,company_master,289,"{""company_id"":""CMP0288"",""company_name_normalized"":""헤디"",""company_name_variants"":""주식회사 헤디"",""source_flags"":""portal"",""in_portal_directory"":""Y"",""in_defense_cost_cert"":""N"",""in_swarm_registry"":""N"",""in_krit_report"":""N"",""in_patent_applicant_ranking"":""N"",""defense_drone_relation_class"":""미분류"",""classification_basis"":""현재 수집자료 내 직접 근거 없음"",""evidence_count"":""0"",""official_defense_company_designation_verified"":""N"",""designation_note"":""공식 방산업체 지정현황 원본이 이번 묶음에 없어 별도 검증 전에는 지정업체로 표시하지 않음""}"
78d640233b41631fc00561e8,CMP0289,헥사팩토리,미분류,0,N,company_master,290,"{""company_id"":""CMP0289"",""company_name_normalized"":""헥사팩토리"",""company_name_variants"":""헥사팩토리"",""source_flags"":""portal"",""in_portal_directory"":""Y"",""in_defense_cost_cert"":""N"",""in_swarm_registry"":""N"",""in_krit_report"":""N"",""in_patent_applicant_ranking"":""N"",""defense_drone_relation_class"":""미분류"",""classification_basis"":""현재 수집자료 내 직접 근거 없음"",""evidence_count"":""0"",""official_defense_company_designation_verified"":""N"",""designation_note"":""공식 방산업체 지정현황 원본이 이번 묶음에 없어 별도 검증 전에는 지정업체로 표시하지 않음""}"
d5f8b3db37c983c09ef6e9e4,CMP0290,헬셀,미분류,0,N,company_master,291,"{""company_id"":""CMP0290"",""company_name_normalized"":""헬셀"",""company_name_variants"":""주식회사 헬셀"",""source_flags"":""portal"",""in_portal_directory"":""Y"",""in_defense_cost_cert"":""N"",""in_swarm_registry"":""N"",""in_krit_report"":""N"",""in_patent_applicant_ranking"":""N"",""defense_drone_relation_class"":""미분류"",""classification_basis"":""현재 수집자료 내 직접 근거 없음"",""evidence_count"":""0"",""official_defense_company_designation_verified"":""N"",""designation_note"":""공식 방산업체 지정현황 원본이 이번 묶음에 없어 별도 검증 전에는 지정업체로 표시하지 않음""}"
a1f4dad331892afd7ccc1d49,CMP0291,현대로템,방산근거만 확인,1,N,company_master,292,"{""company_id"":""CMP0291"",""company_name_normalized"":""현대로템"",""company_name_variants"":""현대로템"",""source_flags"":""cost_cert"",""in_portal_directory"":""N"",""in_defense_cost_cert"":""Y"",""in_swarm_registry"":""N"",""in_krit_report"":""N"",""in_patent_applicant_ranking"":""N"",""defense_drone_relation_class"":""방산근거만 확인"",""classification_basis"":""방산원가관리체계 인증은 확인되나 드론 참여 근거는 미확인"",""evidence_count"":""1"",""official_defense_company_designation_verified"":""N"",""designation_note"":""공식 방산업체 지정현황 원본이 이번 묶음에 없어 별도 검증 전에는 지정업체로 표시하지 않음""}"
3e85c75cc5628941abe71b15,CMP0292,현대자동차,드론근거만 확인,1,N,company_master,293,"{""company_id"":""CMP0292"",""company_name_normalized"":""현대자동차"",""company_name_variants"":""현대자동차주식회사"",""source_flags"":""patent"",""in_portal_directory"":""N"",""in_defense_cost_cert"":""N"",""in_swarm_registry"":""N"",""in_krit_report"":""N"",""in_patent_applicant_ranking"":""Y"",""defense_drone_relation_class"":""드론근거만 확인"",""classification_basis"":""드론 기술·운용 근거는 있으나 방산 참여 근거 미확인"",""evidence_count"":""1"",""official_defense_company_designation_verified"":""N"",""designation_note"":""공식 방산업체 지정현황 원본이 이번 묶음에 없어 별도 검증 전에는 지정업체로 표시하지 않음""}"
d15c5ca46d329efb680f2369,CMP0293,(협)한국드론진흥원,미분류,0,N,company_master,294,"{""company_id"":""CMP0293"",""company_name_normalized"":""(협)한국드론진흥원"",""company_name_variants"":""(협)한국드론진흥원"",""source_flags"":""portal"",""in_portal_directory"":""Y"",""in_defense_cost_cert"":""N"",""in_swarm_registry"":""N"",""in_krit_report"":""N"",""in_patent_applicant_ranking"":""N"",""defense_drone_relation_class"":""미분류"",""classification_basis"":""현재 수집자료 내 직접 근거 없음"",""evidence_count"":""0"",""official_defense_company_designation_verified"":""N"",""designation_note"":""공식 방산업체 지정현황 원본이 이번 묶음에 없어 별도 검증 전에는 지정업체로 표시하지 않음""}"
cfaaf4f76f9648cfe8668e88,CMP0294,호그린에어,미분류,0,N,company_master,295,"{""company_id"":""CMP0294"",""company_name_normalized"":""호그린에어"",""company_name_variants"":""호그린에어"",""source_flags"":""portal"",""in_portal_directory"":""Y"",""in_defense_cost_cert"":""N"",""in_swarm_registry"":""N"",""in_krit_report"":""N"",""in_patent_applicant_ranking"":""N"",""defense_drone_relation_class"":""미분류"",""classification_basis"":""현재 수집자료 내 직접 근거 없음"",""evidence_count"":""0"",""official_defense_company_designation_verified"":""N"",""designation_note"":""공식 방산업체 지정현황 원본이 이번 묶음에 없어 별도 검증 전에는 지정업체로 표시하지 않음""}"
05a80589a7db1a4152d2d915,CMP0295,훈검항업,미분류,0,N,company_master,296,"{""company_id"":""CMP0295"",""company_name_normalized"":""훈검항업"",""company_name_variants"":""훈검항업 주식회사"",""source_flags"":""portal"",""in_portal_directory"":""Y"",""in_defense_cost_cert"":""N"",""in_swarm_registry"":""N"",""in_krit_report"":""N"",""in_patent_applicant_ranking"":""N"",""defense_drone_relation_class"":""미분류"",""classification_basis"":""현재 수집자료 내 직접 근거 없음"",""evidence_count"":""0"",""official_defense_company_designation_verified"":""N"",""designation_note"":""공식 방산업체 지정현황 원본이 이번 묶음에 없어 별도 검증 전에는 지정업체로 표시하지 않음""}"
b2433028e2c16db695e05fe5,CMP0296,휴니드테크놀러지스,방산근거만 확인,1,N,company_master,297,"{""company_id"":""CMP0296"",""company_name_normalized"":""휴니드테크놀러지스"",""company_name_variants"":""휴니드테크놀러지스"",""source_flags"":""cost_cert"",""in_portal_directory"":""N"",""in_defense_cost_cert"":""Y"",""in_swarm_registry"":""N"",""in_krit_report"":""N"",""in_patent_applicant_ranking"":""N"",""defense_drone_relation_class"":""방산근거만 확인"",""classification_basis"":""방산원가관리체계 인증은 확인되나 드론 참여 근거는 미확인"",""evidence_count"":""1"",""official_defense_company_designation_verified"":""N"",""designation_note"":""공식 방산업체 지정현황 원본이 이번 묶음에 없어 별도 검증 전에는 지정업체로 표시하지 않음""}"
771956f35d0db3dd4c7a7421,CMP0297,휴론네트워크,미분류,0,N,company_master,298,"{""company_id"":""CMP0297"",""company_name_normalized"":""휴론네트워크"",""company_name_variants"":""주식회사 휴론네트워크"",""source_flags"":""portal"",""in_portal_directory"":""Y"",""in_defense_cost_cert"":""N"",""in_swarm_registry"":""N"",""in_krit_report"":""N"",""in_patent_applicant_ranking"":""N"",""defense_drone_relation_class"":""미분류"",""classification_basis"":""현재 수집자료 내 직접 근거 없음"",""evidence_count"":""0"",""official_defense_company_designation_verified"":""N"",""designation_note"":""공식 방산업체 지정현황 원본이 이번 묶음에 없어 별도 검증 전에는 지정업체로 표시하지 않음""}"
fc41cb3bc71cc8847799d839,CMP0298,휴머놀러지,미분류,0,N,company_master,299,"{""company_id"":""CMP0298"",""company_name_normalized"":""휴머놀러지"",""company_name_variants"":""주식회사 휴머놀러지"",""source_flags"":""portal"",""in_portal_directory"":""Y"",""in_defense_cost_cert"":""N"",""in_swarm_registry"":""N"",""in_krit_report"":""N"",""in_patent_applicant_ranking"":""N"",""defense_drone_relation_class"":""미분류"",""classification_basis"":""현재 수집자료 내 직접 근거 없음"",""evidence_count"":""0"",""official_defense_company_designation_verified"":""N"",""designation_note"":""공식 방산업체 지정현황 원본이 이번 묶음에 없어 별도 검증 전에는 지정업체로 표시하지 않음""}"
9e5715c4854ee55265ed3531,CMP0299,휴먼드론개발,미분류,0,N,company_master,300,"{""company_id"":""CMP0299"",""company_name_normalized"":""휴먼드론개발"",""company_name_variants"":""휴먼드론개발"",""source_flags"":""portal"",""in_portal_directory"":""Y"",""in_defense_cost_cert"":""N"",""in_swarm_registry"":""N"",""in_krit_report"":""N"",""in_patent_applicant_ranking"":""N"",""defense_drone_relation_class"":""미분류"",""classification_basis"":""현재 수집자료 내 직접 근거 없음"",""evidence_count"":""0"",""official_defense_company_designation_verified"":""N"",""designation_note"":""공식 방산업체 지정현황 원본이 이번 묶음에 없어 별도 검증 전에는 지정업체로 표시하지 않음""}"
74b384c32f0bf8d2345fbb67,CMP0300,휴인스,미분류,0,N,company_master,301,"{""company_id"":""CMP0300"",""company_name_normalized"":""휴인스"",""company_name_variants"":""휴인스"",""source_flags"":""portal"",""in_portal_directory"":""Y"",""in_defense_cost_cert"":""N"",""in_swarm_registry"":""N"",""in_krit_report"":""N"",""in_patent_applicant_ranking"":""N"",""defense_drone_relation_class"":""미분류"",""classification_basis"":""현재 수집자료 내 직접 근거 없음"",""evidence_count"":""0"",""official_defense_company_designation_verified"":""N"",""designation_note"":""공식 방산업체 지정현황 원본이 이번 묶음에 없어 별도 검증 전에는 지정업체로 표시하지 않음""}"
