record_id,company_id,business_category,defense_relation,source_dataset,source_row,record_json
eec45f86b4b45ce00e999434,CMP0267,감시.정찰.수색,직접,company_category_bridge,2,"{""original"":{""company_id"":""CMP0267"",""company_name_normalized"":""한국드론활용협회"",""business_category"":""감시.정찰.수색"",""source_category_raw"":""감시.정찰.수색/인프라관리/통합솔루션"",""source_file"":""항공안전기술원_드론정보포털_기업명_사업분야_20240424 (1).csv"",""as_of_date"":""2024-04-24"",""defense_use_case_relation"":""직접"",""relation_rationale"":""군 감시·정찰 임무와 직접 연결 가능"",""official_defense_evidence"":""N"",""usage_note"":""탐색용 분류이며 기업의 방산업체 지정·군 납품을 의미하지 않음""},""duplicate_source_rows"":[]}"
b75de99f2cd936abadff2d12,CMP0267,인프라관리,일반,company_category_bridge,3,"{""original"":{""company_id"":""CMP0267"",""company_name_normalized"":""한국드론활용협회"",""business_category"":""인프라관리"",""source_category_raw"":""감시.정찰.수색/인프라관리/통합솔루션"",""source_file"":""항공안전기술원_드론정보포털_기업명_사업분야_20240424 (1).csv"",""as_of_date"":""2024-04-24"",""defense_use_case_relation"":""일반"",""relation_rationale"":""민수 활용 중심이나 군 시설 관리와 교차 가능"",""official_defense_evidence"":""N"",""usage_note"":""탐색용 분류이며 기업의 방산업체 지정·군 납품을 의미하지 않음""},""duplicate_source_rows"":[]}"
5629c48e31f777f7b09b2c61,CMP0267,통합솔루션,인접,company_category_bridge,4,"{""original"":{""company_id"":""CMP0267"",""company_name_normalized"":""한국드론활용협회"",""business_category"":""통합솔루션"",""source_category_raw"":""감시.정찰.수색/인프라관리/통합솔루션"",""source_file"":""항공안전기술원_드론정보포털_기업명_사업분야_20240424 (1).csv"",""as_of_date"":""2024-04-24"",""defense_use_case_relation"":""인접"",""relation_rationale"":""체계통합·운용 소프트웨어와 연결 가능"",""official_defense_evidence"":""N"",""usage_note"":""탐색용 분류이며 기업의 방산업체 지정·군 납품을 의미하지 않음""},""duplicate_source_rows"":[]}"
afbadfb720beef8fb95ca240,CMP0124,방역/방제/살포,낮음,company_category_bridge,5,"{""original"":{""company_id"":""CMP0124"",""company_name_normalized"":""서해항공방제"",""business_category"":""방역/방제/살포"",""source_category_raw"":""방역/방제/살포/방송·공연/임무장비"",""source_file"":""항공안전기술원_드론정보포털_기업명_사업분야_20240424 (1).csv"",""as_of_date"":""2024-04-24"",""defense_use_case_relation"":""낮음"",""relation_rationale"":""주로 민수 활용"",""official_defense_evidence"":""N"",""usage_note"":""탐색용 분류이며 기업의 방산업체 지정·군 납품을 의미하지 않음""},""duplicate_source_rows"":[]}"
aecea3115b5cb5e48ecac1ca,CMP0124,방송·공연,낮음,company_category_bridge,6,"{""original"":{""company_id"":""CMP0124"",""company_name_normalized"":""서해항공방제"",""business_category"":""방송·공연"",""source_category_raw"":""방역/방제/살포/방송·공연/임무장비"",""source_file"":""항공안전기술원_드론정보포털_기업명_사업분야_20240424 (1).csv"",""as_of_date"":""2024-04-24"",""defense_use_case_relation"":""낮음"",""relation_rationale"":""국방 연계 판단 근거로 사용하지 않음"",""official_defense_evidence"":""N"",""usage_note"":""탐색용 분류이며 기업의 방산업체 지정·군 납품을 의미하지 않음""},""duplicate_source_rows"":[]}"
b68493e344d045b33f1e455f,CMP0124,임무장비,직접,company_category_bridge,7,"{""original"":{""company_id"":""CMP0124"",""company_name_normalized"":""서해항공방제"",""business_category"":""임무장비"",""source_category_raw"":""방역/방제/살포/방송·공연/임무장비"",""source_file"":""항공안전기술원_드론정보포털_기업명_사업분야_20240424 (1).csv"",""as_of_date"":""2024-04-24"",""defense_use_case_relation"":""직접"",""relation_rationale"":""정찰·공격·지원 임무장비와 연결 가능"",""official_defense_evidence"":""N"",""usage_note"":""탐색용 분류이며 기업의 방산업체 지정·군 납품을 의미하지 않음""},""duplicate_source_rows"":[]}"
ac0117700888103775e928c2,CMP0019,방역/방제/살포,낮음,company_category_bridge,8,"{""original"":{""company_id"":""CMP0019"",""company_name_normalized"":""규림"",""business_category"":""방역/방제/살포"",""source_category_raw"":""방역/방제/살포/취미·교육/기타"",""source_file"":""항공안전기술원_드론정보포털_기업명_사업분야_20240424 (1).csv"",""as_of_date"":""2024-04-24"",""defense_use_case_relation"":""낮음"",""relation_rationale"":""주로 민수 활용"",""official_defense_evidence"":""N"",""usage_note"":""탐색용 분류이며 기업의 방산업체 지정·군 납품을 의미하지 않음""},""duplicate_source_rows"":[]}"
06e842f4ad79a95d23cfc420,CMP0019,취미·교육,낮음,company_category_bridge,9,"{""original"":{""company_id"":""CMP0019"",""company_name_normalized"":""규림"",""business_category"":""취미·교육"",""source_category_raw"":""방역/방제/살포/취미·교육/기타"",""source_file"":""항공안전기술원_드론정보포털_기업명_사업분야_20240424 (1).csv"",""as_of_date"":""2024-04-24"",""defense_use_case_relation"":""낮음"",""relation_rationale"":""국방 연계 판단 근거로 사용하지 않음"",""official_defense_evidence"":""N"",""usage_note"":""탐색용 분류이며 기업의 방산업체 지정·군 납품을 의미하지 않음""},""duplicate_source_rows"":[]}"
1814e1235753ca9d7d551f1c,CMP0019,기타,미확인,company_category_bridge,10,"{""original"":{""company_id"":""CMP0019"",""company_name_normalized"":""규림"",""business_category"":""기타"",""source_category_raw"":""방역/방제/살포/취미·교육/기타"",""source_file"":""항공안전기술원_드론정보포털_기업명_사업분야_20240424 (1).csv"",""as_of_date"":""2024-04-24"",""defense_use_case_relation"":""미확인"",""relation_rationale"":""세부 내용 확인 필요"",""official_defense_evidence"":""N"",""usage_note"":""탐색용 분류이며 기업의 방산업체 지정·군 납품을 의미하지 않음""},""duplicate_source_rows"":[]}"
94aa5b72c547a2449b2e03d6,CMP0240,감시.정찰.수색,직접,company_category_bridge,11,"{""original"":{""company_id"":""CMP0240"",""company_name_normalized"":""테이슨"",""business_category"":""감시.정찰.수색"",""source_category_raw"":""감시.정찰.수색/인프라관리/통합솔루션/앱"",""source_file"":""항공안전기술원_드론정보포털_기업명_사업분야_20240424 (1).csv"",""as_of_date"":""2024-04-24"",""defense_use_case_relation"":""직접"",""relation_rationale"":""군 감시·정찰 임무와 직접 연결 가능"",""official_defense_evidence"":""N"",""usage_note"":""탐색용 분류이며 기업의 방산업체 지정·군 납품을 의미하지 않음""},""duplicate_source_rows"":[]}"
82dcdaacc2c9cc3c61730e00,CMP0240,인프라관리,일반,company_category_bridge,12,"{""original"":{""company_id"":""CMP0240"",""company_name_normalized"":""테이슨"",""business_category"":""인프라관리"",""source_category_raw"":""감시.정찰.수색/인프라관리/통합솔루션/앱"",""source_file"":""항공안전기술원_드론정보포털_기업명_사업분야_20240424 (1).csv"",""as_of_date"":""2024-04-24"",""defense_use_case_relation"":""일반"",""relation_rationale"":""민수 활용 중심이나 군 시설 관리와 교차 가능"",""official_defense_evidence"":""N"",""usage_note"":""탐색용 분류이며 기업의 방산업체 지정·군 납품을 의미하지 않음""},""duplicate_source_rows"":[]}"
57e87b4e49985a0fc102b791,CMP0240,통합솔루션,인접,company_category_bridge,13,"{""original"":{""company_id"":""CMP0240"",""company_name_normalized"":""테이슨"",""business_category"":""통합솔루션"",""source_category_raw"":""감시.정찰.수색/인프라관리/통합솔루션/앱"",""source_file"":""항공안전기술원_드론정보포털_기업명_사업분야_20240424 (1).csv"",""as_of_date"":""2024-04-24"",""defense_use_case_relation"":""인접"",""relation_rationale"":""체계통합·운용 소프트웨어와 연결 가능"",""official_defense_evidence"":""N"",""usage_note"":""탐색용 분류이며 기업의 방산업체 지정·군 납품을 의미하지 않음""},""duplicate_source_rows"":[]}"
224f2644c951688feca4557b,CMP0240,앱,낮음,company_category_bridge,14,"{""original"":{""company_id"":""CMP0240"",""company_name_normalized"":""테이슨"",""business_category"":""앱"",""source_category_raw"":""감시.정찰.수색/인프라관리/통합솔루션/앱"",""source_file"":""항공안전기술원_드론정보포털_기업명_사업분야_20240424 (1).csv"",""as_of_date"":""2024-04-24"",""defense_use_case_relation"":""낮음"",""relation_rationale"":""세부 기능 확인 전 국방 연계 판단 불가"",""official_defense_evidence"":""N"",""usage_note"":""탐색용 분류이며 기업의 방산업체 지정·군 납품을 의미하지 않음""},""duplicate_source_rows"":[]}"
51c446923eddb9d9d5af9d84,CMP0281,감시.정찰.수색,직접,company_category_bridge,15,"{""original"":{""company_id"":""CMP0281"",""company_name_normalized"":""한컴아카데미"",""business_category"":""감시.정찰.수색"",""source_category_raw"":""감시.정찰.수색/인프라관리/물류·운송·구조/공간정보/특수촬영/방역/방제/살포/환경측량/다목적 H/W/방송·공연/취미·교육/드론스테이션/임무장비/모듈/지상통제장비/통합솔루션/앱"",""source_file"":""항공안전기술원_드론정보포털_기업명_사업분야_20240424 (1).csv"",""as_of_date"":""2024-04-24"",""defense_use_case_relation"":""직접"",""relation_rationale"":""군 감시·정찰 임무와 직접 연결 가능"",""official_defense_evidence"":""N"",""usage_note"":""탐색용 분류이며 기업의 방산업체 지정·군 납품을 의미하지 않음""},""duplicate_source_rows"":[]}"
2a6623df082763ba8fd918b1,CMP0281,인프라관리,일반,company_category_bridge,16,"{""original"":{""company_id"":""CMP0281"",""company_name_normalized"":""한컴아카데미"",""business_category"":""인프라관리"",""source_category_raw"":""감시.정찰.수색/인프라관리/물류·운송·구조/공간정보/특수촬영/방역/방제/살포/환경측량/다목적 H/W/방송·공연/취미·교육/드론스테이션/임무장비/모듈/지상통제장비/통합솔루션/앱"",""source_file"":""항공안전기술원_드론정보포털_기업명_사업분야_20240424 (1).csv"",""as_of_date"":""2024-04-24"",""defense_use_case_relation"":""일반"",""relation_rationale"":""민수 활용 중심이나 군 시설 관리와 교차 가능"",""official_defense_evidence"":""N"",""usage_note"":""탐색용 분류이며 기업의 방산업체 지정·군 납품을 의미하지 않음""},""duplicate_source_rows"":[]}"
2bd24208cfbbbac0cc6e5abd,CMP0281,물류·운송·구조,일반,company_category_bridge,17,"{""original"":{""company_id"":""CMP0281"",""company_name_normalized"":""한컴아카데미"",""business_category"":""물류·운송·구조"",""source_category_raw"":""감시.정찰.수색/인프라관리/물류·운송·구조/공간정보/특수촬영/방역/방제/살포/환경측량/다목적 H/W/방송·공연/취미·교육/드론스테이션/임무장비/모듈/지상통제장비/통합솔루션/앱"",""source_file"":""항공안전기술원_드론정보포털_기업명_사업분야_20240424 (1).csv"",""as_of_date"":""2024-04-24"",""defense_use_case_relation"":""일반"",""relation_rationale"":""군수·수송 용례와 교차 가능"",""official_defense_evidence"":""N"",""usage_note"":""탐색용 분류이며 기업의 방산업체 지정·군 납품을 의미하지 않음""},""duplicate_source_rows"":[]}"
7a3aa12741ffe7b5f3f4f373,CMP0281,공간정보,일반,company_category_bridge,18,"{""original"":{""company_id"":""CMP0281"",""company_name_normalized"":""한컴아카데미"",""business_category"":""공간정보"",""source_category_raw"":""감시.정찰.수색/인프라관리/물류·운송·구조/공간정보/특수촬영/방역/방제/살포/환경측량/다목적 H/W/방송·공연/취미·교육/드론스테이션/임무장비/모듈/지상통제장비/통합솔루션/앱"",""source_file"":""항공안전기술원_드론정보포털_기업명_사업분야_20240424 (1).csv"",""as_of_date"":""2024-04-24"",""defense_use_case_relation"":""일반"",""relation_rationale"":""군 지형·공간정보 용례와 교차 가능"",""official_defense_evidence"":""N"",""usage_note"":""탐색용 분류이며 기업의 방산업체 지정·군 납품을 의미하지 않음""},""duplicate_source_rows"":[]}"
e74ca0ee4613ba8b8f6af42c,CMP0281,특수촬영,일반,company_category_bridge,19,"{""original"":{""company_id"":""CMP0281"",""company_name_normalized"":""한컴아카데미"",""business_category"":""특수촬영"",""source_category_raw"":""감시.정찰.수색/인프라관리/물류·운송·구조/공간정보/특수촬영/방역/방제/살포/환경측량/다목적 H/W/방송·공연/취미·교육/드론스테이션/임무장비/모듈/지상통제장비/통합솔루션/앱"",""source_file"":""항공안전기술원_드론정보포털_기업명_사업분야_20240424 (1).csv"",""as_of_date"":""2024-04-24"",""defense_use_case_relation"":""일반"",""relation_rationale"":""정찰 영상과 기술적으로 인접할 수 있음"",""official_defense_evidence"":""N"",""usage_note"":""탐색용 분류이며 기업의 방산업체 지정·군 납품을 의미하지 않음""},""duplicate_source_rows"":[]}"
1347f3bbc0f4184f9844c2ac,CMP0281,방역/방제/살포,낮음,company_category_bridge,20,"{""original"":{""company_id"":""CMP0281"",""company_name_normalized"":""한컴아카데미"",""business_category"":""방역/방제/살포"",""source_category_raw"":""감시.정찰.수색/인프라관리/물류·운송·구조/공간정보/특수촬영/방역/방제/살포/환경측량/다목적 H/W/방송·공연/취미·교육/드론스테이션/임무장비/모듈/지상통제장비/통합솔루션/앱"",""source_file"":""항공안전기술원_드론정보포털_기업명_사업분야_20240424 (1).csv"",""as_of_date"":""2024-04-24"",""defense_use_case_relation"":""낮음"",""relation_rationale"":""주로 민수 활용"",""official_defense_evidence"":""N"",""usage_note"":""탐색용 분류이며 기업의 방산업체 지정·군 납품을 의미하지 않음""},""duplicate_source_rows"":[]}"
dc714fc70534c3aa50afd283,CMP0281,환경측량,일반,company_category_bridge,21,"{""original"":{""company_id"":""CMP0281"",""company_name_normalized"":""한컴아카데미"",""business_category"":""환경측량"",""source_category_raw"":""감시.정찰.수색/인프라관리/물류·운송·구조/공간정보/특수촬영/방역/방제/살포/환경측량/다목적 H/W/방송·공연/취미·교육/드론스테이션/임무장비/모듈/지상통제장비/통합솔루션/앱"",""source_file"":""항공안전기술원_드론정보포털_기업명_사업분야_20240424 (1).csv"",""as_of_date"":""2024-04-24"",""defense_use_case_relation"":""일반"",""relation_rationale"":""군 환경·지형 조사와 교차 가능"",""official_defense_evidence"":""N"",""usage_note"":""탐색용 분류이며 기업의 방산업체 지정·군 납품을 의미하지 않음""},""duplicate_source_rows"":[]}"
4148d2f64244d67e01072b58,CMP0281,다목적 H/W,인접,company_category_bridge,22,"{""original"":{""company_id"":""CMP0281"",""company_name_normalized"":""한컴아카데미"",""business_category"":""다목적 H/W"",""source_category_raw"":""감시.정찰.수색/인프라관리/물류·운송·구조/공간정보/특수촬영/방역/방제/살포/환경측량/다목적 H/W/방송·공연/취미·교육/드론스테이션/임무장비/모듈/지상통제장비/통합솔루션/앱"",""source_file"":""항공안전기술원_드론정보포털_기업명_사업분야_20240424 (1).csv"",""as_of_date"":""2024-04-24"",""defense_use_case_relation"":""인접"",""relation_rationale"":""기체·전자·탑재체 하드웨어 공급망 후보"",""official_defense_evidence"":""N"",""usage_note"":""탐색용 분류이며 기업의 방산업체 지정·군 납품을 의미하지 않음""},""duplicate_source_rows"":[]}"
0d5a7dd845dc5065ac0e7f0b,CMP0281,방송·공연,낮음,company_category_bridge,23,"{""original"":{""company_id"":""CMP0281"",""company_name_normalized"":""한컴아카데미"",""business_category"":""방송·공연"",""source_category_raw"":""감시.정찰.수색/인프라관리/물류·운송·구조/공간정보/특수촬영/방역/방제/살포/환경측량/다목적 H/W/방송·공연/취미·교육/드론스테이션/임무장비/모듈/지상통제장비/통합솔루션/앱"",""source_file"":""항공안전기술원_드론정보포털_기업명_사업분야_20240424 (1).csv"",""as_of_date"":""2024-04-24"",""defense_use_case_relation"":""낮음"",""relation_rationale"":""국방 연계 판단 근거로 사용하지 않음"",""official_defense_evidence"":""N"",""usage_note"":""탐색용 분류이며 기업의 방산업체 지정·군 납품을 의미하지 않음""},""duplicate_source_rows"":[]}"
a504ac7fd65a3be609c2cfdb,CMP0281,취미·교육,낮음,company_category_bridge,24,"{""original"":{""company_id"":""CMP0281"",""company_name_normalized"":""한컴아카데미"",""business_category"":""취미·교육"",""source_category_raw"":""감시.정찰.수색/인프라관리/물류·운송·구조/공간정보/특수촬영/방역/방제/살포/환경측량/다목적 H/W/방송·공연/취미·교육/드론스테이션/임무장비/모듈/지상통제장비/통합솔루션/앱"",""source_file"":""항공안전기술원_드론정보포털_기업명_사업분야_20240424 (1).csv"",""as_of_date"":""2024-04-24"",""defense_use_case_relation"":""낮음"",""relation_rationale"":""국방 연계 판단 근거로 사용하지 않음"",""official_defense_evidence"":""N"",""usage_note"":""탐색용 분류이며 기업의 방산업체 지정·군 납품을 의미하지 않음""},""duplicate_source_rows"":[]}"
bf368cf2df5f75ad4675558c,CMP0281,드론스테이션,인접,company_category_bridge,25,"{""original"":{""company_id"":""CMP0281"",""company_name_normalized"":""한컴아카데미"",""business_category"":""드론스테이션"",""source_category_raw"":""감시.정찰.수색/인프라관리/물류·운송·구조/공간정보/특수촬영/방역/방제/살포/환경측량/다목적 H/W/방송·공연/취미·교육/드론스테이션/임무장비/모듈/지상통제장비/통합솔루션/앱"",""source_file"":""항공안전기술원_드론정보포털_기업명_사업분야_20240424 (1).csv"",""as_of_date"":""2024-04-24"",""defense_use_case_relation"":""인접"",""relation_rationale"":""무인 운용·원격 통제 인프라 후보"",""official_defense_evidence"":""N"",""usage_note"":""탐색용 분류이며 기업의 방산업체 지정·군 납품을 의미하지 않음""},""duplicate_source_rows"":[]}"
c73a09158f485a431ac6a34b,CMP0281,임무장비,직접,company_category_bridge,26,"{""original"":{""company_id"":""CMP0281"",""company_name_normalized"":""한컴아카데미"",""business_category"":""임무장비"",""source_category_raw"":""감시.정찰.수색/인프라관리/물류·운송·구조/공간정보/특수촬영/방역/방제/살포/환경측량/다목적 H/W/방송·공연/취미·교육/드론스테이션/임무장비/모듈/지상통제장비/통합솔루션/앱"",""source_file"":""항공안전기술원_드론정보포털_기업명_사업분야_20240424 (1).csv"",""as_of_date"":""2024-04-24"",""defense_use_case_relation"":""직접"",""relation_rationale"":""정찰·공격·지원 임무장비와 연결 가능"",""official_defense_evidence"":""N"",""usage_note"":""탐색용 분류이며 기업의 방산업체 지정·군 납품을 의미하지 않음""},""duplicate_source_rows"":[]}"
72a08568ea187b788e44f4f9,CMP0281,모듈,인접,company_category_bridge,27,"{""original"":{""company_id"":""CMP0281"",""company_name_normalized"":""한컴아카데미"",""business_category"":""모듈"",""source_category_raw"":""감시.정찰.수색/인프라관리/물류·운송·구조/공간정보/특수촬영/방역/방제/살포/환경측량/다목적 H/W/방송·공연/취미·교육/드론스테이션/임무장비/모듈/지상통제장비/통합솔루션/앱"",""source_file"":""항공안전기술원_드론정보포털_기업명_사업분야_20240424 (1).csv"",""as_of_date"":""2024-04-24"",""defense_use_case_relation"":""인접"",""relation_rationale"":""국방 드론 부품·모듈 공급망 후보"",""official_defense_evidence"":""N"",""usage_note"":""탐색용 분류이며 기업의 방산업체 지정·군 납품을 의미하지 않음""},""duplicate_source_rows"":[]}"
55e1cd144d17c32c90da6525,CMP0281,지상통제장비,직접,company_category_bridge,28,"{""original"":{""company_id"":""CMP0281"",""company_name_normalized"":""한컴아카데미"",""business_category"":""지상통제장비"",""source_category_raw"":""감시.정찰.수색/인프라관리/물류·운송·구조/공간정보/특수촬영/방역/방제/살포/환경측량/다목적 H/W/방송·공연/취미·교육/드론스테이션/임무장비/모듈/지상통제장비/통합솔루션/앱"",""source_file"":""항공안전기술원_드론정보포털_기업명_사업분야_20240424 (1).csv"",""as_of_date"":""2024-04-24"",""defense_use_case_relation"":""직접"",""relation_rationale"":""GCS·임무통제와 연결 가능"",""official_defense_evidence"":""N"",""usage_note"":""탐색용 분류이며 기업의 방산업체 지정·군 납품을 의미하지 않음""},""duplicate_source_rows"":[]}"
1aba68b828ae52f5be375412,CMP0281,통합솔루션,인접,company_category_bridge,29,"{""original"":{""company_id"":""CMP0281"",""company_name_normalized"":""한컴아카데미"",""business_category"":""통합솔루션"",""source_category_raw"":""감시.정찰.수색/인프라관리/물류·운송·구조/공간정보/특수촬영/방역/방제/살포/환경측량/다목적 H/W/방송·공연/취미·교육/드론스테이션/임무장비/모듈/지상통제장비/통합솔루션/앱"",""source_file"":""항공안전기술원_드론정보포털_기업명_사업분야_20240424 (1).csv"",""as_of_date"":""2024-04-24"",""defense_use_case_relation"":""인접"",""relation_rationale"":""체계통합·운용 소프트웨어와 연결 가능"",""official_defense_evidence"":""N"",""usage_note"":""탐색용 분류이며 기업의 방산업체 지정·군 납품을 의미하지 않음""},""duplicate_source_rows"":[]}"
2c38052cc2c389abf40a5daa,CMP0281,앱,낮음,company_category_bridge,30,"{""original"":{""company_id"":""CMP0281"",""company_name_normalized"":""한컴아카데미"",""business_category"":""앱"",""source_category_raw"":""감시.정찰.수색/인프라관리/물류·운송·구조/공간정보/특수촬영/방역/방제/살포/환경측량/다목적 H/W/방송·공연/취미·교육/드론스테이션/임무장비/모듈/지상통제장비/통합솔루션/앱"",""source_file"":""항공안전기술원_드론정보포털_기업명_사업분야_20240424 (1).csv"",""as_of_date"":""2024-04-24"",""defense_use_case_relation"":""낮음"",""relation_rationale"":""세부 기능 확인 전 국방 연계 판단 불가"",""official_defense_evidence"":""N"",""usage_note"":""탐색용 분류이며 기업의 방산업체 지정·군 납품을 의미하지 않음""},""duplicate_source_rows"":[]}"
ec50e229c81f9ec22dd41907,CMP0006,감시.정찰.수색,직접,company_category_bridge,31,"{""original"":{""company_id"":""CMP0006"",""company_name_normalized"":""가이온"",""business_category"":""감시.정찰.수색"",""source_category_raw"":""감시.정찰.수색/인프라관리/물류·운송·구조/공간정보/특수촬영/방역/방제/살포/다목적 H/W/임무장비/모듈/지상통제장비/통합솔루션"",""source_file"":""항공안전기술원_드론정보포털_기업명_사업분야_20240424 (1).csv"",""as_of_date"":""2024-04-24"",""defense_use_case_relation"":""직접"",""relation_rationale"":""군 감시·정찰 임무와 직접 연결 가능"",""official_defense_evidence"":""N"",""usage_note"":""탐색용 분류이며 기업의 방산업체 지정·군 납품을 의미하지 않음""},""duplicate_source_rows"":[]}"
75c0323e5ebd870d3677c1b6,CMP0006,인프라관리,일반,company_category_bridge,32,"{""original"":{""company_id"":""CMP0006"",""company_name_normalized"":""가이온"",""business_category"":""인프라관리"",""source_category_raw"":""감시.정찰.수색/인프라관리/물류·운송·구조/공간정보/특수촬영/방역/방제/살포/다목적 H/W/임무장비/모듈/지상통제장비/통합솔루션"",""source_file"":""항공안전기술원_드론정보포털_기업명_사업분야_20240424 (1).csv"",""as_of_date"":""2024-04-24"",""defense_use_case_relation"":""일반"",""relation_rationale"":""민수 활용 중심이나 군 시설 관리와 교차 가능"",""official_defense_evidence"":""N"",""usage_note"":""탐색용 분류이며 기업의 방산업체 지정·군 납품을 의미하지 않음""},""duplicate_source_rows"":[]}"
b9513dc507b2b84f75c62420,CMP0006,물류·운송·구조,일반,company_category_bridge,33,"{""original"":{""company_id"":""CMP0006"",""company_name_normalized"":""가이온"",""business_category"":""물류·운송·구조"",""source_category_raw"":""감시.정찰.수색/인프라관리/물류·운송·구조/공간정보/특수촬영/방역/방제/살포/다목적 H/W/임무장비/모듈/지상통제장비/통합솔루션"",""source_file"":""항공안전기술원_드론정보포털_기업명_사업분야_20240424 (1).csv"",""as_of_date"":""2024-04-24"",""defense_use_case_relation"":""일반"",""relation_rationale"":""군수·수송 용례와 교차 가능"",""official_defense_evidence"":""N"",""usage_note"":""탐색용 분류이며 기업의 방산업체 지정·군 납품을 의미하지 않음""},""duplicate_source_rows"":[]}"
83ecbf99a3d6fbe614ff2682,CMP0006,공간정보,일반,company_category_bridge,34,"{""original"":{""company_id"":""CMP0006"",""company_name_normalized"":""가이온"",""business_category"":""공간정보"",""source_category_raw"":""감시.정찰.수색/인프라관리/물류·운송·구조/공간정보/특수촬영/방역/방제/살포/다목적 H/W/임무장비/모듈/지상통제장비/통합솔루션"",""source_file"":""항공안전기술원_드론정보포털_기업명_사업분야_20240424 (1).csv"",""as_of_date"":""2024-04-24"",""defense_use_case_relation"":""일반"",""relation_rationale"":""군 지형·공간정보 용례와 교차 가능"",""official_defense_evidence"":""N"",""usage_note"":""탐색용 분류이며 기업의 방산업체 지정·군 납품을 의미하지 않음""},""duplicate_source_rows"":[]}"
61763918fa3dcc7b3200eb3e,CMP0006,특수촬영,일반,company_category_bridge,35,"{""original"":{""company_id"":""CMP0006"",""company_name_normalized"":""가이온"",""business_category"":""특수촬영"",""source_category_raw"":""감시.정찰.수색/인프라관리/물류·운송·구조/공간정보/특수촬영/방역/방제/살포/다목적 H/W/임무장비/모듈/지상통제장비/통합솔루션"",""source_file"":""항공안전기술원_드론정보포털_기업명_사업분야_20240424 (1).csv"",""as_of_date"":""2024-04-24"",""defense_use_case_relation"":""일반"",""relation_rationale"":""정찰 영상과 기술적으로 인접할 수 있음"",""official_defense_evidence"":""N"",""usage_note"":""탐색용 분류이며 기업의 방산업체 지정·군 납품을 의미하지 않음""},""duplicate_source_rows"":[]}"
a84c4d19eee5aa5934236a52,CMP0006,방역/방제/살포,낮음,company_category_bridge,36,"{""original"":{""company_id"":""CMP0006"",""company_name_normalized"":""가이온"",""business_category"":""방역/방제/살포"",""source_category_raw"":""감시.정찰.수색/인프라관리/물류·운송·구조/공간정보/특수촬영/방역/방제/살포/다목적 H/W/임무장비/모듈/지상통제장비/통합솔루션"",""source_file"":""항공안전기술원_드론정보포털_기업명_사업분야_20240424 (1).csv"",""as_of_date"":""2024-04-24"",""defense_use_case_relation"":""낮음"",""relation_rationale"":""주로 민수 활용"",""official_defense_evidence"":""N"",""usage_note"":""탐색용 분류이며 기업의 방산업체 지정·군 납품을 의미하지 않음""},""duplicate_source_rows"":[]}"
0353a1d95c11f4b0937d850a,CMP0006,다목적 H/W,인접,company_category_bridge,37,"{""original"":{""company_id"":""CMP0006"",""company_name_normalized"":""가이온"",""business_category"":""다목적 H/W"",""source_category_raw"":""감시.정찰.수색/인프라관리/물류·운송·구조/공간정보/특수촬영/방역/방제/살포/다목적 H/W/임무장비/모듈/지상통제장비/통합솔루션"",""source_file"":""항공안전기술원_드론정보포털_기업명_사업분야_20240424 (1).csv"",""as_of_date"":""2024-04-24"",""defense_use_case_relation"":""인접"",""relation_rationale"":""기체·전자·탑재체 하드웨어 공급망 후보"",""official_defense_evidence"":""N"",""usage_note"":""탐색용 분류이며 기업의 방산업체 지정·군 납품을 의미하지 않음""},""duplicate_source_rows"":[]}"
5caa2d082f2058d1930f7b91,CMP0006,임무장비,직접,company_category_bridge,38,"{""original"":{""company_id"":""CMP0006"",""company_name_normalized"":""가이온"",""business_category"":""임무장비"",""source_category_raw"":""감시.정찰.수색/인프라관리/물류·운송·구조/공간정보/특수촬영/방역/방제/살포/다목적 H/W/임무장비/모듈/지상통제장비/통합솔루션"",""source_file"":""항공안전기술원_드론정보포털_기업명_사업분야_20240424 (1).csv"",""as_of_date"":""2024-04-24"",""defense_use_case_relation"":""직접"",""relation_rationale"":""정찰·공격·지원 임무장비와 연결 가능"",""official_defense_evidence"":""N"",""usage_note"":""탐색용 분류이며 기업의 방산업체 지정·군 납품을 의미하지 않음""},""duplicate_source_rows"":[]}"
47d874d19660846d3eba63fc,CMP0006,모듈,인접,company_category_bridge,39,"{""original"":{""company_id"":""CMP0006"",""company_name_normalized"":""가이온"",""business_category"":""모듈"",""source_category_raw"":""감시.정찰.수색/인프라관리/물류·운송·구조/공간정보/특수촬영/방역/방제/살포/다목적 H/W/임무장비/모듈/지상통제장비/통합솔루션"",""source_file"":""항공안전기술원_드론정보포털_기업명_사업분야_20240424 (1).csv"",""as_of_date"":""2024-04-24"",""defense_use_case_relation"":""인접"",""relation_rationale"":""국방 드론 부품·모듈 공급망 후보"",""official_defense_evidence"":""N"",""usage_note"":""탐색용 분류이며 기업의 방산업체 지정·군 납품을 의미하지 않음""},""duplicate_source_rows"":[]}"
c926f5ebd038f21dd779f062,CMP0006,지상통제장비,직접,company_category_bridge,40,"{""original"":{""company_id"":""CMP0006"",""company_name_normalized"":""가이온"",""business_category"":""지상통제장비"",""source_category_raw"":""감시.정찰.수색/인프라관리/물류·운송·구조/공간정보/특수촬영/방역/방제/살포/다목적 H/W/임무장비/모듈/지상통제장비/통합솔루션"",""source_file"":""항공안전기술원_드론정보포털_기업명_사업분야_20240424 (1).csv"",""as_of_date"":""2024-04-24"",""defense_use_case_relation"":""직접"",""relation_rationale"":""GCS·임무통제와 연결 가능"",""official_defense_evidence"":""N"",""usage_note"":""탐색용 분류이며 기업의 방산업체 지정·군 납품을 의미하지 않음""},""duplicate_source_rows"":[]}"
fbd3f63bd88e4f474e328a7a,CMP0006,통합솔루션,인접,company_category_bridge,41,"{""original"":{""company_id"":""CMP0006"",""company_name_normalized"":""가이온"",""business_category"":""통합솔루션"",""source_category_raw"":""감시.정찰.수색/인프라관리/물류·운송·구조/공간정보/특수촬영/방역/방제/살포/다목적 H/W/임무장비/모듈/지상통제장비/통합솔루션"",""source_file"":""항공안전기술원_드론정보포털_기업명_사업분야_20240424 (1).csv"",""as_of_date"":""2024-04-24"",""defense_use_case_relation"":""인접"",""relation_rationale"":""체계통합·운용 소프트웨어와 연결 가능"",""official_defense_evidence"":""N"",""usage_note"":""탐색용 분류이며 기업의 방산업체 지정·군 납품을 의미하지 않음""},""duplicate_source_rows"":[]}"
65ed8e9489d2c1112fd05162,CMP0018,감시.정찰.수색,직접,company_category_bridge,42,"{""original"":{""company_id"":""CMP0018"",""company_name_normalized"":""군집텍"",""business_category"":""감시.정찰.수색"",""source_category_raw"":""감시.정찰.수색/인프라관리/물류·운송·구조/공간정보/특수촬영/방역/방제/살포/환경측량/다목적 H/W/방송·공연/취미·교육/드론스테이션/임무장비/지상통제장비/통합솔루션"",""source_file"":""항공안전기술원_드론정보포털_기업명_사업분야_20240424 (1).csv"",""as_of_date"":""2024-04-24"",""defense_use_case_relation"":""직접"",""relation_rationale"":""군 감시·정찰 임무와 직접 연결 가능"",""official_defense_evidence"":""N"",""usage_note"":""탐색용 분류이며 기업의 방산업체 지정·군 납품을 의미하지 않음""},""duplicate_source_rows"":[]}"
2aba8fff184be3b57b13c539,CMP0018,인프라관리,일반,company_category_bridge,43,"{""original"":{""company_id"":""CMP0018"",""company_name_normalized"":""군집텍"",""business_category"":""인프라관리"",""source_category_raw"":""감시.정찰.수색/인프라관리/물류·운송·구조/공간정보/특수촬영/방역/방제/살포/환경측량/다목적 H/W/방송·공연/취미·교육/드론스테이션/임무장비/지상통제장비/통합솔루션"",""source_file"":""항공안전기술원_드론정보포털_기업명_사업분야_20240424 (1).csv"",""as_of_date"":""2024-04-24"",""defense_use_case_relation"":""일반"",""relation_rationale"":""민수 활용 중심이나 군 시설 관리와 교차 가능"",""official_defense_evidence"":""N"",""usage_note"":""탐색용 분류이며 기업의 방산업체 지정·군 납품을 의미하지 않음""},""duplicate_source_rows"":[]}"
47ac9af9463fc3b96b4e4ba3,CMP0018,물류·운송·구조,일반,company_category_bridge,44,"{""original"":{""company_id"":""CMP0018"",""company_name_normalized"":""군집텍"",""business_category"":""물류·운송·구조"",""source_category_raw"":""감시.정찰.수색/인프라관리/물류·운송·구조/공간정보/특수촬영/방역/방제/살포/환경측량/다목적 H/W/방송·공연/취미·교육/드론스테이션/임무장비/지상통제장비/통합솔루션"",""source_file"":""항공안전기술원_드론정보포털_기업명_사업분야_20240424 (1).csv"",""as_of_date"":""2024-04-24"",""defense_use_case_relation"":""일반"",""relation_rationale"":""군수·수송 용례와 교차 가능"",""official_defense_evidence"":""N"",""usage_note"":""탐색용 분류이며 기업의 방산업체 지정·군 납품을 의미하지 않음""},""duplicate_source_rows"":[]}"
cbfeb7730c8c5692c38a6231,CMP0018,공간정보,일반,company_category_bridge,45,"{""original"":{""company_id"":""CMP0018"",""company_name_normalized"":""군집텍"",""business_category"":""공간정보"",""source_category_raw"":""감시.정찰.수색/인프라관리/물류·운송·구조/공간정보/특수촬영/방역/방제/살포/환경측량/다목적 H/W/방송·공연/취미·교육/드론스테이션/임무장비/지상통제장비/통합솔루션"",""source_file"":""항공안전기술원_드론정보포털_기업명_사업분야_20240424 (1).csv"",""as_of_date"":""2024-04-24"",""defense_use_case_relation"":""일반"",""relation_rationale"":""군 지형·공간정보 용례와 교차 가능"",""official_defense_evidence"":""N"",""usage_note"":""탐색용 분류이며 기업의 방산업체 지정·군 납품을 의미하지 않음""},""duplicate_source_rows"":[]}"
26ec38b4d508af1f1a237c75,CMP0018,특수촬영,일반,company_category_bridge,46,"{""original"":{""company_id"":""CMP0018"",""company_name_normalized"":""군집텍"",""business_category"":""특수촬영"",""source_category_raw"":""감시.정찰.수색/인프라관리/물류·운송·구조/공간정보/특수촬영/방역/방제/살포/환경측량/다목적 H/W/방송·공연/취미·교육/드론스테이션/임무장비/지상통제장비/통합솔루션"",""source_file"":""항공안전기술원_드론정보포털_기업명_사업분야_20240424 (1).csv"",""as_of_date"":""2024-04-24"",""defense_use_case_relation"":""일반"",""relation_rationale"":""정찰 영상과 기술적으로 인접할 수 있음"",""official_defense_evidence"":""N"",""usage_note"":""탐색용 분류이며 기업의 방산업체 지정·군 납품을 의미하지 않음""},""duplicate_source_rows"":[]}"
a314eae7b889f0fb9ca8670f,CMP0018,방역/방제/살포,낮음,company_category_bridge,47,"{""original"":{""company_id"":""CMP0018"",""company_name_normalized"":""군집텍"",""business_category"":""방역/방제/살포"",""source_category_raw"":""감시.정찰.수색/인프라관리/물류·운송·구조/공간정보/특수촬영/방역/방제/살포/환경측량/다목적 H/W/방송·공연/취미·교육/드론스테이션/임무장비/지상통제장비/통합솔루션"",""source_file"":""항공안전기술원_드론정보포털_기업명_사업분야_20240424 (1).csv"",""as_of_date"":""2024-04-24"",""defense_use_case_relation"":""낮음"",""relation_rationale"":""주로 민수 활용"",""official_defense_evidence"":""N"",""usage_note"":""탐색용 분류이며 기업의 방산업체 지정·군 납품을 의미하지 않음""},""duplicate_source_rows"":[]}"
2f72f219cfbda01539fa5eef,CMP0018,환경측량,일반,company_category_bridge,48,"{""original"":{""company_id"":""CMP0018"",""company_name_normalized"":""군집텍"",""business_category"":""환경측량"",""source_category_raw"":""감시.정찰.수색/인프라관리/물류·운송·구조/공간정보/특수촬영/방역/방제/살포/환경측량/다목적 H/W/방송·공연/취미·교육/드론스테이션/임무장비/지상통제장비/통합솔루션"",""source_file"":""항공안전기술원_드론정보포털_기업명_사업분야_20240424 (1).csv"",""as_of_date"":""2024-04-24"",""defense_use_case_relation"":""일반"",""relation_rationale"":""군 환경·지형 조사와 교차 가능"",""official_defense_evidence"":""N"",""usage_note"":""탐색용 분류이며 기업의 방산업체 지정·군 납품을 의미하지 않음""},""duplicate_source_rows"":[]}"
623421483fac98ddf46f3b9c,CMP0018,다목적 H/W,인접,company_category_bridge,49,"{""original"":{""company_id"":""CMP0018"",""company_name_normalized"":""군집텍"",""business_category"":""다목적 H/W"",""source_category_raw"":""감시.정찰.수색/인프라관리/물류·운송·구조/공간정보/특수촬영/방역/방제/살포/환경측량/다목적 H/W/방송·공연/취미·교육/드론스테이션/임무장비/지상통제장비/통합솔루션"",""source_file"":""항공안전기술원_드론정보포털_기업명_사업분야_20240424 (1).csv"",""as_of_date"":""2024-04-24"",""defense_use_case_relation"":""인접"",""relation_rationale"":""기체·전자·탑재체 하드웨어 공급망 후보"",""official_defense_evidence"":""N"",""usage_note"":""탐색용 분류이며 기업의 방산업체 지정·군 납품을 의미하지 않음""},""duplicate_source_rows"":[]}"
d9cb6e200f0856d6fa24fb74,CMP0018,방송·공연,낮음,company_category_bridge,50,"{""original"":{""company_id"":""CMP0018"",""company_name_normalized"":""군집텍"",""business_category"":""방송·공연"",""source_category_raw"":""감시.정찰.수색/인프라관리/물류·운송·구조/공간정보/특수촬영/방역/방제/살포/환경측량/다목적 H/W/방송·공연/취미·교육/드론스테이션/임무장비/지상통제장비/통합솔루션"",""source_file"":""항공안전기술원_드론정보포털_기업명_사업분야_20240424 (1).csv"",""as_of_date"":""2024-04-24"",""defense_use_case_relation"":""낮음"",""relation_rationale"":""국방 연계 판단 근거로 사용하지 않음"",""official_defense_evidence"":""N"",""usage_note"":""탐색용 분류이며 기업의 방산업체 지정·군 납품을 의미하지 않음""},""duplicate_source_rows"":[]}"
5fe310d033289b4936ceb1ec,CMP0018,취미·교육,낮음,company_category_bridge,51,"{""original"":{""company_id"":""CMP0018"",""company_name_normalized"":""군집텍"",""business_category"":""취미·교육"",""source_category_raw"":""감시.정찰.수색/인프라관리/물류·운송·구조/공간정보/특수촬영/방역/방제/살포/환경측량/다목적 H/W/방송·공연/취미·교육/드론스테이션/임무장비/지상통제장비/통합솔루션"",""source_file"":""항공안전기술원_드론정보포털_기업명_사업분야_20240424 (1).csv"",""as_of_date"":""2024-04-24"",""defense_use_case_relation"":""낮음"",""relation_rationale"":""국방 연계 판단 근거로 사용하지 않음"",""official_defense_evidence"":""N"",""usage_note"":""탐색용 분류이며 기업의 방산업체 지정·군 납품을 의미하지 않음""},""duplicate_source_rows"":[]}"
3bea3167c14820393f0a3f91,CMP0018,드론스테이션,인접,company_category_bridge,52,"{""original"":{""company_id"":""CMP0018"",""company_name_normalized"":""군집텍"",""business_category"":""드론스테이션"",""source_category_raw"":""감시.정찰.수색/인프라관리/물류·운송·구조/공간정보/특수촬영/방역/방제/살포/환경측량/다목적 H/W/방송·공연/취미·교육/드론스테이션/임무장비/지상통제장비/통합솔루션"",""source_file"":""항공안전기술원_드론정보포털_기업명_사업분야_20240424 (1).csv"",""as_of_date"":""2024-04-24"",""defense_use_case_relation"":""인접"",""relation_rationale"":""무인 운용·원격 통제 인프라 후보"",""official_defense_evidence"":""N"",""usage_note"":""탐색용 분류이며 기업의 방산업체 지정·군 납품을 의미하지 않음""},""duplicate_source_rows"":[]}"
15276820081102894a5c017d,CMP0018,임무장비,직접,company_category_bridge,53,"{""original"":{""company_id"":""CMP0018"",""company_name_normalized"":""군집텍"",""business_category"":""임무장비"",""source_category_raw"":""감시.정찰.수색/인프라관리/물류·운송·구조/공간정보/특수촬영/방역/방제/살포/환경측량/다목적 H/W/방송·공연/취미·교육/드론스테이션/임무장비/지상통제장비/통합솔루션"",""source_file"":""항공안전기술원_드론정보포털_기업명_사업분야_20240424 (1).csv"",""as_of_date"":""2024-04-24"",""defense_use_case_relation"":""직접"",""relation_rationale"":""정찰·공격·지원 임무장비와 연결 가능"",""official_defense_evidence"":""N"",""usage_note"":""탐색용 분류이며 기업의 방산업체 지정·군 납품을 의미하지 않음""},""duplicate_source_rows"":[]}"
b1a4c290c9740bb2170429c3,CMP0018,지상통제장비,직접,company_category_bridge,54,"{""original"":{""company_id"":""CMP0018"",""company_name_normalized"":""군집텍"",""business_category"":""지상통제장비"",""source_category_raw"":""감시.정찰.수색/인프라관리/물류·운송·구조/공간정보/특수촬영/방역/방제/살포/환경측량/다목적 H/W/방송·공연/취미·교육/드론스테이션/임무장비/지상통제장비/통합솔루션"",""source_file"":""항공안전기술원_드론정보포털_기업명_사업분야_20240424 (1).csv"",""as_of_date"":""2024-04-24"",""defense_use_case_relation"":""직접"",""relation_rationale"":""GCS·임무통제와 연결 가능"",""official_defense_evidence"":""N"",""usage_note"":""탐색용 분류이며 기업의 방산업체 지정·군 납품을 의미하지 않음""},""duplicate_source_rows"":[]}"
18003728120965c504a0c6e2,CMP0018,통합솔루션,인접,company_category_bridge,55,"{""original"":{""company_id"":""CMP0018"",""company_name_normalized"":""군집텍"",""business_category"":""통합솔루션"",""source_category_raw"":""감시.정찰.수색/인프라관리/물류·운송·구조/공간정보/특수촬영/방역/방제/살포/환경측량/다목적 H/W/방송·공연/취미·교육/드론스테이션/임무장비/지상통제장비/통합솔루션"",""source_file"":""항공안전기술원_드론정보포털_기업명_사업분야_20240424 (1).csv"",""as_of_date"":""2024-04-24"",""defense_use_case_relation"":""인접"",""relation_rationale"":""체계통합·운용 소프트웨어와 연결 가능"",""official_defense_evidence"":""N"",""usage_note"":""탐색용 분류이며 기업의 방산업체 지정·군 납품을 의미하지 않음""},""duplicate_source_rows"":[]}"
c34283884fd852f59637c513,CMP0040,지상통제장비,직접,company_category_bridge,56,"{""original"":{""company_id"":""CMP0040"",""company_name_normalized"":""다츠"",""business_category"":""지상통제장비"",""source_category_raw"":""지상통제장비/통합솔루션/감시.정찰.수색/인프라관리/물류·운송·구조/다목적 H/W/임무장비"",""source_file"":""항공안전기술원_드론정보포털_기업명_사업분야_20240424 (1).csv"",""as_of_date"":""2024-04-24"",""defense_use_case_relation"":""직접"",""relation_rationale"":""GCS·임무통제와 연결 가능"",""official_defense_evidence"":""N"",""usage_note"":""탐색용 분류이며 기업의 방산업체 지정·군 납품을 의미하지 않음""},""duplicate_source_rows"":[]}"
6b852ed905f2c16756d43bdd,CMP0040,통합솔루션,인접,company_category_bridge,57,"{""original"":{""company_id"":""CMP0040"",""company_name_normalized"":""다츠"",""business_category"":""통합솔루션"",""source_category_raw"":""지상통제장비/통합솔루션/감시.정찰.수색/인프라관리/물류·운송·구조/다목적 H/W/임무장비"",""source_file"":""항공안전기술원_드론정보포털_기업명_사업분야_20240424 (1).csv"",""as_of_date"":""2024-04-24"",""defense_use_case_relation"":""인접"",""relation_rationale"":""체계통합·운용 소프트웨어와 연결 가능"",""official_defense_evidence"":""N"",""usage_note"":""탐색용 분류이며 기업의 방산업체 지정·군 납품을 의미하지 않음""},""duplicate_source_rows"":[]}"
223e6a3d022c89f6f308f418,CMP0040,감시.정찰.수색,직접,company_category_bridge,58,"{""original"":{""company_id"":""CMP0040"",""company_name_normalized"":""다츠"",""business_category"":""감시.정찰.수색"",""source_category_raw"":""지상통제장비/통합솔루션/감시.정찰.수색/인프라관리/물류·운송·구조/다목적 H/W/임무장비"",""source_file"":""항공안전기술원_드론정보포털_기업명_사업분야_20240424 (1).csv"",""as_of_date"":""2024-04-24"",""defense_use_case_relation"":""직접"",""relation_rationale"":""군 감시·정찰 임무와 직접 연결 가능"",""official_defense_evidence"":""N"",""usage_note"":""탐색용 분류이며 기업의 방산업체 지정·군 납품을 의미하지 않음""},""duplicate_source_rows"":[]}"
4c977f5012b6efca120a16b1,CMP0040,인프라관리,일반,company_category_bridge,59,"{""original"":{""company_id"":""CMP0040"",""company_name_normalized"":""다츠"",""business_category"":""인프라관리"",""source_category_raw"":""지상통제장비/통합솔루션/감시.정찰.수색/인프라관리/물류·운송·구조/다목적 H/W/임무장비"",""source_file"":""항공안전기술원_드론정보포털_기업명_사업분야_20240424 (1).csv"",""as_of_date"":""2024-04-24"",""defense_use_case_relation"":""일반"",""relation_rationale"":""민수 활용 중심이나 군 시설 관리와 교차 가능"",""official_defense_evidence"":""N"",""usage_note"":""탐색용 분류이며 기업의 방산업체 지정·군 납품을 의미하지 않음""},""duplicate_source_rows"":[]}"
aa3a3ac624bc33f8a9ad65f6,CMP0040,물류·운송·구조,일반,company_category_bridge,60,"{""original"":{""company_id"":""CMP0040"",""company_name_normalized"":""다츠"",""business_category"":""물류·운송·구조"",""source_category_raw"":""지상통제장비/통합솔루션/감시.정찰.수색/인프라관리/물류·운송·구조/다목적 H/W/임무장비"",""source_file"":""항공안전기술원_드론정보포털_기업명_사업분야_20240424 (1).csv"",""as_of_date"":""2024-04-24"",""defense_use_case_relation"":""일반"",""relation_rationale"":""군수·수송 용례와 교차 가능"",""official_defense_evidence"":""N"",""usage_note"":""탐색용 분류이며 기업의 방산업체 지정·군 납품을 의미하지 않음""},""duplicate_source_rows"":[]}"
312dbb5b5ad6dc76c1224050,CMP0040,다목적 H/W,인접,company_category_bridge,61,"{""original"":{""company_id"":""CMP0040"",""company_name_normalized"":""다츠"",""business_category"":""다목적 H/W"",""source_category_raw"":""지상통제장비/통합솔루션/감시.정찰.수색/인프라관리/물류·운송·구조/다목적 H/W/임무장비"",""source_file"":""항공안전기술원_드론정보포털_기업명_사업분야_20240424 (1).csv"",""as_of_date"":""2024-04-24"",""defense_use_case_relation"":""인접"",""relation_rationale"":""기체·전자·탑재체 하드웨어 공급망 후보"",""official_defense_evidence"":""N"",""usage_note"":""탐색용 분류이며 기업의 방산업체 지정·군 납품을 의미하지 않음""},""duplicate_source_rows"":[]}"
a90c7c13dd425e04f10a1f3e,CMP0040,임무장비,직접,company_category_bridge,62,"{""original"":{""company_id"":""CMP0040"",""company_name_normalized"":""다츠"",""business_category"":""임무장비"",""source_category_raw"":""지상통제장비/통합솔루션/감시.정찰.수색/인프라관리/물류·운송·구조/다목적 H/W/임무장비"",""source_file"":""항공안전기술원_드론정보포털_기업명_사업분야_20240424 (1).csv"",""as_of_date"":""2024-04-24"",""defense_use_case_relation"":""직접"",""relation_rationale"":""정찰·공격·지원 임무장비와 연결 가능"",""official_defense_evidence"":""N"",""usage_note"":""탐색용 분류이며 기업의 방산업체 지정·군 납품을 의미하지 않음""},""duplicate_source_rows"":[]}"
5ed53db0805d57ab69d8b91e,CMP0069,감시.정찰.수색,직접,company_category_bridge,63,"{""original"":{""company_id"":""CMP0069"",""company_name_normalized"":""드론아카데미"",""business_category"":""감시.정찰.수색"",""source_category_raw"":""감시.정찰.수색/인프라관리/물류·운송·구조/공간정보/특수촬영/방송·공연/취미·교육/임무장비"",""source_file"":""항공안전기술원_드론정보포털_기업명_사업분야_20240424 (1).csv"",""as_of_date"":""2024-04-24"",""defense_use_case_relation"":""직접"",""relation_rationale"":""군 감시·정찰 임무와 직접 연결 가능"",""official_defense_evidence"":""N"",""usage_note"":""탐색용 분류이며 기업의 방산업체 지정·군 납품을 의미하지 않음""},""duplicate_source_rows"":[]}"
312566ecd1ebb7c3aedc1e96,CMP0069,인프라관리,일반,company_category_bridge,64,"{""original"":{""company_id"":""CMP0069"",""company_name_normalized"":""드론아카데미"",""business_category"":""인프라관리"",""source_category_raw"":""감시.정찰.수색/인프라관리/물류·운송·구조/공간정보/특수촬영/방송·공연/취미·교육/임무장비"",""source_file"":""항공안전기술원_드론정보포털_기업명_사업분야_20240424 (1).csv"",""as_of_date"":""2024-04-24"",""defense_use_case_relation"":""일반"",""relation_rationale"":""민수 활용 중심이나 군 시설 관리와 교차 가능"",""official_defense_evidence"":""N"",""usage_note"":""탐색용 분류이며 기업의 방산업체 지정·군 납품을 의미하지 않음""},""duplicate_source_rows"":[]}"
406b107b8c745fc162528413,CMP0069,물류·운송·구조,일반,company_category_bridge,65,"{""original"":{""company_id"":""CMP0069"",""company_name_normalized"":""드론아카데미"",""business_category"":""물류·운송·구조"",""source_category_raw"":""감시.정찰.수색/인프라관리/물류·운송·구조/공간정보/특수촬영/방송·공연/취미·교육/임무장비"",""source_file"":""항공안전기술원_드론정보포털_기업명_사업분야_20240424 (1).csv"",""as_of_date"":""2024-04-24"",""defense_use_case_relation"":""일반"",""relation_rationale"":""군수·수송 용례와 교차 가능"",""official_defense_evidence"":""N"",""usage_note"":""탐색용 분류이며 기업의 방산업체 지정·군 납품을 의미하지 않음""},""duplicate_source_rows"":[]}"
2d0d7784a9269e048841d2f7,CMP0069,공간정보,일반,company_category_bridge,66,"{""original"":{""company_id"":""CMP0069"",""company_name_normalized"":""드론아카데미"",""business_category"":""공간정보"",""source_category_raw"":""감시.정찰.수색/인프라관리/물류·운송·구조/공간정보/특수촬영/방송·공연/취미·교육/임무장비"",""source_file"":""항공안전기술원_드론정보포털_기업명_사업분야_20240424 (1).csv"",""as_of_date"":""2024-04-24"",""defense_use_case_relation"":""일반"",""relation_rationale"":""군 지형·공간정보 용례와 교차 가능"",""official_defense_evidence"":""N"",""usage_note"":""탐색용 분류이며 기업의 방산업체 지정·군 납품을 의미하지 않음""},""duplicate_source_rows"":[]}"
175de76aeb864ebad95002fd,CMP0069,특수촬영,일반,company_category_bridge,67,"{""original"":{""company_id"":""CMP0069"",""company_name_normalized"":""드론아카데미"",""business_category"":""특수촬영"",""source_category_raw"":""감시.정찰.수색/인프라관리/물류·운송·구조/공간정보/특수촬영/방송·공연/취미·교육/임무장비"",""source_file"":""항공안전기술원_드론정보포털_기업명_사업분야_20240424 (1).csv"",""as_of_date"":""2024-04-24"",""defense_use_case_relation"":""일반"",""relation_rationale"":""정찰 영상과 기술적으로 인접할 수 있음"",""official_defense_evidence"":""N"",""usage_note"":""탐색용 분류이며 기업의 방산업체 지정·군 납품을 의미하지 않음""},""duplicate_source_rows"":[]}"
93a226098221a2a7d1a15ca2,CMP0069,방송·공연,낮음,company_category_bridge,68,"{""original"":{""company_id"":""CMP0069"",""company_name_normalized"":""드론아카데미"",""business_category"":""방송·공연"",""source_category_raw"":""감시.정찰.수색/인프라관리/물류·운송·구조/공간정보/특수촬영/방송·공연/취미·교육/임무장비"",""source_file"":""항공안전기술원_드론정보포털_기업명_사업분야_20240424 (1).csv"",""as_of_date"":""2024-04-24"",""defense_use_case_relation"":""낮음"",""relation_rationale"":""국방 연계 판단 근거로 사용하지 않음"",""official_defense_evidence"":""N"",""usage_note"":""탐색용 분류이며 기업의 방산업체 지정·군 납품을 의미하지 않음""},""duplicate_source_rows"":[]}"
f8492d6f8d16a0af7aa960d4,CMP0069,취미·교육,낮음,company_category_bridge,69,"{""original"":{""company_id"":""CMP0069"",""company_name_normalized"":""드론아카데미"",""business_category"":""취미·교육"",""source_category_raw"":""감시.정찰.수색/인프라관리/물류·운송·구조/공간정보/특수촬영/방송·공연/취미·교육/임무장비"",""source_file"":""항공안전기술원_드론정보포털_기업명_사업분야_20240424 (1).csv"",""as_of_date"":""2024-04-24"",""defense_use_case_relation"":""낮음"",""relation_rationale"":""국방 연계 판단 근거로 사용하지 않음"",""official_defense_evidence"":""N"",""usage_note"":""탐색용 분류이며 기업의 방산업체 지정·군 납품을 의미하지 않음""},""duplicate_source_rows"":[]}"
95c3dcf3249b06fa450043a8,CMP0069,임무장비,직접,company_category_bridge,70,"{""original"":{""company_id"":""CMP0069"",""company_name_normalized"":""드론아카데미"",""business_category"":""임무장비"",""source_category_raw"":""감시.정찰.수색/인프라관리/물류·운송·구조/공간정보/특수촬영/방송·공연/취미·교육/임무장비"",""source_file"":""항공안전기술원_드론정보포털_기업명_사업분야_20240424 (1).csv"",""as_of_date"":""2024-04-24"",""defense_use_case_relation"":""직접"",""relation_rationale"":""정찰·공격·지원 임무장비와 연결 가능"",""official_defense_evidence"":""N"",""usage_note"":""탐색용 분류이며 기업의 방산업체 지정·군 납품을 의미하지 않음""},""duplicate_source_rows"":[]}"
ef2067d71d9120ca21dfefba,CMP0080,방역/방제/살포,낮음,company_category_bridge,71,"{""original"":{""company_id"":""CMP0080"",""company_name_normalized"":""디알원"",""business_category"":""방역/방제/살포"",""source_category_raw"":""방역/방제/살포/다목적 H/W/임무장비"",""source_file"":""항공안전기술원_드론정보포털_기업명_사업분야_20240424 (1).csv"",""as_of_date"":""2024-04-24"",""defense_use_case_relation"":""낮음"",""relation_rationale"":""주로 민수 활용"",""official_defense_evidence"":""N"",""usage_note"":""탐색용 분류이며 기업의 방산업체 지정·군 납품을 의미하지 않음""},""duplicate_source_rows"":[]}"
9f95561f33d86aa8179e2371,CMP0080,다목적 H/W,인접,company_category_bridge,72,"{""original"":{""company_id"":""CMP0080"",""company_name_normalized"":""디알원"",""business_category"":""다목적 H/W"",""source_category_raw"":""방역/방제/살포/다목적 H/W/임무장비"",""source_file"":""항공안전기술원_드론정보포털_기업명_사업분야_20240424 (1).csv"",""as_of_date"":""2024-04-24"",""defense_use_case_relation"":""인접"",""relation_rationale"":""기체·전자·탑재체 하드웨어 공급망 후보"",""official_defense_evidence"":""N"",""usage_note"":""탐색용 분류이며 기업의 방산업체 지정·군 납품을 의미하지 않음""},""duplicate_source_rows"":[]}"
37085a842aa7e45f72a035a7,CMP0080,임무장비,직접,company_category_bridge,73,"{""original"":{""company_id"":""CMP0080"",""company_name_normalized"":""디알원"",""business_category"":""임무장비"",""source_category_raw"":""방역/방제/살포/다목적 H/W/임무장비"",""source_file"":""항공안전기술원_드론정보포털_기업명_사업분야_20240424 (1).csv"",""as_of_date"":""2024-04-24"",""defense_use_case_relation"":""직접"",""relation_rationale"":""정찰·공격·지원 임무장비와 연결 가능"",""official_defense_evidence"":""N"",""usage_note"":""탐색용 분류이며 기업의 방산업체 지정·군 납품을 의미하지 않음""},""duplicate_source_rows"":[]}"
4892186709122905a0cd234c,CMP0086,감시.정찰.수색,직접,company_category_bridge,74,"{""original"":{""company_id"":""CMP0086"",""company_name_normalized"":""띄움스토리"",""business_category"":""감시.정찰.수색"",""source_category_raw"":""감시.정찰.수색/인프라관리/물류·운송·구조/공간정보/특수촬영/방역/방제/살포/방송·공연/취미·교육"",""source_file"":""항공안전기술원_드론정보포털_기업명_사업분야_20240424 (1).csv"",""as_of_date"":""2024-04-24"",""defense_use_case_relation"":""직접"",""relation_rationale"":""군 감시·정찰 임무와 직접 연결 가능"",""official_defense_evidence"":""N"",""usage_note"":""탐색용 분류이며 기업의 방산업체 지정·군 납품을 의미하지 않음""},""duplicate_source_rows"":[]}"
d0d72c04294591d94ace0622,CMP0086,인프라관리,일반,company_category_bridge,75,"{""original"":{""company_id"":""CMP0086"",""company_name_normalized"":""띄움스토리"",""business_category"":""인프라관리"",""source_category_raw"":""감시.정찰.수색/인프라관리/물류·운송·구조/공간정보/특수촬영/방역/방제/살포/방송·공연/취미·교육"",""source_file"":""항공안전기술원_드론정보포털_기업명_사업분야_20240424 (1).csv"",""as_of_date"":""2024-04-24"",""defense_use_case_relation"":""일반"",""relation_rationale"":""민수 활용 중심이나 군 시설 관리와 교차 가능"",""official_defense_evidence"":""N"",""usage_note"":""탐색용 분류이며 기업의 방산업체 지정·군 납품을 의미하지 않음""},""duplicate_source_rows"":[]}"
caade90f4f6fca792d896d4d,CMP0086,물류·운송·구조,일반,company_category_bridge,76,"{""original"":{""company_id"":""CMP0086"",""company_name_normalized"":""띄움스토리"",""business_category"":""물류·운송·구조"",""source_category_raw"":""감시.정찰.수색/인프라관리/물류·운송·구조/공간정보/특수촬영/방역/방제/살포/방송·공연/취미·교육"",""source_file"":""항공안전기술원_드론정보포털_기업명_사업분야_20240424 (1).csv"",""as_of_date"":""2024-04-24"",""defense_use_case_relation"":""일반"",""relation_rationale"":""군수·수송 용례와 교차 가능"",""official_defense_evidence"":""N"",""usage_note"":""탐색용 분류이며 기업의 방산업체 지정·군 납품을 의미하지 않음""},""duplicate_source_rows"":[]}"
a4e2826e6cf796c85b284ff7,CMP0086,공간정보,일반,company_category_bridge,77,"{""original"":{""company_id"":""CMP0086"",""company_name_normalized"":""띄움스토리"",""business_category"":""공간정보"",""source_category_raw"":""감시.정찰.수색/인프라관리/물류·운송·구조/공간정보/특수촬영/방역/방제/살포/방송·공연/취미·교육"",""source_file"":""항공안전기술원_드론정보포털_기업명_사업분야_20240424 (1).csv"",""as_of_date"":""2024-04-24"",""defense_use_case_relation"":""일반"",""relation_rationale"":""군 지형·공간정보 용례와 교차 가능"",""official_defense_evidence"":""N"",""usage_note"":""탐색용 분류이며 기업의 방산업체 지정·군 납품을 의미하지 않음""},""duplicate_source_rows"":[]}"
6412e4fbed76b9e5738d89a3,CMP0086,특수촬영,일반,company_category_bridge,78,"{""original"":{""company_id"":""CMP0086"",""company_name_normalized"":""띄움스토리"",""business_category"":""특수촬영"",""source_category_raw"":""감시.정찰.수색/인프라관리/물류·운송·구조/공간정보/특수촬영/방역/방제/살포/방송·공연/취미·교육"",""source_file"":""항공안전기술원_드론정보포털_기업명_사업분야_20240424 (1).csv"",""as_of_date"":""2024-04-24"",""defense_use_case_relation"":""일반"",""relation_rationale"":""정찰 영상과 기술적으로 인접할 수 있음"",""official_defense_evidence"":""N"",""usage_note"":""탐색용 분류이며 기업의 방산업체 지정·군 납품을 의미하지 않음""},""duplicate_source_rows"":[]}"
3939765affa9c4a0ff6bae57,CMP0086,방역/방제/살포,낮음,company_category_bridge,79,"{""original"":{""company_id"":""CMP0086"",""company_name_normalized"":""띄움스토리"",""business_category"":""방역/방제/살포"",""source_category_raw"":""감시.정찰.수색/인프라관리/물류·운송·구조/공간정보/특수촬영/방역/방제/살포/방송·공연/취미·교육"",""source_file"":""항공안전기술원_드론정보포털_기업명_사업분야_20240424 (1).csv"",""as_of_date"":""2024-04-24"",""defense_use_case_relation"":""낮음"",""relation_rationale"":""주로 민수 활용"",""official_defense_evidence"":""N"",""usage_note"":""탐색용 분류이며 기업의 방산업체 지정·군 납품을 의미하지 않음""},""duplicate_source_rows"":[]}"
615fcd684814af5d64146c45,CMP0086,방송·공연,낮음,company_category_bridge,80,"{""original"":{""company_id"":""CMP0086"",""company_name_normalized"":""띄움스토리"",""business_category"":""방송·공연"",""source_category_raw"":""감시.정찰.수색/인프라관리/물류·운송·구조/공간정보/특수촬영/방역/방제/살포/방송·공연/취미·교육"",""source_file"":""항공안전기술원_드론정보포털_기업명_사업분야_20240424 (1).csv"",""as_of_date"":""2024-04-24"",""defense_use_case_relation"":""낮음"",""relation_rationale"":""국방 연계 판단 근거로 사용하지 않음"",""official_defense_evidence"":""N"",""usage_note"":""탐색용 분류이며 기업의 방산업체 지정·군 납품을 의미하지 않음""},""duplicate_source_rows"":[]}"
437ebeee57a702e3e72eb896,CMP0086,취미·교육,낮음,company_category_bridge,81,"{""original"":{""company_id"":""CMP0086"",""company_name_normalized"":""띄움스토리"",""business_category"":""취미·교육"",""source_category_raw"":""감시.정찰.수색/인프라관리/물류·운송·구조/공간정보/특수촬영/방역/방제/살포/방송·공연/취미·교육"",""source_file"":""항공안전기술원_드론정보포털_기업명_사업분야_20240424 (1).csv"",""as_of_date"":""2024-04-24"",""defense_use_case_relation"":""낮음"",""relation_rationale"":""국방 연계 판단 근거로 사용하지 않음"",""official_defense_evidence"":""N"",""usage_note"":""탐색용 분류이며 기업의 방산업체 지정·군 납품을 의미하지 않음""},""duplicate_source_rows"":[]}"
4a1290cc326b8274ef41e183,CMP0091,공간정보,일반,company_category_bridge,82,"{""original"":{""company_id"":""CMP0091"",""company_name_normalized"":""리얼테크"",""business_category"":""공간정보"",""source_category_raw"":""공간정보/특수촬영/취미·교육/임무장비"",""source_file"":""항공안전기술원_드론정보포털_기업명_사업분야_20240424 (1).csv"",""as_of_date"":""2024-04-24"",""defense_use_case_relation"":""일반"",""relation_rationale"":""군 지형·공간정보 용례와 교차 가능"",""official_defense_evidence"":""N"",""usage_note"":""탐색용 분류이며 기업의 방산업체 지정·군 납품을 의미하지 않음""},""duplicate_source_rows"":[]}"
e420d287202b7519e896063f,CMP0091,특수촬영,일반,company_category_bridge,83,"{""original"":{""company_id"":""CMP0091"",""company_name_normalized"":""리얼테크"",""business_category"":""특수촬영"",""source_category_raw"":""공간정보/특수촬영/취미·교육/임무장비"",""source_file"":""항공안전기술원_드론정보포털_기업명_사업분야_20240424 (1).csv"",""as_of_date"":""2024-04-24"",""defense_use_case_relation"":""일반"",""relation_rationale"":""정찰 영상과 기술적으로 인접할 수 있음"",""official_defense_evidence"":""N"",""usage_note"":""탐색용 분류이며 기업의 방산업체 지정·군 납품을 의미하지 않음""},""duplicate_source_rows"":[]}"
a7f7ff19bba9c385e6052c6b,CMP0091,취미·교육,낮음,company_category_bridge,84,"{""original"":{""company_id"":""CMP0091"",""company_name_normalized"":""리얼테크"",""business_category"":""취미·교육"",""source_category_raw"":""공간정보/특수촬영/취미·교육/임무장비"",""source_file"":""항공안전기술원_드론정보포털_기업명_사업분야_20240424 (1).csv"",""as_of_date"":""2024-04-24"",""defense_use_case_relation"":""낮음"",""relation_rationale"":""국방 연계 판단 근거로 사용하지 않음"",""official_defense_evidence"":""N"",""usage_note"":""탐색용 분류이며 기업의 방산업체 지정·군 납품을 의미하지 않음""},""duplicate_source_rows"":[]}"
f898072ff38b6e4e0a0d9ccb,CMP0091,임무장비,직접,company_category_bridge,85,"{""original"":{""company_id"":""CMP0091"",""company_name_normalized"":""리얼테크"",""business_category"":""임무장비"",""source_category_raw"":""공간정보/특수촬영/취미·교육/임무장비"",""source_file"":""항공안전기술원_드론정보포털_기업명_사업분야_20240424 (1).csv"",""as_of_date"":""2024-04-24"",""defense_use_case_relation"":""직접"",""relation_rationale"":""정찰·공격·지원 임무장비와 연결 가능"",""official_defense_evidence"":""N"",""usage_note"":""탐색용 분류이며 기업의 방산업체 지정·군 납품을 의미하지 않음""},""duplicate_source_rows"":[]}"
ab0883262e466533d15fcca5,CMP0099,감시.정찰.수색,직접,company_category_bridge,86,"{""original"":{""company_id"":""CMP0099"",""company_name_normalized"":""모빌리티원"",""business_category"":""감시.정찰.수색"",""source_category_raw"":""감시.정찰.수색/인프라관리/물류·운송·구조/방역/방제/살포/환경측량/드론스테이션/임무장비/지상통제장비/통합솔루션/앱"",""source_file"":""항공안전기술원_드론정보포털_기업명_사업분야_20240424 (1).csv"",""as_of_date"":""2024-04-24"",""defense_use_case_relation"":""직접"",""relation_rationale"":""군 감시·정찰 임무와 직접 연결 가능"",""official_defense_evidence"":""N"",""usage_note"":""탐색용 분류이며 기업의 방산업체 지정·군 납품을 의미하지 않음""},""duplicate_source_rows"":[]}"
0a54459e348fa0e8e48dc588,CMP0099,인프라관리,일반,company_category_bridge,87,"{""original"":{""company_id"":""CMP0099"",""company_name_normalized"":""모빌리티원"",""business_category"":""인프라관리"",""source_category_raw"":""감시.정찰.수색/인프라관리/물류·운송·구조/방역/방제/살포/환경측량/드론스테이션/임무장비/지상통제장비/통합솔루션/앱"",""source_file"":""항공안전기술원_드론정보포털_기업명_사업분야_20240424 (1).csv"",""as_of_date"":""2024-04-24"",""defense_use_case_relation"":""일반"",""relation_rationale"":""민수 활용 중심이나 군 시설 관리와 교차 가능"",""official_defense_evidence"":""N"",""usage_note"":""탐색용 분류이며 기업의 방산업체 지정·군 납품을 의미하지 않음""},""duplicate_source_rows"":[]}"
c47bc53bed8ce723860f52cc,CMP0099,물류·운송·구조,일반,company_category_bridge,88,"{""original"":{""company_id"":""CMP0099"",""company_name_normalized"":""모빌리티원"",""business_category"":""물류·운송·구조"",""source_category_raw"":""감시.정찰.수색/인프라관리/물류·운송·구조/방역/방제/살포/환경측량/드론스테이션/임무장비/지상통제장비/통합솔루션/앱"",""source_file"":""항공안전기술원_드론정보포털_기업명_사업분야_20240424 (1).csv"",""as_of_date"":""2024-04-24"",""defense_use_case_relation"":""일반"",""relation_rationale"":""군수·수송 용례와 교차 가능"",""official_defense_evidence"":""N"",""usage_note"":""탐색용 분류이며 기업의 방산업체 지정·군 납품을 의미하지 않음""},""duplicate_source_rows"":[]}"
02343b88667e6e2cb38a3425,CMP0099,방역/방제/살포,낮음,company_category_bridge,89,"{""original"":{""company_id"":""CMP0099"",""company_name_normalized"":""모빌리티원"",""business_category"":""방역/방제/살포"",""source_category_raw"":""감시.정찰.수색/인프라관리/물류·운송·구조/방역/방제/살포/환경측량/드론스테이션/임무장비/지상통제장비/통합솔루션/앱"",""source_file"":""항공안전기술원_드론정보포털_기업명_사업분야_20240424 (1).csv"",""as_of_date"":""2024-04-24"",""defense_use_case_relation"":""낮음"",""relation_rationale"":""주로 민수 활용"",""official_defense_evidence"":""N"",""usage_note"":""탐색용 분류이며 기업의 방산업체 지정·군 납품을 의미하지 않음""},""duplicate_source_rows"":[]}"
7985d5f390cb2175d398e857,CMP0099,환경측량,일반,company_category_bridge,90,"{""original"":{""company_id"":""CMP0099"",""company_name_normalized"":""모빌리티원"",""business_category"":""환경측량"",""source_category_raw"":""감시.정찰.수색/인프라관리/물류·운송·구조/방역/방제/살포/환경측량/드론스테이션/임무장비/지상통제장비/통합솔루션/앱"",""source_file"":""항공안전기술원_드론정보포털_기업명_사업분야_20240424 (1).csv"",""as_of_date"":""2024-04-24"",""defense_use_case_relation"":""일반"",""relation_rationale"":""군 환경·지형 조사와 교차 가능"",""official_defense_evidence"":""N"",""usage_note"":""탐색용 분류이며 기업의 방산업체 지정·군 납품을 의미하지 않음""},""duplicate_source_rows"":[]}"
024adefd33630c76aebcdce6,CMP0099,드론스테이션,인접,company_category_bridge,91,"{""original"":{""company_id"":""CMP0099"",""company_name_normalized"":""모빌리티원"",""business_category"":""드론스테이션"",""source_category_raw"":""감시.정찰.수색/인프라관리/물류·운송·구조/방역/방제/살포/환경측량/드론스테이션/임무장비/지상통제장비/통합솔루션/앱"",""source_file"":""항공안전기술원_드론정보포털_기업명_사업분야_20240424 (1).csv"",""as_of_date"":""2024-04-24"",""defense_use_case_relation"":""인접"",""relation_rationale"":""무인 운용·원격 통제 인프라 후보"",""official_defense_evidence"":""N"",""usage_note"":""탐색용 분류이며 기업의 방산업체 지정·군 납품을 의미하지 않음""},""duplicate_source_rows"":[]}"
8d6c1d437dd789b40329a9d4,CMP0099,임무장비,직접,company_category_bridge,92,"{""original"":{""company_id"":""CMP0099"",""company_name_normalized"":""모빌리티원"",""business_category"":""임무장비"",""source_category_raw"":""감시.정찰.수색/인프라관리/물류·운송·구조/방역/방제/살포/환경측량/드론스테이션/임무장비/지상통제장비/통합솔루션/앱"",""source_file"":""항공안전기술원_드론정보포털_기업명_사업분야_20240424 (1).csv"",""as_of_date"":""2024-04-24"",""defense_use_case_relation"":""직접"",""relation_rationale"":""정찰·공격·지원 임무장비와 연결 가능"",""official_defense_evidence"":""N"",""usage_note"":""탐색용 분류이며 기업의 방산업체 지정·군 납품을 의미하지 않음""},""duplicate_source_rows"":[]}"
f3bc30e289cae69dd34a6dc2,CMP0099,지상통제장비,직접,company_category_bridge,93,"{""original"":{""company_id"":""CMP0099"",""company_name_normalized"":""모빌리티원"",""business_category"":""지상통제장비"",""source_category_raw"":""감시.정찰.수색/인프라관리/물류·운송·구조/방역/방제/살포/환경측량/드론스테이션/임무장비/지상통제장비/통합솔루션/앱"",""source_file"":""항공안전기술원_드론정보포털_기업명_사업분야_20240424 (1).csv"",""as_of_date"":""2024-04-24"",""defense_use_case_relation"":""직접"",""relation_rationale"":""GCS·임무통제와 연결 가능"",""official_defense_evidence"":""N"",""usage_note"":""탐색용 분류이며 기업의 방산업체 지정·군 납품을 의미하지 않음""},""duplicate_source_rows"":[]}"
bae3049b55388a7a87d17ba2,CMP0099,통합솔루션,인접,company_category_bridge,94,"{""original"":{""company_id"":""CMP0099"",""company_name_normalized"":""모빌리티원"",""business_category"":""통합솔루션"",""source_category_raw"":""감시.정찰.수색/인프라관리/물류·운송·구조/방역/방제/살포/환경측량/드론스테이션/임무장비/지상통제장비/통합솔루션/앱"",""source_file"":""항공안전기술원_드론정보포털_기업명_사업분야_20240424 (1).csv"",""as_of_date"":""2024-04-24"",""defense_use_case_relation"":""인접"",""relation_rationale"":""체계통합·운용 소프트웨어와 연결 가능"",""official_defense_evidence"":""N"",""usage_note"":""탐색용 분류이며 기업의 방산업체 지정·군 납품을 의미하지 않음""},""duplicate_source_rows"":[]}"
1168547787dc83f9fe63cd00,CMP0099,앱,낮음,company_category_bridge,95,"{""original"":{""company_id"":""CMP0099"",""company_name_normalized"":""모빌리티원"",""business_category"":""앱"",""source_category_raw"":""감시.정찰.수색/인프라관리/물류·운송·구조/방역/방제/살포/환경측량/드론스테이션/임무장비/지상통제장비/통합솔루션/앱"",""source_file"":""항공안전기술원_드론정보포털_기업명_사업분야_20240424 (1).csv"",""as_of_date"":""2024-04-24"",""defense_use_case_relation"":""낮음"",""relation_rationale"":""세부 기능 확인 전 국방 연계 판단 불가"",""official_defense_evidence"":""N"",""usage_note"":""탐색용 분류이며 기업의 방산업체 지정·군 납품을 의미하지 않음""},""duplicate_source_rows"":[]}"
db6dfda6510d424f33d47050,CMP0108,감시.정찰.수색,직접,company_category_bridge,96,"{""original"":{""company_id"":""CMP0108"",""company_name_normalized"":""보라스카이"",""business_category"":""감시.정찰.수색"",""source_category_raw"":""감시.정찰.수색/인프라관리/물류·운송·구조/공간정보/특수촬영/환경측량/다목적 H/W/모듈/통합솔루션"",""source_file"":""항공안전기술원_드론정보포털_기업명_사업분야_20240424 (1).csv"",""as_of_date"":""2024-04-24"",""defense_use_case_relation"":""직접"",""relation_rationale"":""군 감시·정찰 임무와 직접 연결 가능"",""official_defense_evidence"":""N"",""usage_note"":""탐색용 분류이며 기업의 방산업체 지정·군 납품을 의미하지 않음""},""duplicate_source_rows"":[]}"
24f397ded9c163a2d9269779,CMP0108,인프라관리,일반,company_category_bridge,97,"{""original"":{""company_id"":""CMP0108"",""company_name_normalized"":""보라스카이"",""business_category"":""인프라관리"",""source_category_raw"":""감시.정찰.수색/인프라관리/물류·운송·구조/공간정보/특수촬영/환경측량/다목적 H/W/모듈/통합솔루션"",""source_file"":""항공안전기술원_드론정보포털_기업명_사업분야_20240424 (1).csv"",""as_of_date"":""2024-04-24"",""defense_use_case_relation"":""일반"",""relation_rationale"":""민수 활용 중심이나 군 시설 관리와 교차 가능"",""official_defense_evidence"":""N"",""usage_note"":""탐색용 분류이며 기업의 방산업체 지정·군 납품을 의미하지 않음""},""duplicate_source_rows"":[]}"
5c3e5e2c42fe698883dcbbcf,CMP0108,물류·운송·구조,일반,company_category_bridge,98,"{""original"":{""company_id"":""CMP0108"",""company_name_normalized"":""보라스카이"",""business_category"":""물류·운송·구조"",""source_category_raw"":""감시.정찰.수색/인프라관리/물류·운송·구조/공간정보/특수촬영/환경측량/다목적 H/W/모듈/통합솔루션"",""source_file"":""항공안전기술원_드론정보포털_기업명_사업분야_20240424 (1).csv"",""as_of_date"":""2024-04-24"",""defense_use_case_relation"":""일반"",""relation_rationale"":""군수·수송 용례와 교차 가능"",""official_defense_evidence"":""N"",""usage_note"":""탐색용 분류이며 기업의 방산업체 지정·군 납품을 의미하지 않음""},""duplicate_source_rows"":[]}"
4907a7b7e4487294009e6b57,CMP0108,공간정보,일반,company_category_bridge,99,"{""original"":{""company_id"":""CMP0108"",""company_name_normalized"":""보라스카이"",""business_category"":""공간정보"",""source_category_raw"":""감시.정찰.수색/인프라관리/물류·운송·구조/공간정보/특수촬영/환경측량/다목적 H/W/모듈/통합솔루션"",""source_file"":""항공안전기술원_드론정보포털_기업명_사업분야_20240424 (1).csv"",""as_of_date"":""2024-04-24"",""defense_use_case_relation"":""일반"",""relation_rationale"":""군 지형·공간정보 용례와 교차 가능"",""official_defense_evidence"":""N"",""usage_note"":""탐색용 분류이며 기업의 방산업체 지정·군 납품을 의미하지 않음""},""duplicate_source_rows"":[]}"
2368895d737ec477eb83a2e5,CMP0108,특수촬영,일반,company_category_bridge,100,"{""original"":{""company_id"":""CMP0108"",""company_name_normalized"":""보라스카이"",""business_category"":""특수촬영"",""source_category_raw"":""감시.정찰.수색/인프라관리/물류·운송·구조/공간정보/특수촬영/환경측량/다목적 H/W/모듈/통합솔루션"",""source_file"":""항공안전기술원_드론정보포털_기업명_사업분야_20240424 (1).csv"",""as_of_date"":""2024-04-24"",""defense_use_case_relation"":""일반"",""relation_rationale"":""정찰 영상과 기술적으로 인접할 수 있음"",""official_defense_evidence"":""N"",""usage_note"":""탐색용 분류이며 기업의 방산업체 지정·군 납품을 의미하지 않음""},""duplicate_source_rows"":[]}"
22a2901328733fd2e2d80f99,CMP0108,환경측량,일반,company_category_bridge,101,"{""original"":{""company_id"":""CMP0108"",""company_name_normalized"":""보라스카이"",""business_category"":""환경측량"",""source_category_raw"":""감시.정찰.수색/인프라관리/물류·운송·구조/공간정보/특수촬영/환경측량/다목적 H/W/모듈/통합솔루션"",""source_file"":""항공안전기술원_드론정보포털_기업명_사업분야_20240424 (1).csv"",""as_of_date"":""2024-04-24"",""defense_use_case_relation"":""일반"",""relation_rationale"":""군 환경·지형 조사와 교차 가능"",""official_defense_evidence"":""N"",""usage_note"":""탐색용 분류이며 기업의 방산업체 지정·군 납품을 의미하지 않음""},""duplicate_source_rows"":[]}"
66992ba00cc628bc36014ea1,CMP0108,다목적 H/W,인접,company_category_bridge,102,"{""original"":{""company_id"":""CMP0108"",""company_name_normalized"":""보라스카이"",""business_category"":""다목적 H/W"",""source_category_raw"":""감시.정찰.수색/인프라관리/물류·운송·구조/공간정보/특수촬영/환경측량/다목적 H/W/모듈/통합솔루션"",""source_file"":""항공안전기술원_드론정보포털_기업명_사업분야_20240424 (1).csv"",""as_of_date"":""2024-04-24"",""defense_use_case_relation"":""인접"",""relation_rationale"":""기체·전자·탑재체 하드웨어 공급망 후보"",""official_defense_evidence"":""N"",""usage_note"":""탐색용 분류이며 기업의 방산업체 지정·군 납품을 의미하지 않음""},""duplicate_source_rows"":[]}"
0763ad4a513063d25e5f9ab1,CMP0108,모듈,인접,company_category_bridge,103,"{""original"":{""company_id"":""CMP0108"",""company_name_normalized"":""보라스카이"",""business_category"":""모듈"",""source_category_raw"":""감시.정찰.수색/인프라관리/물류·운송·구조/공간정보/특수촬영/환경측량/다목적 H/W/모듈/통합솔루션"",""source_file"":""항공안전기술원_드론정보포털_기업명_사업분야_20240424 (1).csv"",""as_of_date"":""2024-04-24"",""defense_use_case_relation"":""인접"",""relation_rationale"":""국방 드론 부품·모듈 공급망 후보"",""official_defense_evidence"":""N"",""usage_note"":""탐색용 분류이며 기업의 방산업체 지정·군 납품을 의미하지 않음""},""duplicate_source_rows"":[]}"
3844e87b923eacaf67ed8d41,CMP0108,통합솔루션,인접,company_category_bridge,104,"{""original"":{""company_id"":""CMP0108"",""company_name_normalized"":""보라스카이"",""business_category"":""통합솔루션"",""source_category_raw"":""감시.정찰.수색/인프라관리/물류·운송·구조/공간정보/특수촬영/환경측량/다목적 H/W/모듈/통합솔루션"",""source_file"":""항공안전기술원_드론정보포털_기업명_사업분야_20240424 (1).csv"",""as_of_date"":""2024-04-24"",""defense_use_case_relation"":""인접"",""relation_rationale"":""체계통합·운용 소프트웨어와 연결 가능"",""official_defense_evidence"":""N"",""usage_note"":""탐색용 분류이며 기업의 방산업체 지정·군 납품을 의미하지 않음""},""duplicate_source_rows"":[]}"
31d0f98de690c83bb10b3a02,CMP0109,감시.정찰.수색,직접,company_category_bridge,105,"{""original"":{""company_id"":""CMP0109"",""company_name_normalized"":""보헤미안오에스"",""business_category"":""감시.정찰.수색"",""source_category_raw"":""감시.정찰.수색/인프라관리/물류·운송·구조/통합솔루션/앱/기타"",""source_file"":""항공안전기술원_드론정보포털_기업명_사업분야_20240424 (1).csv"",""as_of_date"":""2024-04-24"",""defense_use_case_relation"":""직접"",""relation_rationale"":""군 감시·정찰 임무와 직접 연결 가능"",""official_defense_evidence"":""N"",""usage_note"":""탐색용 분류이며 기업의 방산업체 지정·군 납품을 의미하지 않음""},""duplicate_source_rows"":[]}"
26d51027e70955dc47a0ec16,CMP0109,인프라관리,일반,company_category_bridge,106,"{""original"":{""company_id"":""CMP0109"",""company_name_normalized"":""보헤미안오에스"",""business_category"":""인프라관리"",""source_category_raw"":""감시.정찰.수색/인프라관리/물류·운송·구조/통합솔루션/앱/기타"",""source_file"":""항공안전기술원_드론정보포털_기업명_사업분야_20240424 (1).csv"",""as_of_date"":""2024-04-24"",""defense_use_case_relation"":""일반"",""relation_rationale"":""민수 활용 중심이나 군 시설 관리와 교차 가능"",""official_defense_evidence"":""N"",""usage_note"":""탐색용 분류이며 기업의 방산업체 지정·군 납품을 의미하지 않음""},""duplicate_source_rows"":[]}"
e1dffb75e740078c79b29038,CMP0109,물류·운송·구조,일반,company_category_bridge,107,"{""original"":{""company_id"":""CMP0109"",""company_name_normalized"":""보헤미안오에스"",""business_category"":""물류·운송·구조"",""source_category_raw"":""감시.정찰.수색/인프라관리/물류·운송·구조/통합솔루션/앱/기타"",""source_file"":""항공안전기술원_드론정보포털_기업명_사업분야_20240424 (1).csv"",""as_of_date"":""2024-04-24"",""defense_use_case_relation"":""일반"",""relation_rationale"":""군수·수송 용례와 교차 가능"",""official_defense_evidence"":""N"",""usage_note"":""탐색용 분류이며 기업의 방산업체 지정·군 납품을 의미하지 않음""},""duplicate_source_rows"":[]}"
49a3727a866532df77ec5345,CMP0109,통합솔루션,인접,company_category_bridge,108,"{""original"":{""company_id"":""CMP0109"",""company_name_normalized"":""보헤미안오에스"",""business_category"":""통합솔루션"",""source_category_raw"":""감시.정찰.수색/인프라관리/물류·운송·구조/통합솔루션/앱/기타"",""source_file"":""항공안전기술원_드론정보포털_기업명_사업분야_20240424 (1).csv"",""as_of_date"":""2024-04-24"",""defense_use_case_relation"":""인접"",""relation_rationale"":""체계통합·운용 소프트웨어와 연결 가능"",""official_defense_evidence"":""N"",""usage_note"":""탐색용 분류이며 기업의 방산업체 지정·군 납품을 의미하지 않음""},""duplicate_source_rows"":[]}"
0d4b30b0ab2eaad72defd678,CMP0109,앱,낮음,company_category_bridge,109,"{""original"":{""company_id"":""CMP0109"",""company_name_normalized"":""보헤미안오에스"",""business_category"":""앱"",""source_category_raw"":""감시.정찰.수색/인프라관리/물류·운송·구조/통합솔루션/앱/기타"",""source_file"":""항공안전기술원_드론정보포털_기업명_사업분야_20240424 (1).csv"",""as_of_date"":""2024-04-24"",""defense_use_case_relation"":""낮음"",""relation_rationale"":""세부 기능 확인 전 국방 연계 판단 불가"",""official_defense_evidence"":""N"",""usage_note"":""탐색용 분류이며 기업의 방산업체 지정·군 납품을 의미하지 않음""},""duplicate_source_rows"":[]}"
89510241bc2fb659f2b60e57,CMP0109,기타,미확인,company_category_bridge,110,"{""original"":{""company_id"":""CMP0109"",""company_name_normalized"":""보헤미안오에스"",""business_category"":""기타"",""source_category_raw"":""감시.정찰.수색/인프라관리/물류·운송·구조/통합솔루션/앱/기타"",""source_file"":""항공안전기술원_드론정보포털_기업명_사업분야_20240424 (1).csv"",""as_of_date"":""2024-04-24"",""defense_use_case_relation"":""미확인"",""relation_rationale"":""세부 내용 확인 필요"",""official_defense_evidence"":""N"",""usage_note"":""탐색용 분류이며 기업의 방산업체 지정·군 납품을 의미하지 않음""},""duplicate_source_rows"":[]}"
41eb072433f962a49ec2824a,CMP0110,감시.정찰.수색,직접,company_category_bridge,111,"{""original"":{""company_id"":""CMP0110"",""company_name_normalized"":""볼로랜드"",""business_category"":""감시.정찰.수색"",""source_category_raw"":""감시.정찰.수색/인프라관리/물류·운송·구조/공간정보/특수촬영/다목적 H/W/드론스테이션/임무장비/모듈/지상통제장비/통합솔루션"",""source_file"":""항공안전기술원_드론정보포털_기업명_사업분야_20240424 (1).csv"",""as_of_date"":""2024-04-24"",""defense_use_case_relation"":""직접"",""relation_rationale"":""군 감시·정찰 임무와 직접 연결 가능"",""official_defense_evidence"":""N"",""usage_note"":""탐색용 분류이며 기업의 방산업체 지정·군 납품을 의미하지 않음""},""duplicate_source_rows"":[]}"
8acefbacb157a68d5f9bdc87,CMP0110,인프라관리,일반,company_category_bridge,112,"{""original"":{""company_id"":""CMP0110"",""company_name_normalized"":""볼로랜드"",""business_category"":""인프라관리"",""source_category_raw"":""감시.정찰.수색/인프라관리/물류·운송·구조/공간정보/특수촬영/다목적 H/W/드론스테이션/임무장비/모듈/지상통제장비/통합솔루션"",""source_file"":""항공안전기술원_드론정보포털_기업명_사업분야_20240424 (1).csv"",""as_of_date"":""2024-04-24"",""defense_use_case_relation"":""일반"",""relation_rationale"":""민수 활용 중심이나 군 시설 관리와 교차 가능"",""official_defense_evidence"":""N"",""usage_note"":""탐색용 분류이며 기업의 방산업체 지정·군 납품을 의미하지 않음""},""duplicate_source_rows"":[]}"
ecf86a12348c68b14d49415b,CMP0110,물류·운송·구조,일반,company_category_bridge,113,"{""original"":{""company_id"":""CMP0110"",""company_name_normalized"":""볼로랜드"",""business_category"":""물류·운송·구조"",""source_category_raw"":""감시.정찰.수색/인프라관리/물류·운송·구조/공간정보/특수촬영/다목적 H/W/드론스테이션/임무장비/모듈/지상통제장비/통합솔루션"",""source_file"":""항공안전기술원_드론정보포털_기업명_사업분야_20240424 (1).csv"",""as_of_date"":""2024-04-24"",""defense_use_case_relation"":""일반"",""relation_rationale"":""군수·수송 용례와 교차 가능"",""official_defense_evidence"":""N"",""usage_note"":""탐색용 분류이며 기업의 방산업체 지정·군 납품을 의미하지 않음""},""duplicate_source_rows"":[]}"
c7d64dde8cd4f35edb395753,CMP0110,공간정보,일반,company_category_bridge,114,"{""original"":{""company_id"":""CMP0110"",""company_name_normalized"":""볼로랜드"",""business_category"":""공간정보"",""source_category_raw"":""감시.정찰.수색/인프라관리/물류·운송·구조/공간정보/특수촬영/다목적 H/W/드론스테이션/임무장비/모듈/지상통제장비/통합솔루션"",""source_file"":""항공안전기술원_드론정보포털_기업명_사업분야_20240424 (1).csv"",""as_of_date"":""2024-04-24"",""defense_use_case_relation"":""일반"",""relation_rationale"":""군 지형·공간정보 용례와 교차 가능"",""official_defense_evidence"":""N"",""usage_note"":""탐색용 분류이며 기업의 방산업체 지정·군 납품을 의미하지 않음""},""duplicate_source_rows"":[]}"
eeea69d4d0165f24c06c9c2e,CMP0110,특수촬영,일반,company_category_bridge,115,"{""original"":{""company_id"":""CMP0110"",""company_name_normalized"":""볼로랜드"",""business_category"":""특수촬영"",""source_category_raw"":""감시.정찰.수색/인프라관리/물류·운송·구조/공간정보/특수촬영/다목적 H/W/드론스테이션/임무장비/모듈/지상통제장비/통합솔루션"",""source_file"":""항공안전기술원_드론정보포털_기업명_사업분야_20240424 (1).csv"",""as_of_date"":""2024-04-24"",""defense_use_case_relation"":""일반"",""relation_rationale"":""정찰 영상과 기술적으로 인접할 수 있음"",""official_defense_evidence"":""N"",""usage_note"":""탐색용 분류이며 기업의 방산업체 지정·군 납품을 의미하지 않음""},""duplicate_source_rows"":[]}"
4e001cc7c778b04a9c5cbb90,CMP0110,다목적 H/W,인접,company_category_bridge,116,"{""original"":{""company_id"":""CMP0110"",""company_name_normalized"":""볼로랜드"",""business_category"":""다목적 H/W"",""source_category_raw"":""감시.정찰.수색/인프라관리/물류·운송·구조/공간정보/특수촬영/다목적 H/W/드론스테이션/임무장비/모듈/지상통제장비/통합솔루션"",""source_file"":""항공안전기술원_드론정보포털_기업명_사업분야_20240424 (1).csv"",""as_of_date"":""2024-04-24"",""defense_use_case_relation"":""인접"",""relation_rationale"":""기체·전자·탑재체 하드웨어 공급망 후보"",""official_defense_evidence"":""N"",""usage_note"":""탐색용 분류이며 기업의 방산업체 지정·군 납품을 의미하지 않음""},""duplicate_source_rows"":[]}"
f81c2722f13d5d0c9154de09,CMP0110,드론스테이션,인접,company_category_bridge,117,"{""original"":{""company_id"":""CMP0110"",""company_name_normalized"":""볼로랜드"",""business_category"":""드론스테이션"",""source_category_raw"":""감시.정찰.수색/인프라관리/물류·운송·구조/공간정보/특수촬영/다목적 H/W/드론스테이션/임무장비/모듈/지상통제장비/통합솔루션"",""source_file"":""항공안전기술원_드론정보포털_기업명_사업분야_20240424 (1).csv"",""as_of_date"":""2024-04-24"",""defense_use_case_relation"":""인접"",""relation_rationale"":""무인 운용·원격 통제 인프라 후보"",""official_defense_evidence"":""N"",""usage_note"":""탐색용 분류이며 기업의 방산업체 지정·군 납품을 의미하지 않음""},""duplicate_source_rows"":[]}"
0438728b59e7ab3c6e3bfa39,CMP0110,임무장비,직접,company_category_bridge,118,"{""original"":{""company_id"":""CMP0110"",""company_name_normalized"":""볼로랜드"",""business_category"":""임무장비"",""source_category_raw"":""감시.정찰.수색/인프라관리/물류·운송·구조/공간정보/특수촬영/다목적 H/W/드론스테이션/임무장비/모듈/지상통제장비/통합솔루션"",""source_file"":""항공안전기술원_드론정보포털_기업명_사업분야_20240424 (1).csv"",""as_of_date"":""2024-04-24"",""defense_use_case_relation"":""직접"",""relation_rationale"":""정찰·공격·지원 임무장비와 연결 가능"",""official_defense_evidence"":""N"",""usage_note"":""탐색용 분류이며 기업의 방산업체 지정·군 납품을 의미하지 않음""},""duplicate_source_rows"":[]}"
26845c9eace3c77d6e70ecf2,CMP0110,모듈,인접,company_category_bridge,119,"{""original"":{""company_id"":""CMP0110"",""company_name_normalized"":""볼로랜드"",""business_category"":""모듈"",""source_category_raw"":""감시.정찰.수색/인프라관리/물류·운송·구조/공간정보/특수촬영/다목적 H/W/드론스테이션/임무장비/모듈/지상통제장비/통합솔루션"",""source_file"":""항공안전기술원_드론정보포털_기업명_사업분야_20240424 (1).csv"",""as_of_date"":""2024-04-24"",""defense_use_case_relation"":""인접"",""relation_rationale"":""국방 드론 부품·모듈 공급망 후보"",""official_defense_evidence"":""N"",""usage_note"":""탐색용 분류이며 기업의 방산업체 지정·군 납품을 의미하지 않음""},""duplicate_source_rows"":[]}"
877df834e482f5ea161672f1,CMP0110,지상통제장비,직접,company_category_bridge,120,"{""original"":{""company_id"":""CMP0110"",""company_name_normalized"":""볼로랜드"",""business_category"":""지상통제장비"",""source_category_raw"":""감시.정찰.수색/인프라관리/물류·운송·구조/공간정보/특수촬영/다목적 H/W/드론스테이션/임무장비/모듈/지상통제장비/통합솔루션"",""source_file"":""항공안전기술원_드론정보포털_기업명_사업분야_20240424 (1).csv"",""as_of_date"":""2024-04-24"",""defense_use_case_relation"":""직접"",""relation_rationale"":""GCS·임무통제와 연결 가능"",""official_defense_evidence"":""N"",""usage_note"":""탐색용 분류이며 기업의 방산업체 지정·군 납품을 의미하지 않음""},""duplicate_source_rows"":[]}"
681d64bf825241e6c0f9c95b,CMP0110,통합솔루션,인접,company_category_bridge,121,"{""original"":{""company_id"":""CMP0110"",""company_name_normalized"":""볼로랜드"",""business_category"":""통합솔루션"",""source_category_raw"":""감시.정찰.수색/인프라관리/물류·운송·구조/공간정보/특수촬영/다목적 H/W/드론스테이션/임무장비/모듈/지상통제장비/통합솔루션"",""source_file"":""항공안전기술원_드론정보포털_기업명_사업분야_20240424 (1).csv"",""as_of_date"":""2024-04-24"",""defense_use_case_relation"":""인접"",""relation_rationale"":""체계통합·운용 소프트웨어와 연결 가능"",""official_defense_evidence"":""N"",""usage_note"":""탐색용 분류이며 기업의 방산업체 지정·군 납품을 의미하지 않음""},""duplicate_source_rows"":[]}"
8d2538cda6b3135adab28c59,CMP0130,감시.정찰.수색,직접,company_category_bridge,122,"{""original"":{""company_id"":""CMP0130"",""company_name_normalized"":""솔더"",""business_category"":""감시.정찰.수색"",""source_category_raw"":""감시.정찰.수색/인프라관리/물류·운송·구조/방역/방제/살포/다목적 H/W/임무장비"",""source_file"":""항공안전기술원_드론정보포털_기업명_사업분야_20240424 (1).csv"",""as_of_date"":""2024-04-24"",""defense_use_case_relation"":""직접"",""relation_rationale"":""군 감시·정찰 임무와 직접 연결 가능"",""official_defense_evidence"":""N"",""usage_note"":""탐색용 분류이며 기업의 방산업체 지정·군 납품을 의미하지 않음""},""duplicate_source_rows"":[]}"
51f1db95cdaafcb605eaca95,CMP0130,인프라관리,일반,company_category_bridge,123,"{""original"":{""company_id"":""CMP0130"",""company_name_normalized"":""솔더"",""business_category"":""인프라관리"",""source_category_raw"":""감시.정찰.수색/인프라관리/물류·운송·구조/방역/방제/살포/다목적 H/W/임무장비"",""source_file"":""항공안전기술원_드론정보포털_기업명_사업분야_20240424 (1).csv"",""as_of_date"":""2024-04-24"",""defense_use_case_relation"":""일반"",""relation_rationale"":""민수 활용 중심이나 군 시설 관리와 교차 가능"",""official_defense_evidence"":""N"",""usage_note"":""탐색용 분류이며 기업의 방산업체 지정·군 납품을 의미하지 않음""},""duplicate_source_rows"":[]}"
b400bf1a3ed5d4a87ee6cd41,CMP0130,물류·운송·구조,일반,company_category_bridge,124,"{""original"":{""company_id"":""CMP0130"",""company_name_normalized"":""솔더"",""business_category"":""물류·운송·구조"",""source_category_raw"":""감시.정찰.수색/인프라관리/물류·운송·구조/방역/방제/살포/다목적 H/W/임무장비"",""source_file"":""항공안전기술원_드론정보포털_기업명_사업분야_20240424 (1).csv"",""as_of_date"":""2024-04-24"",""defense_use_case_relation"":""일반"",""relation_rationale"":""군수·수송 용례와 교차 가능"",""official_defense_evidence"":""N"",""usage_note"":""탐색용 분류이며 기업의 방산업체 지정·군 납품을 의미하지 않음""},""duplicate_source_rows"":[]}"
ee2b3d6026d04e08eec96128,CMP0130,방역/방제/살포,낮음,company_category_bridge,125,"{""original"":{""company_id"":""CMP0130"",""company_name_normalized"":""솔더"",""business_category"":""방역/방제/살포"",""source_category_raw"":""감시.정찰.수색/인프라관리/물류·운송·구조/방역/방제/살포/다목적 H/W/임무장비"",""source_file"":""항공안전기술원_드론정보포털_기업명_사업분야_20240424 (1).csv"",""as_of_date"":""2024-04-24"",""defense_use_case_relation"":""낮음"",""relation_rationale"":""주로 민수 활용"",""official_defense_evidence"":""N"",""usage_note"":""탐색용 분류이며 기업의 방산업체 지정·군 납품을 의미하지 않음""},""duplicate_source_rows"":[]}"
eb426b7a8c4e88437d480b11,CMP0130,다목적 H/W,인접,company_category_bridge,126,"{""original"":{""company_id"":""CMP0130"",""company_name_normalized"":""솔더"",""business_category"":""다목적 H/W"",""source_category_raw"":""감시.정찰.수색/인프라관리/물류·운송·구조/방역/방제/살포/다목적 H/W/임무장비"",""source_file"":""항공안전기술원_드론정보포털_기업명_사업분야_20240424 (1).csv"",""as_of_date"":""2024-04-24"",""defense_use_case_relation"":""인접"",""relation_rationale"":""기체·전자·탑재체 하드웨어 공급망 후보"",""official_defense_evidence"":""N"",""usage_note"":""탐색용 분류이며 기업의 방산업체 지정·군 납품을 의미하지 않음""},""duplicate_source_rows"":[]}"
62fe3d4e42328ee077c89f34,CMP0130,임무장비,직접,company_category_bridge,127,"{""original"":{""company_id"":""CMP0130"",""company_name_normalized"":""솔더"",""business_category"":""임무장비"",""source_category_raw"":""감시.정찰.수색/인프라관리/물류·운송·구조/방역/방제/살포/다목적 H/W/임무장비"",""source_file"":""항공안전기술원_드론정보포털_기업명_사업분야_20240424 (1).csv"",""as_of_date"":""2024-04-24"",""defense_use_case_relation"":""직접"",""relation_rationale"":""정찰·공격·지원 임무장비와 연결 가능"",""official_defense_evidence"":""N"",""usage_note"":""탐색용 분류이며 기업의 방산업체 지정·군 납품을 의미하지 않음""},""duplicate_source_rows"":[]}"
cab6ecab2f57863e4710be55,CMP0132,감시.정찰.수색,직접,company_category_bridge,128,"{""original"":{""company_id"":""CMP0132"",""company_name_normalized"":""솔빛"",""business_category"":""감시.정찰.수색"",""source_category_raw"":""감시.정찰.수색/인프라관리/물류·운송·구조/방역/방제/살포/임무장비"",""source_file"":""항공안전기술원_드론정보포털_기업명_사업분야_20240424 (1).csv"",""as_of_date"":""2024-04-24"",""defense_use_case_relation"":""직접"",""relation_rationale"":""군 감시·정찰 임무와 직접 연결 가능"",""official_defense_evidence"":""N"",""usage_note"":""탐색용 분류이며 기업의 방산업체 지정·군 납품을 의미하지 않음""},""duplicate_source_rows"":[]}"
2adb03c84d2b7939eb08140e,CMP0132,인프라관리,일반,company_category_bridge,129,"{""original"":{""company_id"":""CMP0132"",""company_name_normalized"":""솔빛"",""business_category"":""인프라관리"",""source_category_raw"":""감시.정찰.수색/인프라관리/물류·운송·구조/방역/방제/살포/임무장비"",""source_file"":""항공안전기술원_드론정보포털_기업명_사업분야_20240424 (1).csv"",""as_of_date"":""2024-04-24"",""defense_use_case_relation"":""일반"",""relation_rationale"":""민수 활용 중심이나 군 시설 관리와 교차 가능"",""official_defense_evidence"":""N"",""usage_note"":""탐색용 분류이며 기업의 방산업체 지정·군 납품을 의미하지 않음""},""duplicate_source_rows"":[]}"
ad91d5ebcc1473279a66747c,CMP0132,물류·운송·구조,일반,company_category_bridge,130,"{""original"":{""company_id"":""CMP0132"",""company_name_normalized"":""솔빛"",""business_category"":""물류·운송·구조"",""source_category_raw"":""감시.정찰.수색/인프라관리/물류·운송·구조/방역/방제/살포/임무장비"",""source_file"":""항공안전기술원_드론정보포털_기업명_사업분야_20240424 (1).csv"",""as_of_date"":""2024-04-24"",""defense_use_case_relation"":""일반"",""relation_rationale"":""군수·수송 용례와 교차 가능"",""official_defense_evidence"":""N"",""usage_note"":""탐색용 분류이며 기업의 방산업체 지정·군 납품을 의미하지 않음""},""duplicate_source_rows"":[]}"
6df33cd88d039e8487421346,CMP0132,방역/방제/살포,낮음,company_category_bridge,131,"{""original"":{""company_id"":""CMP0132"",""company_name_normalized"":""솔빛"",""business_category"":""방역/방제/살포"",""source_category_raw"":""감시.정찰.수색/인프라관리/물류·운송·구조/방역/방제/살포/임무장비"",""source_file"":""항공안전기술원_드론정보포털_기업명_사업분야_20240424 (1).csv"",""as_of_date"":""2024-04-24"",""defense_use_case_relation"":""낮음"",""relation_rationale"":""주로 민수 활용"",""official_defense_evidence"":""N"",""usage_note"":""탐색용 분류이며 기업의 방산업체 지정·군 납품을 의미하지 않음""},""duplicate_source_rows"":[]}"
065f059ec520cf42dae9bc53,CMP0132,임무장비,직접,company_category_bridge,132,"{""original"":{""company_id"":""CMP0132"",""company_name_normalized"":""솔빛"",""business_category"":""임무장비"",""source_category_raw"":""감시.정찰.수색/인프라관리/물류·운송·구조/방역/방제/살포/임무장비"",""source_file"":""항공안전기술원_드론정보포털_기업명_사업분야_20240424 (1).csv"",""as_of_date"":""2024-04-24"",""defense_use_case_relation"":""직접"",""relation_rationale"":""정찰·공격·지원 임무장비와 연결 가능"",""official_defense_evidence"":""N"",""usage_note"":""탐색용 분류이며 기업의 방산업체 지정·군 납품을 의미하지 않음""},""duplicate_source_rows"":[]}"
a04e595f36cf7add24edce57,CMP0136,감시.정찰.수색,직접,company_category_bridge,133,"{""original"":{""company_id"":""CMP0136"",""company_name_normalized"":""스마티"",""business_category"":""감시.정찰.수색"",""source_category_raw"":""감시.정찰.수색/인프라관리/물류·운송·구조/드론스테이션/모듈"",""source_file"":""항공안전기술원_드론정보포털_기업명_사업분야_20240424 (1).csv"",""as_of_date"":""2024-04-24"",""defense_use_case_relation"":""직접"",""relation_rationale"":""군 감시·정찰 임무와 직접 연결 가능"",""official_defense_evidence"":""N"",""usage_note"":""탐색용 분류이며 기업의 방산업체 지정·군 납품을 의미하지 않음""},""duplicate_source_rows"":[]}"
dd1b4125fc1be3048f561e3b,CMP0136,인프라관리,일반,company_category_bridge,134,"{""original"":{""company_id"":""CMP0136"",""company_name_normalized"":""스마티"",""business_category"":""인프라관리"",""source_category_raw"":""감시.정찰.수색/인프라관리/물류·운송·구조/드론스테이션/모듈"",""source_file"":""항공안전기술원_드론정보포털_기업명_사업분야_20240424 (1).csv"",""as_of_date"":""2024-04-24"",""defense_use_case_relation"":""일반"",""relation_rationale"":""민수 활용 중심이나 군 시설 관리와 교차 가능"",""official_defense_evidence"":""N"",""usage_note"":""탐색용 분류이며 기업의 방산업체 지정·군 납품을 의미하지 않음""},""duplicate_source_rows"":[]}"
6defba1bf6005ab804e450e8,CMP0136,물류·운송·구조,일반,company_category_bridge,135,"{""original"":{""company_id"":""CMP0136"",""company_name_normalized"":""스마티"",""business_category"":""물류·운송·구조"",""source_category_raw"":""감시.정찰.수색/인프라관리/물류·운송·구조/드론스테이션/모듈"",""source_file"":""항공안전기술원_드론정보포털_기업명_사업분야_20240424 (1).csv"",""as_of_date"":""2024-04-24"",""defense_use_case_relation"":""일반"",""relation_rationale"":""군수·수송 용례와 교차 가능"",""official_defense_evidence"":""N"",""usage_note"":""탐색용 분류이며 기업의 방산업체 지정·군 납품을 의미하지 않음""},""duplicate_source_rows"":[]}"
3d7a8100cdc3a0e7c6f60bbe,CMP0136,드론스테이션,인접,company_category_bridge,136,"{""original"":{""company_id"":""CMP0136"",""company_name_normalized"":""스마티"",""business_category"":""드론스테이션"",""source_category_raw"":""감시.정찰.수색/인프라관리/물류·운송·구조/드론스테이션/모듈"",""source_file"":""항공안전기술원_드론정보포털_기업명_사업분야_20240424 (1).csv"",""as_of_date"":""2024-04-24"",""defense_use_case_relation"":""인접"",""relation_rationale"":""무인 운용·원격 통제 인프라 후보"",""official_defense_evidence"":""N"",""usage_note"":""탐색용 분류이며 기업의 방산업체 지정·군 납품을 의미하지 않음""},""duplicate_source_rows"":[]}"
7e20fc2109b7335c9a34823a,CMP0136,모듈,인접,company_category_bridge,137,"{""original"":{""company_id"":""CMP0136"",""company_name_normalized"":""스마티"",""business_category"":""모듈"",""source_category_raw"":""감시.정찰.수색/인프라관리/물류·운송·구조/드론스테이션/모듈"",""source_file"":""항공안전기술원_드론정보포털_기업명_사업분야_20240424 (1).csv"",""as_of_date"":""2024-04-24"",""defense_use_case_relation"":""인접"",""relation_rationale"":""국방 드론 부품·모듈 공급망 후보"",""official_defense_evidence"":""N"",""usage_note"":""탐색용 분류이며 기업의 방산업체 지정·군 납품을 의미하지 않음""},""duplicate_source_rows"":[]}"
739cde7ad9e6f86dfe6ec7ca,CMP0153,물류·운송·구조,일반,company_category_bridge,138,"{""original"":{""company_id"":""CMP0153"",""company_name_normalized"":""아이엔"",""business_category"":""물류·운송·구조"",""source_category_raw"":""물류·운송·구조/방역/방제/살포/환경측량/취미·교육/드론스테이션"",""source_file"":""항공안전기술원_드론정보포털_기업명_사업분야_20240424 (1).csv"",""as_of_date"":""2024-04-24"",""defense_use_case_relation"":""일반"",""relation_rationale"":""군수·수송 용례와 교차 가능"",""official_defense_evidence"":""N"",""usage_note"":""탐색용 분류이며 기업의 방산업체 지정·군 납품을 의미하지 않음""},""duplicate_source_rows"":[]}"
30f7034673b2d39d29583627,CMP0153,방역/방제/살포,낮음,company_category_bridge,139,"{""original"":{""company_id"":""CMP0153"",""company_name_normalized"":""아이엔"",""business_category"":""방역/방제/살포"",""source_category_raw"":""물류·운송·구조/방역/방제/살포/환경측량/취미·교육/드론스테이션"",""source_file"":""항공안전기술원_드론정보포털_기업명_사업분야_20240424 (1).csv"",""as_of_date"":""2024-04-24"",""defense_use_case_relation"":""낮음"",""relation_rationale"":""주로 민수 활용"",""official_defense_evidence"":""N"",""usage_note"":""탐색용 분류이며 기업의 방산업체 지정·군 납품을 의미하지 않음""},""duplicate_source_rows"":[]}"
0cb14d0c171235da550d9f19,CMP0153,환경측량,일반,company_category_bridge,140,"{""original"":{""company_id"":""CMP0153"",""company_name_normalized"":""아이엔"",""business_category"":""환경측량"",""source_category_raw"":""물류·운송·구조/방역/방제/살포/환경측량/취미·교육/드론스테이션"",""source_file"":""항공안전기술원_드론정보포털_기업명_사업분야_20240424 (1).csv"",""as_of_date"":""2024-04-24"",""defense_use_case_relation"":""일반"",""relation_rationale"":""군 환경·지형 조사와 교차 가능"",""official_defense_evidence"":""N"",""usage_note"":""탐색용 분류이며 기업의 방산업체 지정·군 납품을 의미하지 않음""},""duplicate_source_rows"":[]}"
b2124add1b32cb80d7e40099,CMP0153,취미·교육,낮음,company_category_bridge,141,"{""original"":{""company_id"":""CMP0153"",""company_name_normalized"":""아이엔"",""business_category"":""취미·교육"",""source_category_raw"":""물류·운송·구조/방역/방제/살포/환경측량/취미·교육/드론스테이션"",""source_file"":""항공안전기술원_드론정보포털_기업명_사업분야_20240424 (1).csv"",""as_of_date"":""2024-04-24"",""defense_use_case_relation"":""낮음"",""relation_rationale"":""국방 연계 판단 근거로 사용하지 않음"",""official_defense_evidence"":""N"",""usage_note"":""탐색용 분류이며 기업의 방산업체 지정·군 납품을 의미하지 않음""},""duplicate_source_rows"":[]}"
d72429b82fa918158be8d813,CMP0153,드론스테이션,인접,company_category_bridge,142,"{""original"":{""company_id"":""CMP0153"",""company_name_normalized"":""아이엔"",""business_category"":""드론스테이션"",""source_category_raw"":""물류·운송·구조/방역/방제/살포/환경측량/취미·교육/드론스테이션"",""source_file"":""항공안전기술원_드론정보포털_기업명_사업분야_20240424 (1).csv"",""as_of_date"":""2024-04-24"",""defense_use_case_relation"":""인접"",""relation_rationale"":""무인 운용·원격 통제 인프라 후보"",""official_defense_evidence"":""N"",""usage_note"":""탐색용 분류이며 기업의 방산업체 지정·군 납품을 의미하지 않음""},""duplicate_source_rows"":[]}"
785fde9ca5c428cdd8f1e106,CMP0165,감시.정찰.수색,직접,company_category_bridge,143,"{""original"":{""company_id"":""CMP0165"",""company_name_normalized"":""에스엠소프트"",""business_category"":""감시.정찰.수색"",""source_category_raw"":""감시.정찰.수색/인프라관리/물류·운송·구조/공간정보/특수촬영/방역/방제/살포/환경측량/다목적 H/W/취미·교육/드론스테이션/안티드론/임무장비/모듈/지상통제장비/통합솔루션/앱"",""source_file"":""항공안전기술원_드론정보포털_기업명_사업분야_20240424 (1).csv"",""as_of_date"":""2024-04-24"",""defense_use_case_relation"":""직접"",""relation_rationale"":""군 감시·정찰 임무와 직접 연결 가능"",""official_defense_evidence"":""N"",""usage_note"":""탐색용 분류이며 기업의 방산업체 지정·군 납품을 의미하지 않음""},""duplicate_source_rows"":[]}"
316fc3870b2045ad0f49cccf,CMP0165,인프라관리,일반,company_category_bridge,144,"{""original"":{""company_id"":""CMP0165"",""company_name_normalized"":""에스엠소프트"",""business_category"":""인프라관리"",""source_category_raw"":""감시.정찰.수색/인프라관리/물류·운송·구조/공간정보/특수촬영/방역/방제/살포/환경측량/다목적 H/W/취미·교육/드론스테이션/안티드론/임무장비/모듈/지상통제장비/통합솔루션/앱"",""source_file"":""항공안전기술원_드론정보포털_기업명_사업분야_20240424 (1).csv"",""as_of_date"":""2024-04-24"",""defense_use_case_relation"":""일반"",""relation_rationale"":""민수 활용 중심이나 군 시설 관리와 교차 가능"",""official_defense_evidence"":""N"",""usage_note"":""탐색용 분류이며 기업의 방산업체 지정·군 납품을 의미하지 않음""},""duplicate_source_rows"":[]}"
cc521a84b5324459a824bc3b,CMP0165,물류·운송·구조,일반,company_category_bridge,145,"{""original"":{""company_id"":""CMP0165"",""company_name_normalized"":""에스엠소프트"",""business_category"":""물류·운송·구조"",""source_category_raw"":""감시.정찰.수색/인프라관리/물류·운송·구조/공간정보/특수촬영/방역/방제/살포/환경측량/다목적 H/W/취미·교육/드론스테이션/안티드론/임무장비/모듈/지상통제장비/통합솔루션/앱"",""source_file"":""항공안전기술원_드론정보포털_기업명_사업분야_20240424 (1).csv"",""as_of_date"":""2024-04-24"",""defense_use_case_relation"":""일반"",""relation_rationale"":""군수·수송 용례와 교차 가능"",""official_defense_evidence"":""N"",""usage_note"":""탐색용 분류이며 기업의 방산업체 지정·군 납품을 의미하지 않음""},""duplicate_source_rows"":[]}"
dabea5072abf1aef61ce5141,CMP0165,공간정보,일반,company_category_bridge,146,"{""original"":{""company_id"":""CMP0165"",""company_name_normalized"":""에스엠소프트"",""business_category"":""공간정보"",""source_category_raw"":""감시.정찰.수색/인프라관리/물류·운송·구조/공간정보/특수촬영/방역/방제/살포/환경측량/다목적 H/W/취미·교육/드론스테이션/안티드론/임무장비/모듈/지상통제장비/통합솔루션/앱"",""source_file"":""항공안전기술원_드론정보포털_기업명_사업분야_20240424 (1).csv"",""as_of_date"":""2024-04-24"",""defense_use_case_relation"":""일반"",""relation_rationale"":""군 지형·공간정보 용례와 교차 가능"",""official_defense_evidence"":""N"",""usage_note"":""탐색용 분류이며 기업의 방산업체 지정·군 납품을 의미하지 않음""},""duplicate_source_rows"":[]}"
cfc4442d1cadb4d006a24e40,CMP0165,특수촬영,일반,company_category_bridge,147,"{""original"":{""company_id"":""CMP0165"",""company_name_normalized"":""에스엠소프트"",""business_category"":""특수촬영"",""source_category_raw"":""감시.정찰.수색/인프라관리/물류·운송·구조/공간정보/특수촬영/방역/방제/살포/환경측량/다목적 H/W/취미·교육/드론스테이션/안티드론/임무장비/모듈/지상통제장비/통합솔루션/앱"",""source_file"":""항공안전기술원_드론정보포털_기업명_사업분야_20240424 (1).csv"",""as_of_date"":""2024-04-24"",""defense_use_case_relation"":""일반"",""relation_rationale"":""정찰 영상과 기술적으로 인접할 수 있음"",""official_defense_evidence"":""N"",""usage_note"":""탐색용 분류이며 기업의 방산업체 지정·군 납품을 의미하지 않음""},""duplicate_source_rows"":[]}"
21cd91e2f1bd160861d7adbb,CMP0165,방역/방제/살포,낮음,company_category_bridge,148,"{""original"":{""company_id"":""CMP0165"",""company_name_normalized"":""에스엠소프트"",""business_category"":""방역/방제/살포"",""source_category_raw"":""감시.정찰.수색/인프라관리/물류·운송·구조/공간정보/특수촬영/방역/방제/살포/환경측량/다목적 H/W/취미·교육/드론스테이션/안티드론/임무장비/모듈/지상통제장비/통합솔루션/앱"",""source_file"":""항공안전기술원_드론정보포털_기업명_사업분야_20240424 (1).csv"",""as_of_date"":""2024-04-24"",""defense_use_case_relation"":""낮음"",""relation_rationale"":""주로 민수 활용"",""official_defense_evidence"":""N"",""usage_note"":""탐색용 분류이며 기업의 방산업체 지정·군 납품을 의미하지 않음""},""duplicate_source_rows"":[]}"
f6346051af58cd0cb504c5f8,CMP0165,환경측량,일반,company_category_bridge,149,"{""original"":{""company_id"":""CMP0165"",""company_name_normalized"":""에스엠소프트"",""business_category"":""환경측량"",""source_category_raw"":""감시.정찰.수색/인프라관리/물류·운송·구조/공간정보/특수촬영/방역/방제/살포/환경측량/다목적 H/W/취미·교육/드론스테이션/안티드론/임무장비/모듈/지상통제장비/통합솔루션/앱"",""source_file"":""항공안전기술원_드론정보포털_기업명_사업분야_20240424 (1).csv"",""as_of_date"":""2024-04-24"",""defense_use_case_relation"":""일반"",""relation_rationale"":""군 환경·지형 조사와 교차 가능"",""official_defense_evidence"":""N"",""usage_note"":""탐색용 분류이며 기업의 방산업체 지정·군 납품을 의미하지 않음""},""duplicate_source_rows"":[]}"
51a940cb9cfa9662e54237a2,CMP0165,다목적 H/W,인접,company_category_bridge,150,"{""original"":{""company_id"":""CMP0165"",""company_name_normalized"":""에스엠소프트"",""business_category"":""다목적 H/W"",""source_category_raw"":""감시.정찰.수색/인프라관리/물류·운송·구조/공간정보/특수촬영/방역/방제/살포/환경측량/다목적 H/W/취미·교육/드론스테이션/안티드론/임무장비/모듈/지상통제장비/통합솔루션/앱"",""source_file"":""항공안전기술원_드론정보포털_기업명_사업분야_20240424 (1).csv"",""as_of_date"":""2024-04-24"",""defense_use_case_relation"":""인접"",""relation_rationale"":""기체·전자·탑재체 하드웨어 공급망 후보"",""official_defense_evidence"":""N"",""usage_note"":""탐색용 분류이며 기업의 방산업체 지정·군 납품을 의미하지 않음""},""duplicate_source_rows"":[]}"
c5e31da1ef988adc2484c062,CMP0165,취미·교육,낮음,company_category_bridge,151,"{""original"":{""company_id"":""CMP0165"",""company_name_normalized"":""에스엠소프트"",""business_category"":""취미·교육"",""source_category_raw"":""감시.정찰.수색/인프라관리/물류·운송·구조/공간정보/특수촬영/방역/방제/살포/환경측량/다목적 H/W/취미·교육/드론스테이션/안티드론/임무장비/모듈/지상통제장비/통합솔루션/앱"",""source_file"":""항공안전기술원_드론정보포털_기업명_사업분야_20240424 (1).csv"",""as_of_date"":""2024-04-24"",""defense_use_case_relation"":""낮음"",""relation_rationale"":""국방 연계 판단 근거로 사용하지 않음"",""official_defense_evidence"":""N"",""usage_note"":""탐색용 분류이며 기업의 방산업체 지정·군 납품을 의미하지 않음""},""duplicate_source_rows"":[]}"
81ce7ab04b110c48f3c4d054,CMP0165,드론스테이션,인접,company_category_bridge,152,"{""original"":{""company_id"":""CMP0165"",""company_name_normalized"":""에스엠소프트"",""business_category"":""드론스테이션"",""source_category_raw"":""감시.정찰.수색/인프라관리/물류·운송·구조/공간정보/특수촬영/방역/방제/살포/환경측량/다목적 H/W/취미·교육/드론스테이션/안티드론/임무장비/모듈/지상통제장비/통합솔루션/앱"",""source_file"":""항공안전기술원_드론정보포털_기업명_사업분야_20240424 (1).csv"",""as_of_date"":""2024-04-24"",""defense_use_case_relation"":""인접"",""relation_rationale"":""무인 운용·원격 통제 인프라 후보"",""official_defense_evidence"":""N"",""usage_note"":""탐색용 분류이며 기업의 방산업체 지정·군 납품을 의미하지 않음""},""duplicate_source_rows"":[]}"
4d23c3b846c1a47aca8efd0e,CMP0165,안티드론,직접,company_category_bridge,153,"{""original"":{""company_id"":""CMP0165"",""company_name_normalized"":""에스엠소프트"",""business_category"":""안티드론"",""source_category_raw"":""감시.정찰.수색/인프라관리/물류·운송·구조/공간정보/특수촬영/방역/방제/살포/환경측량/다목적 H/W/취미·교육/드론스테이션/안티드론/임무장비/모듈/지상통제장비/통합솔루션/앱"",""source_file"":""항공안전기술원_드론정보포털_기업명_사업분야_20240424 (1).csv"",""as_of_date"":""2024-04-24"",""defense_use_case_relation"":""직접"",""relation_rationale"":""대드론·C-UAS 용례와 직접 연결되는 사업분야"",""official_defense_evidence"":""N"",""usage_note"":""탐색용 분류이며 기업의 방산업체 지정·군 납품을 의미하지 않음""},""duplicate_source_rows"":[]}"
0302df6297e1a0dda0dfcc84,CMP0165,임무장비,직접,company_category_bridge,154,"{""original"":{""company_id"":""CMP0165"",""company_name_normalized"":""에스엠소프트"",""business_category"":""임무장비"",""source_category_raw"":""감시.정찰.수색/인프라관리/물류·운송·구조/공간정보/특수촬영/방역/방제/살포/환경측량/다목적 H/W/취미·교육/드론스테이션/안티드론/임무장비/모듈/지상통제장비/통합솔루션/앱"",""source_file"":""항공안전기술원_드론정보포털_기업명_사업분야_20240424 (1).csv"",""as_of_date"":""2024-04-24"",""defense_use_case_relation"":""직접"",""relation_rationale"":""정찰·공격·지원 임무장비와 연결 가능"",""official_defense_evidence"":""N"",""usage_note"":""탐색용 분류이며 기업의 방산업체 지정·군 납품을 의미하지 않음""},""duplicate_source_rows"":[]}"
1c8a255208acf7e1fe8ab76a,CMP0165,모듈,인접,company_category_bridge,155,"{""original"":{""company_id"":""CMP0165"",""company_name_normalized"":""에스엠소프트"",""business_category"":""모듈"",""source_category_raw"":""감시.정찰.수색/인프라관리/물류·운송·구조/공간정보/특수촬영/방역/방제/살포/환경측량/다목적 H/W/취미·교육/드론스테이션/안티드론/임무장비/모듈/지상통제장비/통합솔루션/앱"",""source_file"":""항공안전기술원_드론정보포털_기업명_사업분야_20240424 (1).csv"",""as_of_date"":""2024-04-24"",""defense_use_case_relation"":""인접"",""relation_rationale"":""국방 드론 부품·모듈 공급망 후보"",""official_defense_evidence"":""N"",""usage_note"":""탐색용 분류이며 기업의 방산업체 지정·군 납품을 의미하지 않음""},""duplicate_source_rows"":[]}"
909440203d646c42f1395620,CMP0165,지상통제장비,직접,company_category_bridge,156,"{""original"":{""company_id"":""CMP0165"",""company_name_normalized"":""에스엠소프트"",""business_category"":""지상통제장비"",""source_category_raw"":""감시.정찰.수색/인프라관리/물류·운송·구조/공간정보/특수촬영/방역/방제/살포/환경측량/다목적 H/W/취미·교육/드론스테이션/안티드론/임무장비/모듈/지상통제장비/통합솔루션/앱"",""source_file"":""항공안전기술원_드론정보포털_기업명_사업분야_20240424 (1).csv"",""as_of_date"":""2024-04-24"",""defense_use_case_relation"":""직접"",""relation_rationale"":""GCS·임무통제와 연결 가능"",""official_defense_evidence"":""N"",""usage_note"":""탐색용 분류이며 기업의 방산업체 지정·군 납품을 의미하지 않음""},""duplicate_source_rows"":[]}"
d409bf66364cd6a2a236872c,CMP0165,통합솔루션,인접,company_category_bridge,157,"{""original"":{""company_id"":""CMP0165"",""company_name_normalized"":""에스엠소프트"",""business_category"":""통합솔루션"",""source_category_raw"":""감시.정찰.수색/인프라관리/물류·운송·구조/공간정보/특수촬영/방역/방제/살포/환경측량/다목적 H/W/취미·교육/드론스테이션/안티드론/임무장비/모듈/지상통제장비/통합솔루션/앱"",""source_file"":""항공안전기술원_드론정보포털_기업명_사업분야_20240424 (1).csv"",""as_of_date"":""2024-04-24"",""defense_use_case_relation"":""인접"",""relation_rationale"":""체계통합·운용 소프트웨어와 연결 가능"",""official_defense_evidence"":""N"",""usage_note"":""탐색용 분류이며 기업의 방산업체 지정·군 납품을 의미하지 않음""},""duplicate_source_rows"":[]}"
b53d2ce59a4d8a4478564427,CMP0165,앱,낮음,company_category_bridge,158,"{""original"":{""company_id"":""CMP0165"",""company_name_normalized"":""에스엠소프트"",""business_category"":""앱"",""source_category_raw"":""감시.정찰.수색/인프라관리/물류·운송·구조/공간정보/특수촬영/방역/방제/살포/환경측량/다목적 H/W/취미·교육/드론스테이션/안티드론/임무장비/모듈/지상통제장비/통합솔루션/앱"",""source_file"":""항공안전기술원_드론정보포털_기업명_사업분야_20240424 (1).csv"",""as_of_date"":""2024-04-24"",""defense_use_case_relation"":""낮음"",""relation_rationale"":""세부 기능 확인 전 국방 연계 판단 불가"",""official_defense_evidence"":""N"",""usage_note"":""탐색용 분류이며 기업의 방산업체 지정·군 납품을 의미하지 않음""},""duplicate_source_rows"":[]}"
91cb8df2116ef1b8e5fec276,CMP0168,감시.정찰.수색,직접,company_category_bridge,159,"{""original"":{""company_id"":""CMP0168"",""company_name_normalized"":""에어로디제이컨설팅"",""business_category"":""감시.정찰.수색"",""source_category_raw"":""감시.정찰.수색/인프라관리/물류·운송·구조/다목적 H/W/안티드론/지상통제장비/기타"",""source_file"":""항공안전기술원_드론정보포털_기업명_사업분야_20240424 (1).csv"",""as_of_date"":""2024-04-24"",""defense_use_case_relation"":""직접"",""relation_rationale"":""군 감시·정찰 임무와 직접 연결 가능"",""official_defense_evidence"":""N"",""usage_note"":""탐색용 분류이며 기업의 방산업체 지정·군 납품을 의미하지 않음""},""duplicate_source_rows"":[]}"
6dd30bdd2e6da856c9d2b00e,CMP0168,인프라관리,일반,company_category_bridge,160,"{""original"":{""company_id"":""CMP0168"",""company_name_normalized"":""에어로디제이컨설팅"",""business_category"":""인프라관리"",""source_category_raw"":""감시.정찰.수색/인프라관리/물류·운송·구조/다목적 H/W/안티드론/지상통제장비/기타"",""source_file"":""항공안전기술원_드론정보포털_기업명_사업분야_20240424 (1).csv"",""as_of_date"":""2024-04-24"",""defense_use_case_relation"":""일반"",""relation_rationale"":""민수 활용 중심이나 군 시설 관리와 교차 가능"",""official_defense_evidence"":""N"",""usage_note"":""탐색용 분류이며 기업의 방산업체 지정·군 납품을 의미하지 않음""},""duplicate_source_rows"":[]}"
2bf8410dbaff5e7ec594b9b6,CMP0168,물류·운송·구조,일반,company_category_bridge,161,"{""original"":{""company_id"":""CMP0168"",""company_name_normalized"":""에어로디제이컨설팅"",""business_category"":""물류·운송·구조"",""source_category_raw"":""감시.정찰.수색/인프라관리/물류·운송·구조/다목적 H/W/안티드론/지상통제장비/기타"",""source_file"":""항공안전기술원_드론정보포털_기업명_사업분야_20240424 (1).csv"",""as_of_date"":""2024-04-24"",""defense_use_case_relation"":""일반"",""relation_rationale"":""군수·수송 용례와 교차 가능"",""official_defense_evidence"":""N"",""usage_note"":""탐색용 분류이며 기업의 방산업체 지정·군 납품을 의미하지 않음""},""duplicate_source_rows"":[]}"
eb0dc0934a153a72f7b11ba8,CMP0168,다목적 H/W,인접,company_category_bridge,162,"{""original"":{""company_id"":""CMP0168"",""company_name_normalized"":""에어로디제이컨설팅"",""business_category"":""다목적 H/W"",""source_category_raw"":""감시.정찰.수색/인프라관리/물류·운송·구조/다목적 H/W/안티드론/지상통제장비/기타"",""source_file"":""항공안전기술원_드론정보포털_기업명_사업분야_20240424 (1).csv"",""as_of_date"":""2024-04-24"",""defense_use_case_relation"":""인접"",""relation_rationale"":""기체·전자·탑재체 하드웨어 공급망 후보"",""official_defense_evidence"":""N"",""usage_note"":""탐색용 분류이며 기업의 방산업체 지정·군 납품을 의미하지 않음""},""duplicate_source_rows"":[]}"
92c87fa59f613b0e2983b485,CMP0168,안티드론,직접,company_category_bridge,163,"{""original"":{""company_id"":""CMP0168"",""company_name_normalized"":""에어로디제이컨설팅"",""business_category"":""안티드론"",""source_category_raw"":""감시.정찰.수색/인프라관리/물류·운송·구조/다목적 H/W/안티드론/지상통제장비/기타"",""source_file"":""항공안전기술원_드론정보포털_기업명_사업분야_20240424 (1).csv"",""as_of_date"":""2024-04-24"",""defense_use_case_relation"":""직접"",""relation_rationale"":""대드론·C-UAS 용례와 직접 연결되는 사업분야"",""official_defense_evidence"":""N"",""usage_note"":""탐색용 분류이며 기업의 방산업체 지정·군 납품을 의미하지 않음""},""duplicate_source_rows"":[]}"
098a08881742ccb4545dcf43,CMP0168,지상통제장비,직접,company_category_bridge,164,"{""original"":{""company_id"":""CMP0168"",""company_name_normalized"":""에어로디제이컨설팅"",""business_category"":""지상통제장비"",""source_category_raw"":""감시.정찰.수색/인프라관리/물류·운송·구조/다목적 H/W/안티드론/지상통제장비/기타"",""source_file"":""항공안전기술원_드론정보포털_기업명_사업분야_20240424 (1).csv"",""as_of_date"":""2024-04-24"",""defense_use_case_relation"":""직접"",""relation_rationale"":""GCS·임무통제와 연결 가능"",""official_defense_evidence"":""N"",""usage_note"":""탐색용 분류이며 기업의 방산업체 지정·군 납품을 의미하지 않음""},""duplicate_source_rows"":[]}"
fde20afd356edf17dbb239c1,CMP0168,기타,미확인,company_category_bridge,165,"{""original"":{""company_id"":""CMP0168"",""company_name_normalized"":""에어로디제이컨설팅"",""business_category"":""기타"",""source_category_raw"":""감시.정찰.수색/인프라관리/물류·운송·구조/다목적 H/W/안티드론/지상통제장비/기타"",""source_file"":""항공안전기술원_드론정보포털_기업명_사업분야_20240424 (1).csv"",""as_of_date"":""2024-04-24"",""defense_use_case_relation"":""미확인"",""relation_rationale"":""세부 내용 확인 필요"",""official_defense_evidence"":""N"",""usage_note"":""탐색용 분류이며 기업의 방산업체 지정·군 납품을 의미하지 않음""},""duplicate_source_rows"":[]}"
af384f52c7bfae9ebcf08a24,CMP0208,기타,미확인,company_category_bridge,166,"{""original"":{""company_id"":""CMP0208"",""company_name_normalized"":""이노스카이"",""business_category"":""기타"",""source_category_raw"":""기타"",""source_file"":""항공안전기술원_드론정보포털_기업명_사업분야_20240424 (1).csv"",""as_of_date"":""2024-04-24"",""defense_use_case_relation"":""미확인"",""relation_rationale"":""세부 내용 확인 필요"",""official_defense_evidence"":""N"",""usage_note"":""탐색용 분류이며 기업의 방산업체 지정·군 납품을 의미하지 않음""},""duplicate_source_rows"":[]}"
41b9548c4aec734a25579a02,CMP0213,안티드론,직접,company_category_bridge,167,"{""original"":{""company_id"":""CMP0213"",""company_name_normalized"":""이투비비"",""business_category"":""안티드론"",""source_category_raw"":""안티드론"",""source_file"":""항공안전기술원_드론정보포털_기업명_사업분야_20240424 (1).csv"",""as_of_date"":""2024-04-24"",""defense_use_case_relation"":""직접"",""relation_rationale"":""대드론·C-UAS 용례와 직접 연결되는 사업분야"",""official_defense_evidence"":""N"",""usage_note"":""탐색용 분류이며 기업의 방산업체 지정·군 납품을 의미하지 않음""},""duplicate_source_rows"":[]}"
dd53a8bc865d5b1e7ec34e5c,CMP0216,감시.정찰.수색,직접,company_category_bridge,168,"{""original"":{""company_id"":""CMP0216"",""company_name_normalized"":""인투스카이"",""business_category"":""감시.정찰.수색"",""source_category_raw"":""감시.정찰.수색/인프라관리/물류·운송·구조/공간정보/특수촬영/방역/방제/살포/다목적 H/W/취미·교육/임무장비/모듈/지상통제장비/통합솔루션/앱"",""source_file"":""항공안전기술원_드론정보포털_기업명_사업분야_20240424 (1).csv"",""as_of_date"":""2024-04-24"",""defense_use_case_relation"":""직접"",""relation_rationale"":""군 감시·정찰 임무와 직접 연결 가능"",""official_defense_evidence"":""N"",""usage_note"":""탐색용 분류이며 기업의 방산업체 지정·군 납품을 의미하지 않음""},""duplicate_source_rows"":[]}"
2ad370c539f10417a8485775,CMP0216,인프라관리,일반,company_category_bridge,169,"{""original"":{""company_id"":""CMP0216"",""company_name_normalized"":""인투스카이"",""business_category"":""인프라관리"",""source_category_raw"":""감시.정찰.수색/인프라관리/물류·운송·구조/공간정보/특수촬영/방역/방제/살포/다목적 H/W/취미·교육/임무장비/모듈/지상통제장비/통합솔루션/앱"",""source_file"":""항공안전기술원_드론정보포털_기업명_사업분야_20240424 (1).csv"",""as_of_date"":""2024-04-24"",""defense_use_case_relation"":""일반"",""relation_rationale"":""민수 활용 중심이나 군 시설 관리와 교차 가능"",""official_defense_evidence"":""N"",""usage_note"":""탐색용 분류이며 기업의 방산업체 지정·군 납품을 의미하지 않음""},""duplicate_source_rows"":[]}"
d966c86b36892fc02698db06,CMP0216,물류·운송·구조,일반,company_category_bridge,170,"{""original"":{""company_id"":""CMP0216"",""company_name_normalized"":""인투스카이"",""business_category"":""물류·운송·구조"",""source_category_raw"":""감시.정찰.수색/인프라관리/물류·운송·구조/공간정보/특수촬영/방역/방제/살포/다목적 H/W/취미·교육/임무장비/모듈/지상통제장비/통합솔루션/앱"",""source_file"":""항공안전기술원_드론정보포털_기업명_사업분야_20240424 (1).csv"",""as_of_date"":""2024-04-24"",""defense_use_case_relation"":""일반"",""relation_rationale"":""군수·수송 용례와 교차 가능"",""official_defense_evidence"":""N"",""usage_note"":""탐색용 분류이며 기업의 방산업체 지정·군 납품을 의미하지 않음""},""duplicate_source_rows"":[]}"
0831ee2e5f0dd52cba931327,CMP0216,공간정보,일반,company_category_bridge,171,"{""original"":{""company_id"":""CMP0216"",""company_name_normalized"":""인투스카이"",""business_category"":""공간정보"",""source_category_raw"":""감시.정찰.수색/인프라관리/물류·운송·구조/공간정보/특수촬영/방역/방제/살포/다목적 H/W/취미·교육/임무장비/모듈/지상통제장비/통합솔루션/앱"",""source_file"":""항공안전기술원_드론정보포털_기업명_사업분야_20240424 (1).csv"",""as_of_date"":""2024-04-24"",""defense_use_case_relation"":""일반"",""relation_rationale"":""군 지형·공간정보 용례와 교차 가능"",""official_defense_evidence"":""N"",""usage_note"":""탐색용 분류이며 기업의 방산업체 지정·군 납품을 의미하지 않음""},""duplicate_source_rows"":[]}"
6c3d6d6a958c52e532b7002a,CMP0216,특수촬영,일반,company_category_bridge,172,"{""original"":{""company_id"":""CMP0216"",""company_name_normalized"":""인투스카이"",""business_category"":""특수촬영"",""source_category_raw"":""감시.정찰.수색/인프라관리/물류·운송·구조/공간정보/특수촬영/방역/방제/살포/다목적 H/W/취미·교육/임무장비/모듈/지상통제장비/통합솔루션/앱"",""source_file"":""항공안전기술원_드론정보포털_기업명_사업분야_20240424 (1).csv"",""as_of_date"":""2024-04-24"",""defense_use_case_relation"":""일반"",""relation_rationale"":""정찰 영상과 기술적으로 인접할 수 있음"",""official_defense_evidence"":""N"",""usage_note"":""탐색용 분류이며 기업의 방산업체 지정·군 납품을 의미하지 않음""},""duplicate_source_rows"":[]}"
1ec7ee99026824f946190de9,CMP0216,방역/방제/살포,낮음,company_category_bridge,173,"{""original"":{""company_id"":""CMP0216"",""company_name_normalized"":""인투스카이"",""business_category"":""방역/방제/살포"",""source_category_raw"":""감시.정찰.수색/인프라관리/물류·운송·구조/공간정보/특수촬영/방역/방제/살포/다목적 H/W/취미·교육/임무장비/모듈/지상통제장비/통합솔루션/앱"",""source_file"":""항공안전기술원_드론정보포털_기업명_사업분야_20240424 (1).csv"",""as_of_date"":""2024-04-24"",""defense_use_case_relation"":""낮음"",""relation_rationale"":""주로 민수 활용"",""official_defense_evidence"":""N"",""usage_note"":""탐색용 분류이며 기업의 방산업체 지정·군 납품을 의미하지 않음""},""duplicate_source_rows"":[]}"
5b892b50d6267305ae87a59b,CMP0216,다목적 H/W,인접,company_category_bridge,174,"{""original"":{""company_id"":""CMP0216"",""company_name_normalized"":""인투스카이"",""business_category"":""다목적 H/W"",""source_category_raw"":""감시.정찰.수색/인프라관리/물류·운송·구조/공간정보/특수촬영/방역/방제/살포/다목적 H/W/취미·교육/임무장비/모듈/지상통제장비/통합솔루션/앱"",""source_file"":""항공안전기술원_드론정보포털_기업명_사업분야_20240424 (1).csv"",""as_of_date"":""2024-04-24"",""defense_use_case_relation"":""인접"",""relation_rationale"":""기체·전자·탑재체 하드웨어 공급망 후보"",""official_defense_evidence"":""N"",""usage_note"":""탐색용 분류이며 기업의 방산업체 지정·군 납품을 의미하지 않음""},""duplicate_source_rows"":[]}"
ff8086a0918edefd819201cd,CMP0216,취미·교육,낮음,company_category_bridge,175,"{""original"":{""company_id"":""CMP0216"",""company_name_normalized"":""인투스카이"",""business_category"":""취미·교육"",""source_category_raw"":""감시.정찰.수색/인프라관리/물류·운송·구조/공간정보/특수촬영/방역/방제/살포/다목적 H/W/취미·교육/임무장비/모듈/지상통제장비/통합솔루션/앱"",""source_file"":""항공안전기술원_드론정보포털_기업명_사업분야_20240424 (1).csv"",""as_of_date"":""2024-04-24"",""defense_use_case_relation"":""낮음"",""relation_rationale"":""국방 연계 판단 근거로 사용하지 않음"",""official_defense_evidence"":""N"",""usage_note"":""탐색용 분류이며 기업의 방산업체 지정·군 납품을 의미하지 않음""},""duplicate_source_rows"":[]}"
ed1008486b9ba6d4cd663d97,CMP0216,임무장비,직접,company_category_bridge,176,"{""original"":{""company_id"":""CMP0216"",""company_name_normalized"":""인투스카이"",""business_category"":""임무장비"",""source_category_raw"":""감시.정찰.수색/인프라관리/물류·운송·구조/공간정보/특수촬영/방역/방제/살포/다목적 H/W/취미·교육/임무장비/모듈/지상통제장비/통합솔루션/앱"",""source_file"":""항공안전기술원_드론정보포털_기업명_사업분야_20240424 (1).csv"",""as_of_date"":""2024-04-24"",""defense_use_case_relation"":""직접"",""relation_rationale"":""정찰·공격·지원 임무장비와 연결 가능"",""official_defense_evidence"":""N"",""usage_note"":""탐색용 분류이며 기업의 방산업체 지정·군 납품을 의미하지 않음""},""duplicate_source_rows"":[]}"
a23d307cce332c2f8553f8ad,CMP0216,모듈,인접,company_category_bridge,177,"{""original"":{""company_id"":""CMP0216"",""company_name_normalized"":""인투스카이"",""business_category"":""모듈"",""source_category_raw"":""감시.정찰.수색/인프라관리/물류·운송·구조/공간정보/특수촬영/방역/방제/살포/다목적 H/W/취미·교육/임무장비/모듈/지상통제장비/통합솔루션/앱"",""source_file"":""항공안전기술원_드론정보포털_기업명_사업분야_20240424 (1).csv"",""as_of_date"":""2024-04-24"",""defense_use_case_relation"":""인접"",""relation_rationale"":""국방 드론 부품·모듈 공급망 후보"",""official_defense_evidence"":""N"",""usage_note"":""탐색용 분류이며 기업의 방산업체 지정·군 납품을 의미하지 않음""},""duplicate_source_rows"":[]}"
9f7db29cf9cd32be0c43c154,CMP0216,지상통제장비,직접,company_category_bridge,178,"{""original"":{""company_id"":""CMP0216"",""company_name_normalized"":""인투스카이"",""business_category"":""지상통제장비"",""source_category_raw"":""감시.정찰.수색/인프라관리/물류·운송·구조/공간정보/특수촬영/방역/방제/살포/다목적 H/W/취미·교육/임무장비/모듈/지상통제장비/통합솔루션/앱"",""source_file"":""항공안전기술원_드론정보포털_기업명_사업분야_20240424 (1).csv"",""as_of_date"":""2024-04-24"",""defense_use_case_relation"":""직접"",""relation_rationale"":""GCS·임무통제와 연결 가능"",""official_defense_evidence"":""N"",""usage_note"":""탐색용 분류이며 기업의 방산업체 지정·군 납품을 의미하지 않음""},""duplicate_source_rows"":[]}"
7955475733a5a1229e64b432,CMP0216,통합솔루션,인접,company_category_bridge,179,"{""original"":{""company_id"":""CMP0216"",""company_name_normalized"":""인투스카이"",""business_category"":""통합솔루션"",""source_category_raw"":""감시.정찰.수색/인프라관리/물류·운송·구조/공간정보/특수촬영/방역/방제/살포/다목적 H/W/취미·교육/임무장비/모듈/지상통제장비/통합솔루션/앱"",""source_file"":""항공안전기술원_드론정보포털_기업명_사업분야_20240424 (1).csv"",""as_of_date"":""2024-04-24"",""defense_use_case_relation"":""인접"",""relation_rationale"":""체계통합·운용 소프트웨어와 연결 가능"",""official_defense_evidence"":""N"",""usage_note"":""탐색용 분류이며 기업의 방산업체 지정·군 납품을 의미하지 않음""},""duplicate_source_rows"":[]}"
be0a75c00f6314f292204f9e,CMP0216,앱,낮음,company_category_bridge,180,"{""original"":{""company_id"":""CMP0216"",""company_name_normalized"":""인투스카이"",""business_category"":""앱"",""source_category_raw"":""감시.정찰.수색/인프라관리/물류·운송·구조/공간정보/특수촬영/방역/방제/살포/다목적 H/W/취미·교육/임무장비/모듈/지상통제장비/통합솔루션/앱"",""source_file"":""항공안전기술원_드론정보포털_기업명_사업분야_20240424 (1).csv"",""as_of_date"":""2024-04-24"",""defense_use_case_relation"":""낮음"",""relation_rationale"":""세부 기능 확인 전 국방 연계 판단 불가"",""official_defense_evidence"":""N"",""usage_note"":""탐색용 분류이며 기업의 방산업체 지정·군 납품을 의미하지 않음""},""duplicate_source_rows"":[]}"
3cbfff58844b42b399891c52,CMP0221,감시.정찰.수색,직접,company_category_bridge,181,"{""original"":{""company_id"":""CMP0221"",""company_name_normalized"":""제이와이시스템"",""business_category"":""감시.정찰.수색"",""source_category_raw"":""감시.정찰.수색/인프라관리/공간정보/특수촬영/환경측량/임무장비"",""source_file"":""항공안전기술원_드론정보포털_기업명_사업분야_20240424 (1).csv"",""as_of_date"":""2024-04-24"",""defense_use_case_relation"":""직접"",""relation_rationale"":""군 감시·정찰 임무와 직접 연결 가능"",""official_defense_evidence"":""N"",""usage_note"":""탐색용 분류이며 기업의 방산업체 지정·군 납품을 의미하지 않음""},""duplicate_source_rows"":[]}"
008d3d2bade2718d9efa89a1,CMP0221,인프라관리,일반,company_category_bridge,182,"{""original"":{""company_id"":""CMP0221"",""company_name_normalized"":""제이와이시스템"",""business_category"":""인프라관리"",""source_category_raw"":""감시.정찰.수색/인프라관리/공간정보/특수촬영/환경측량/임무장비"",""source_file"":""항공안전기술원_드론정보포털_기업명_사업분야_20240424 (1).csv"",""as_of_date"":""2024-04-24"",""defense_use_case_relation"":""일반"",""relation_rationale"":""민수 활용 중심이나 군 시설 관리와 교차 가능"",""official_defense_evidence"":""N"",""usage_note"":""탐색용 분류이며 기업의 방산업체 지정·군 납품을 의미하지 않음""},""duplicate_source_rows"":[]}"
e87b05f6597fd743565ea11a,CMP0221,공간정보,일반,company_category_bridge,183,"{""original"":{""company_id"":""CMP0221"",""company_name_normalized"":""제이와이시스템"",""business_category"":""공간정보"",""source_category_raw"":""감시.정찰.수색/인프라관리/공간정보/특수촬영/환경측량/임무장비"",""source_file"":""항공안전기술원_드론정보포털_기업명_사업분야_20240424 (1).csv"",""as_of_date"":""2024-04-24"",""defense_use_case_relation"":""일반"",""relation_rationale"":""군 지형·공간정보 용례와 교차 가능"",""official_defense_evidence"":""N"",""usage_note"":""탐색용 분류이며 기업의 방산업체 지정·군 납품을 의미하지 않음""},""duplicate_source_rows"":[]}"
44d16e90d65d34e28292a831,CMP0221,특수촬영,일반,company_category_bridge,184,"{""original"":{""company_id"":""CMP0221"",""company_name_normalized"":""제이와이시스템"",""business_category"":""특수촬영"",""source_category_raw"":""감시.정찰.수색/인프라관리/공간정보/특수촬영/환경측량/임무장비"",""source_file"":""항공안전기술원_드론정보포털_기업명_사업분야_20240424 (1).csv"",""as_of_date"":""2024-04-24"",""defense_use_case_relation"":""일반"",""relation_rationale"":""정찰 영상과 기술적으로 인접할 수 있음"",""official_defense_evidence"":""N"",""usage_note"":""탐색용 분류이며 기업의 방산업체 지정·군 납품을 의미하지 않음""},""duplicate_source_rows"":[]}"
e62e0255e2c16d0f541b4439,CMP0221,환경측량,일반,company_category_bridge,185,"{""original"":{""company_id"":""CMP0221"",""company_name_normalized"":""제이와이시스템"",""business_category"":""환경측량"",""source_category_raw"":""감시.정찰.수색/인프라관리/공간정보/특수촬영/환경측량/임무장비"",""source_file"":""항공안전기술원_드론정보포털_기업명_사업분야_20240424 (1).csv"",""as_of_date"":""2024-04-24"",""defense_use_case_relation"":""일반"",""relation_rationale"":""군 환경·지형 조사와 교차 가능"",""official_defense_evidence"":""N"",""usage_note"":""탐색용 분류이며 기업의 방산업체 지정·군 납품을 의미하지 않음""},""duplicate_source_rows"":[]}"
ebd9eec65f8da25e163ac176,CMP0221,임무장비,직접,company_category_bridge,186,"{""original"":{""company_id"":""CMP0221"",""company_name_normalized"":""제이와이시스템"",""business_category"":""임무장비"",""source_category_raw"":""감시.정찰.수색/인프라관리/공간정보/특수촬영/환경측량/임무장비"",""source_file"":""항공안전기술원_드론정보포털_기업명_사업분야_20240424 (1).csv"",""as_of_date"":""2024-04-24"",""defense_use_case_relation"":""직접"",""relation_rationale"":""정찰·공격·지원 임무장비와 연결 가능"",""official_defense_evidence"":""N"",""usage_note"":""탐색용 분류이며 기업의 방산업체 지정·군 납품을 의미하지 않음""},""duplicate_source_rows"":[]}"
836385334c60c09ebff5c7ee,CMP0235,감시.정찰.수색,직접,company_category_bridge,187,"{""original"":{""company_id"":""CMP0235"",""company_name_normalized"":""코세코"",""business_category"":""감시.정찰.수색"",""source_category_raw"":""감시.정찰.수색/인프라관리/공간정보/특수촬영/환경측량/드론스테이션/임무장비/통합솔루션/기타"",""source_file"":""항공안전기술원_드론정보포털_기업명_사업분야_20240424 (1).csv"",""as_of_date"":""2024-04-24"",""defense_use_case_relation"":""직접"",""relation_rationale"":""군 감시·정찰 임무와 직접 연결 가능"",""official_defense_evidence"":""N"",""usage_note"":""탐색용 분류이며 기업의 방산업체 지정·군 납품을 의미하지 않음""},""duplicate_source_rows"":[]}"
5e1c90028068a2fc5803fcb4,CMP0235,인프라관리,일반,company_category_bridge,188,"{""original"":{""company_id"":""CMP0235"",""company_name_normalized"":""코세코"",""business_category"":""인프라관리"",""source_category_raw"":""감시.정찰.수색/인프라관리/공간정보/특수촬영/환경측량/드론스테이션/임무장비/통합솔루션/기타"",""source_file"":""항공안전기술원_드론정보포털_기업명_사업분야_20240424 (1).csv"",""as_of_date"":""2024-04-24"",""defense_use_case_relation"":""일반"",""relation_rationale"":""민수 활용 중심이나 군 시설 관리와 교차 가능"",""official_defense_evidence"":""N"",""usage_note"":""탐색용 분류이며 기업의 방산업체 지정·군 납품을 의미하지 않음""},""duplicate_source_rows"":[]}"
8d18468423b1f66ad6377263,CMP0235,공간정보,일반,company_category_bridge,189,"{""original"":{""company_id"":""CMP0235"",""company_name_normalized"":""코세코"",""business_category"":""공간정보"",""source_category_raw"":""감시.정찰.수색/인프라관리/공간정보/특수촬영/환경측량/드론스테이션/임무장비/통합솔루션/기타"",""source_file"":""항공안전기술원_드론정보포털_기업명_사업분야_20240424 (1).csv"",""as_of_date"":""2024-04-24"",""defense_use_case_relation"":""일반"",""relation_rationale"":""군 지형·공간정보 용례와 교차 가능"",""official_defense_evidence"":""N"",""usage_note"":""탐색용 분류이며 기업의 방산업체 지정·군 납품을 의미하지 않음""},""duplicate_source_rows"":[]}"
52fb6d1b951610364eb2c7ab,CMP0235,특수촬영,일반,company_category_bridge,190,"{""original"":{""company_id"":""CMP0235"",""company_name_normalized"":""코세코"",""business_category"":""특수촬영"",""source_category_raw"":""감시.정찰.수색/인프라관리/공간정보/특수촬영/환경측량/드론스테이션/임무장비/통합솔루션/기타"",""source_file"":""항공안전기술원_드론정보포털_기업명_사업분야_20240424 (1).csv"",""as_of_date"":""2024-04-24"",""defense_use_case_relation"":""일반"",""relation_rationale"":""정찰 영상과 기술적으로 인접할 수 있음"",""official_defense_evidence"":""N"",""usage_note"":""탐색용 분류이며 기업의 방산업체 지정·군 납품을 의미하지 않음""},""duplicate_source_rows"":[]}"
a8276ea2bc0b66cfc0efc6d6,CMP0235,환경측량,일반,company_category_bridge,191,"{""original"":{""company_id"":""CMP0235"",""company_name_normalized"":""코세코"",""business_category"":""환경측량"",""source_category_raw"":""감시.정찰.수색/인프라관리/공간정보/특수촬영/환경측량/드론스테이션/임무장비/통합솔루션/기타"",""source_file"":""항공안전기술원_드론정보포털_기업명_사업분야_20240424 (1).csv"",""as_of_date"":""2024-04-24"",""defense_use_case_relation"":""일반"",""relation_rationale"":""군 환경·지형 조사와 교차 가능"",""official_defense_evidence"":""N"",""usage_note"":""탐색용 분류이며 기업의 방산업체 지정·군 납품을 의미하지 않음""},""duplicate_source_rows"":[]}"
aa2957eda67db2f2cd62f2d3,CMP0235,드론스테이션,인접,company_category_bridge,192,"{""original"":{""company_id"":""CMP0235"",""company_name_normalized"":""코세코"",""business_category"":""드론스테이션"",""source_category_raw"":""감시.정찰.수색/인프라관리/공간정보/특수촬영/환경측량/드론스테이션/임무장비/통합솔루션/기타"",""source_file"":""항공안전기술원_드론정보포털_기업명_사업분야_20240424 (1).csv"",""as_of_date"":""2024-04-24"",""defense_use_case_relation"":""인접"",""relation_rationale"":""무인 운용·원격 통제 인프라 후보"",""official_defense_evidence"":""N"",""usage_note"":""탐색용 분류이며 기업의 방산업체 지정·군 납품을 의미하지 않음""},""duplicate_source_rows"":[]}"
05ea1ea1a771472f507a99cf,CMP0235,임무장비,직접,company_category_bridge,193,"{""original"":{""company_id"":""CMP0235"",""company_name_normalized"":""코세코"",""business_category"":""임무장비"",""source_category_raw"":""감시.정찰.수색/인프라관리/공간정보/특수촬영/환경측량/드론스테이션/임무장비/통합솔루션/기타"",""source_file"":""항공안전기술원_드론정보포털_기업명_사업분야_20240424 (1).csv"",""as_of_date"":""2024-04-24"",""defense_use_case_relation"":""직접"",""relation_rationale"":""정찰·공격·지원 임무장비와 연결 가능"",""official_defense_evidence"":""N"",""usage_note"":""탐색용 분류이며 기업의 방산업체 지정·군 납품을 의미하지 않음""},""duplicate_source_rows"":[]}"
a8cffdd153515dd1a54db92f,CMP0235,통합솔루션,인접,company_category_bridge,194,"{""original"":{""company_id"":""CMP0235"",""company_name_normalized"":""코세코"",""business_category"":""통합솔루션"",""source_category_raw"":""감시.정찰.수색/인프라관리/공간정보/특수촬영/환경측량/드론스테이션/임무장비/통합솔루션/기타"",""source_file"":""항공안전기술원_드론정보포털_기업명_사업분야_20240424 (1).csv"",""as_of_date"":""2024-04-24"",""defense_use_case_relation"":""인접"",""relation_rationale"":""체계통합·운용 소프트웨어와 연결 가능"",""official_defense_evidence"":""N"",""usage_note"":""탐색용 분류이며 기업의 방산업체 지정·군 납품을 의미하지 않음""},""duplicate_source_rows"":[]}"
1f8072129d387e1f8e7f2f81,CMP0235,기타,미확인,company_category_bridge,195,"{""original"":{""company_id"":""CMP0235"",""company_name_normalized"":""코세코"",""business_category"":""기타"",""source_category_raw"":""감시.정찰.수색/인프라관리/공간정보/특수촬영/환경측량/드론스테이션/임무장비/통합솔루션/기타"",""source_file"":""항공안전기술원_드론정보포털_기업명_사업분야_20240424 (1).csv"",""as_of_date"":""2024-04-24"",""defense_use_case_relation"":""미확인"",""relation_rationale"":""세부 내용 확인 필요"",""official_defense_evidence"":""N"",""usage_note"":""탐색용 분류이며 기업의 방산업체 지정·군 납품을 의미하지 않음""},""duplicate_source_rows"":[]}"
4cebf802708ef14e51fbc282,CMP0255,취미·교육,낮음,company_category_bridge,196,"{""original"":{""company_id"":""CMP0255"",""company_name_normalized"":""플라이존드론교육원"",""business_category"":""취미·교육"",""source_category_raw"":""취미·교육"",""source_file"":""항공안전기술원_드론정보포털_기업명_사업분야_20240424 (1).csv"",""as_of_date"":""2024-04-24"",""defense_use_case_relation"":""낮음"",""relation_rationale"":""국방 연계 판단 근거로 사용하지 않음"",""official_defense_evidence"":""N"",""usage_note"":""탐색용 분류이며 기업의 방산업체 지정·군 납품을 의미하지 않음""},""duplicate_source_rows"":[]}"
eefbb485fe27a4717d702f36,CMP0257,감시.정찰.수색,직접,company_category_bridge,197,"{""original"":{""company_id"":""CMP0257"",""company_name_normalized"":""픽소니어"",""business_category"":""감시.정찰.수색"",""source_category_raw"":""감시.정찰.수색/인프라관리/공간정보/특수촬영/환경측량/드론스테이션/안티드론/임무장비/지상통제장비/통합솔루션"",""source_file"":""항공안전기술원_드론정보포털_기업명_사업분야_20240424 (1).csv"",""as_of_date"":""2024-04-24"",""defense_use_case_relation"":""직접"",""relation_rationale"":""군 감시·정찰 임무와 직접 연결 가능"",""official_defense_evidence"":""N"",""usage_note"":""탐색용 분류이며 기업의 방산업체 지정·군 납품을 의미하지 않음""},""duplicate_source_rows"":[]}"
421ec69efacc261181fc6366,CMP0257,인프라관리,일반,company_category_bridge,198,"{""original"":{""company_id"":""CMP0257"",""company_name_normalized"":""픽소니어"",""business_category"":""인프라관리"",""source_category_raw"":""감시.정찰.수색/인프라관리/공간정보/특수촬영/환경측량/드론스테이션/안티드론/임무장비/지상통제장비/통합솔루션"",""source_file"":""항공안전기술원_드론정보포털_기업명_사업분야_20240424 (1).csv"",""as_of_date"":""2024-04-24"",""defense_use_case_relation"":""일반"",""relation_rationale"":""민수 활용 중심이나 군 시설 관리와 교차 가능"",""official_defense_evidence"":""N"",""usage_note"":""탐색용 분류이며 기업의 방산업체 지정·군 납품을 의미하지 않음""},""duplicate_source_rows"":[]}"
593b9fbe5b93295f42543bbf,CMP0257,공간정보,일반,company_category_bridge,199,"{""original"":{""company_id"":""CMP0257"",""company_name_normalized"":""픽소니어"",""business_category"":""공간정보"",""source_category_raw"":""감시.정찰.수색/인프라관리/공간정보/특수촬영/환경측량/드론스테이션/안티드론/임무장비/지상통제장비/통합솔루션"",""source_file"":""항공안전기술원_드론정보포털_기업명_사업분야_20240424 (1).csv"",""as_of_date"":""2024-04-24"",""defense_use_case_relation"":""일반"",""relation_rationale"":""군 지형·공간정보 용례와 교차 가능"",""official_defense_evidence"":""N"",""usage_note"":""탐색용 분류이며 기업의 방산업체 지정·군 납품을 의미하지 않음""},""duplicate_source_rows"":[]}"
a0d3db21ed4510b0dc95bbd9,CMP0257,특수촬영,일반,company_category_bridge,200,"{""original"":{""company_id"":""CMP0257"",""company_name_normalized"":""픽소니어"",""business_category"":""특수촬영"",""source_category_raw"":""감시.정찰.수색/인프라관리/공간정보/특수촬영/환경측량/드론스테이션/안티드론/임무장비/지상통제장비/통합솔루션"",""source_file"":""항공안전기술원_드론정보포털_기업명_사업분야_20240424 (1).csv"",""as_of_date"":""2024-04-24"",""defense_use_case_relation"":""일반"",""relation_rationale"":""정찰 영상과 기술적으로 인접할 수 있음"",""official_defense_evidence"":""N"",""usage_note"":""탐색용 분류이며 기업의 방산업체 지정·군 납품을 의미하지 않음""},""duplicate_source_rows"":[]}"
6b0bb721ff96dee0ba74a10c,CMP0257,환경측량,일반,company_category_bridge,201,"{""original"":{""company_id"":""CMP0257"",""company_name_normalized"":""픽소니어"",""business_category"":""환경측량"",""source_category_raw"":""감시.정찰.수색/인프라관리/공간정보/특수촬영/환경측량/드론스테이션/안티드론/임무장비/지상통제장비/통합솔루션"",""source_file"":""항공안전기술원_드론정보포털_기업명_사업분야_20240424 (1).csv"",""as_of_date"":""2024-04-24"",""defense_use_case_relation"":""일반"",""relation_rationale"":""군 환경·지형 조사와 교차 가능"",""official_defense_evidence"":""N"",""usage_note"":""탐색용 분류이며 기업의 방산업체 지정·군 납품을 의미하지 않음""},""duplicate_source_rows"":[]}"
44e726a50c347d3a19b0ee33,CMP0257,드론스테이션,인접,company_category_bridge,202,"{""original"":{""company_id"":""CMP0257"",""company_name_normalized"":""픽소니어"",""business_category"":""드론스테이션"",""source_category_raw"":""감시.정찰.수색/인프라관리/공간정보/특수촬영/환경측량/드론스테이션/안티드론/임무장비/지상통제장비/통합솔루션"",""source_file"":""항공안전기술원_드론정보포털_기업명_사업분야_20240424 (1).csv"",""as_of_date"":""2024-04-24"",""defense_use_case_relation"":""인접"",""relation_rationale"":""무인 운용·원격 통제 인프라 후보"",""official_defense_evidence"":""N"",""usage_note"":""탐색용 분류이며 기업의 방산업체 지정·군 납품을 의미하지 않음""},""duplicate_source_rows"":[]}"
3ea4f5585b0e7abf220f7568,CMP0257,안티드론,직접,company_category_bridge,203,"{""original"":{""company_id"":""CMP0257"",""company_name_normalized"":""픽소니어"",""business_category"":""안티드론"",""source_category_raw"":""감시.정찰.수색/인프라관리/공간정보/특수촬영/환경측량/드론스테이션/안티드론/임무장비/지상통제장비/통합솔루션"",""source_file"":""항공안전기술원_드론정보포털_기업명_사업분야_20240424 (1).csv"",""as_of_date"":""2024-04-24"",""defense_use_case_relation"":""직접"",""relation_rationale"":""대드론·C-UAS 용례와 직접 연결되는 사업분야"",""official_defense_evidence"":""N"",""usage_note"":""탐색용 분류이며 기업의 방산업체 지정·군 납품을 의미하지 않음""},""duplicate_source_rows"":[]}"
3a4e60de936dadfe1c003233,CMP0257,임무장비,직접,company_category_bridge,204,"{""original"":{""company_id"":""CMP0257"",""company_name_normalized"":""픽소니어"",""business_category"":""임무장비"",""source_category_raw"":""감시.정찰.수색/인프라관리/공간정보/특수촬영/환경측량/드론스테이션/안티드론/임무장비/지상통제장비/통합솔루션"",""source_file"":""항공안전기술원_드론정보포털_기업명_사업분야_20240424 (1).csv"",""as_of_date"":""2024-04-24"",""defense_use_case_relation"":""직접"",""relation_rationale"":""정찰·공격·지원 임무장비와 연결 가능"",""official_defense_evidence"":""N"",""usage_note"":""탐색용 분류이며 기업의 방산업체 지정·군 납품을 의미하지 않음""},""duplicate_source_rows"":[]}"
19c4fa153033bc776fd61944,CMP0257,지상통제장비,직접,company_category_bridge,205,"{""original"":{""company_id"":""CMP0257"",""company_name_normalized"":""픽소니어"",""business_category"":""지상통제장비"",""source_category_raw"":""감시.정찰.수색/인프라관리/공간정보/특수촬영/환경측량/드론스테이션/안티드론/임무장비/지상통제장비/통합솔루션"",""source_file"":""항공안전기술원_드론정보포털_기업명_사업분야_20240424 (1).csv"",""as_of_date"":""2024-04-24"",""defense_use_case_relation"":""직접"",""relation_rationale"":""GCS·임무통제와 연결 가능"",""official_defense_evidence"":""N"",""usage_note"":""탐색용 분류이며 기업의 방산업체 지정·군 납품을 의미하지 않음""},""duplicate_source_rows"":[]}"
7e669d8d2c4fbb1af9365e9f,CMP0257,통합솔루션,인접,company_category_bridge,206,"{""original"":{""company_id"":""CMP0257"",""company_name_normalized"":""픽소니어"",""business_category"":""통합솔루션"",""source_category_raw"":""감시.정찰.수색/인프라관리/공간정보/특수촬영/환경측량/드론스테이션/안티드론/임무장비/지상통제장비/통합솔루션"",""source_file"":""항공안전기술원_드론정보포털_기업명_사업분야_20240424 (1).csv"",""as_of_date"":""2024-04-24"",""defense_use_case_relation"":""인접"",""relation_rationale"":""체계통합·운용 소프트웨어와 연결 가능"",""official_defense_evidence"":""N"",""usage_note"":""탐색용 분류이며 기업의 방산업체 지정·군 납품을 의미하지 않음""},""duplicate_source_rows"":[]}"
c5f4f324f02e7393d8e592d5,CMP0266,감시.정찰.수색,직접,company_category_bridge,207,"{""original"":{""company_id"":""CMP0266"",""company_name_normalized"":""한국드론센터"",""business_category"":""감시.정찰.수색"",""source_category_raw"":""감시.정찰.수색/인프라관리/물류·운송·구조/공간정보/특수촬영/방역/방제/살포/환경측량/다목적 H/W/취미·교육"",""source_file"":""항공안전기술원_드론정보포털_기업명_사업분야_20240424 (1).csv"",""as_of_date"":""2024-04-24"",""defense_use_case_relation"":""직접"",""relation_rationale"":""군 감시·정찰 임무와 직접 연결 가능"",""official_defense_evidence"":""N"",""usage_note"":""탐색용 분류이며 기업의 방산업체 지정·군 납품을 의미하지 않음""},""duplicate_source_rows"":[]}"
2a830c1cee244f905510ad55,CMP0266,인프라관리,일반,company_category_bridge,208,"{""original"":{""company_id"":""CMP0266"",""company_name_normalized"":""한국드론센터"",""business_category"":""인프라관리"",""source_category_raw"":""감시.정찰.수색/인프라관리/물류·운송·구조/공간정보/특수촬영/방역/방제/살포/환경측량/다목적 H/W/취미·교육"",""source_file"":""항공안전기술원_드론정보포털_기업명_사업분야_20240424 (1).csv"",""as_of_date"":""2024-04-24"",""defense_use_case_relation"":""일반"",""relation_rationale"":""민수 활용 중심이나 군 시설 관리와 교차 가능"",""official_defense_evidence"":""N"",""usage_note"":""탐색용 분류이며 기업의 방산업체 지정·군 납품을 의미하지 않음""},""duplicate_source_rows"":[]}"
f292387e5f26716d1775ba99,CMP0266,물류·운송·구조,일반,company_category_bridge,209,"{""original"":{""company_id"":""CMP0266"",""company_name_normalized"":""한국드론센터"",""business_category"":""물류·운송·구조"",""source_category_raw"":""감시.정찰.수색/인프라관리/물류·운송·구조/공간정보/특수촬영/방역/방제/살포/환경측량/다목적 H/W/취미·교육"",""source_file"":""항공안전기술원_드론정보포털_기업명_사업분야_20240424 (1).csv"",""as_of_date"":""2024-04-24"",""defense_use_case_relation"":""일반"",""relation_rationale"":""군수·수송 용례와 교차 가능"",""official_defense_evidence"":""N"",""usage_note"":""탐색용 분류이며 기업의 방산업체 지정·군 납품을 의미하지 않음""},""duplicate_source_rows"":[]}"
7a0ceae7132aa14b79614aaf,CMP0266,공간정보,일반,company_category_bridge,210,"{""original"":{""company_id"":""CMP0266"",""company_name_normalized"":""한국드론센터"",""business_category"":""공간정보"",""source_category_raw"":""감시.정찰.수색/인프라관리/물류·운송·구조/공간정보/특수촬영/방역/방제/살포/환경측량/다목적 H/W/취미·교육"",""source_file"":""항공안전기술원_드론정보포털_기업명_사업분야_20240424 (1).csv"",""as_of_date"":""2024-04-24"",""defense_use_case_relation"":""일반"",""relation_rationale"":""군 지형·공간정보 용례와 교차 가능"",""official_defense_evidence"":""N"",""usage_note"":""탐색용 분류이며 기업의 방산업체 지정·군 납품을 의미하지 않음""},""duplicate_source_rows"":[]}"
e0458206178f589f1fcaf282,CMP0266,특수촬영,일반,company_category_bridge,211,"{""original"":{""company_id"":""CMP0266"",""company_name_normalized"":""한국드론센터"",""business_category"":""특수촬영"",""source_category_raw"":""감시.정찰.수색/인프라관리/물류·운송·구조/공간정보/특수촬영/방역/방제/살포/환경측량/다목적 H/W/취미·교육"",""source_file"":""항공안전기술원_드론정보포털_기업명_사업분야_20240424 (1).csv"",""as_of_date"":""2024-04-24"",""defense_use_case_relation"":""일반"",""relation_rationale"":""정찰 영상과 기술적으로 인접할 수 있음"",""official_defense_evidence"":""N"",""usage_note"":""탐색용 분류이며 기업의 방산업체 지정·군 납품을 의미하지 않음""},""duplicate_source_rows"":[]}"
595109fd2543a1445695b4fc,CMP0266,방역/방제/살포,낮음,company_category_bridge,212,"{""original"":{""company_id"":""CMP0266"",""company_name_normalized"":""한국드론센터"",""business_category"":""방역/방제/살포"",""source_category_raw"":""감시.정찰.수색/인프라관리/물류·운송·구조/공간정보/특수촬영/방역/방제/살포/환경측량/다목적 H/W/취미·교육"",""source_file"":""항공안전기술원_드론정보포털_기업명_사업분야_20240424 (1).csv"",""as_of_date"":""2024-04-24"",""defense_use_case_relation"":""낮음"",""relation_rationale"":""주로 민수 활용"",""official_defense_evidence"":""N"",""usage_note"":""탐색용 분류이며 기업의 방산업체 지정·군 납품을 의미하지 않음""},""duplicate_source_rows"":[]}"
2251b48cdfa69e85331a62d9,CMP0266,환경측량,일반,company_category_bridge,213,"{""original"":{""company_id"":""CMP0266"",""company_name_normalized"":""한국드론센터"",""business_category"":""환경측량"",""source_category_raw"":""감시.정찰.수색/인프라관리/물류·운송·구조/공간정보/특수촬영/방역/방제/살포/환경측량/다목적 H/W/취미·교육"",""source_file"":""항공안전기술원_드론정보포털_기업명_사업분야_20240424 (1).csv"",""as_of_date"":""2024-04-24"",""defense_use_case_relation"":""일반"",""relation_rationale"":""군 환경·지형 조사와 교차 가능"",""official_defense_evidence"":""N"",""usage_note"":""탐색용 분류이며 기업의 방산업체 지정·군 납품을 의미하지 않음""},""duplicate_source_rows"":[]}"
873a657e9fd00eecff678a75,CMP0266,다목적 H/W,인접,company_category_bridge,214,"{""original"":{""company_id"":""CMP0266"",""company_name_normalized"":""한국드론센터"",""business_category"":""다목적 H/W"",""source_category_raw"":""감시.정찰.수색/인프라관리/물류·운송·구조/공간정보/특수촬영/방역/방제/살포/환경측량/다목적 H/W/취미·교육"",""source_file"":""항공안전기술원_드론정보포털_기업명_사업분야_20240424 (1).csv"",""as_of_date"":""2024-04-24"",""defense_use_case_relation"":""인접"",""relation_rationale"":""기체·전자·탑재체 하드웨어 공급망 후보"",""official_defense_evidence"":""N"",""usage_note"":""탐색용 분류이며 기업의 방산업체 지정·군 납품을 의미하지 않음""},""duplicate_source_rows"":[]}"
36801b0a2497ff02d11338aa,CMP0266,취미·교육,낮음,company_category_bridge,215,"{""original"":{""company_id"":""CMP0266"",""company_name_normalized"":""한국드론센터"",""business_category"":""취미·교육"",""source_category_raw"":""감시.정찰.수색/인프라관리/물류·운송·구조/공간정보/특수촬영/방역/방제/살포/환경측량/다목적 H/W/취미·교육"",""source_file"":""항공안전기술원_드론정보포털_기업명_사업분야_20240424 (1).csv"",""as_of_date"":""2024-04-24"",""defense_use_case_relation"":""낮음"",""relation_rationale"":""국방 연계 판단 근거로 사용하지 않음"",""official_defense_evidence"":""N"",""usage_note"":""탐색용 분류이며 기업의 방산업체 지정·군 납품을 의미하지 않음""},""duplicate_source_rows"":[]}"
61559836759e5683f0fa55a7,CMP0278,감시.정찰.수색,직접,company_category_bridge,216,"{""original"":{""company_id"":""CMP0278"",""company_name_normalized"":""한국헬리콥터"",""business_category"":""감시.정찰.수색"",""source_category_raw"":""감시.정찰.수색/인프라관리/물류·운송·구조/방역/방제/살포/다목적 H/W/임무장비/지상통제장비/통합솔루션/앱"",""source_file"":""항공안전기술원_드론정보포털_기업명_사업분야_20240424 (1).csv"",""as_of_date"":""2024-04-24"",""defense_use_case_relation"":""직접"",""relation_rationale"":""군 감시·정찰 임무와 직접 연결 가능"",""official_defense_evidence"":""N"",""usage_note"":""탐색용 분류이며 기업의 방산업체 지정·군 납품을 의미하지 않음""},""duplicate_source_rows"":[]}"
9547e6d9c97a94fdbf1f6a40,CMP0278,인프라관리,일반,company_category_bridge,217,"{""original"":{""company_id"":""CMP0278"",""company_name_normalized"":""한국헬리콥터"",""business_category"":""인프라관리"",""source_category_raw"":""감시.정찰.수색/인프라관리/물류·운송·구조/방역/방제/살포/다목적 H/W/임무장비/지상통제장비/통합솔루션/앱"",""source_file"":""항공안전기술원_드론정보포털_기업명_사업분야_20240424 (1).csv"",""as_of_date"":""2024-04-24"",""defense_use_case_relation"":""일반"",""relation_rationale"":""민수 활용 중심이나 군 시설 관리와 교차 가능"",""official_defense_evidence"":""N"",""usage_note"":""탐색용 분류이며 기업의 방산업체 지정·군 납품을 의미하지 않음""},""duplicate_source_rows"":[]}"
cd41a11ead1fec5dc0f1f120,CMP0278,물류·운송·구조,일반,company_category_bridge,218,"{""original"":{""company_id"":""CMP0278"",""company_name_normalized"":""한국헬리콥터"",""business_category"":""물류·운송·구조"",""source_category_raw"":""감시.정찰.수색/인프라관리/물류·운송·구조/방역/방제/살포/다목적 H/W/임무장비/지상통제장비/통합솔루션/앱"",""source_file"":""항공안전기술원_드론정보포털_기업명_사업분야_20240424 (1).csv"",""as_of_date"":""2024-04-24"",""defense_use_case_relation"":""일반"",""relation_rationale"":""군수·수송 용례와 교차 가능"",""official_defense_evidence"":""N"",""usage_note"":""탐색용 분류이며 기업의 방산업체 지정·군 납품을 의미하지 않음""},""duplicate_source_rows"":[]}"
326b5118182fd479033e2cf3,CMP0278,방역/방제/살포,낮음,company_category_bridge,219,"{""original"":{""company_id"":""CMP0278"",""company_name_normalized"":""한국헬리콥터"",""business_category"":""방역/방제/살포"",""source_category_raw"":""감시.정찰.수색/인프라관리/물류·운송·구조/방역/방제/살포/다목적 H/W/임무장비/지상통제장비/통합솔루션/앱"",""source_file"":""항공안전기술원_드론정보포털_기업명_사업분야_20240424 (1).csv"",""as_of_date"":""2024-04-24"",""defense_use_case_relation"":""낮음"",""relation_rationale"":""주로 민수 활용"",""official_defense_evidence"":""N"",""usage_note"":""탐색용 분류이며 기업의 방산업체 지정·군 납품을 의미하지 않음""},""duplicate_source_rows"":[]}"
ea0c84ca97bfa22298892bba,CMP0278,다목적 H/W,인접,company_category_bridge,220,"{""original"":{""company_id"":""CMP0278"",""company_name_normalized"":""한국헬리콥터"",""business_category"":""다목적 H/W"",""source_category_raw"":""감시.정찰.수색/인프라관리/물류·운송·구조/방역/방제/살포/다목적 H/W/임무장비/지상통제장비/통합솔루션/앱"",""source_file"":""항공안전기술원_드론정보포털_기업명_사업분야_20240424 (1).csv"",""as_of_date"":""2024-04-24"",""defense_use_case_relation"":""인접"",""relation_rationale"":""기체·전자·탑재체 하드웨어 공급망 후보"",""official_defense_evidence"":""N"",""usage_note"":""탐색용 분류이며 기업의 방산업체 지정·군 납품을 의미하지 않음""},""duplicate_source_rows"":[]}"
9e2c85e896a19c1a8b398ad2,CMP0278,임무장비,직접,company_category_bridge,221,"{""original"":{""company_id"":""CMP0278"",""company_name_normalized"":""한국헬리콥터"",""business_category"":""임무장비"",""source_category_raw"":""감시.정찰.수색/인프라관리/물류·운송·구조/방역/방제/살포/다목적 H/W/임무장비/지상통제장비/통합솔루션/앱"",""source_file"":""항공안전기술원_드론정보포털_기업명_사업분야_20240424 (1).csv"",""as_of_date"":""2024-04-24"",""defense_use_case_relation"":""직접"",""relation_rationale"":""정찰·공격·지원 임무장비와 연결 가능"",""official_defense_evidence"":""N"",""usage_note"":""탐색용 분류이며 기업의 방산업체 지정·군 납품을 의미하지 않음""},""duplicate_source_rows"":[]}"
1d36d2c1ef6a4f6b6340d4fb,CMP0278,지상통제장비,직접,company_category_bridge,222,"{""original"":{""company_id"":""CMP0278"",""company_name_normalized"":""한국헬리콥터"",""business_category"":""지상통제장비"",""source_category_raw"":""감시.정찰.수색/인프라관리/물류·운송·구조/방역/방제/살포/다목적 H/W/임무장비/지상통제장비/통합솔루션/앱"",""source_file"":""항공안전기술원_드론정보포털_기업명_사업분야_20240424 (1).csv"",""as_of_date"":""2024-04-24"",""defense_use_case_relation"":""직접"",""relation_rationale"":""GCS·임무통제와 연결 가능"",""official_defense_evidence"":""N"",""usage_note"":""탐색용 분류이며 기업의 방산업체 지정·군 납품을 의미하지 않음""},""duplicate_source_rows"":[]}"
e4308bcc5d864ba8db89d684,CMP0278,통합솔루션,인접,company_category_bridge,223,"{""original"":{""company_id"":""CMP0278"",""company_name_normalized"":""한국헬리콥터"",""business_category"":""통합솔루션"",""source_category_raw"":""감시.정찰.수색/인프라관리/물류·운송·구조/방역/방제/살포/다목적 H/W/임무장비/지상통제장비/통합솔루션/앱"",""source_file"":""항공안전기술원_드론정보포털_기업명_사업분야_20240424 (1).csv"",""as_of_date"":""2024-04-24"",""defense_use_case_relation"":""인접"",""relation_rationale"":""체계통합·운용 소프트웨어와 연결 가능"",""official_defense_evidence"":""N"",""usage_note"":""탐색용 분류이며 기업의 방산업체 지정·군 납품을 의미하지 않음""},""duplicate_source_rows"":[]}"
1f1d1dcf1d5fc56817a32d81,CMP0278,앱,낮음,company_category_bridge,224,"{""original"":{""company_id"":""CMP0278"",""company_name_normalized"":""한국헬리콥터"",""business_category"":""앱"",""source_category_raw"":""감시.정찰.수색/인프라관리/물류·운송·구조/방역/방제/살포/다목적 H/W/임무장비/지상통제장비/통합솔루션/앱"",""source_file"":""항공안전기술원_드론정보포털_기업명_사업분야_20240424 (1).csv"",""as_of_date"":""2024-04-24"",""defense_use_case_relation"":""낮음"",""relation_rationale"":""세부 기능 확인 전 국방 연계 판단 불가"",""official_defense_evidence"":""N"",""usage_note"":""탐색용 분류이며 기업의 방산업체 지정·군 납품을 의미하지 않음""},""duplicate_source_rows"":[]}"
c4b4cfee681218063f9515b2,CMP0286,감시.정찰.수색,직접,company_category_bridge,225,"{""original"":{""company_id"":""CMP0286"",""company_name_normalized"":""해오름드론항공"",""business_category"":""감시.정찰.수색"",""source_category_raw"":""감시.정찰.수색/인프라관리/물류·운송·구조/공간정보/특수촬영/방역/방제/살포/환경측량/다목적 H/W/방송·공연/취미·교육/드론스테이션/안티드론/임무장비/모듈/지상통제장비/통합솔루션/앱/기타"",""source_file"":""항공안전기술원_드론정보포털_기업명_사업분야_20240424 (1).csv"",""as_of_date"":""2024-04-24"",""defense_use_case_relation"":""직접"",""relation_rationale"":""군 감시·정찰 임무와 직접 연결 가능"",""official_defense_evidence"":""N"",""usage_note"":""탐색용 분류이며 기업의 방산업체 지정·군 납품을 의미하지 않음""},""duplicate_source_rows"":[]}"
da19dc023cd9b1e51fd0f1ba,CMP0286,인프라관리,일반,company_category_bridge,226,"{""original"":{""company_id"":""CMP0286"",""company_name_normalized"":""해오름드론항공"",""business_category"":""인프라관리"",""source_category_raw"":""감시.정찰.수색/인프라관리/물류·운송·구조/공간정보/특수촬영/방역/방제/살포/환경측량/다목적 H/W/방송·공연/취미·교육/드론스테이션/안티드론/임무장비/모듈/지상통제장비/통합솔루션/앱/기타"",""source_file"":""항공안전기술원_드론정보포털_기업명_사업분야_20240424 (1).csv"",""as_of_date"":""2024-04-24"",""defense_use_case_relation"":""일반"",""relation_rationale"":""민수 활용 중심이나 군 시설 관리와 교차 가능"",""official_defense_evidence"":""N"",""usage_note"":""탐색용 분류이며 기업의 방산업체 지정·군 납품을 의미하지 않음""},""duplicate_source_rows"":[]}"
de616de7b9de2a0eaef573bd,CMP0286,물류·운송·구조,일반,company_category_bridge,227,"{""original"":{""company_id"":""CMP0286"",""company_name_normalized"":""해오름드론항공"",""business_category"":""물류·운송·구조"",""source_category_raw"":""감시.정찰.수색/인프라관리/물류·운송·구조/공간정보/특수촬영/방역/방제/살포/환경측량/다목적 H/W/방송·공연/취미·교육/드론스테이션/안티드론/임무장비/모듈/지상통제장비/통합솔루션/앱/기타"",""source_file"":""항공안전기술원_드론정보포털_기업명_사업분야_20240424 (1).csv"",""as_of_date"":""2024-04-24"",""defense_use_case_relation"":""일반"",""relation_rationale"":""군수·수송 용례와 교차 가능"",""official_defense_evidence"":""N"",""usage_note"":""탐색용 분류이며 기업의 방산업체 지정·군 납품을 의미하지 않음""},""duplicate_source_rows"":[]}"
8825c58a66e9d3b320e3cec3,CMP0286,공간정보,일반,company_category_bridge,228,"{""original"":{""company_id"":""CMP0286"",""company_name_normalized"":""해오름드론항공"",""business_category"":""공간정보"",""source_category_raw"":""감시.정찰.수색/인프라관리/물류·운송·구조/공간정보/특수촬영/방역/방제/살포/환경측량/다목적 H/W/방송·공연/취미·교육/드론스테이션/안티드론/임무장비/모듈/지상통제장비/통합솔루션/앱/기타"",""source_file"":""항공안전기술원_드론정보포털_기업명_사업분야_20240424 (1).csv"",""as_of_date"":""2024-04-24"",""defense_use_case_relation"":""일반"",""relation_rationale"":""군 지형·공간정보 용례와 교차 가능"",""official_defense_evidence"":""N"",""usage_note"":""탐색용 분류이며 기업의 방산업체 지정·군 납품을 의미하지 않음""},""duplicate_source_rows"":[]}"
8cb054cf43f3a125faf3be2f,CMP0286,특수촬영,일반,company_category_bridge,229,"{""original"":{""company_id"":""CMP0286"",""company_name_normalized"":""해오름드론항공"",""business_category"":""특수촬영"",""source_category_raw"":""감시.정찰.수색/인프라관리/물류·운송·구조/공간정보/특수촬영/방역/방제/살포/환경측량/다목적 H/W/방송·공연/취미·교육/드론스테이션/안티드론/임무장비/모듈/지상통제장비/통합솔루션/앱/기타"",""source_file"":""항공안전기술원_드론정보포털_기업명_사업분야_20240424 (1).csv"",""as_of_date"":""2024-04-24"",""defense_use_case_relation"":""일반"",""relation_rationale"":""정찰 영상과 기술적으로 인접할 수 있음"",""official_defense_evidence"":""N"",""usage_note"":""탐색용 분류이며 기업의 방산업체 지정·군 납품을 의미하지 않음""},""duplicate_source_rows"":[]}"
866ac871f179bcbaa5bddbfd,CMP0286,방역/방제/살포,낮음,company_category_bridge,230,"{""original"":{""company_id"":""CMP0286"",""company_name_normalized"":""해오름드론항공"",""business_category"":""방역/방제/살포"",""source_category_raw"":""감시.정찰.수색/인프라관리/물류·운송·구조/공간정보/특수촬영/방역/방제/살포/환경측량/다목적 H/W/방송·공연/취미·교육/드론스테이션/안티드론/임무장비/모듈/지상통제장비/통합솔루션/앱/기타"",""source_file"":""항공안전기술원_드론정보포털_기업명_사업분야_20240424 (1).csv"",""as_of_date"":""2024-04-24"",""defense_use_case_relation"":""낮음"",""relation_rationale"":""주로 민수 활용"",""official_defense_evidence"":""N"",""usage_note"":""탐색용 분류이며 기업의 방산업체 지정·군 납품을 의미하지 않음""},""duplicate_source_rows"":[]}"
06ec6fa46003cd186481700e,CMP0286,환경측량,일반,company_category_bridge,231,"{""original"":{""company_id"":""CMP0286"",""company_name_normalized"":""해오름드론항공"",""business_category"":""환경측량"",""source_category_raw"":""감시.정찰.수색/인프라관리/물류·운송·구조/공간정보/특수촬영/방역/방제/살포/환경측량/다목적 H/W/방송·공연/취미·교육/드론스테이션/안티드론/임무장비/모듈/지상통제장비/통합솔루션/앱/기타"",""source_file"":""항공안전기술원_드론정보포털_기업명_사업분야_20240424 (1).csv"",""as_of_date"":""2024-04-24"",""defense_use_case_relation"":""일반"",""relation_rationale"":""군 환경·지형 조사와 교차 가능"",""official_defense_evidence"":""N"",""usage_note"":""탐색용 분류이며 기업의 방산업체 지정·군 납품을 의미하지 않음""},""duplicate_source_rows"":[]}"
342d66bc615ff8af6395f7c7,CMP0286,다목적 H/W,인접,company_category_bridge,232,"{""original"":{""company_id"":""CMP0286"",""company_name_normalized"":""해오름드론항공"",""business_category"":""다목적 H/W"",""source_category_raw"":""감시.정찰.수색/인프라관리/물류·운송·구조/공간정보/특수촬영/방역/방제/살포/환경측량/다목적 H/W/방송·공연/취미·교육/드론스테이션/안티드론/임무장비/모듈/지상통제장비/통합솔루션/앱/기타"",""source_file"":""항공안전기술원_드론정보포털_기업명_사업분야_20240424 (1).csv"",""as_of_date"":""2024-04-24"",""defense_use_case_relation"":""인접"",""relation_rationale"":""기체·전자·탑재체 하드웨어 공급망 후보"",""official_defense_evidence"":""N"",""usage_note"":""탐색용 분류이며 기업의 방산업체 지정·군 납품을 의미하지 않음""},""duplicate_source_rows"":[]}"
bad975512be587fa7c3ed66f,CMP0286,방송·공연,낮음,company_category_bridge,233,"{""original"":{""company_id"":""CMP0286"",""company_name_normalized"":""해오름드론항공"",""business_category"":""방송·공연"",""source_category_raw"":""감시.정찰.수색/인프라관리/물류·운송·구조/공간정보/특수촬영/방역/방제/살포/환경측량/다목적 H/W/방송·공연/취미·교육/드론스테이션/안티드론/임무장비/모듈/지상통제장비/통합솔루션/앱/기타"",""source_file"":""항공안전기술원_드론정보포털_기업명_사업분야_20240424 (1).csv"",""as_of_date"":""2024-04-24"",""defense_use_case_relation"":""낮음"",""relation_rationale"":""국방 연계 판단 근거로 사용하지 않음"",""official_defense_evidence"":""N"",""usage_note"":""탐색용 분류이며 기업의 방산업체 지정·군 납품을 의미하지 않음""},""duplicate_source_rows"":[]}"
57af2803c207b592b8fa88f3,CMP0286,취미·교육,낮음,company_category_bridge,234,"{""original"":{""company_id"":""CMP0286"",""company_name_normalized"":""해오름드론항공"",""business_category"":""취미·교육"",""source_category_raw"":""감시.정찰.수색/인프라관리/물류·운송·구조/공간정보/특수촬영/방역/방제/살포/환경측량/다목적 H/W/방송·공연/취미·교육/드론스테이션/안티드론/임무장비/모듈/지상통제장비/통합솔루션/앱/기타"",""source_file"":""항공안전기술원_드론정보포털_기업명_사업분야_20240424 (1).csv"",""as_of_date"":""2024-04-24"",""defense_use_case_relation"":""낮음"",""relation_rationale"":""국방 연계 판단 근거로 사용하지 않음"",""official_defense_evidence"":""N"",""usage_note"":""탐색용 분류이며 기업의 방산업체 지정·군 납품을 의미하지 않음""},""duplicate_source_rows"":[]}"
832115555d22dec4c1630b32,CMP0286,드론스테이션,인접,company_category_bridge,235,"{""original"":{""company_id"":""CMP0286"",""company_name_normalized"":""해오름드론항공"",""business_category"":""드론스테이션"",""source_category_raw"":""감시.정찰.수색/인프라관리/물류·운송·구조/공간정보/특수촬영/방역/방제/살포/환경측량/다목적 H/W/방송·공연/취미·교육/드론스테이션/안티드론/임무장비/모듈/지상통제장비/통합솔루션/앱/기타"",""source_file"":""항공안전기술원_드론정보포털_기업명_사업분야_20240424 (1).csv"",""as_of_date"":""2024-04-24"",""defense_use_case_relation"":""인접"",""relation_rationale"":""무인 운용·원격 통제 인프라 후보"",""official_defense_evidence"":""N"",""usage_note"":""탐색용 분류이며 기업의 방산업체 지정·군 납품을 의미하지 않음""},""duplicate_source_rows"":[]}"
b0705f4193743de9bfa3c185,CMP0286,안티드론,직접,company_category_bridge,236,"{""original"":{""company_id"":""CMP0286"",""company_name_normalized"":""해오름드론항공"",""business_category"":""안티드론"",""source_category_raw"":""감시.정찰.수색/인프라관리/물류·운송·구조/공간정보/특수촬영/방역/방제/살포/환경측량/다목적 H/W/방송·공연/취미·교육/드론스테이션/안티드론/임무장비/모듈/지상통제장비/통합솔루션/앱/기타"",""source_file"":""항공안전기술원_드론정보포털_기업명_사업분야_20240424 (1).csv"",""as_of_date"":""2024-04-24"",""defense_use_case_relation"":""직접"",""relation_rationale"":""대드론·C-UAS 용례와 직접 연결되는 사업분야"",""official_defense_evidence"":""N"",""usage_note"":""탐색용 분류이며 기업의 방산업체 지정·군 납품을 의미하지 않음""},""duplicate_source_rows"":[]}"
454cdd1ebf1f9916d71ca337,CMP0286,임무장비,직접,company_category_bridge,237,"{""original"":{""company_id"":""CMP0286"",""company_name_normalized"":""해오름드론항공"",""business_category"":""임무장비"",""source_category_raw"":""감시.정찰.수색/인프라관리/물류·운송·구조/공간정보/특수촬영/방역/방제/살포/환경측량/다목적 H/W/방송·공연/취미·교육/드론스테이션/안티드론/임무장비/모듈/지상통제장비/통합솔루션/앱/기타"",""source_file"":""항공안전기술원_드론정보포털_기업명_사업분야_20240424 (1).csv"",""as_of_date"":""2024-04-24"",""defense_use_case_relation"":""직접"",""relation_rationale"":""정찰·공격·지원 임무장비와 연결 가능"",""official_defense_evidence"":""N"",""usage_note"":""탐색용 분류이며 기업의 방산업체 지정·군 납품을 의미하지 않음""},""duplicate_source_rows"":[]}"
73c821a213e2b0d4737ea667,CMP0286,모듈,인접,company_category_bridge,238,"{""original"":{""company_id"":""CMP0286"",""company_name_normalized"":""해오름드론항공"",""business_category"":""모듈"",""source_category_raw"":""감시.정찰.수색/인프라관리/물류·운송·구조/공간정보/특수촬영/방역/방제/살포/환경측량/다목적 H/W/방송·공연/취미·교육/드론스테이션/안티드론/임무장비/모듈/지상통제장비/통합솔루션/앱/기타"",""source_file"":""항공안전기술원_드론정보포털_기업명_사업분야_20240424 (1).csv"",""as_of_date"":""2024-04-24"",""defense_use_case_relation"":""인접"",""relation_rationale"":""국방 드론 부품·모듈 공급망 후보"",""official_defense_evidence"":""N"",""usage_note"":""탐색용 분류이며 기업의 방산업체 지정·군 납품을 의미하지 않음""},""duplicate_source_rows"":[]}"
aaf804494e6470136bea4e1a,CMP0286,지상통제장비,직접,company_category_bridge,239,"{""original"":{""company_id"":""CMP0286"",""company_name_normalized"":""해오름드론항공"",""business_category"":""지상통제장비"",""source_category_raw"":""감시.정찰.수색/인프라관리/물류·운송·구조/공간정보/특수촬영/방역/방제/살포/환경측량/다목적 H/W/방송·공연/취미·교육/드론스테이션/안티드론/임무장비/모듈/지상통제장비/통합솔루션/앱/기타"",""source_file"":""항공안전기술원_드론정보포털_기업명_사업분야_20240424 (1).csv"",""as_of_date"":""2024-04-24"",""defense_use_case_relation"":""직접"",""relation_rationale"":""GCS·임무통제와 연결 가능"",""official_defense_evidence"":""N"",""usage_note"":""탐색용 분류이며 기업의 방산업체 지정·군 납품을 의미하지 않음""},""duplicate_source_rows"":[]}"
e32c4d318b8bbafd27004145,CMP0286,통합솔루션,인접,company_category_bridge,240,"{""original"":{""company_id"":""CMP0286"",""company_name_normalized"":""해오름드론항공"",""business_category"":""통합솔루션"",""source_category_raw"":""감시.정찰.수색/인프라관리/물류·운송·구조/공간정보/특수촬영/방역/방제/살포/환경측량/다목적 H/W/방송·공연/취미·교육/드론스테이션/안티드론/임무장비/모듈/지상통제장비/통합솔루션/앱/기타"",""source_file"":""항공안전기술원_드론정보포털_기업명_사업분야_20240424 (1).csv"",""as_of_date"":""2024-04-24"",""defense_use_case_relation"":""인접"",""relation_rationale"":""체계통합·운용 소프트웨어와 연결 가능"",""official_defense_evidence"":""N"",""usage_note"":""탐색용 분류이며 기업의 방산업체 지정·군 납품을 의미하지 않음""},""duplicate_source_rows"":[]}"
3224fcd7fd52b0c48333de42,CMP0286,앱,낮음,company_category_bridge,241,"{""original"":{""company_id"":""CMP0286"",""company_name_normalized"":""해오름드론항공"",""business_category"":""앱"",""source_category_raw"":""감시.정찰.수색/인프라관리/물류·운송·구조/공간정보/특수촬영/방역/방제/살포/환경측량/다목적 H/W/방송·공연/취미·교육/드론스테이션/안티드론/임무장비/모듈/지상통제장비/통합솔루션/앱/기타"",""source_file"":""항공안전기술원_드론정보포털_기업명_사업분야_20240424 (1).csv"",""as_of_date"":""2024-04-24"",""defense_use_case_relation"":""낮음"",""relation_rationale"":""세부 기능 확인 전 국방 연계 판단 불가"",""official_defense_evidence"":""N"",""usage_note"":""탐색용 분류이며 기업의 방산업체 지정·군 납품을 의미하지 않음""},""duplicate_source_rows"":[]}"
04b7f6336d188fef2c7b2e28,CMP0286,기타,미확인,company_category_bridge,242,"{""original"":{""company_id"":""CMP0286"",""company_name_normalized"":""해오름드론항공"",""business_category"":""기타"",""source_category_raw"":""감시.정찰.수색/인프라관리/물류·운송·구조/공간정보/특수촬영/방역/방제/살포/환경측량/다목적 H/W/방송·공연/취미·교육/드론스테이션/안티드론/임무장비/모듈/지상통제장비/통합솔루션/앱/기타"",""source_file"":""항공안전기술원_드론정보포털_기업명_사업분야_20240424 (1).csv"",""as_of_date"":""2024-04-24"",""defense_use_case_relation"":""미확인"",""relation_rationale"":""세부 내용 확인 필요"",""official_defense_evidence"":""N"",""usage_note"":""탐색용 분류이며 기업의 방산업체 지정·군 납품을 의미하지 않음""},""duplicate_source_rows"":[]}"
2cd18867f8ae38fbf988136c,CMP0293,감시.정찰.수색,직접,company_category_bridge,243,"{""original"":{""company_id"":""CMP0293"",""company_name_normalized"":""(협)한국드론진흥원"",""business_category"":""감시.정찰.수색"",""source_category_raw"":""감시.정찰.수색/인프라관리/공간정보/특수촬영/방역/방제/살포/방송·공연/취미·교육/임무장비"",""source_file"":""항공안전기술원_드론정보포털_기업명_사업분야_20240424 (1).csv"",""as_of_date"":""2024-04-24"",""defense_use_case_relation"":""직접"",""relation_rationale"":""군 감시·정찰 임무와 직접 연결 가능"",""official_defense_evidence"":""N"",""usage_note"":""탐색용 분류이며 기업의 방산업체 지정·군 납품을 의미하지 않음""},""duplicate_source_rows"":[]}"
6c0bf4208cde50987be5a6be,CMP0293,인프라관리,일반,company_category_bridge,244,"{""original"":{""company_id"":""CMP0293"",""company_name_normalized"":""(협)한국드론진흥원"",""business_category"":""인프라관리"",""source_category_raw"":""감시.정찰.수색/인프라관리/공간정보/특수촬영/방역/방제/살포/방송·공연/취미·교육/임무장비"",""source_file"":""항공안전기술원_드론정보포털_기업명_사업분야_20240424 (1).csv"",""as_of_date"":""2024-04-24"",""defense_use_case_relation"":""일반"",""relation_rationale"":""민수 활용 중심이나 군 시설 관리와 교차 가능"",""official_defense_evidence"":""N"",""usage_note"":""탐색용 분류이며 기업의 방산업체 지정·군 납품을 의미하지 않음""},""duplicate_source_rows"":[]}"
d53af141c779f35cb20239bf,CMP0293,공간정보,일반,company_category_bridge,245,"{""original"":{""company_id"":""CMP0293"",""company_name_normalized"":""(협)한국드론진흥원"",""business_category"":""공간정보"",""source_category_raw"":""감시.정찰.수색/인프라관리/공간정보/특수촬영/방역/방제/살포/방송·공연/취미·교육/임무장비"",""source_file"":""항공안전기술원_드론정보포털_기업명_사업분야_20240424 (1).csv"",""as_of_date"":""2024-04-24"",""defense_use_case_relation"":""일반"",""relation_rationale"":""군 지형·공간정보 용례와 교차 가능"",""official_defense_evidence"":""N"",""usage_note"":""탐색용 분류이며 기업의 방산업체 지정·군 납품을 의미하지 않음""},""duplicate_source_rows"":[]}"
ef51bc536e88749fbddd8096,CMP0293,특수촬영,일반,company_category_bridge,246,"{""original"":{""company_id"":""CMP0293"",""company_name_normalized"":""(협)한국드론진흥원"",""business_category"":""특수촬영"",""source_category_raw"":""감시.정찰.수색/인프라관리/공간정보/특수촬영/방역/방제/살포/방송·공연/취미·교육/임무장비"",""source_file"":""항공안전기술원_드론정보포털_기업명_사업분야_20240424 (1).csv"",""as_of_date"":""2024-04-24"",""defense_use_case_relation"":""일반"",""relation_rationale"":""정찰 영상과 기술적으로 인접할 수 있음"",""official_defense_evidence"":""N"",""usage_note"":""탐색용 분류이며 기업의 방산업체 지정·군 납품을 의미하지 않음""},""duplicate_source_rows"":[]}"
437ad2d397cbb37e376f8cc9,CMP0293,방역/방제/살포,낮음,company_category_bridge,247,"{""original"":{""company_id"":""CMP0293"",""company_name_normalized"":""(협)한국드론진흥원"",""business_category"":""방역/방제/살포"",""source_category_raw"":""감시.정찰.수색/인프라관리/공간정보/특수촬영/방역/방제/살포/방송·공연/취미·교육/임무장비"",""source_file"":""항공안전기술원_드론정보포털_기업명_사업분야_20240424 (1).csv"",""as_of_date"":""2024-04-24"",""defense_use_case_relation"":""낮음"",""relation_rationale"":""주로 민수 활용"",""official_defense_evidence"":""N"",""usage_note"":""탐색용 분류이며 기업의 방산업체 지정·군 납품을 의미하지 않음""},""duplicate_source_rows"":[]}"
0c462c18ec1bc0ac01a8c23d,CMP0293,방송·공연,낮음,company_category_bridge,248,"{""original"":{""company_id"":""CMP0293"",""company_name_normalized"":""(협)한국드론진흥원"",""business_category"":""방송·공연"",""source_category_raw"":""감시.정찰.수색/인프라관리/공간정보/특수촬영/방역/방제/살포/방송·공연/취미·교육/임무장비"",""source_file"":""항공안전기술원_드론정보포털_기업명_사업분야_20240424 (1).csv"",""as_of_date"":""2024-04-24"",""defense_use_case_relation"":""낮음"",""relation_rationale"":""국방 연계 판단 근거로 사용하지 않음"",""official_defense_evidence"":""N"",""usage_note"":""탐색용 분류이며 기업의 방산업체 지정·군 납품을 의미하지 않음""},""duplicate_source_rows"":[]}"
ad3c792b3db5ff398f3481f9,CMP0293,취미·교육,낮음,company_category_bridge,249,"{""original"":{""company_id"":""CMP0293"",""company_name_normalized"":""(협)한국드론진흥원"",""business_category"":""취미·교육"",""source_category_raw"":""감시.정찰.수색/인프라관리/공간정보/특수촬영/방역/방제/살포/방송·공연/취미·교육/임무장비"",""source_file"":""항공안전기술원_드론정보포털_기업명_사업분야_20240424 (1).csv"",""as_of_date"":""2024-04-24"",""defense_use_case_relation"":""낮음"",""relation_rationale"":""국방 연계 판단 근거로 사용하지 않음"",""official_defense_evidence"":""N"",""usage_note"":""탐색용 분류이며 기업의 방산업체 지정·군 납품을 의미하지 않음""},""duplicate_source_rows"":[]}"
e8305e01d0b71c5c5dbc4eed,CMP0293,임무장비,직접,company_category_bridge,250,"{""original"":{""company_id"":""CMP0293"",""company_name_normalized"":""(협)한국드론진흥원"",""business_category"":""임무장비"",""source_category_raw"":""감시.정찰.수색/인프라관리/공간정보/특수촬영/방역/방제/살포/방송·공연/취미·교육/임무장비"",""source_file"":""항공안전기술원_드론정보포털_기업명_사업분야_20240424 (1).csv"",""as_of_date"":""2024-04-24"",""defense_use_case_relation"":""직접"",""relation_rationale"":""정찰·공격·지원 임무장비와 연결 가능"",""official_defense_evidence"":""N"",""usage_note"":""탐색용 분류이며 기업의 방산업체 지정·군 납품을 의미하지 않음""},""duplicate_source_rows"":[]}"
c4651592d2512ab08b9fb49a,CMP0001,공간정보,일반,company_category_bridge,251,"{""original"":{""company_id"":""CMP0001"",""company_name_normalized"":""4S Mapper"",""business_category"":""공간정보"",""source_category_raw"":""공간정보/특수촬영/환경측량/다목적 H/W/모듈/지상통제장비/통합솔루션"",""source_file"":""항공안전기술원_드론정보포털_기업명_사업분야_20240424 (1).csv"",""as_of_date"":""2024-04-24"",""defense_use_case_relation"":""일반"",""relation_rationale"":""군 지형·공간정보 용례와 교차 가능"",""official_defense_evidence"":""N"",""usage_note"":""탐색용 분류이며 기업의 방산업체 지정·군 납품을 의미하지 않음""},""duplicate_source_rows"":[]}"
6ce49de5765393e10d84c8ab,CMP0001,특수촬영,일반,company_category_bridge,252,"{""original"":{""company_id"":""CMP0001"",""company_name_normalized"":""4S Mapper"",""business_category"":""특수촬영"",""source_category_raw"":""공간정보/특수촬영/환경측량/다목적 H/W/모듈/지상통제장비/통합솔루션"",""source_file"":""항공안전기술원_드론정보포털_기업명_사업분야_20240424 (1).csv"",""as_of_date"":""2024-04-24"",""defense_use_case_relation"":""일반"",""relation_rationale"":""정찰 영상과 기술적으로 인접할 수 있음"",""official_defense_evidence"":""N"",""usage_note"":""탐색용 분류이며 기업의 방산업체 지정·군 납품을 의미하지 않음""},""duplicate_source_rows"":[]}"
dec915be30e0ece80897808a,CMP0001,환경측량,일반,company_category_bridge,253,"{""original"":{""company_id"":""CMP0001"",""company_name_normalized"":""4S Mapper"",""business_category"":""환경측량"",""source_category_raw"":""공간정보/특수촬영/환경측량/다목적 H/W/모듈/지상통제장비/통합솔루션"",""source_file"":""항공안전기술원_드론정보포털_기업명_사업분야_20240424 (1).csv"",""as_of_date"":""2024-04-24"",""defense_use_case_relation"":""일반"",""relation_rationale"":""군 환경·지형 조사와 교차 가능"",""official_defense_evidence"":""N"",""usage_note"":""탐색용 분류이며 기업의 방산업체 지정·군 납품을 의미하지 않음""},""duplicate_source_rows"":[]}"
c9fd3ce9beb84ac9704a6715,CMP0001,다목적 H/W,인접,company_category_bridge,254,"{""original"":{""company_id"":""CMP0001"",""company_name_normalized"":""4S Mapper"",""business_category"":""다목적 H/W"",""source_category_raw"":""공간정보/특수촬영/환경측량/다목적 H/W/모듈/지상통제장비/통합솔루션"",""source_file"":""항공안전기술원_드론정보포털_기업명_사업분야_20240424 (1).csv"",""as_of_date"":""2024-04-24"",""defense_use_case_relation"":""인접"",""relation_rationale"":""기체·전자·탑재체 하드웨어 공급망 후보"",""official_defense_evidence"":""N"",""usage_note"":""탐색용 분류이며 기업의 방산업체 지정·군 납품을 의미하지 않음""},""duplicate_source_rows"":[]}"
f328228d1513f441e0ef829b,CMP0001,모듈,인접,company_category_bridge,255,"{""original"":{""company_id"":""CMP0001"",""company_name_normalized"":""4S Mapper"",""business_category"":""모듈"",""source_category_raw"":""공간정보/특수촬영/환경측량/다목적 H/W/모듈/지상통제장비/통합솔루션"",""source_file"":""항공안전기술원_드론정보포털_기업명_사업분야_20240424 (1).csv"",""as_of_date"":""2024-04-24"",""defense_use_case_relation"":""인접"",""relation_rationale"":""국방 드론 부품·모듈 공급망 후보"",""official_defense_evidence"":""N"",""usage_note"":""탐색용 분류이며 기업의 방산업체 지정·군 납품을 의미하지 않음""},""duplicate_source_rows"":[]}"
b7cce821de8ccd77640dde63,CMP0001,지상통제장비,직접,company_category_bridge,256,"{""original"":{""company_id"":""CMP0001"",""company_name_normalized"":""4S Mapper"",""business_category"":""지상통제장비"",""source_category_raw"":""공간정보/특수촬영/환경측량/다목적 H/W/모듈/지상통제장비/통합솔루션"",""source_file"":""항공안전기술원_드론정보포털_기업명_사업분야_20240424 (1).csv"",""as_of_date"":""2024-04-24"",""defense_use_case_relation"":""직접"",""relation_rationale"":""GCS·임무통제와 연결 가능"",""official_defense_evidence"":""N"",""usage_note"":""탐색용 분류이며 기업의 방산업체 지정·군 납품을 의미하지 않음""},""duplicate_source_rows"":[]}"
e4f3e3fe05bd756fb2abcd7d,CMP0001,통합솔루션,인접,company_category_bridge,257,"{""original"":{""company_id"":""CMP0001"",""company_name_normalized"":""4S Mapper"",""business_category"":""통합솔루션"",""source_category_raw"":""공간정보/특수촬영/환경측량/다목적 H/W/모듈/지상통제장비/통합솔루션"",""source_file"":""항공안전기술원_드론정보포털_기업명_사업분야_20240424 (1).csv"",""as_of_date"":""2024-04-24"",""defense_use_case_relation"":""인접"",""relation_rationale"":""체계통합·운용 소프트웨어와 연결 가능"",""official_defense_evidence"":""N"",""usage_note"":""탐색용 분류이며 기업의 방산업체 지정·군 납품을 의미하지 않음""},""duplicate_source_rows"":[]}"
ee8631a89e01b9c2e2912b63,CMP0002,감시.정찰.수색,직접,company_category_bridge,258,"{""original"":{""company_id"":""CMP0002"",""company_name_normalized"":""LIG넥스원"",""business_category"":""감시.정찰.수색"",""source_category_raw"":""감시.정찰.수색/인프라관리"",""source_file"":""항공안전기술원_드론정보포털_기업명_사업분야_20240424 (1).csv"",""as_of_date"":""2024-04-24"",""defense_use_case_relation"":""직접"",""relation_rationale"":""군 감시·정찰 임무와 직접 연결 가능"",""official_defense_evidence"":""N"",""usage_note"":""탐색용 분류이며 기업의 방산업체 지정·군 납품을 의미하지 않음""},""duplicate_source_rows"":[]}"
7e5220f1aec4d7ff433491c9,CMP0002,인프라관리,일반,company_category_bridge,259,"{""original"":{""company_id"":""CMP0002"",""company_name_normalized"":""LIG넥스원"",""business_category"":""인프라관리"",""source_category_raw"":""감시.정찰.수색/인프라관리"",""source_file"":""항공안전기술원_드론정보포털_기업명_사업분야_20240424 (1).csv"",""as_of_date"":""2024-04-24"",""defense_use_case_relation"":""일반"",""relation_rationale"":""민수 활용 중심이나 군 시설 관리와 교차 가능"",""official_defense_evidence"":""N"",""usage_note"":""탐색용 분류이며 기업의 방산업체 지정·군 납품을 의미하지 않음""},""duplicate_source_rows"":[]}"
861c7a7ff3d0eb7bc2d47e1c,CMP0007,방역/방제/살포,낮음,company_category_bridge,260,"{""original"":{""company_id"":""CMP0007"",""company_name_normalized"":""강남무인항공"",""business_category"":""방역/방제/살포"",""source_category_raw"":""방역/방제/살포/취미·교육/기타"",""source_file"":""항공안전기술원_드론정보포털_기업명_사업분야_20240424 (1).csv"",""as_of_date"":""2024-04-24"",""defense_use_case_relation"":""낮음"",""relation_rationale"":""주로 민수 활용"",""official_defense_evidence"":""N"",""usage_note"":""탐색용 분류이며 기업의 방산업체 지정·군 납품을 의미하지 않음""},""duplicate_source_rows"":[]}"
24807a5a9581c421e1df629e,CMP0007,취미·교육,낮음,company_category_bridge,261,"{""original"":{""company_id"":""CMP0007"",""company_name_normalized"":""강남무인항공"",""business_category"":""취미·교육"",""source_category_raw"":""방역/방제/살포/취미·교육/기타"",""source_file"":""항공안전기술원_드론정보포털_기업명_사업분야_20240424 (1).csv"",""as_of_date"":""2024-04-24"",""defense_use_case_relation"":""낮음"",""relation_rationale"":""국방 연계 판단 근거로 사용하지 않음"",""official_defense_evidence"":""N"",""usage_note"":""탐색용 분류이며 기업의 방산업체 지정·군 납품을 의미하지 않음""},""duplicate_source_rows"":[]}"
b3a0b7db2c84a7aa9d75800b,CMP0007,기타,미확인,company_category_bridge,262,"{""original"":{""company_id"":""CMP0007"",""company_name_normalized"":""강남무인항공"",""business_category"":""기타"",""source_category_raw"":""방역/방제/살포/취미·교육/기타"",""source_file"":""항공안전기술원_드론정보포털_기업명_사업분야_20240424 (1).csv"",""as_of_date"":""2024-04-24"",""defense_use_case_relation"":""미확인"",""relation_rationale"":""세부 내용 확인 필요"",""official_defense_evidence"":""N"",""usage_note"":""탐색용 분류이며 기업의 방산업체 지정·군 납품을 의미하지 않음""},""duplicate_source_rows"":[]}"
eac167cc4ae426cd02fe37ec,CMP0008,앱,낮음,company_category_bridge,263,"{""original"":{""company_id"":""CMP0008"",""company_name_normalized"":""건국대학교 산학협력단"",""business_category"":""앱"",""source_category_raw"":""앱/기타"",""source_file"":""항공안전기술원_드론정보포털_기업명_사업분야_20240424 (1).csv"",""as_of_date"":""2024-04-24"",""defense_use_case_relation"":""낮음"",""relation_rationale"":""세부 기능 확인 전 국방 연계 판단 불가"",""official_defense_evidence"":""N"",""usage_note"":""탐색용 분류이며 기업의 방산업체 지정·군 납품을 의미하지 않음""},""duplicate_source_rows"":[]}"
d8bf3133f24e76f59bc1dc10,CMP0008,기타,미확인,company_category_bridge,264,"{""original"":{""company_id"":""CMP0008"",""company_name_normalized"":""건국대학교 산학협력단"",""business_category"":""기타"",""source_category_raw"":""앱/기타"",""source_file"":""항공안전기술원_드론정보포털_기업명_사업분야_20240424 (1).csv"",""as_of_date"":""2024-04-24"",""defense_use_case_relation"":""미확인"",""relation_rationale"":""세부 내용 확인 필요"",""official_defense_evidence"":""N"",""usage_note"":""탐색용 분류이며 기업의 방산업체 지정·군 납품을 의미하지 않음""},""duplicate_source_rows"":[]}"
7b934e16dad10edfd7d609c7,CMP0013,취미·교육,낮음,company_category_bridge,265,"{""original"":{""company_id"":""CMP0013"",""company_name_normalized"":""고양드론앵커센터"",""business_category"":""취미·교육"",""source_category_raw"":""취미·교육/기타"",""source_file"":""항공안전기술원_드론정보포털_기업명_사업분야_20240424 (1).csv"",""as_of_date"":""2024-04-24"",""defense_use_case_relation"":""낮음"",""relation_rationale"":""국방 연계 판단 근거로 사용하지 않음"",""official_defense_evidence"":""N"",""usage_note"":""탐색용 분류이며 기업의 방산업체 지정·군 납품을 의미하지 않음""},""duplicate_source_rows"":[]}"
550a8904ba08fecccae21909,CMP0013,기타,미확인,company_category_bridge,266,"{""original"":{""company_id"":""CMP0013"",""company_name_normalized"":""고양드론앵커센터"",""business_category"":""기타"",""source_category_raw"":""취미·교육/기타"",""source_file"":""항공안전기술원_드론정보포털_기업명_사업분야_20240424 (1).csv"",""as_of_date"":""2024-04-24"",""defense_use_case_relation"":""미확인"",""relation_rationale"":""세부 내용 확인 필요"",""official_defense_evidence"":""N"",""usage_note"":""탐색용 분류이며 기업의 방산업체 지정·군 납품을 의미하지 않음""},""duplicate_source_rows"":[]}"
f3f9def20dd846eae0254d8c,CMP0014,감시.정찰.수색,직접,company_category_bridge,267,"{""original"":{""company_id"":""CMP0014"",""company_name_normalized"":""공간정보"",""business_category"":""감시.정찰.수색"",""source_category_raw"":""감시.정찰.수색/인프라관리/물류·운송·구조"",""source_file"":""항공안전기술원_드론정보포털_기업명_사업분야_20240424 (1).csv"",""as_of_date"":""2024-04-24"",""defense_use_case_relation"":""직접"",""relation_rationale"":""군 감시·정찰 임무와 직접 연결 가능"",""official_defense_evidence"":""N"",""usage_note"":""탐색용 분류이며 기업의 방산업체 지정·군 납품을 의미하지 않음""},""duplicate_source_rows"":[]}"
03e9407c57d3aa40130b3611,CMP0014,인프라관리,일반,company_category_bridge,268,"{""original"":{""company_id"":""CMP0014"",""company_name_normalized"":""공간정보"",""business_category"":""인프라관리"",""source_category_raw"":""감시.정찰.수색/인프라관리/물류·운송·구조"",""source_file"":""항공안전기술원_드론정보포털_기업명_사업분야_20240424 (1).csv"",""as_of_date"":""2024-04-24"",""defense_use_case_relation"":""일반"",""relation_rationale"":""민수 활용 중심이나 군 시설 관리와 교차 가능"",""official_defense_evidence"":""N"",""usage_note"":""탐색용 분류이며 기업의 방산업체 지정·군 납품을 의미하지 않음""},""duplicate_source_rows"":[]}"
4026f99d59ed39f8804683a7,CMP0014,물류·운송·구조,일반,company_category_bridge,269,"{""original"":{""company_id"":""CMP0014"",""company_name_normalized"":""공간정보"",""business_category"":""물류·운송·구조"",""source_category_raw"":""감시.정찰.수색/인프라관리/물류·운송·구조"",""source_file"":""항공안전기술원_드론정보포털_기업명_사업분야_20240424 (1).csv"",""as_of_date"":""2024-04-24"",""defense_use_case_relation"":""일반"",""relation_rationale"":""군수·수송 용례와 교차 가능"",""official_defense_evidence"":""N"",""usage_note"":""탐색용 분류이며 기업의 방산업체 지정·군 납품을 의미하지 않음""},""duplicate_source_rows"":[]}"
2fa8becd9bd1f62f6df95200,CMP0016,감시.정찰.수색,직접,company_category_bridge,270,"{""original"":{""company_id"":""CMP0016"",""company_name_normalized"":""국제드론표준산업협회"",""business_category"":""감시.정찰.수색"",""source_category_raw"":""감시.정찰.수색/인프라관리/물류·운송·구조/취미·교육/통합솔루션/기타"",""source_file"":""항공안전기술원_드론정보포털_기업명_사업분야_20240424 (1).csv"",""as_of_date"":""2024-04-24"",""defense_use_case_relation"":""직접"",""relation_rationale"":""군 감시·정찰 임무와 직접 연결 가능"",""official_defense_evidence"":""N"",""usage_note"":""탐색용 분류이며 기업의 방산업체 지정·군 납품을 의미하지 않음""},""duplicate_source_rows"":[]}"
ffcae84d82a1f5ce9cf9b360,CMP0016,인프라관리,일반,company_category_bridge,271,"{""original"":{""company_id"":""CMP0016"",""company_name_normalized"":""국제드론표준산업협회"",""business_category"":""인프라관리"",""source_category_raw"":""감시.정찰.수색/인프라관리/물류·운송·구조/취미·교육/통합솔루션/기타"",""source_file"":""항공안전기술원_드론정보포털_기업명_사업분야_20240424 (1).csv"",""as_of_date"":""2024-04-24"",""defense_use_case_relation"":""일반"",""relation_rationale"":""민수 활용 중심이나 군 시설 관리와 교차 가능"",""official_defense_evidence"":""N"",""usage_note"":""탐색용 분류이며 기업의 방산업체 지정·군 납품을 의미하지 않음""},""duplicate_source_rows"":[]}"
f1d1de15fdd0bf463b798bce,CMP0016,물류·운송·구조,일반,company_category_bridge,272,"{""original"":{""company_id"":""CMP0016"",""company_name_normalized"":""국제드론표준산업협회"",""business_category"":""물류·운송·구조"",""source_category_raw"":""감시.정찰.수색/인프라관리/물류·운송·구조/취미·교육/통합솔루션/기타"",""source_file"":""항공안전기술원_드론정보포털_기업명_사업분야_20240424 (1).csv"",""as_of_date"":""2024-04-24"",""defense_use_case_relation"":""일반"",""relation_rationale"":""군수·수송 용례와 교차 가능"",""official_defense_evidence"":""N"",""usage_note"":""탐색용 분류이며 기업의 방산업체 지정·군 납품을 의미하지 않음""},""duplicate_source_rows"":[]}"
3cb35c9e24bddd45b260f44f,CMP0016,취미·교육,낮음,company_category_bridge,273,"{""original"":{""company_id"":""CMP0016"",""company_name_normalized"":""국제드론표준산업협회"",""business_category"":""취미·교육"",""source_category_raw"":""감시.정찰.수색/인프라관리/물류·운송·구조/취미·교육/통합솔루션/기타"",""source_file"":""항공안전기술원_드론정보포털_기업명_사업분야_20240424 (1).csv"",""as_of_date"":""2024-04-24"",""defense_use_case_relation"":""낮음"",""relation_rationale"":""국방 연계 판단 근거로 사용하지 않음"",""official_defense_evidence"":""N"",""usage_note"":""탐색용 분류이며 기업의 방산업체 지정·군 납품을 의미하지 않음""},""duplicate_source_rows"":[]}"
7b9fc018403464e95716e2e0,CMP0016,통합솔루션,인접,company_category_bridge,274,"{""original"":{""company_id"":""CMP0016"",""company_name_normalized"":""국제드론표준산업협회"",""business_category"":""통합솔루션"",""source_category_raw"":""감시.정찰.수색/인프라관리/물류·운송·구조/취미·교육/통합솔루션/기타"",""source_file"":""항공안전기술원_드론정보포털_기업명_사업분야_20240424 (1).csv"",""as_of_date"":""2024-04-24"",""defense_use_case_relation"":""인접"",""relation_rationale"":""체계통합·운용 소프트웨어와 연결 가능"",""official_defense_evidence"":""N"",""usage_note"":""탐색용 분류이며 기업의 방산업체 지정·군 납품을 의미하지 않음""},""duplicate_source_rows"":[]}"
2d5cd7f66ad318a076831257,CMP0016,기타,미확인,company_category_bridge,275,"{""original"":{""company_id"":""CMP0016"",""company_name_normalized"":""국제드론표준산업협회"",""business_category"":""기타"",""source_category_raw"":""감시.정찰.수색/인프라관리/물류·운송·구조/취미·교육/통합솔루션/기타"",""source_file"":""항공안전기술원_드론정보포털_기업명_사업분야_20240424 (1).csv"",""as_of_date"":""2024-04-24"",""defense_use_case_relation"":""미확인"",""relation_rationale"":""세부 내용 확인 필요"",""official_defense_evidence"":""N"",""usage_note"":""탐색용 분류이며 기업의 방산업체 지정·군 납품을 의미하지 않음""},""duplicate_source_rows"":[]}"
6500dc59737fcf718aefdb3d,CMP0017,감시.정찰.수색,직접,company_category_bridge,276,"{""original"":{""company_id"":""CMP0017"",""company_name_normalized"":""국토드론센터"",""business_category"":""감시.정찰.수색"",""source_category_raw"":""감시.정찰.수색/인프라관리/물류·운송·구조/공간정보/특수촬영/방역/방제/살포/방송·공연/취미·교육"",""source_file"":""항공안전기술원_드론정보포털_기업명_사업분야_20240424 (1).csv"",""as_of_date"":""2024-04-24"",""defense_use_case_relation"":""직접"",""relation_rationale"":""군 감시·정찰 임무와 직접 연결 가능"",""official_defense_evidence"":""N"",""usage_note"":""탐색용 분류이며 기업의 방산업체 지정·군 납품을 의미하지 않음""},""duplicate_source_rows"":[]}"
d719c4256c38fc7b9598b83c,CMP0017,인프라관리,일반,company_category_bridge,277,"{""original"":{""company_id"":""CMP0017"",""company_name_normalized"":""국토드론센터"",""business_category"":""인프라관리"",""source_category_raw"":""감시.정찰.수색/인프라관리/물류·운송·구조/공간정보/특수촬영/방역/방제/살포/방송·공연/취미·교육"",""source_file"":""항공안전기술원_드론정보포털_기업명_사업분야_20240424 (1).csv"",""as_of_date"":""2024-04-24"",""defense_use_case_relation"":""일반"",""relation_rationale"":""민수 활용 중심이나 군 시설 관리와 교차 가능"",""official_defense_evidence"":""N"",""usage_note"":""탐색용 분류이며 기업의 방산업체 지정·군 납품을 의미하지 않음""},""duplicate_source_rows"":[]}"
9969be2f80722dc9f9ac4f8a,CMP0017,물류·운송·구조,일반,company_category_bridge,278,"{""original"":{""company_id"":""CMP0017"",""company_name_normalized"":""국토드론센터"",""business_category"":""물류·운송·구조"",""source_category_raw"":""감시.정찰.수색/인프라관리/물류·운송·구조/공간정보/특수촬영/방역/방제/살포/방송·공연/취미·교육"",""source_file"":""항공안전기술원_드론정보포털_기업명_사업분야_20240424 (1).csv"",""as_of_date"":""2024-04-24"",""defense_use_case_relation"":""일반"",""relation_rationale"":""군수·수송 용례와 교차 가능"",""official_defense_evidence"":""N"",""usage_note"":""탐색용 분류이며 기업의 방산업체 지정·군 납품을 의미하지 않음""},""duplicate_source_rows"":[]}"
07a1da2860afe39ea8ba2264,CMP0017,공간정보,일반,company_category_bridge,279,"{""original"":{""company_id"":""CMP0017"",""company_name_normalized"":""국토드론센터"",""business_category"":""공간정보"",""source_category_raw"":""감시.정찰.수색/인프라관리/물류·운송·구조/공간정보/특수촬영/방역/방제/살포/방송·공연/취미·교육"",""source_file"":""항공안전기술원_드론정보포털_기업명_사업분야_20240424 (1).csv"",""as_of_date"":""2024-04-24"",""defense_use_case_relation"":""일반"",""relation_rationale"":""군 지형·공간정보 용례와 교차 가능"",""official_defense_evidence"":""N"",""usage_note"":""탐색용 분류이며 기업의 방산업체 지정·군 납품을 의미하지 않음""},""duplicate_source_rows"":[]}"
b7017d0372f7ddf65752820f,CMP0017,특수촬영,일반,company_category_bridge,280,"{""original"":{""company_id"":""CMP0017"",""company_name_normalized"":""국토드론센터"",""business_category"":""특수촬영"",""source_category_raw"":""감시.정찰.수색/인프라관리/물류·운송·구조/공간정보/특수촬영/방역/방제/살포/방송·공연/취미·교육"",""source_file"":""항공안전기술원_드론정보포털_기업명_사업분야_20240424 (1).csv"",""as_of_date"":""2024-04-24"",""defense_use_case_relation"":""일반"",""relation_rationale"":""정찰 영상과 기술적으로 인접할 수 있음"",""official_defense_evidence"":""N"",""usage_note"":""탐색용 분류이며 기업의 방산업체 지정·군 납품을 의미하지 않음""},""duplicate_source_rows"":[]}"
520e4f4a15cfb6213dc3f08d,CMP0017,방역/방제/살포,낮음,company_category_bridge,281,"{""original"":{""company_id"":""CMP0017"",""company_name_normalized"":""국토드론센터"",""business_category"":""방역/방제/살포"",""source_category_raw"":""감시.정찰.수색/인프라관리/물류·운송·구조/공간정보/특수촬영/방역/방제/살포/방송·공연/취미·교육"",""source_file"":""항공안전기술원_드론정보포털_기업명_사업분야_20240424 (1).csv"",""as_of_date"":""2024-04-24"",""defense_use_case_relation"":""낮음"",""relation_rationale"":""주로 민수 활용"",""official_defense_evidence"":""N"",""usage_note"":""탐색용 분류이며 기업의 방산업체 지정·군 납품을 의미하지 않음""},""duplicate_source_rows"":[]}"
c8d95d29bba5b86f74110e69,CMP0017,방송·공연,낮음,company_category_bridge,282,"{""original"":{""company_id"":""CMP0017"",""company_name_normalized"":""국토드론센터"",""business_category"":""방송·공연"",""source_category_raw"":""감시.정찰.수색/인프라관리/물류·운송·구조/공간정보/특수촬영/방역/방제/살포/방송·공연/취미·교육"",""source_file"":""항공안전기술원_드론정보포털_기업명_사업분야_20240424 (1).csv"",""as_of_date"":""2024-04-24"",""defense_use_case_relation"":""낮음"",""relation_rationale"":""국방 연계 판단 근거로 사용하지 않음"",""official_defense_evidence"":""N"",""usage_note"":""탐색용 분류이며 기업의 방산업체 지정·군 납품을 의미하지 않음""},""duplicate_source_rows"":[]}"
b786766178666f441dc5befb,CMP0017,취미·교육,낮음,company_category_bridge,283,"{""original"":{""company_id"":""CMP0017"",""company_name_normalized"":""국토드론센터"",""business_category"":""취미·교육"",""source_category_raw"":""감시.정찰.수색/인프라관리/물류·운송·구조/공간정보/특수촬영/방역/방제/살포/방송·공연/취미·교육"",""source_file"":""항공안전기술원_드론정보포털_기업명_사업분야_20240424 (1).csv"",""as_of_date"":""2024-04-24"",""defense_use_case_relation"":""낮음"",""relation_rationale"":""국방 연계 판단 근거로 사용하지 않음"",""official_defense_evidence"":""N"",""usage_note"":""탐색용 분류이며 기업의 방산업체 지정·군 납품을 의미하지 않음""},""duplicate_source_rows"":[]}"
36f7a41ec2489510be144859,CMP0020,감시.정찰.수색,직접,company_category_bridge,284,"{""original"":{""company_id"":""CMP0020"",""company_name_normalized"":""그리폰다이나믹스"",""business_category"":""감시.정찰.수색"",""source_category_raw"":""감시.정찰.수색/인프라관리/물류·운송·구조/공간정보/특수촬영/환경측량"",""source_file"":""항공안전기술원_드론정보포털_기업명_사업분야_20240424 (1).csv"",""as_of_date"":""2024-04-24"",""defense_use_case_relation"":""직접"",""relation_rationale"":""군 감시·정찰 임무와 직접 연결 가능"",""official_defense_evidence"":""N"",""usage_note"":""탐색용 분류이며 기업의 방산업체 지정·군 납품을 의미하지 않음""},""duplicate_source_rows"":[]}"
e29e1d6431234db15b1eb4cf,CMP0020,인프라관리,일반,company_category_bridge,285,"{""original"":{""company_id"":""CMP0020"",""company_name_normalized"":""그리폰다이나믹스"",""business_category"":""인프라관리"",""source_category_raw"":""감시.정찰.수색/인프라관리/물류·운송·구조/공간정보/특수촬영/환경측량"",""source_file"":""항공안전기술원_드론정보포털_기업명_사업분야_20240424 (1).csv"",""as_of_date"":""2024-04-24"",""defense_use_case_relation"":""일반"",""relation_rationale"":""민수 활용 중심이나 군 시설 관리와 교차 가능"",""official_defense_evidence"":""N"",""usage_note"":""탐색용 분류이며 기업의 방산업체 지정·군 납품을 의미하지 않음""},""duplicate_source_rows"":[]}"
295c08b35a0a039ce227e86e,CMP0020,물류·운송·구조,일반,company_category_bridge,286,"{""original"":{""company_id"":""CMP0020"",""company_name_normalized"":""그리폰다이나믹스"",""business_category"":""물류·운송·구조"",""source_category_raw"":""감시.정찰.수색/인프라관리/물류·운송·구조/공간정보/특수촬영/환경측량"",""source_file"":""항공안전기술원_드론정보포털_기업명_사업분야_20240424 (1).csv"",""as_of_date"":""2024-04-24"",""defense_use_case_relation"":""일반"",""relation_rationale"":""군수·수송 용례와 교차 가능"",""official_defense_evidence"":""N"",""usage_note"":""탐색용 분류이며 기업의 방산업체 지정·군 납품을 의미하지 않음""},""duplicate_source_rows"":[]}"
8a5dcee2609d75a7eee634d3,CMP0020,공간정보,일반,company_category_bridge,287,"{""original"":{""company_id"":""CMP0020"",""company_name_normalized"":""그리폰다이나믹스"",""business_category"":""공간정보"",""source_category_raw"":""감시.정찰.수색/인프라관리/물류·운송·구조/공간정보/특수촬영/환경측량"",""source_file"":""항공안전기술원_드론정보포털_기업명_사업분야_20240424 (1).csv"",""as_of_date"":""2024-04-24"",""defense_use_case_relation"":""일반"",""relation_rationale"":""군 지형·공간정보 용례와 교차 가능"",""official_defense_evidence"":""N"",""usage_note"":""탐색용 분류이며 기업의 방산업체 지정·군 납품을 의미하지 않음""},""duplicate_source_rows"":[]}"
c0b0585ddfc1c7969f930680,CMP0020,특수촬영,일반,company_category_bridge,288,"{""original"":{""company_id"":""CMP0020"",""company_name_normalized"":""그리폰다이나믹스"",""business_category"":""특수촬영"",""source_category_raw"":""감시.정찰.수색/인프라관리/물류·운송·구조/공간정보/특수촬영/환경측량"",""source_file"":""항공안전기술원_드론정보포털_기업명_사업분야_20240424 (1).csv"",""as_of_date"":""2024-04-24"",""defense_use_case_relation"":""일반"",""relation_rationale"":""정찰 영상과 기술적으로 인접할 수 있음"",""official_defense_evidence"":""N"",""usage_note"":""탐색용 분류이며 기업의 방산업체 지정·군 납품을 의미하지 않음""},""duplicate_source_rows"":[]}"
450e5f3d3a5d1a583cc61afb,CMP0020,환경측량,일반,company_category_bridge,289,"{""original"":{""company_id"":""CMP0020"",""company_name_normalized"":""그리폰다이나믹스"",""business_category"":""환경측량"",""source_category_raw"":""감시.정찰.수색/인프라관리/물류·운송·구조/공간정보/특수촬영/환경측량"",""source_file"":""항공안전기술원_드론정보포털_기업명_사업분야_20240424 (1).csv"",""as_of_date"":""2024-04-24"",""defense_use_case_relation"":""일반"",""relation_rationale"":""군 환경·지형 조사와 교차 가능"",""official_defense_evidence"":""N"",""usage_note"":""탐색용 분류이며 기업의 방산업체 지정·군 납품을 의미하지 않음""},""duplicate_source_rows"":[]}"
26544380ab1459ef7eb7feae,CMP0024,방역/방제/살포,낮음,company_category_bridge,290,"{""original"":{""company_id"":""CMP0024"",""company_name_normalized"":""나라항공기술"",""business_category"":""방역/방제/살포"",""source_category_raw"":""방역/방제/살포"",""source_file"":""항공안전기술원_드론정보포털_기업명_사업분야_20240424 (1).csv"",""as_of_date"":""2024-04-24"",""defense_use_case_relation"":""낮음"",""relation_rationale"":""주로 민수 활용"",""official_defense_evidence"":""N"",""usage_note"":""탐색용 분류이며 기업의 방산업체 지정·군 납품을 의미하지 않음""},""duplicate_source_rows"":[]}"
5da4bc27d385079abf922dc2,CMP0025,드론스테이션,인접,company_category_bridge,291,"{""original"":{""company_id"":""CMP0025"",""company_name_normalized"":""나래기술"",""business_category"":""드론스테이션"",""source_category_raw"":""드론스테이션/다목적 H/W/취미·교육/임무장비/모듈/지상통제장비/통합솔루션/기타"",""source_file"":""항공안전기술원_드론정보포털_기업명_사업분야_20240424 (1).csv"",""as_of_date"":""2024-04-24"",""defense_use_case_relation"":""인접"",""relation_rationale"":""무인 운용·원격 통제 인프라 후보"",""official_defense_evidence"":""N"",""usage_note"":""탐색용 분류이며 기업의 방산업체 지정·군 납품을 의미하지 않음""},""duplicate_source_rows"":[]}"
e2a0411e9c1aa09f11304daf,CMP0025,다목적 H/W,인접,company_category_bridge,292,"{""original"":{""company_id"":""CMP0025"",""company_name_normalized"":""나래기술"",""business_category"":""다목적 H/W"",""source_category_raw"":""드론스테이션/다목적 H/W/취미·교육/임무장비/모듈/지상통제장비/통합솔루션/기타"",""source_file"":""항공안전기술원_드론정보포털_기업명_사업분야_20240424 (1).csv"",""as_of_date"":""2024-04-24"",""defense_use_case_relation"":""인접"",""relation_rationale"":""기체·전자·탑재체 하드웨어 공급망 후보"",""official_defense_evidence"":""N"",""usage_note"":""탐색용 분류이며 기업의 방산업체 지정·군 납품을 의미하지 않음""},""duplicate_source_rows"":[]}"
7d3e82c1c9b4ecbd1fa2ae7c,CMP0025,취미·교육,낮음,company_category_bridge,293,"{""original"":{""company_id"":""CMP0025"",""company_name_normalized"":""나래기술"",""business_category"":""취미·교육"",""source_category_raw"":""드론스테이션/다목적 H/W/취미·교육/임무장비/모듈/지상통제장비/통합솔루션/기타"",""source_file"":""항공안전기술원_드론정보포털_기업명_사업분야_20240424 (1).csv"",""as_of_date"":""2024-04-24"",""defense_use_case_relation"":""낮음"",""relation_rationale"":""국방 연계 판단 근거로 사용하지 않음"",""official_defense_evidence"":""N"",""usage_note"":""탐색용 분류이며 기업의 방산업체 지정·군 납품을 의미하지 않음""},""duplicate_source_rows"":[]}"
9e0bad158bdb41aee8323cbd,CMP0025,임무장비,직접,company_category_bridge,294,"{""original"":{""company_id"":""CMP0025"",""company_name_normalized"":""나래기술"",""business_category"":""임무장비"",""source_category_raw"":""드론스테이션/다목적 H/W/취미·교육/임무장비/모듈/지상통제장비/통합솔루션/기타"",""source_file"":""항공안전기술원_드론정보포털_기업명_사업분야_20240424 (1).csv"",""as_of_date"":""2024-04-24"",""defense_use_case_relation"":""직접"",""relation_rationale"":""정찰·공격·지원 임무장비와 연결 가능"",""official_defense_evidence"":""N"",""usage_note"":""탐색용 분류이며 기업의 방산업체 지정·군 납품을 의미하지 않음""},""duplicate_source_rows"":[]}"
d5f2d5494cc9cdfb028c7e68,CMP0025,모듈,인접,company_category_bridge,295,"{""original"":{""company_id"":""CMP0025"",""company_name_normalized"":""나래기술"",""business_category"":""모듈"",""source_category_raw"":""드론스테이션/다목적 H/W/취미·교육/임무장비/모듈/지상통제장비/통합솔루션/기타"",""source_file"":""항공안전기술원_드론정보포털_기업명_사업분야_20240424 (1).csv"",""as_of_date"":""2024-04-24"",""defense_use_case_relation"":""인접"",""relation_rationale"":""국방 드론 부품·모듈 공급망 후보"",""official_defense_evidence"":""N"",""usage_note"":""탐색용 분류이며 기업의 방산업체 지정·군 납품을 의미하지 않음""},""duplicate_source_rows"":[]}"
22df15386c11bc16801455e6,CMP0025,지상통제장비,직접,company_category_bridge,296,"{""original"":{""company_id"":""CMP0025"",""company_name_normalized"":""나래기술"",""business_category"":""지상통제장비"",""source_category_raw"":""드론스테이션/다목적 H/W/취미·교육/임무장비/모듈/지상통제장비/통합솔루션/기타"",""source_file"":""항공안전기술원_드론정보포털_기업명_사업분야_20240424 (1).csv"",""as_of_date"":""2024-04-24"",""defense_use_case_relation"":""직접"",""relation_rationale"":""GCS·임무통제와 연결 가능"",""official_defense_evidence"":""N"",""usage_note"":""탐색용 분류이며 기업의 방산업체 지정·군 납품을 의미하지 않음""},""duplicate_source_rows"":[]}"
13d0f50b206d8ca3eed3fac0,CMP0025,통합솔루션,인접,company_category_bridge,297,"{""original"":{""company_id"":""CMP0025"",""company_name_normalized"":""나래기술"",""business_category"":""통합솔루션"",""source_category_raw"":""드론스테이션/다목적 H/W/취미·교육/임무장비/모듈/지상통제장비/통합솔루션/기타"",""source_file"":""항공안전기술원_드론정보포털_기업명_사업분야_20240424 (1).csv"",""as_of_date"":""2024-04-24"",""defense_use_case_relation"":""인접"",""relation_rationale"":""체계통합·운용 소프트웨어와 연결 가능"",""official_defense_evidence"":""N"",""usage_note"":""탐색용 분류이며 기업의 방산업체 지정·군 납품을 의미하지 않음""},""duplicate_source_rows"":[]}"
c81de07127565bc52b3a6e46,CMP0025,기타,미확인,company_category_bridge,298,"{""original"":{""company_id"":""CMP0025"",""company_name_normalized"":""나래기술"",""business_category"":""기타"",""source_category_raw"":""드론스테이션/다목적 H/W/취미·교육/임무장비/모듈/지상통제장비/통합솔루션/기타"",""source_file"":""항공안전기술원_드론정보포털_기업명_사업분야_20240424 (1).csv"",""as_of_date"":""2024-04-24"",""defense_use_case_relation"":""미확인"",""relation_rationale"":""세부 내용 확인 필요"",""official_defense_evidence"":""N"",""usage_note"":""탐색용 분류이며 기업의 방산업체 지정·군 납품을 의미하지 않음""},""duplicate_source_rows"":[]}"
7eafc7a9a42e2d4ecd124859,CMP0026,물류·운송·구조,일반,company_category_bridge,299,"{""original"":{""company_id"":""CMP0026"",""company_name_normalized"":""나르마"",""business_category"":""물류·운송·구조"",""source_category_raw"":""물류·운송·구조"",""source_file"":""항공안전기술원_드론정보포털_기업명_사업분야_20240424 (1).csv"",""as_of_date"":""2024-04-24"",""defense_use_case_relation"":""일반"",""relation_rationale"":""군수·수송 용례와 교차 가능"",""official_defense_evidence"":""N"",""usage_note"":""탐색용 분류이며 기업의 방산업체 지정·군 납품을 의미하지 않음""},""duplicate_source_rows"":[]}"
430c7437eae37dcf1f73dbe3,CMP0028,방역/방제/살포,낮음,company_category_bridge,300,"{""original"":{""company_id"":""CMP0028"",""company_name_normalized"":""남양주드론항공센터"",""business_category"":""방역/방제/살포"",""source_category_raw"":""방역/방제/살포/취미·교육"",""source_file"":""항공안전기술원_드론정보포털_기업명_사업분야_20240424 (1).csv"",""as_of_date"":""2024-04-24"",""defense_use_case_relation"":""낮음"",""relation_rationale"":""주로 민수 활용"",""official_defense_evidence"":""N"",""usage_note"":""탐색용 분류이며 기업의 방산업체 지정·군 납품을 의미하지 않음""},""duplicate_source_rows"":[]}"
371dcf4b2170f7bc8414a25e,CMP0028,취미·교육,낮음,company_category_bridge,301,"{""original"":{""company_id"":""CMP0028"",""company_name_normalized"":""남양주드론항공센터"",""business_category"":""취미·교육"",""source_category_raw"":""방역/방제/살포/취미·교육"",""source_file"":""항공안전기술원_드론정보포털_기업명_사업분야_20240424 (1).csv"",""as_of_date"":""2024-04-24"",""defense_use_case_relation"":""낮음"",""relation_rationale"":""국방 연계 판단 근거로 사용하지 않음"",""official_defense_evidence"":""N"",""usage_note"":""탐색용 분류이며 기업의 방산업체 지정·군 납품을 의미하지 않음""},""duplicate_source_rows"":[]}"
1672c10d9fdc1f23b5c4d051,CMP0029,감시.정찰.수색,직접,company_category_bridge,302,"{""original"":{""company_id"":""CMP0029"",""company_name_normalized"":""네스앤텍"",""business_category"":""감시.정찰.수색"",""source_category_raw"":""감시.정찰.수색/인프라관리/드론스테이션/임무장비/모듈/통합솔루션"",""source_file"":""항공안전기술원_드론정보포털_기업명_사업분야_20240424 (1).csv"",""as_of_date"":""2024-04-24"",""defense_use_case_relation"":""직접"",""relation_rationale"":""군 감시·정찰 임무와 직접 연결 가능"",""official_defense_evidence"":""N"",""usage_note"":""탐색용 분류이며 기업의 방산업체 지정·군 납품을 의미하지 않음""},""duplicate_source_rows"":[]}"
ef604a2ecc13e23b1839d075,CMP0029,인프라관리,일반,company_category_bridge,303,"{""original"":{""company_id"":""CMP0029"",""company_name_normalized"":""네스앤텍"",""business_category"":""인프라관리"",""source_category_raw"":""감시.정찰.수색/인프라관리/드론스테이션/임무장비/모듈/통합솔루션"",""source_file"":""항공안전기술원_드론정보포털_기업명_사업분야_20240424 (1).csv"",""as_of_date"":""2024-04-24"",""defense_use_case_relation"":""일반"",""relation_rationale"":""민수 활용 중심이나 군 시설 관리와 교차 가능"",""official_defense_evidence"":""N"",""usage_note"":""탐색용 분류이며 기업의 방산업체 지정·군 납품을 의미하지 않음""},""duplicate_source_rows"":[]}"
bc4ef01210fb6e248fbbe388,CMP0029,드론스테이션,인접,company_category_bridge,304,"{""original"":{""company_id"":""CMP0029"",""company_name_normalized"":""네스앤텍"",""business_category"":""드론스테이션"",""source_category_raw"":""감시.정찰.수색/인프라관리/드론스테이션/임무장비/모듈/통합솔루션"",""source_file"":""항공안전기술원_드론정보포털_기업명_사업분야_20240424 (1).csv"",""as_of_date"":""2024-04-24"",""defense_use_case_relation"":""인접"",""relation_rationale"":""무인 운용·원격 통제 인프라 후보"",""official_defense_evidence"":""N"",""usage_note"":""탐색용 분류이며 기업의 방산업체 지정·군 납품을 의미하지 않음""},""duplicate_source_rows"":[]}"
322d847371994c3e62d186bc,CMP0029,임무장비,직접,company_category_bridge,305,"{""original"":{""company_id"":""CMP0029"",""company_name_normalized"":""네스앤텍"",""business_category"":""임무장비"",""source_category_raw"":""감시.정찰.수색/인프라관리/드론스테이션/임무장비/모듈/통합솔루션"",""source_file"":""항공안전기술원_드론정보포털_기업명_사업분야_20240424 (1).csv"",""as_of_date"":""2024-04-24"",""defense_use_case_relation"":""직접"",""relation_rationale"":""정찰·공격·지원 임무장비와 연결 가능"",""official_defense_evidence"":""N"",""usage_note"":""탐색용 분류이며 기업의 방산업체 지정·군 납품을 의미하지 않음""},""duplicate_source_rows"":[]}"
2e5e130f9dc0bbe107e16088,CMP0029,모듈,인접,company_category_bridge,306,"{""original"":{""company_id"":""CMP0029"",""company_name_normalized"":""네스앤텍"",""business_category"":""모듈"",""source_category_raw"":""감시.정찰.수색/인프라관리/드론스테이션/임무장비/모듈/통합솔루션"",""source_file"":""항공안전기술원_드론정보포털_기업명_사업분야_20240424 (1).csv"",""as_of_date"":""2024-04-24"",""defense_use_case_relation"":""인접"",""relation_rationale"":""국방 드론 부품·모듈 공급망 후보"",""official_defense_evidence"":""N"",""usage_note"":""탐색용 분류이며 기업의 방산업체 지정·군 납품을 의미하지 않음""},""duplicate_source_rows"":[]}"
5fe0ac6660954e6f8725d944,CMP0029,통합솔루션,인접,company_category_bridge,307,"{""original"":{""company_id"":""CMP0029"",""company_name_normalized"":""네스앤텍"",""business_category"":""통합솔루션"",""source_category_raw"":""감시.정찰.수색/인프라관리/드론스테이션/임무장비/모듈/통합솔루션"",""source_file"":""항공안전기술원_드론정보포털_기업명_사업분야_20240424 (1).csv"",""as_of_date"":""2024-04-24"",""defense_use_case_relation"":""인접"",""relation_rationale"":""체계통합·운용 소프트웨어와 연결 가능"",""official_defense_evidence"":""N"",""usage_note"":""탐색용 분류이며 기업의 방산업체 지정·군 납품을 의미하지 않음""},""duplicate_source_rows"":[]}"
fcd19c2fca2dbe3079c1df5d,CMP0030,모듈,인접,company_category_bridge,308,"{""original"":{""company_id"":""CMP0030"",""company_name_normalized"":""네오와인"",""business_category"":""모듈"",""source_category_raw"":""모듈"",""source_file"":""항공안전기술원_드론정보포털_기업명_사업분야_20240424 (1).csv"",""as_of_date"":""2024-04-24"",""defense_use_case_relation"":""인접"",""relation_rationale"":""국방 드론 부품·모듈 공급망 후보"",""official_defense_evidence"":""N"",""usage_note"":""탐색용 분류이며 기업의 방산업체 지정·군 납품을 의미하지 않음""},""duplicate_source_rows"":[]}"
d5d8541966ed3215cf21b026,CMP0031,감시.정찰.수색,직접,company_category_bridge,309,"{""original"":{""company_id"":""CMP0031"",""company_name_normalized"":""네온테크"",""business_category"":""감시.정찰.수색"",""source_category_raw"":""감시.정찰.수색/인프라관리/물류·운송·구조/공간정보/특수촬영"",""source_file"":""항공안전기술원_드론정보포털_기업명_사업분야_20240424 (1).csv"",""as_of_date"":""2024-04-24"",""defense_use_case_relation"":""직접"",""relation_rationale"":""군 감시·정찰 임무와 직접 연결 가능"",""official_defense_evidence"":""N"",""usage_note"":""탐색용 분류이며 기업의 방산업체 지정·군 납품을 의미하지 않음""},""duplicate_source_rows"":[]}"
45e5b9a030f4e61cb53ff5ea,CMP0031,인프라관리,일반,company_category_bridge,310,"{""original"":{""company_id"":""CMP0031"",""company_name_normalized"":""네온테크"",""business_category"":""인프라관리"",""source_category_raw"":""감시.정찰.수색/인프라관리/물류·운송·구조/공간정보/특수촬영"",""source_file"":""항공안전기술원_드론정보포털_기업명_사업분야_20240424 (1).csv"",""as_of_date"":""2024-04-24"",""defense_use_case_relation"":""일반"",""relation_rationale"":""민수 활용 중심이나 군 시설 관리와 교차 가능"",""official_defense_evidence"":""N"",""usage_note"":""탐색용 분류이며 기업의 방산업체 지정·군 납품을 의미하지 않음""},""duplicate_source_rows"":[]}"
6d7920126428b74f894a33f7,CMP0031,물류·운송·구조,일반,company_category_bridge,311,"{""original"":{""company_id"":""CMP0031"",""company_name_normalized"":""네온테크"",""business_category"":""물류·운송·구조"",""source_category_raw"":""감시.정찰.수색/인프라관리/물류·운송·구조/공간정보/특수촬영"",""source_file"":""항공안전기술원_드론정보포털_기업명_사업분야_20240424 (1).csv"",""as_of_date"":""2024-04-24"",""defense_use_case_relation"":""일반"",""relation_rationale"":""군수·수송 용례와 교차 가능"",""official_defense_evidence"":""N"",""usage_note"":""탐색용 분류이며 기업의 방산업체 지정·군 납품을 의미하지 않음""},""duplicate_source_rows"":[]}"
1ae1a4244adb67e80f775e0f,CMP0031,공간정보,일반,company_category_bridge,312,"{""original"":{""company_id"":""CMP0031"",""company_name_normalized"":""네온테크"",""business_category"":""공간정보"",""source_category_raw"":""감시.정찰.수색/인프라관리/물류·운송·구조/공간정보/특수촬영"",""source_file"":""항공안전기술원_드론정보포털_기업명_사업분야_20240424 (1).csv"",""as_of_date"":""2024-04-24"",""defense_use_case_relation"":""일반"",""relation_rationale"":""군 지형·공간정보 용례와 교차 가능"",""official_defense_evidence"":""N"",""usage_note"":""탐색용 분류이며 기업의 방산업체 지정·군 납품을 의미하지 않음""},""duplicate_source_rows"":[]}"
e275ab8a3cfa9f02a5e132dc,CMP0031,특수촬영,일반,company_category_bridge,313,"{""original"":{""company_id"":""CMP0031"",""company_name_normalized"":""네온테크"",""business_category"":""특수촬영"",""source_category_raw"":""감시.정찰.수색/인프라관리/물류·운송·구조/공간정보/특수촬영"",""source_file"":""항공안전기술원_드론정보포털_기업명_사업분야_20240424 (1).csv"",""as_of_date"":""2024-04-24"",""defense_use_case_relation"":""일반"",""relation_rationale"":""정찰 영상과 기술적으로 인접할 수 있음"",""official_defense_evidence"":""N"",""usage_note"":""탐색용 분류이며 기업의 방산업체 지정·군 납품을 의미하지 않음""},""duplicate_source_rows"":[]}"
72ed39519e76e1351b15466b,CMP0032,감시.정찰.수색,직접,company_category_bridge,314,"{""original"":{""company_id"":""CMP0032"",""company_name_normalized"":""넥스컴스"",""business_category"":""감시.정찰.수색"",""source_category_raw"":""감시.정찰.수색/인프라관리"",""source_file"":""항공안전기술원_드론정보포털_기업명_사업분야_20240424 (1).csv"",""as_of_date"":""2024-04-24"",""defense_use_case_relation"":""직접"",""relation_rationale"":""군 감시·정찰 임무와 직접 연결 가능"",""official_defense_evidence"":""N"",""usage_note"":""탐색용 분류이며 기업의 방산업체 지정·군 납품을 의미하지 않음""},""duplicate_source_rows"":[]}"
c85822f1b5634025699b59d6,CMP0032,인프라관리,일반,company_category_bridge,315,"{""original"":{""company_id"":""CMP0032"",""company_name_normalized"":""넥스컴스"",""business_category"":""인프라관리"",""source_category_raw"":""감시.정찰.수색/인프라관리"",""source_file"":""항공안전기술원_드론정보포털_기업명_사업분야_20240424 (1).csv"",""as_of_date"":""2024-04-24"",""defense_use_case_relation"":""일반"",""relation_rationale"":""민수 활용 중심이나 군 시설 관리와 교차 가능"",""official_defense_evidence"":""N"",""usage_note"":""탐색용 분류이며 기업의 방산업체 지정·군 납품을 의미하지 않음""},""duplicate_source_rows"":[]}"
ff9f9abd772e10c0dbcd203a,CMP0033,감시.정찰.수색,직접,company_category_bridge,316,"{""original"":{""company_id"":""CMP0033"",""company_name_normalized"":""노타"",""business_category"":""감시.정찰.수색"",""source_category_raw"":""감시.정찰.수색/인프라관리/통합솔루션"",""source_file"":""항공안전기술원_드론정보포털_기업명_사업분야_20240424 (1).csv"",""as_of_date"":""2024-04-24"",""defense_use_case_relation"":""직접"",""relation_rationale"":""군 감시·정찰 임무와 직접 연결 가능"",""official_defense_evidence"":""N"",""usage_note"":""탐색용 분류이며 기업의 방산업체 지정·군 납품을 의미하지 않음""},""duplicate_source_rows"":[]}"
bd59a6ee21046b44d6dd5b51,CMP0033,인프라관리,일반,company_category_bridge,317,"{""original"":{""company_id"":""CMP0033"",""company_name_normalized"":""노타"",""business_category"":""인프라관리"",""source_category_raw"":""감시.정찰.수색/인프라관리/통합솔루션"",""source_file"":""항공안전기술원_드론정보포털_기업명_사업분야_20240424 (1).csv"",""as_of_date"":""2024-04-24"",""defense_use_case_relation"":""일반"",""relation_rationale"":""민수 활용 중심이나 군 시설 관리와 교차 가능"",""official_defense_evidence"":""N"",""usage_note"":""탐색용 분류이며 기업의 방산업체 지정·군 납품을 의미하지 않음""},""duplicate_source_rows"":[]}"
e57dd724767e4f1db698b0f6,CMP0033,통합솔루션,인접,company_category_bridge,318,"{""original"":{""company_id"":""CMP0033"",""company_name_normalized"":""노타"",""business_category"":""통합솔루션"",""source_category_raw"":""감시.정찰.수색/인프라관리/통합솔루션"",""source_file"":""항공안전기술원_드론정보포털_기업명_사업분야_20240424 (1).csv"",""as_of_date"":""2024-04-24"",""defense_use_case_relation"":""인접"",""relation_rationale"":""체계통합·운용 소프트웨어와 연결 가능"",""official_defense_evidence"":""N"",""usage_note"":""탐색용 분류이며 기업의 방산업체 지정·군 납품을 의미하지 않음""},""duplicate_source_rows"":[]}"
4e57f689056e41cf30e544d6,CMP0034,감시.정찰.수색,직접,company_category_bridge,319,"{""original"":{""company_id"":""CMP0034"",""company_name_normalized"":""농업회사법인 주식회사 금산"",""business_category"":""감시.정찰.수색"",""source_category_raw"":""감시.정찰.수색/인프라관리/물류·운송·구조/공간정보/특수촬영/방역/방제/살포/환경측량/다목적 H/W/드론스테이션/임무장비/지상통제장비/통합솔루션/앱"",""source_file"":""항공안전기술원_드론정보포털_기업명_사업분야_20240424 (1).csv"",""as_of_date"":""2024-04-24"",""defense_use_case_relation"":""직접"",""relation_rationale"":""군 감시·정찰 임무와 직접 연결 가능"",""official_defense_evidence"":""N"",""usage_note"":""탐색용 분류이며 기업의 방산업체 지정·군 납품을 의미하지 않음""},""duplicate_source_rows"":[]}"
dd0b5136092d64e57e29882f,CMP0034,인프라관리,일반,company_category_bridge,320,"{""original"":{""company_id"":""CMP0034"",""company_name_normalized"":""농업회사법인 주식회사 금산"",""business_category"":""인프라관리"",""source_category_raw"":""감시.정찰.수색/인프라관리/물류·운송·구조/공간정보/특수촬영/방역/방제/살포/환경측량/다목적 H/W/드론스테이션/임무장비/지상통제장비/통합솔루션/앱"",""source_file"":""항공안전기술원_드론정보포털_기업명_사업분야_20240424 (1).csv"",""as_of_date"":""2024-04-24"",""defense_use_case_relation"":""일반"",""relation_rationale"":""민수 활용 중심이나 군 시설 관리와 교차 가능"",""official_defense_evidence"":""N"",""usage_note"":""탐색용 분류이며 기업의 방산업체 지정·군 납품을 의미하지 않음""},""duplicate_source_rows"":[]}"
7b9a6305dce0f3c37b0bbc54,CMP0034,물류·운송·구조,일반,company_category_bridge,321,"{""original"":{""company_id"":""CMP0034"",""company_name_normalized"":""농업회사법인 주식회사 금산"",""business_category"":""물류·운송·구조"",""source_category_raw"":""감시.정찰.수색/인프라관리/물류·운송·구조/공간정보/특수촬영/방역/방제/살포/환경측량/다목적 H/W/드론스테이션/임무장비/지상통제장비/통합솔루션/앱"",""source_file"":""항공안전기술원_드론정보포털_기업명_사업분야_20240424 (1).csv"",""as_of_date"":""2024-04-24"",""defense_use_case_relation"":""일반"",""relation_rationale"":""군수·수송 용례와 교차 가능"",""official_defense_evidence"":""N"",""usage_note"":""탐색용 분류이며 기업의 방산업체 지정·군 납품을 의미하지 않음""},""duplicate_source_rows"":[]}"
7cb86a331db8c2f879d85c9e,CMP0034,공간정보,일반,company_category_bridge,322,"{""original"":{""company_id"":""CMP0034"",""company_name_normalized"":""농업회사법인 주식회사 금산"",""business_category"":""공간정보"",""source_category_raw"":""감시.정찰.수색/인프라관리/물류·운송·구조/공간정보/특수촬영/방역/방제/살포/환경측량/다목적 H/W/드론스테이션/임무장비/지상통제장비/통합솔루션/앱"",""source_file"":""항공안전기술원_드론정보포털_기업명_사업분야_20240424 (1).csv"",""as_of_date"":""2024-04-24"",""defense_use_case_relation"":""일반"",""relation_rationale"":""군 지형·공간정보 용례와 교차 가능"",""official_defense_evidence"":""N"",""usage_note"":""탐색용 분류이며 기업의 방산업체 지정·군 납품을 의미하지 않음""},""duplicate_source_rows"":[]}"
9a7ba55883636ff06581512e,CMP0034,특수촬영,일반,company_category_bridge,323,"{""original"":{""company_id"":""CMP0034"",""company_name_normalized"":""농업회사법인 주식회사 금산"",""business_category"":""특수촬영"",""source_category_raw"":""감시.정찰.수색/인프라관리/물류·운송·구조/공간정보/특수촬영/방역/방제/살포/환경측량/다목적 H/W/드론스테이션/임무장비/지상통제장비/통합솔루션/앱"",""source_file"":""항공안전기술원_드론정보포털_기업명_사업분야_20240424 (1).csv"",""as_of_date"":""2024-04-24"",""defense_use_case_relation"":""일반"",""relation_rationale"":""정찰 영상과 기술적으로 인접할 수 있음"",""official_defense_evidence"":""N"",""usage_note"":""탐색용 분류이며 기업의 방산업체 지정·군 납품을 의미하지 않음""},""duplicate_source_rows"":[]}"
e7744d5a56ad44dea23df789,CMP0034,방역/방제/살포,낮음,company_category_bridge,324,"{""original"":{""company_id"":""CMP0034"",""company_name_normalized"":""농업회사법인 주식회사 금산"",""business_category"":""방역/방제/살포"",""source_category_raw"":""감시.정찰.수색/인프라관리/물류·운송·구조/공간정보/특수촬영/방역/방제/살포/환경측량/다목적 H/W/드론스테이션/임무장비/지상통제장비/통합솔루션/앱"",""source_file"":""항공안전기술원_드론정보포털_기업명_사업분야_20240424 (1).csv"",""as_of_date"":""2024-04-24"",""defense_use_case_relation"":""낮음"",""relation_rationale"":""주로 민수 활용"",""official_defense_evidence"":""N"",""usage_note"":""탐색용 분류이며 기업의 방산업체 지정·군 납품을 의미하지 않음""},""duplicate_source_rows"":[]}"
32f32401f54d189d8dc26ea3,CMP0034,환경측량,일반,company_category_bridge,325,"{""original"":{""company_id"":""CMP0034"",""company_name_normalized"":""농업회사법인 주식회사 금산"",""business_category"":""환경측량"",""source_category_raw"":""감시.정찰.수색/인프라관리/물류·운송·구조/공간정보/특수촬영/방역/방제/살포/환경측량/다목적 H/W/드론스테이션/임무장비/지상통제장비/통합솔루션/앱"",""source_file"":""항공안전기술원_드론정보포털_기업명_사업분야_20240424 (1).csv"",""as_of_date"":""2024-04-24"",""defense_use_case_relation"":""일반"",""relation_rationale"":""군 환경·지형 조사와 교차 가능"",""official_defense_evidence"":""N"",""usage_note"":""탐색용 분류이며 기업의 방산업체 지정·군 납품을 의미하지 않음""},""duplicate_source_rows"":[]}"
a9f4a0e350d52176622bab28,CMP0034,다목적 H/W,인접,company_category_bridge,326,"{""original"":{""company_id"":""CMP0034"",""company_name_normalized"":""농업회사법인 주식회사 금산"",""business_category"":""다목적 H/W"",""source_category_raw"":""감시.정찰.수색/인프라관리/물류·운송·구조/공간정보/특수촬영/방역/방제/살포/환경측량/다목적 H/W/드론스테이션/임무장비/지상통제장비/통합솔루션/앱"",""source_file"":""항공안전기술원_드론정보포털_기업명_사업분야_20240424 (1).csv"",""as_of_date"":""2024-04-24"",""defense_use_case_relation"":""인접"",""relation_rationale"":""기체·전자·탑재체 하드웨어 공급망 후보"",""official_defense_evidence"":""N"",""usage_note"":""탐색용 분류이며 기업의 방산업체 지정·군 납품을 의미하지 않음""},""duplicate_source_rows"":[]}"
6f9d5c5e80ce27ba057fd5bd,CMP0034,드론스테이션,인접,company_category_bridge,327,"{""original"":{""company_id"":""CMP0034"",""company_name_normalized"":""농업회사법인 주식회사 금산"",""business_category"":""드론스테이션"",""source_category_raw"":""감시.정찰.수색/인프라관리/물류·운송·구조/공간정보/특수촬영/방역/방제/살포/환경측량/다목적 H/W/드론스테이션/임무장비/지상통제장비/통합솔루션/앱"",""source_file"":""항공안전기술원_드론정보포털_기업명_사업분야_20240424 (1).csv"",""as_of_date"":""2024-04-24"",""defense_use_case_relation"":""인접"",""relation_rationale"":""무인 운용·원격 통제 인프라 후보"",""official_defense_evidence"":""N"",""usage_note"":""탐색용 분류이며 기업의 방산업체 지정·군 납품을 의미하지 않음""},""duplicate_source_rows"":[]}"
0a7f0840583289a778855915,CMP0034,임무장비,직접,company_category_bridge,328,"{""original"":{""company_id"":""CMP0034"",""company_name_normalized"":""농업회사법인 주식회사 금산"",""business_category"":""임무장비"",""source_category_raw"":""감시.정찰.수색/인프라관리/물류·운송·구조/공간정보/특수촬영/방역/방제/살포/환경측량/다목적 H/W/드론스테이션/임무장비/지상통제장비/통합솔루션/앱"",""source_file"":""항공안전기술원_드론정보포털_기업명_사업분야_20240424 (1).csv"",""as_of_date"":""2024-04-24"",""defense_use_case_relation"":""직접"",""relation_rationale"":""정찰·공격·지원 임무장비와 연결 가능"",""official_defense_evidence"":""N"",""usage_note"":""탐색용 분류이며 기업의 방산업체 지정·군 납품을 의미하지 않음""},""duplicate_source_rows"":[]}"
7d5eef0d5e306d40276c2753,CMP0034,지상통제장비,직접,company_category_bridge,329,"{""original"":{""company_id"":""CMP0034"",""company_name_normalized"":""농업회사법인 주식회사 금산"",""business_category"":""지상통제장비"",""source_category_raw"":""감시.정찰.수색/인프라관리/물류·운송·구조/공간정보/특수촬영/방역/방제/살포/환경측량/다목적 H/W/드론스테이션/임무장비/지상통제장비/통합솔루션/앱"",""source_file"":""항공안전기술원_드론정보포털_기업명_사업분야_20240424 (1).csv"",""as_of_date"":""2024-04-24"",""defense_use_case_relation"":""직접"",""relation_rationale"":""GCS·임무통제와 연결 가능"",""official_defense_evidence"":""N"",""usage_note"":""탐색용 분류이며 기업의 방산업체 지정·군 납품을 의미하지 않음""},""duplicate_source_rows"":[]}"
d14b95d4823c52040dbe02de,CMP0034,통합솔루션,인접,company_category_bridge,330,"{""original"":{""company_id"":""CMP0034"",""company_name_normalized"":""농업회사법인 주식회사 금산"",""business_category"":""통합솔루션"",""source_category_raw"":""감시.정찰.수색/인프라관리/물류·운송·구조/공간정보/특수촬영/방역/방제/살포/환경측량/다목적 H/W/드론스테이션/임무장비/지상통제장비/통합솔루션/앱"",""source_file"":""항공안전기술원_드론정보포털_기업명_사업분야_20240424 (1).csv"",""as_of_date"":""2024-04-24"",""defense_use_case_relation"":""인접"",""relation_rationale"":""체계통합·운용 소프트웨어와 연결 가능"",""official_defense_evidence"":""N"",""usage_note"":""탐색용 분류이며 기업의 방산업체 지정·군 납품을 의미하지 않음""},""duplicate_source_rows"":[]}"
22aecdf4e7a2f1d4df50f566,CMP0034,앱,낮음,company_category_bridge,331,"{""original"":{""company_id"":""CMP0034"",""company_name_normalized"":""농업회사법인 주식회사 금산"",""business_category"":""앱"",""source_category_raw"":""감시.정찰.수색/인프라관리/물류·운송·구조/공간정보/특수촬영/방역/방제/살포/환경측량/다목적 H/W/드론스테이션/임무장비/지상통제장비/통합솔루션/앱"",""source_file"":""항공안전기술원_드론정보포털_기업명_사업분야_20240424 (1).csv"",""as_of_date"":""2024-04-24"",""defense_use_case_relation"":""낮음"",""relation_rationale"":""세부 기능 확인 전 국방 연계 판단 불가"",""official_defense_evidence"":""N"",""usage_note"":""탐색용 분류이며 기업의 방산업체 지정·군 납품을 의미하지 않음""},""duplicate_source_rows"":[]}"
eb7ef0ab95c0e2481a0fa696,CMP0037,감시.정찰.수색,직접,company_category_bridge,332,"{""original"":{""company_id"":""CMP0037"",""company_name_normalized"":""니어스랩"",""business_category"":""감시.정찰.수색"",""source_category_raw"":""감시.정찰.수색/인프라관리"",""source_file"":""항공안전기술원_드론정보포털_기업명_사업분야_20240424 (1).csv"",""as_of_date"":""2024-04-24"",""defense_use_case_relation"":""직접"",""relation_rationale"":""군 감시·정찰 임무와 직접 연결 가능"",""official_defense_evidence"":""N"",""usage_note"":""탐색용 분류이며 기업의 방산업체 지정·군 납품을 의미하지 않음""},""duplicate_source_rows"":[]}"
c0ad0cc901930418206aa5c2,CMP0037,인프라관리,일반,company_category_bridge,333,"{""original"":{""company_id"":""CMP0037"",""company_name_normalized"":""니어스랩"",""business_category"":""인프라관리"",""source_category_raw"":""감시.정찰.수색/인프라관리"",""source_file"":""항공안전기술원_드론정보포털_기업명_사업분야_20240424 (1).csv"",""as_of_date"":""2024-04-24"",""defense_use_case_relation"":""일반"",""relation_rationale"":""민수 활용 중심이나 군 시설 관리와 교차 가능"",""official_defense_evidence"":""N"",""usage_note"":""탐색용 분류이며 기업의 방산업체 지정·군 납품을 의미하지 않음""},""duplicate_source_rows"":[]}"
d2ce41339b87872fa0294749,CMP0038,기타,미확인,company_category_bridge,334,"{""original"":{""company_id"":""CMP0038"",""company_name_normalized"":""다산항공드론교육원"",""business_category"":""기타"",""source_category_raw"":""기타/감시.정찰.수색/인프라관리/공간정보/특수촬영/방역/방제/살포/방송·공연/취미·교육"",""source_file"":""항공안전기술원_드론정보포털_기업명_사업분야_20240424 (1).csv"",""as_of_date"":""2024-04-24"",""defense_use_case_relation"":""미확인"",""relation_rationale"":""세부 내용 확인 필요"",""official_defense_evidence"":""N"",""usage_note"":""탐색용 분류이며 기업의 방산업체 지정·군 납품을 의미하지 않음""},""duplicate_source_rows"":[]}"
b30cfe4e159dadc7344da8f2,CMP0038,감시.정찰.수색,직접,company_category_bridge,335,"{""original"":{""company_id"":""CMP0038"",""company_name_normalized"":""다산항공드론교육원"",""business_category"":""감시.정찰.수색"",""source_category_raw"":""기타/감시.정찰.수색/인프라관리/공간정보/특수촬영/방역/방제/살포/방송·공연/취미·교육"",""source_file"":""항공안전기술원_드론정보포털_기업명_사업분야_20240424 (1).csv"",""as_of_date"":""2024-04-24"",""defense_use_case_relation"":""직접"",""relation_rationale"":""군 감시·정찰 임무와 직접 연결 가능"",""official_defense_evidence"":""N"",""usage_note"":""탐색용 분류이며 기업의 방산업체 지정·군 납품을 의미하지 않음""},""duplicate_source_rows"":[]}"
2ec09ab424d1b118ac4f1845,CMP0038,인프라관리,일반,company_category_bridge,336,"{""original"":{""company_id"":""CMP0038"",""company_name_normalized"":""다산항공드론교육원"",""business_category"":""인프라관리"",""source_category_raw"":""기타/감시.정찰.수색/인프라관리/공간정보/특수촬영/방역/방제/살포/방송·공연/취미·교육"",""source_file"":""항공안전기술원_드론정보포털_기업명_사업분야_20240424 (1).csv"",""as_of_date"":""2024-04-24"",""defense_use_case_relation"":""일반"",""relation_rationale"":""민수 활용 중심이나 군 시설 관리와 교차 가능"",""official_defense_evidence"":""N"",""usage_note"":""탐색용 분류이며 기업의 방산업체 지정·군 납품을 의미하지 않음""},""duplicate_source_rows"":[]}"
fe515d59231adddb07bb88c4,CMP0038,공간정보,일반,company_category_bridge,337,"{""original"":{""company_id"":""CMP0038"",""company_name_normalized"":""다산항공드론교육원"",""business_category"":""공간정보"",""source_category_raw"":""기타/감시.정찰.수색/인프라관리/공간정보/특수촬영/방역/방제/살포/방송·공연/취미·교육"",""source_file"":""항공안전기술원_드론정보포털_기업명_사업분야_20240424 (1).csv"",""as_of_date"":""2024-04-24"",""defense_use_case_relation"":""일반"",""relation_rationale"":""군 지형·공간정보 용례와 교차 가능"",""official_defense_evidence"":""N"",""usage_note"":""탐색용 분류이며 기업의 방산업체 지정·군 납품을 의미하지 않음""},""duplicate_source_rows"":[]}"
caeca7bb2ce445f4d275c1ab,CMP0038,특수촬영,일반,company_category_bridge,338,"{""original"":{""company_id"":""CMP0038"",""company_name_normalized"":""다산항공드론교육원"",""business_category"":""특수촬영"",""source_category_raw"":""기타/감시.정찰.수색/인프라관리/공간정보/특수촬영/방역/방제/살포/방송·공연/취미·교육"",""source_file"":""항공안전기술원_드론정보포털_기업명_사업분야_20240424 (1).csv"",""as_of_date"":""2024-04-24"",""defense_use_case_relation"":""일반"",""relation_rationale"":""정찰 영상과 기술적으로 인접할 수 있음"",""official_defense_evidence"":""N"",""usage_note"":""탐색용 분류이며 기업의 방산업체 지정·군 납품을 의미하지 않음""},""duplicate_source_rows"":[]}"
17b34d1a2f79af53b0befded,CMP0038,방역/방제/살포,낮음,company_category_bridge,339,"{""original"":{""company_id"":""CMP0038"",""company_name_normalized"":""다산항공드론교육원"",""business_category"":""방역/방제/살포"",""source_category_raw"":""기타/감시.정찰.수색/인프라관리/공간정보/특수촬영/방역/방제/살포/방송·공연/취미·교육"",""source_file"":""항공안전기술원_드론정보포털_기업명_사업분야_20240424 (1).csv"",""as_of_date"":""2024-04-24"",""defense_use_case_relation"":""낮음"",""relation_rationale"":""주로 민수 활용"",""official_defense_evidence"":""N"",""usage_note"":""탐색용 분류이며 기업의 방산업체 지정·군 납품을 의미하지 않음""},""duplicate_source_rows"":[]}"
ae9adf08dfe4861aa5ceea41,CMP0038,방송·공연,낮음,company_category_bridge,340,"{""original"":{""company_id"":""CMP0038"",""company_name_normalized"":""다산항공드론교육원"",""business_category"":""방송·공연"",""source_category_raw"":""기타/감시.정찰.수색/인프라관리/공간정보/특수촬영/방역/방제/살포/방송·공연/취미·교육"",""source_file"":""항공안전기술원_드론정보포털_기업명_사업분야_20240424 (1).csv"",""as_of_date"":""2024-04-24"",""defense_use_case_relation"":""낮음"",""relation_rationale"":""국방 연계 판단 근거로 사용하지 않음"",""official_defense_evidence"":""N"",""usage_note"":""탐색용 분류이며 기업의 방산업체 지정·군 납품을 의미하지 않음""},""duplicate_source_rows"":[]}"
7d0a220df0338e27cf984969,CMP0038,취미·교육,낮음,company_category_bridge,341,"{""original"":{""company_id"":""CMP0038"",""company_name_normalized"":""다산항공드론교육원"",""business_category"":""취미·교육"",""source_category_raw"":""기타/감시.정찰.수색/인프라관리/공간정보/특수촬영/방역/방제/살포/방송·공연/취미·교육"",""source_file"":""항공안전기술원_드론정보포털_기업명_사업분야_20240424 (1).csv"",""as_of_date"":""2024-04-24"",""defense_use_case_relation"":""낮음"",""relation_rationale"":""국방 연계 판단 근거로 사용하지 않음"",""official_defense_evidence"":""N"",""usage_note"":""탐색용 분류이며 기업의 방산업체 지정·군 납품을 의미하지 않음""},""duplicate_source_rows"":[]}"
295d6658d656c3ef11faef4f,CMP0041,감시.정찰.수색,직접,company_category_bridge,342,"{""original"":{""company_id"":""CMP0041"",""company_name_normalized"":""단트넷"",""business_category"":""감시.정찰.수색"",""source_category_raw"":""감시.정찰.수색/인프라관리/취미·교육"",""source_file"":""항공안전기술원_드론정보포털_기업명_사업분야_20240424 (1).csv"",""as_of_date"":""2024-04-24"",""defense_use_case_relation"":""직접"",""relation_rationale"":""군 감시·정찰 임무와 직접 연결 가능"",""official_defense_evidence"":""N"",""usage_note"":""탐색용 분류이며 기업의 방산업체 지정·군 납품을 의미하지 않음""},""duplicate_source_rows"":[]}"
6c740b2ed6f7b5638b1a426f,CMP0041,인프라관리,일반,company_category_bridge,343,"{""original"":{""company_id"":""CMP0041"",""company_name_normalized"":""단트넷"",""business_category"":""인프라관리"",""source_category_raw"":""감시.정찰.수색/인프라관리/취미·교육"",""source_file"":""항공안전기술원_드론정보포털_기업명_사업분야_20240424 (1).csv"",""as_of_date"":""2024-04-24"",""defense_use_case_relation"":""일반"",""relation_rationale"":""민수 활용 중심이나 군 시설 관리와 교차 가능"",""official_defense_evidence"":""N"",""usage_note"":""탐색용 분류이며 기업의 방산업체 지정·군 납품을 의미하지 않음""},""duplicate_source_rows"":[]}"
492cdcd13ce05918c1ec9c70,CMP0041,취미·교육,낮음,company_category_bridge,344,"{""original"":{""company_id"":""CMP0041"",""company_name_normalized"":""단트넷"",""business_category"":""취미·교육"",""source_category_raw"":""감시.정찰.수색/인프라관리/취미·교육"",""source_file"":""항공안전기술원_드론정보포털_기업명_사업분야_20240424 (1).csv"",""as_of_date"":""2024-04-24"",""defense_use_case_relation"":""낮음"",""relation_rationale"":""국방 연계 판단 근거로 사용하지 않음"",""official_defense_evidence"":""N"",""usage_note"":""탐색용 분류이며 기업의 방산업체 지정·군 납품을 의미하지 않음""},""duplicate_source_rows"":[]}"
5956ca51d176223247c28b0f,CMP0044,공간정보,일반,company_category_bridge,345,"{""original"":{""company_id"":""CMP0044"",""company_name_normalized"":""대영드론솔루션(주)"",""business_category"":""공간정보"",""source_category_raw"":""공간정보/특수촬영/취미·교육/임무장비/통합솔루션"",""source_file"":""항공안전기술원_드론정보포털_기업명_사업분야_20240424 (1).csv"",""as_of_date"":""2024-04-24"",""defense_use_case_relation"":""일반"",""relation_rationale"":""군 지형·공간정보 용례와 교차 가능"",""official_defense_evidence"":""N"",""usage_note"":""탐색용 분류이며 기업의 방산업체 지정·군 납품을 의미하지 않음""},""duplicate_source_rows"":[]}"
c89b3ecec8ae65d06ba0c433,CMP0044,특수촬영,일반,company_category_bridge,346,"{""original"":{""company_id"":""CMP0044"",""company_name_normalized"":""대영드론솔루션(주)"",""business_category"":""특수촬영"",""source_category_raw"":""공간정보/특수촬영/취미·교육/임무장비/통합솔루션"",""source_file"":""항공안전기술원_드론정보포털_기업명_사업분야_20240424 (1).csv"",""as_of_date"":""2024-04-24"",""defense_use_case_relation"":""일반"",""relation_rationale"":""정찰 영상과 기술적으로 인접할 수 있음"",""official_defense_evidence"":""N"",""usage_note"":""탐색용 분류이며 기업의 방산업체 지정·군 납품을 의미하지 않음""},""duplicate_source_rows"":[]}"
5b9fddd9522d2aa4cb27c0ff,CMP0044,취미·교육,낮음,company_category_bridge,347,"{""original"":{""company_id"":""CMP0044"",""company_name_normalized"":""대영드론솔루션(주)"",""business_category"":""취미·교육"",""source_category_raw"":""공간정보/특수촬영/취미·교육/임무장비/통합솔루션"",""source_file"":""항공안전기술원_드론정보포털_기업명_사업분야_20240424 (1).csv"",""as_of_date"":""2024-04-24"",""defense_use_case_relation"":""낮음"",""relation_rationale"":""국방 연계 판단 근거로 사용하지 않음"",""official_defense_evidence"":""N"",""usage_note"":""탐색용 분류이며 기업의 방산업체 지정·군 납품을 의미하지 않음""},""duplicate_source_rows"":[]}"
553a30b9d2cbd492749ef4da,CMP0044,임무장비,직접,company_category_bridge,348,"{""original"":{""company_id"":""CMP0044"",""company_name_normalized"":""대영드론솔루션(주)"",""business_category"":""임무장비"",""source_category_raw"":""공간정보/특수촬영/취미·교육/임무장비/통합솔루션"",""source_file"":""항공안전기술원_드론정보포털_기업명_사업분야_20240424 (1).csv"",""as_of_date"":""2024-04-24"",""defense_use_case_relation"":""직접"",""relation_rationale"":""정찰·공격·지원 임무장비와 연결 가능"",""official_defense_evidence"":""N"",""usage_note"":""탐색용 분류이며 기업의 방산업체 지정·군 납품을 의미하지 않음""},""duplicate_source_rows"":[]}"
2efcd82b14e10d2bc1ae429e,CMP0044,통합솔루션,인접,company_category_bridge,349,"{""original"":{""company_id"":""CMP0044"",""company_name_normalized"":""대영드론솔루션(주)"",""business_category"":""통합솔루션"",""source_category_raw"":""공간정보/특수촬영/취미·교육/임무장비/통합솔루션"",""source_file"":""항공안전기술원_드론정보포털_기업명_사업분야_20240424 (1).csv"",""as_of_date"":""2024-04-24"",""defense_use_case_relation"":""인접"",""relation_rationale"":""체계통합·운용 소프트웨어와 연결 가능"",""official_defense_evidence"":""N"",""usage_note"":""탐색용 분류이며 기업의 방산업체 지정·군 납품을 의미하지 않음""},""duplicate_source_rows"":[]}"
1a3a4a5e59ae92ade3c847eb,CMP0049,감시.정찰.수색,직접,company_category_bridge,350,"{""original"":{""company_id"":""CMP0049"",""company_name_normalized"":""대한항공"",""business_category"":""감시.정찰.수색"",""source_category_raw"":""감시.정찰.수색/인프라관리"",""source_file"":""항공안전기술원_드론정보포털_기업명_사업분야_20240424 (1).csv"",""as_of_date"":""2024-04-24"",""defense_use_case_relation"":""직접"",""relation_rationale"":""군 감시·정찰 임무와 직접 연결 가능"",""official_defense_evidence"":""N"",""usage_note"":""탐색용 분류이며 기업의 방산업체 지정·군 납품을 의미하지 않음""},""duplicate_source_rows"":[]}"
8ee3a3b0bf90d62d802b8b89,CMP0049,인프라관리,일반,company_category_bridge,351,"{""original"":{""company_id"":""CMP0049"",""company_name_normalized"":""대한항공"",""business_category"":""인프라관리"",""source_category_raw"":""감시.정찰.수색/인프라관리"",""source_file"":""항공안전기술원_드론정보포털_기업명_사업분야_20240424 (1).csv"",""as_of_date"":""2024-04-24"",""defense_use_case_relation"":""일반"",""relation_rationale"":""민수 활용 중심이나 군 시설 관리와 교차 가능"",""official_defense_evidence"":""N"",""usage_note"":""탐색용 분류이며 기업의 방산업체 지정·군 납품을 의미하지 않음""},""duplicate_source_rows"":[]}"
67a1b20742bc6a287d4eddfd,CMP0051,감시.정찰.수색,직접,company_category_bridge,352,"{""original"":{""company_id"":""CMP0051"",""company_name_normalized"":""더 드론"",""business_category"":""감시.정찰.수색"",""source_category_raw"":""감시.정찰.수색/인프라관리/물류·운송·구조/공간정보/특수촬영/방역/방제/살포/환경측량/방송·공연/취미·교육"",""source_file"":""항공안전기술원_드론정보포털_기업명_사업분야_20240424 (1).csv"",""as_of_date"":""2024-04-24"",""defense_use_case_relation"":""직접"",""relation_rationale"":""군 감시·정찰 임무와 직접 연결 가능"",""official_defense_evidence"":""N"",""usage_note"":""탐색용 분류이며 기업의 방산업체 지정·군 납품을 의미하지 않음""},""duplicate_source_rows"":[]}"
49afacdb27a488d39e5878fe,CMP0051,인프라관리,일반,company_category_bridge,353,"{""original"":{""company_id"":""CMP0051"",""company_name_normalized"":""더 드론"",""business_category"":""인프라관리"",""source_category_raw"":""감시.정찰.수색/인프라관리/물류·운송·구조/공간정보/특수촬영/방역/방제/살포/환경측량/방송·공연/취미·교육"",""source_file"":""항공안전기술원_드론정보포털_기업명_사업분야_20240424 (1).csv"",""as_of_date"":""2024-04-24"",""defense_use_case_relation"":""일반"",""relation_rationale"":""민수 활용 중심이나 군 시설 관리와 교차 가능"",""official_defense_evidence"":""N"",""usage_note"":""탐색용 분류이며 기업의 방산업체 지정·군 납품을 의미하지 않음""},""duplicate_source_rows"":[]}"
c3e77a94dbbc51064e30d187,CMP0051,물류·운송·구조,일반,company_category_bridge,354,"{""original"":{""company_id"":""CMP0051"",""company_name_normalized"":""더 드론"",""business_category"":""물류·운송·구조"",""source_category_raw"":""감시.정찰.수색/인프라관리/물류·운송·구조/공간정보/특수촬영/방역/방제/살포/환경측량/방송·공연/취미·교육"",""source_file"":""항공안전기술원_드론정보포털_기업명_사업분야_20240424 (1).csv"",""as_of_date"":""2024-04-24"",""defense_use_case_relation"":""일반"",""relation_rationale"":""군수·수송 용례와 교차 가능"",""official_defense_evidence"":""N"",""usage_note"":""탐색용 분류이며 기업의 방산업체 지정·군 납품을 의미하지 않음""},""duplicate_source_rows"":[]}"
70f6ac2659e270562aabd0ba,CMP0051,공간정보,일반,company_category_bridge,355,"{""original"":{""company_id"":""CMP0051"",""company_name_normalized"":""더 드론"",""business_category"":""공간정보"",""source_category_raw"":""감시.정찰.수색/인프라관리/물류·운송·구조/공간정보/특수촬영/방역/방제/살포/환경측량/방송·공연/취미·교육"",""source_file"":""항공안전기술원_드론정보포털_기업명_사업분야_20240424 (1).csv"",""as_of_date"":""2024-04-24"",""defense_use_case_relation"":""일반"",""relation_rationale"":""군 지형·공간정보 용례와 교차 가능"",""official_defense_evidence"":""N"",""usage_note"":""탐색용 분류이며 기업의 방산업체 지정·군 납품을 의미하지 않음""},""duplicate_source_rows"":[]}"
166e549ea673751fa749cb4e,CMP0051,특수촬영,일반,company_category_bridge,356,"{""original"":{""company_id"":""CMP0051"",""company_name_normalized"":""더 드론"",""business_category"":""특수촬영"",""source_category_raw"":""감시.정찰.수색/인프라관리/물류·운송·구조/공간정보/특수촬영/방역/방제/살포/환경측량/방송·공연/취미·교육"",""source_file"":""항공안전기술원_드론정보포털_기업명_사업분야_20240424 (1).csv"",""as_of_date"":""2024-04-24"",""defense_use_case_relation"":""일반"",""relation_rationale"":""정찰 영상과 기술적으로 인접할 수 있음"",""official_defense_evidence"":""N"",""usage_note"":""탐색용 분류이며 기업의 방산업체 지정·군 납품을 의미하지 않음""},""duplicate_source_rows"":[]}"
8cf5b7e1c7a91ccfe68fc8e6,CMP0051,방역/방제/살포,낮음,company_category_bridge,357,"{""original"":{""company_id"":""CMP0051"",""company_name_normalized"":""더 드론"",""business_category"":""방역/방제/살포"",""source_category_raw"":""감시.정찰.수색/인프라관리/물류·운송·구조/공간정보/특수촬영/방역/방제/살포/환경측량/방송·공연/취미·교육"",""source_file"":""항공안전기술원_드론정보포털_기업명_사업분야_20240424 (1).csv"",""as_of_date"":""2024-04-24"",""defense_use_case_relation"":""낮음"",""relation_rationale"":""주로 민수 활용"",""official_defense_evidence"":""N"",""usage_note"":""탐색용 분류이며 기업의 방산업체 지정·군 납품을 의미하지 않음""},""duplicate_source_rows"":[]}"
e1984f56aebe17ee0f176228,CMP0051,환경측량,일반,company_category_bridge,358,"{""original"":{""company_id"":""CMP0051"",""company_name_normalized"":""더 드론"",""business_category"":""환경측량"",""source_category_raw"":""감시.정찰.수색/인프라관리/물류·운송·구조/공간정보/특수촬영/방역/방제/살포/환경측량/방송·공연/취미·교육"",""source_file"":""항공안전기술원_드론정보포털_기업명_사업분야_20240424 (1).csv"",""as_of_date"":""2024-04-24"",""defense_use_case_relation"":""일반"",""relation_rationale"":""군 환경·지형 조사와 교차 가능"",""official_defense_evidence"":""N"",""usage_note"":""탐색용 분류이며 기업의 방산업체 지정·군 납품을 의미하지 않음""},""duplicate_source_rows"":[]}"
222d6bdd1889529671d77e13,CMP0051,방송·공연,낮음,company_category_bridge,359,"{""original"":{""company_id"":""CMP0051"",""company_name_normalized"":""더 드론"",""business_category"":""방송·공연"",""source_category_raw"":""감시.정찰.수색/인프라관리/물류·운송·구조/공간정보/특수촬영/방역/방제/살포/환경측량/방송·공연/취미·교육"",""source_file"":""항공안전기술원_드론정보포털_기업명_사업분야_20240424 (1).csv"",""as_of_date"":""2024-04-24"",""defense_use_case_relation"":""낮음"",""relation_rationale"":""국방 연계 판단 근거로 사용하지 않음"",""official_defense_evidence"":""N"",""usage_note"":""탐색용 분류이며 기업의 방산업체 지정·군 납품을 의미하지 않음""},""duplicate_source_rows"":[]}"
82468398c5453dc2d6b4944d,CMP0051,취미·교육,낮음,company_category_bridge,360,"{""original"":{""company_id"":""CMP0051"",""company_name_normalized"":""더 드론"",""business_category"":""취미·교육"",""source_category_raw"":""감시.정찰.수색/인프라관리/물류·운송·구조/공간정보/특수촬영/방역/방제/살포/환경측량/방송·공연/취미·교육"",""source_file"":""항공안전기술원_드론정보포털_기업명_사업분야_20240424 (1).csv"",""as_of_date"":""2024-04-24"",""defense_use_case_relation"":""낮음"",""relation_rationale"":""국방 연계 판단 근거로 사용하지 않음"",""official_defense_evidence"":""N"",""usage_note"":""탐색용 분류이며 기업의 방산업체 지정·군 납품을 의미하지 않음""},""duplicate_source_rows"":[]}"
b6d1e07ad782f737ab9d268d,CMP0052,다목적 H/W,인접,company_category_bridge,361,"{""original"":{""company_id"":""CMP0052"",""company_name_normalized"":""더피치"",""business_category"":""다목적 H/W"",""source_category_raw"":""다목적 H/W/모듈/통합솔루션/앱"",""source_file"":""항공안전기술원_드론정보포털_기업명_사업분야_20240424 (1).csv"",""as_of_date"":""2024-04-24"",""defense_use_case_relation"":""인접"",""relation_rationale"":""기체·전자·탑재체 하드웨어 공급망 후보"",""official_defense_evidence"":""N"",""usage_note"":""탐색용 분류이며 기업의 방산업체 지정·군 납품을 의미하지 않음""},""duplicate_source_rows"":[]}"
0ec487fe4aa0956c2b693193,CMP0052,모듈,인접,company_category_bridge,362,"{""original"":{""company_id"":""CMP0052"",""company_name_normalized"":""더피치"",""business_category"":""모듈"",""source_category_raw"":""다목적 H/W/모듈/통합솔루션/앱"",""source_file"":""항공안전기술원_드론정보포털_기업명_사업분야_20240424 (1).csv"",""as_of_date"":""2024-04-24"",""defense_use_case_relation"":""인접"",""relation_rationale"":""국방 드론 부품·모듈 공급망 후보"",""official_defense_evidence"":""N"",""usage_note"":""탐색용 분류이며 기업의 방산업체 지정·군 납품을 의미하지 않음""},""duplicate_source_rows"":[]}"
814bef1c58c6a7e73fe965f2,CMP0052,통합솔루션,인접,company_category_bridge,363,"{""original"":{""company_id"":""CMP0052"",""company_name_normalized"":""더피치"",""business_category"":""통합솔루션"",""source_category_raw"":""다목적 H/W/모듈/통합솔루션/앱"",""source_file"":""항공안전기술원_드론정보포털_기업명_사업분야_20240424 (1).csv"",""as_of_date"":""2024-04-24"",""defense_use_case_relation"":""인접"",""relation_rationale"":""체계통합·운용 소프트웨어와 연결 가능"",""official_defense_evidence"":""N"",""usage_note"":""탐색용 분류이며 기업의 방산업체 지정·군 납품을 의미하지 않음""},""duplicate_source_rows"":[]}"
94f326314bb9bad87cc6b8e1,CMP0052,앱,낮음,company_category_bridge,364,"{""original"":{""company_id"":""CMP0052"",""company_name_normalized"":""더피치"",""business_category"":""앱"",""source_category_raw"":""다목적 H/W/모듈/통합솔루션/앱"",""source_file"":""항공안전기술원_드론정보포털_기업명_사업분야_20240424 (1).csv"",""as_of_date"":""2024-04-24"",""defense_use_case_relation"":""낮음"",""relation_rationale"":""세부 기능 확인 전 국방 연계 판단 불가"",""official_defense_evidence"":""N"",""usage_note"":""탐색용 분류이며 기업의 방산업체 지정·군 납품을 의미하지 않음""},""duplicate_source_rows"":[]}"
83e0864b594116f733c97332,CMP0055,환경측량,일반,company_category_bridge,365,"{""original"":{""company_id"":""CMP0055"",""company_name_normalized"":""동부엔지니어링(주)"",""business_category"":""환경측량"",""source_category_raw"":""환경측량/공간정보/특수촬영"",""source_file"":""항공안전기술원_드론정보포털_기업명_사업분야_20240424 (1).csv"",""as_of_date"":""2024-04-24"",""defense_use_case_relation"":""일반"",""relation_rationale"":""군 환경·지형 조사와 교차 가능"",""official_defense_evidence"":""N"",""usage_note"":""탐색용 분류이며 기업의 방산업체 지정·군 납품을 의미하지 않음""},""duplicate_source_rows"":[]}"
43327f634ce8d5d7410a00a2,CMP0055,공간정보,일반,company_category_bridge,366,"{""original"":{""company_id"":""CMP0055"",""company_name_normalized"":""동부엔지니어링(주)"",""business_category"":""공간정보"",""source_category_raw"":""환경측량/공간정보/특수촬영"",""source_file"":""항공안전기술원_드론정보포털_기업명_사업분야_20240424 (1).csv"",""as_of_date"":""2024-04-24"",""defense_use_case_relation"":""일반"",""relation_rationale"":""군 지형·공간정보 용례와 교차 가능"",""official_defense_evidence"":""N"",""usage_note"":""탐색용 분류이며 기업의 방산업체 지정·군 납품을 의미하지 않음""},""duplicate_source_rows"":[]}"
f48e43c9ef1a00b329518e79,CMP0055,특수촬영,일반,company_category_bridge,367,"{""original"":{""company_id"":""CMP0055"",""company_name_normalized"":""동부엔지니어링(주)"",""business_category"":""특수촬영"",""source_category_raw"":""환경측량/공간정보/특수촬영"",""source_file"":""항공안전기술원_드론정보포털_기업명_사업분야_20240424 (1).csv"",""as_of_date"":""2024-04-24"",""defense_use_case_relation"":""일반"",""relation_rationale"":""정찰 영상과 기술적으로 인접할 수 있음"",""official_defense_evidence"":""N"",""usage_note"":""탐색용 분류이며 기업의 방산업체 지정·군 납품을 의미하지 않음""},""duplicate_source_rows"":[]}"
0b3607e869d255af7d92d970,CMP0056,드론스테이션,인접,company_category_bridge,368,"{""original"":{""company_id"":""CMP0056"",""company_name_normalized"":""두드론"",""business_category"":""드론스테이션"",""source_category_raw"":""드론스테이션"",""source_file"":""항공안전기술원_드론정보포털_기업명_사업분야_20240424 (1).csv"",""as_of_date"":""2024-04-24"",""defense_use_case_relation"":""인접"",""relation_rationale"":""무인 운용·원격 통제 인프라 후보"",""official_defense_evidence"":""N"",""usage_note"":""탐색용 분류이며 기업의 방산업체 지정·군 납품을 의미하지 않음""},""duplicate_source_rows"":[]}"
3142643517c43d8c7367c264,CMP0057,감시.정찰.수색,직접,company_category_bridge,369,"{""original"":{""company_id"":""CMP0057"",""company_name_normalized"":""두산모빌리티이노베이션"",""business_category"":""감시.정찰.수색"",""source_category_raw"":""감시.정찰.수색/인프라관리/물류·운송·구조"",""source_file"":""항공안전기술원_드론정보포털_기업명_사업분야_20240424 (1).csv"",""as_of_date"":""2024-04-24"",""defense_use_case_relation"":""직접"",""relation_rationale"":""군 감시·정찰 임무와 직접 연결 가능"",""official_defense_evidence"":""N"",""usage_note"":""탐색용 분류이며 기업의 방산업체 지정·군 납품을 의미하지 않음""},""duplicate_source_rows"":[]}"
a6960af334560966066d183f,CMP0057,인프라관리,일반,company_category_bridge,370,"{""original"":{""company_id"":""CMP0057"",""company_name_normalized"":""두산모빌리티이노베이션"",""business_category"":""인프라관리"",""source_category_raw"":""감시.정찰.수색/인프라관리/물류·운송·구조"",""source_file"":""항공안전기술원_드론정보포털_기업명_사업분야_20240424 (1).csv"",""as_of_date"":""2024-04-24"",""defense_use_case_relation"":""일반"",""relation_rationale"":""민수 활용 중심이나 군 시설 관리와 교차 가능"",""official_defense_evidence"":""N"",""usage_note"":""탐색용 분류이며 기업의 방산업체 지정·군 납품을 의미하지 않음""},""duplicate_source_rows"":[]}"
ce343872d70a464c0ba8c042,CMP0057,물류·운송·구조,일반,company_category_bridge,371,"{""original"":{""company_id"":""CMP0057"",""company_name_normalized"":""두산모빌리티이노베이션"",""business_category"":""물류·운송·구조"",""source_category_raw"":""감시.정찰.수색/인프라관리/물류·운송·구조"",""source_file"":""항공안전기술원_드론정보포털_기업명_사업분야_20240424 (1).csv"",""as_of_date"":""2024-04-24"",""defense_use_case_relation"":""일반"",""relation_rationale"":""군수·수송 용례와 교차 가능"",""official_defense_evidence"":""N"",""usage_note"":""탐색용 분류이며 기업의 방산업체 지정·군 납품을 의미하지 않음""},""duplicate_source_rows"":[]}"
b068584b5d1fd4c9621d5b5f,CMP0058,감시.정찰.수색,직접,company_category_bridge,372,"{""original"":{""company_id"":""CMP0058"",""company_name_normalized"":""두시텍"",""business_category"":""감시.정찰.수색"",""source_category_raw"":""감시.정찰.수색/인프라관리/공간정보/특수촬영"",""source_file"":""항공안전기술원_드론정보포털_기업명_사업분야_20240424 (1).csv"",""as_of_date"":""2024-04-24"",""defense_use_case_relation"":""직접"",""relation_rationale"":""군 감시·정찰 임무와 직접 연결 가능"",""official_defense_evidence"":""N"",""usage_note"":""탐색용 분류이며 기업의 방산업체 지정·군 납품을 의미하지 않음""},""duplicate_source_rows"":[]}"
d3adcccace7c346013c94ab1,CMP0058,인프라관리,일반,company_category_bridge,373,"{""original"":{""company_id"":""CMP0058"",""company_name_normalized"":""두시텍"",""business_category"":""인프라관리"",""source_category_raw"":""감시.정찰.수색/인프라관리/공간정보/특수촬영"",""source_file"":""항공안전기술원_드론정보포털_기업명_사업분야_20240424 (1).csv"",""as_of_date"":""2024-04-24"",""defense_use_case_relation"":""일반"",""relation_rationale"":""민수 활용 중심이나 군 시설 관리와 교차 가능"",""official_defense_evidence"":""N"",""usage_note"":""탐색용 분류이며 기업의 방산업체 지정·군 납품을 의미하지 않음""},""duplicate_source_rows"":[]}"
ce7eeec45d8bab20fce6ab7b,CMP0058,공간정보,일반,company_category_bridge,374,"{""original"":{""company_id"":""CMP0058"",""company_name_normalized"":""두시텍"",""business_category"":""공간정보"",""source_category_raw"":""감시.정찰.수색/인프라관리/공간정보/특수촬영"",""source_file"":""항공안전기술원_드론정보포털_기업명_사업분야_20240424 (1).csv"",""as_of_date"":""2024-04-24"",""defense_use_case_relation"":""일반"",""relation_rationale"":""군 지형·공간정보 용례와 교차 가능"",""official_defense_evidence"":""N"",""usage_note"":""탐색용 분류이며 기업의 방산업체 지정·군 납품을 의미하지 않음""},""duplicate_source_rows"":[]}"
f6b495974028706c6c90693c,CMP0058,특수촬영,일반,company_category_bridge,375,"{""original"":{""company_id"":""CMP0058"",""company_name_normalized"":""두시텍"",""business_category"":""특수촬영"",""source_category_raw"":""감시.정찰.수색/인프라관리/공간정보/특수촬영"",""source_file"":""항공안전기술원_드론정보포털_기업명_사업분야_20240424 (1).csv"",""as_of_date"":""2024-04-24"",""defense_use_case_relation"":""일반"",""relation_rationale"":""정찰 영상과 기술적으로 인접할 수 있음"",""official_defense_evidence"":""N"",""usage_note"":""탐색용 분류이며 기업의 방산업체 지정·군 납품을 의미하지 않음""},""duplicate_source_rows"":[]}"
d3cbfb550f45be12bbfb5ffc,CMP0059,안티드론,직접,company_category_bridge,376,"{""original"":{""company_id"":""CMP0059"",""company_name_normalized"":""두타기술"",""business_category"":""안티드론"",""source_category_raw"":""안티드론"",""source_file"":""항공안전기술원_드론정보포털_기업명_사업분야_20240424 (1).csv"",""as_of_date"":""2024-04-24"",""defense_use_case_relation"":""직접"",""relation_rationale"":""대드론·C-UAS 용례와 직접 연결되는 사업분야"",""official_defense_evidence"":""N"",""usage_note"":""탐색용 분류이며 기업의 방산업체 지정·군 납품을 의미하지 않음""},""duplicate_source_rows"":[]}"
ee0a5675ef5267a638cc5d11,CMP0062,취미·교육,낮음,company_category_bridge,377,"{""original"":{""company_id"":""CMP0062"",""company_name_normalized"":""드론- 디디에이(DRONE DDA)"",""business_category"":""취미·교육"",""source_category_raw"":""취미·교육/공간정보/특수촬영/방역/방제/살포/환경측량/임무장비"",""source_file"":""항공안전기술원_드론정보포털_기업명_사업분야_20240424 (1).csv"",""as_of_date"":""2024-04-24"",""defense_use_case_relation"":""낮음"",""relation_rationale"":""국방 연계 판단 근거로 사용하지 않음"",""official_defense_evidence"":""N"",""usage_note"":""탐색용 분류이며 기업의 방산업체 지정·군 납품을 의미하지 않음""},""duplicate_source_rows"":[]}"
86a85930feb039b1cff987e9,CMP0062,공간정보,일반,company_category_bridge,378,"{""original"":{""company_id"":""CMP0062"",""company_name_normalized"":""드론- 디디에이(DRONE DDA)"",""business_category"":""공간정보"",""source_category_raw"":""취미·교육/공간정보/특수촬영/방역/방제/살포/환경측량/임무장비"",""source_file"":""항공안전기술원_드론정보포털_기업명_사업분야_20240424 (1).csv"",""as_of_date"":""2024-04-24"",""defense_use_case_relation"":""일반"",""relation_rationale"":""군 지형·공간정보 용례와 교차 가능"",""official_defense_evidence"":""N"",""usage_note"":""탐색용 분류이며 기업의 방산업체 지정·군 납품을 의미하지 않음""},""duplicate_source_rows"":[]}"
cd2c70084a6324b301574943,CMP0062,특수촬영,일반,company_category_bridge,379,"{""original"":{""company_id"":""CMP0062"",""company_name_normalized"":""드론- 디디에이(DRONE DDA)"",""business_category"":""특수촬영"",""source_category_raw"":""취미·교육/공간정보/특수촬영/방역/방제/살포/환경측량/임무장비"",""source_file"":""항공안전기술원_드론정보포털_기업명_사업분야_20240424 (1).csv"",""as_of_date"":""2024-04-24"",""defense_use_case_relation"":""일반"",""relation_rationale"":""정찰 영상과 기술적으로 인접할 수 있음"",""official_defense_evidence"":""N"",""usage_note"":""탐색용 분류이며 기업의 방산업체 지정·군 납품을 의미하지 않음""},""duplicate_source_rows"":[]}"
21c651574ad2f7114c5d1fac,CMP0062,방역/방제/살포,낮음,company_category_bridge,380,"{""original"":{""company_id"":""CMP0062"",""company_name_normalized"":""드론- 디디에이(DRONE DDA)"",""business_category"":""방역/방제/살포"",""source_category_raw"":""취미·교육/공간정보/특수촬영/방역/방제/살포/환경측량/임무장비"",""source_file"":""항공안전기술원_드론정보포털_기업명_사업분야_20240424 (1).csv"",""as_of_date"":""2024-04-24"",""defense_use_case_relation"":""낮음"",""relation_rationale"":""주로 민수 활용"",""official_defense_evidence"":""N"",""usage_note"":""탐색용 분류이며 기업의 방산업체 지정·군 납품을 의미하지 않음""},""duplicate_source_rows"":[]}"
544d762ed13682dd27678a39,CMP0062,환경측량,일반,company_category_bridge,381,"{""original"":{""company_id"":""CMP0062"",""company_name_normalized"":""드론- 디디에이(DRONE DDA)"",""business_category"":""환경측량"",""source_category_raw"":""취미·교육/공간정보/특수촬영/방역/방제/살포/환경측량/임무장비"",""source_file"":""항공안전기술원_드론정보포털_기업명_사업분야_20240424 (1).csv"",""as_of_date"":""2024-04-24"",""defense_use_case_relation"":""일반"",""relation_rationale"":""군 환경·지형 조사와 교차 가능"",""official_defense_evidence"":""N"",""usage_note"":""탐색용 분류이며 기업의 방산업체 지정·군 납품을 의미하지 않음""},""duplicate_source_rows"":[]}"
3ce6b6b7fdf2d1c113e54963,CMP0062,임무장비,직접,company_category_bridge,382,"{""original"":{""company_id"":""CMP0062"",""company_name_normalized"":""드론- 디디에이(DRONE DDA)"",""business_category"":""임무장비"",""source_category_raw"":""취미·교육/공간정보/특수촬영/방역/방제/살포/환경측량/임무장비"",""source_file"":""항공안전기술원_드론정보포털_기업명_사업분야_20240424 (1).csv"",""as_of_date"":""2024-04-24"",""defense_use_case_relation"":""직접"",""relation_rationale"":""정찰·공격·지원 임무장비와 연결 가능"",""official_defense_evidence"":""N"",""usage_note"":""탐색용 분류이며 기업의 방산업체 지정·군 납품을 의미하지 않음""},""duplicate_source_rows"":[]}"
0497f6a9bf653c029604b846,CMP0063,방송·공연,낮음,company_category_bridge,383,"{""original"":{""company_id"":""CMP0063"",""company_name_normalized"":""드론매거진"",""business_category"":""방송·공연"",""source_category_raw"":""방송·공연/기타"",""source_file"":""항공안전기술원_드론정보포털_기업명_사업분야_20240424 (1).csv"",""as_of_date"":""2024-04-24"",""defense_use_case_relation"":""낮음"",""relation_rationale"":""국방 연계 판단 근거로 사용하지 않음"",""official_defense_evidence"":""N"",""usage_note"":""탐색용 분류이며 기업의 방산업체 지정·군 납품을 의미하지 않음""},""duplicate_source_rows"":[]}"
656749b33e9749a3cc54421c,CMP0063,기타,미확인,company_category_bridge,384,"{""original"":{""company_id"":""CMP0063"",""company_name_normalized"":""드론매거진"",""business_category"":""기타"",""source_category_raw"":""방송·공연/기타"",""source_file"":""항공안전기술원_드론정보포털_기업명_사업분야_20240424 (1).csv"",""as_of_date"":""2024-04-24"",""defense_use_case_relation"":""미확인"",""relation_rationale"":""세부 내용 확인 필요"",""official_defense_evidence"":""N"",""usage_note"":""탐색용 분류이며 기업의 방산업체 지정·군 납품을 의미하지 않음""},""duplicate_source_rows"":[]}"
d70fcdfb83b41e700fa19093,CMP0064,앱,낮음,company_category_bridge,385,"{""original"":{""company_id"":""CMP0064"",""company_name_normalized"":""드론메이커"",""business_category"":""앱"",""source_category_raw"":""앱/기타"",""source_file"":""항공안전기술원_드론정보포털_기업명_사업분야_20240424 (1).csv"",""as_of_date"":""2024-04-24"",""defense_use_case_relation"":""낮음"",""relation_rationale"":""세부 기능 확인 전 국방 연계 판단 불가"",""official_defense_evidence"":""N"",""usage_note"":""탐색용 분류이며 기업의 방산업체 지정·군 납품을 의미하지 않음""},""duplicate_source_rows"":[]}"
ec96703434d558fe8f8cbc17,CMP0064,기타,미확인,company_category_bridge,386,"{""original"":{""company_id"":""CMP0064"",""company_name_normalized"":""드론메이커"",""business_category"":""기타"",""source_category_raw"":""앱/기타"",""source_file"":""항공안전기술원_드론정보포털_기업명_사업분야_20240424 (1).csv"",""as_of_date"":""2024-04-24"",""defense_use_case_relation"":""미확인"",""relation_rationale"":""세부 내용 확인 필요"",""official_defense_evidence"":""N"",""usage_note"":""탐색용 분류이며 기업의 방산업체 지정·군 납품을 의미하지 않음""},""duplicate_source_rows"":[]}"
bb86a13a34028b35d19a5391,CMP0065,감시.정찰.수색,직접,company_category_bridge,387,"{""original"":{""company_id"":""CMP0065"",""company_name_normalized"":""드론메이커스항공(주)"",""business_category"":""감시.정찰.수색"",""source_category_raw"":""감시.정찰.수색/인프라관리/물류·운송·구조/공간정보/특수촬영/환경측량/다목적 H/W/방송·공연/취미·교육/드론스테이션/임무장비/모듈"",""source_file"":""항공안전기술원_드론정보포털_기업명_사업분야_20240424 (1).csv"",""as_of_date"":""2024-04-24"",""defense_use_case_relation"":""직접"",""relation_rationale"":""군 감시·정찰 임무와 직접 연결 가능"",""official_defense_evidence"":""N"",""usage_note"":""탐색용 분류이며 기업의 방산업체 지정·군 납품을 의미하지 않음""},""duplicate_source_rows"":[]}"
74590466c0bad2d94dd2ad3b,CMP0065,인프라관리,일반,company_category_bridge,388,"{""original"":{""company_id"":""CMP0065"",""company_name_normalized"":""드론메이커스항공(주)"",""business_category"":""인프라관리"",""source_category_raw"":""감시.정찰.수색/인프라관리/물류·운송·구조/공간정보/특수촬영/환경측량/다목적 H/W/방송·공연/취미·교육/드론스테이션/임무장비/모듈"",""source_file"":""항공안전기술원_드론정보포털_기업명_사업분야_20240424 (1).csv"",""as_of_date"":""2024-04-24"",""defense_use_case_relation"":""일반"",""relation_rationale"":""민수 활용 중심이나 군 시설 관리와 교차 가능"",""official_defense_evidence"":""N"",""usage_note"":""탐색용 분류이며 기업의 방산업체 지정·군 납품을 의미하지 않음""},""duplicate_source_rows"":[]}"
73592adce34e734cb67def51,CMP0065,물류·운송·구조,일반,company_category_bridge,389,"{""original"":{""company_id"":""CMP0065"",""company_name_normalized"":""드론메이커스항공(주)"",""business_category"":""물류·운송·구조"",""source_category_raw"":""감시.정찰.수색/인프라관리/물류·운송·구조/공간정보/특수촬영/환경측량/다목적 H/W/방송·공연/취미·교육/드론스테이션/임무장비/모듈"",""source_file"":""항공안전기술원_드론정보포털_기업명_사업분야_20240424 (1).csv"",""as_of_date"":""2024-04-24"",""defense_use_case_relation"":""일반"",""relation_rationale"":""군수·수송 용례와 교차 가능"",""official_defense_evidence"":""N"",""usage_note"":""탐색용 분류이며 기업의 방산업체 지정·군 납품을 의미하지 않음""},""duplicate_source_rows"":[]}"
fd94e362fedaf8b537181390,CMP0065,공간정보,일반,company_category_bridge,390,"{""original"":{""company_id"":""CMP0065"",""company_name_normalized"":""드론메이커스항공(주)"",""business_category"":""공간정보"",""source_category_raw"":""감시.정찰.수색/인프라관리/물류·운송·구조/공간정보/특수촬영/환경측량/다목적 H/W/방송·공연/취미·교육/드론스테이션/임무장비/모듈"",""source_file"":""항공안전기술원_드론정보포털_기업명_사업분야_20240424 (1).csv"",""as_of_date"":""2024-04-24"",""defense_use_case_relation"":""일반"",""relation_rationale"":""군 지형·공간정보 용례와 교차 가능"",""official_defense_evidence"":""N"",""usage_note"":""탐색용 분류이며 기업의 방산업체 지정·군 납품을 의미하지 않음""},""duplicate_source_rows"":[]}"
b16d7d30e66636cffe536f02,CMP0065,특수촬영,일반,company_category_bridge,391,"{""original"":{""company_id"":""CMP0065"",""company_name_normalized"":""드론메이커스항공(주)"",""business_category"":""특수촬영"",""source_category_raw"":""감시.정찰.수색/인프라관리/물류·운송·구조/공간정보/특수촬영/환경측량/다목적 H/W/방송·공연/취미·교육/드론스테이션/임무장비/모듈"",""source_file"":""항공안전기술원_드론정보포털_기업명_사업분야_20240424 (1).csv"",""as_of_date"":""2024-04-24"",""defense_use_case_relation"":""일반"",""relation_rationale"":""정찰 영상과 기술적으로 인접할 수 있음"",""official_defense_evidence"":""N"",""usage_note"":""탐색용 분류이며 기업의 방산업체 지정·군 납품을 의미하지 않음""},""duplicate_source_rows"":[]}"
44e76796629504237d3fbad8,CMP0065,환경측량,일반,company_category_bridge,392,"{""original"":{""company_id"":""CMP0065"",""company_name_normalized"":""드론메이커스항공(주)"",""business_category"":""환경측량"",""source_category_raw"":""감시.정찰.수색/인프라관리/물류·운송·구조/공간정보/특수촬영/환경측량/다목적 H/W/방송·공연/취미·교육/드론스테이션/임무장비/모듈"",""source_file"":""항공안전기술원_드론정보포털_기업명_사업분야_20240424 (1).csv"",""as_of_date"":""2024-04-24"",""defense_use_case_relation"":""일반"",""relation_rationale"":""군 환경·지형 조사와 교차 가능"",""official_defense_evidence"":""N"",""usage_note"":""탐색용 분류이며 기업의 방산업체 지정·군 납품을 의미하지 않음""},""duplicate_source_rows"":[]}"
015965cde62691a4da33b7cb,CMP0065,다목적 H/W,인접,company_category_bridge,393,"{""original"":{""company_id"":""CMP0065"",""company_name_normalized"":""드론메이커스항공(주)"",""business_category"":""다목적 H/W"",""source_category_raw"":""감시.정찰.수색/인프라관리/물류·운송·구조/공간정보/특수촬영/환경측량/다목적 H/W/방송·공연/취미·교육/드론스테이션/임무장비/모듈"",""source_file"":""항공안전기술원_드론정보포털_기업명_사업분야_20240424 (1).csv"",""as_of_date"":""2024-04-24"",""defense_use_case_relation"":""인접"",""relation_rationale"":""기체·전자·탑재체 하드웨어 공급망 후보"",""official_defense_evidence"":""N"",""usage_note"":""탐색용 분류이며 기업의 방산업체 지정·군 납품을 의미하지 않음""},""duplicate_source_rows"":[]}"
7f2fe62e3b9d2a3645565146,CMP0065,방송·공연,낮음,company_category_bridge,394,"{""original"":{""company_id"":""CMP0065"",""company_name_normalized"":""드론메이커스항공(주)"",""business_category"":""방송·공연"",""source_category_raw"":""감시.정찰.수색/인프라관리/물류·운송·구조/공간정보/특수촬영/환경측량/다목적 H/W/방송·공연/취미·교육/드론스테이션/임무장비/모듈"",""source_file"":""항공안전기술원_드론정보포털_기업명_사업분야_20240424 (1).csv"",""as_of_date"":""2024-04-24"",""defense_use_case_relation"":""낮음"",""relation_rationale"":""국방 연계 판단 근거로 사용하지 않음"",""official_defense_evidence"":""N"",""usage_note"":""탐색용 분류이며 기업의 방산업체 지정·군 납품을 의미하지 않음""},""duplicate_source_rows"":[]}"
2b8ef84ab194e866b12fa3aa,CMP0065,취미·교육,낮음,company_category_bridge,395,"{""original"":{""company_id"":""CMP0065"",""company_name_normalized"":""드론메이커스항공(주)"",""business_category"":""취미·교육"",""source_category_raw"":""감시.정찰.수색/인프라관리/물류·운송·구조/공간정보/특수촬영/환경측량/다목적 H/W/방송·공연/취미·교육/드론스테이션/임무장비/모듈"",""source_file"":""항공안전기술원_드론정보포털_기업명_사업분야_20240424 (1).csv"",""as_of_date"":""2024-04-24"",""defense_use_case_relation"":""낮음"",""relation_rationale"":""국방 연계 판단 근거로 사용하지 않음"",""official_defense_evidence"":""N"",""usage_note"":""탐색용 분류이며 기업의 방산업체 지정·군 납품을 의미하지 않음""},""duplicate_source_rows"":[]}"
9dbbeb06ea8da86853459d64,CMP0065,드론스테이션,인접,company_category_bridge,396,"{""original"":{""company_id"":""CMP0065"",""company_name_normalized"":""드론메이커스항공(주)"",""business_category"":""드론스테이션"",""source_category_raw"":""감시.정찰.수색/인프라관리/물류·운송·구조/공간정보/특수촬영/환경측량/다목적 H/W/방송·공연/취미·교육/드론스테이션/임무장비/모듈"",""source_file"":""항공안전기술원_드론정보포털_기업명_사업분야_20240424 (1).csv"",""as_of_date"":""2024-04-24"",""defense_use_case_relation"":""인접"",""relation_rationale"":""무인 운용·원격 통제 인프라 후보"",""official_defense_evidence"":""N"",""usage_note"":""탐색용 분류이며 기업의 방산업체 지정·군 납품을 의미하지 않음""},""duplicate_source_rows"":[]}"
39bd8320c855ad04a7a294e5,CMP0065,임무장비,직접,company_category_bridge,397,"{""original"":{""company_id"":""CMP0065"",""company_name_normalized"":""드론메이커스항공(주)"",""business_category"":""임무장비"",""source_category_raw"":""감시.정찰.수색/인프라관리/물류·운송·구조/공간정보/특수촬영/환경측량/다목적 H/W/방송·공연/취미·교육/드론스테이션/임무장비/모듈"",""source_file"":""항공안전기술원_드론정보포털_기업명_사업분야_20240424 (1).csv"",""as_of_date"":""2024-04-24"",""defense_use_case_relation"":""직접"",""relation_rationale"":""정찰·공격·지원 임무장비와 연결 가능"",""official_defense_evidence"":""N"",""usage_note"":""탐색용 분류이며 기업의 방산업체 지정·군 납품을 의미하지 않음""},""duplicate_source_rows"":[]}"
12605e1e59eb4f338e6371e3,CMP0065,모듈,인접,company_category_bridge,398,"{""original"":{""company_id"":""CMP0065"",""company_name_normalized"":""드론메이커스항공(주)"",""business_category"":""모듈"",""source_category_raw"":""감시.정찰.수색/인프라관리/물류·운송·구조/공간정보/특수촬영/환경측량/다목적 H/W/방송·공연/취미·교육/드론스테이션/임무장비/모듈"",""source_file"":""항공안전기술원_드론정보포털_기업명_사업분야_20240424 (1).csv"",""as_of_date"":""2024-04-24"",""defense_use_case_relation"":""인접"",""relation_rationale"":""국방 드론 부품·모듈 공급망 후보"",""official_defense_evidence"":""N"",""usage_note"":""탐색용 분류이며 기업의 방산업체 지정·군 납품을 의미하지 않음""},""duplicate_source_rows"":[]}"
b7939f282ee74c9d2ccd487f,CMP0066,방송·공연,낮음,company_category_bridge,399,"{""original"":{""company_id"":""CMP0066"",""company_name_normalized"":""드론미디어"",""business_category"":""방송·공연"",""source_category_raw"":""방송·공연"",""source_file"":""항공안전기술원_드론정보포털_기업명_사업분야_20240424 (1).csv"",""as_of_date"":""2024-04-24"",""defense_use_case_relation"":""낮음"",""relation_rationale"":""국방 연계 판단 근거로 사용하지 않음"",""official_defense_evidence"":""N"",""usage_note"":""탐색용 분류이며 기업의 방산업체 지정·군 납품을 의미하지 않음""},""duplicate_source_rows"":[]}"
6373f7a74d2f95ae4bea8e6d,CMP0067,물류·운송·구조,일반,company_category_bridge,400,"{""original"":{""company_id"":""CMP0067"",""company_name_normalized"":""드론버스"",""business_category"":""물류·운송·구조"",""source_category_raw"":""물류·운송·구조"",""source_file"":""항공안전기술원_드론정보포털_기업명_사업분야_20240424 (1).csv"",""as_of_date"":""2024-04-24"",""defense_use_case_relation"":""일반"",""relation_rationale"":""군수·수송 용례와 교차 가능"",""official_defense_evidence"":""N"",""usage_note"":""탐색용 분류이며 기업의 방산업체 지정·군 납품을 의미하지 않음""},""duplicate_source_rows"":[]}"
60c9bdb37d24e2cfd486422f,CMP0068,감시.정찰.수색,직접,company_category_bridge,401,"{""original"":{""company_id"":""CMP0068"",""company_name_normalized"":""드론스퀘어"",""business_category"":""감시.정찰.수색"",""source_category_raw"":""감시.정찰.수색/인프라관리/물류·운송·구조/공간정보/특수촬영/환경측량/다목적 H/W/취미·교육/드론스테이션/모듈/통합솔루션"",""source_file"":""항공안전기술원_드론정보포털_기업명_사업분야_20240424 (1).csv"",""as_of_date"":""2024-04-24"",""defense_use_case_relation"":""직접"",""relation_rationale"":""군 감시·정찰 임무와 직접 연결 가능"",""official_defense_evidence"":""N"",""usage_note"":""탐색용 분류이며 기업의 방산업체 지정·군 납품을 의미하지 않음""},""duplicate_source_rows"":[]}"
f8e2882f9e9ed83c194a39d6,CMP0068,인프라관리,일반,company_category_bridge,402,"{""original"":{""company_id"":""CMP0068"",""company_name_normalized"":""드론스퀘어"",""business_category"":""인프라관리"",""source_category_raw"":""감시.정찰.수색/인프라관리/물류·운송·구조/공간정보/특수촬영/환경측량/다목적 H/W/취미·교육/드론스테이션/모듈/통합솔루션"",""source_file"":""항공안전기술원_드론정보포털_기업명_사업분야_20240424 (1).csv"",""as_of_date"":""2024-04-24"",""defense_use_case_relation"":""일반"",""relation_rationale"":""민수 활용 중심이나 군 시설 관리와 교차 가능"",""official_defense_evidence"":""N"",""usage_note"":""탐색용 분류이며 기업의 방산업체 지정·군 납품을 의미하지 않음""},""duplicate_source_rows"":[]}"
f35ca3e3a6a70a913f529ba8,CMP0068,물류·운송·구조,일반,company_category_bridge,403,"{""original"":{""company_id"":""CMP0068"",""company_name_normalized"":""드론스퀘어"",""business_category"":""물류·운송·구조"",""source_category_raw"":""감시.정찰.수색/인프라관리/물류·운송·구조/공간정보/특수촬영/환경측량/다목적 H/W/취미·교육/드론스테이션/모듈/통합솔루션"",""source_file"":""항공안전기술원_드론정보포털_기업명_사업분야_20240424 (1).csv"",""as_of_date"":""2024-04-24"",""defense_use_case_relation"":""일반"",""relation_rationale"":""군수·수송 용례와 교차 가능"",""official_defense_evidence"":""N"",""usage_note"":""탐색용 분류이며 기업의 방산업체 지정·군 납품을 의미하지 않음""},""duplicate_source_rows"":[]}"
1f1044e9d557bbed00d120cf,CMP0068,공간정보,일반,company_category_bridge,404,"{""original"":{""company_id"":""CMP0068"",""company_name_normalized"":""드론스퀘어"",""business_category"":""공간정보"",""source_category_raw"":""감시.정찰.수색/인프라관리/물류·운송·구조/공간정보/특수촬영/환경측량/다목적 H/W/취미·교육/드론스테이션/모듈/통합솔루션"",""source_file"":""항공안전기술원_드론정보포털_기업명_사업분야_20240424 (1).csv"",""as_of_date"":""2024-04-24"",""defense_use_case_relation"":""일반"",""relation_rationale"":""군 지형·공간정보 용례와 교차 가능"",""official_defense_evidence"":""N"",""usage_note"":""탐색용 분류이며 기업의 방산업체 지정·군 납품을 의미하지 않음""},""duplicate_source_rows"":[]}"
50084957b2aaeea9b22530e7,CMP0068,특수촬영,일반,company_category_bridge,405,"{""original"":{""company_id"":""CMP0068"",""company_name_normalized"":""드론스퀘어"",""business_category"":""특수촬영"",""source_category_raw"":""감시.정찰.수색/인프라관리/물류·운송·구조/공간정보/특수촬영/환경측량/다목적 H/W/취미·교육/드론스테이션/모듈/통합솔루션"",""source_file"":""항공안전기술원_드론정보포털_기업명_사업분야_20240424 (1).csv"",""as_of_date"":""2024-04-24"",""defense_use_case_relation"":""일반"",""relation_rationale"":""정찰 영상과 기술적으로 인접할 수 있음"",""official_defense_evidence"":""N"",""usage_note"":""탐색용 분류이며 기업의 방산업체 지정·군 납품을 의미하지 않음""},""duplicate_source_rows"":[]}"
3d53803e53872bddbed14a2b,CMP0068,환경측량,일반,company_category_bridge,406,"{""original"":{""company_id"":""CMP0068"",""company_name_normalized"":""드론스퀘어"",""business_category"":""환경측량"",""source_category_raw"":""감시.정찰.수색/인프라관리/물류·운송·구조/공간정보/특수촬영/환경측량/다목적 H/W/취미·교육/드론스테이션/모듈/통합솔루션"",""source_file"":""항공안전기술원_드론정보포털_기업명_사업분야_20240424 (1).csv"",""as_of_date"":""2024-04-24"",""defense_use_case_relation"":""일반"",""relation_rationale"":""군 환경·지형 조사와 교차 가능"",""official_defense_evidence"":""N"",""usage_note"":""탐색용 분류이며 기업의 방산업체 지정·군 납품을 의미하지 않음""},""duplicate_source_rows"":[]}"
e5acaf9ed55bccb21ba6bbb6,CMP0068,다목적 H/W,인접,company_category_bridge,407,"{""original"":{""company_id"":""CMP0068"",""company_name_normalized"":""드론스퀘어"",""business_category"":""다목적 H/W"",""source_category_raw"":""감시.정찰.수색/인프라관리/물류·운송·구조/공간정보/특수촬영/환경측량/다목적 H/W/취미·교육/드론스테이션/모듈/통합솔루션"",""source_file"":""항공안전기술원_드론정보포털_기업명_사업분야_20240424 (1).csv"",""as_of_date"":""2024-04-24"",""defense_use_case_relation"":""인접"",""relation_rationale"":""기체·전자·탑재체 하드웨어 공급망 후보"",""official_defense_evidence"":""N"",""usage_note"":""탐색용 분류이며 기업의 방산업체 지정·군 납품을 의미하지 않음""},""duplicate_source_rows"":[]}"
8f619d2366e33cf8fb84906f,CMP0068,취미·교육,낮음,company_category_bridge,408,"{""original"":{""company_id"":""CMP0068"",""company_name_normalized"":""드론스퀘어"",""business_category"":""취미·교육"",""source_category_raw"":""감시.정찰.수색/인프라관리/물류·운송·구조/공간정보/특수촬영/환경측량/다목적 H/W/취미·교육/드론스테이션/모듈/통합솔루션"",""source_file"":""항공안전기술원_드론정보포털_기업명_사업분야_20240424 (1).csv"",""as_of_date"":""2024-04-24"",""defense_use_case_relation"":""낮음"",""relation_rationale"":""국방 연계 판단 근거로 사용하지 않음"",""official_defense_evidence"":""N"",""usage_note"":""탐색용 분류이며 기업의 방산업체 지정·군 납품을 의미하지 않음""},""duplicate_source_rows"":[]}"
a9a61c31561a93759b47929a,CMP0068,드론스테이션,인접,company_category_bridge,409,"{""original"":{""company_id"":""CMP0068"",""company_name_normalized"":""드론스퀘어"",""business_category"":""드론스테이션"",""source_category_raw"":""감시.정찰.수색/인프라관리/물류·운송·구조/공간정보/특수촬영/환경측량/다목적 H/W/취미·교육/드론스테이션/모듈/통합솔루션"",""source_file"":""항공안전기술원_드론정보포털_기업명_사업분야_20240424 (1).csv"",""as_of_date"":""2024-04-24"",""defense_use_case_relation"":""인접"",""relation_rationale"":""무인 운용·원격 통제 인프라 후보"",""official_defense_evidence"":""N"",""usage_note"":""탐색용 분류이며 기업의 방산업체 지정·군 납품을 의미하지 않음""},""duplicate_source_rows"":[]}"
6ecabf3d3b08e9bd90273c1c,CMP0068,모듈,인접,company_category_bridge,410,"{""original"":{""company_id"":""CMP0068"",""company_name_normalized"":""드론스퀘어"",""business_category"":""모듈"",""source_category_raw"":""감시.정찰.수색/인프라관리/물류·운송·구조/공간정보/특수촬영/환경측량/다목적 H/W/취미·교육/드론스테이션/모듈/통합솔루션"",""source_file"":""항공안전기술원_드론정보포털_기업명_사업분야_20240424 (1).csv"",""as_of_date"":""2024-04-24"",""defense_use_case_relation"":""인접"",""relation_rationale"":""국방 드론 부품·모듈 공급망 후보"",""official_defense_evidence"":""N"",""usage_note"":""탐색용 분류이며 기업의 방산업체 지정·군 납품을 의미하지 않음""},""duplicate_source_rows"":[]}"
6db8e3c59a571891281aede0,CMP0068,통합솔루션,인접,company_category_bridge,411,"{""original"":{""company_id"":""CMP0068"",""company_name_normalized"":""드론스퀘어"",""business_category"":""통합솔루션"",""source_category_raw"":""감시.정찰.수색/인프라관리/물류·운송·구조/공간정보/특수촬영/환경측량/다목적 H/W/취미·교육/드론스테이션/모듈/통합솔루션"",""source_file"":""항공안전기술원_드론정보포털_기업명_사업분야_20240424 (1).csv"",""as_of_date"":""2024-04-24"",""defense_use_case_relation"":""인접"",""relation_rationale"":""체계통합·운용 소프트웨어와 연결 가능"",""official_defense_evidence"":""N"",""usage_note"":""탐색용 분류이며 기업의 방산업체 지정·군 납품을 의미하지 않음""},""duplicate_source_rows"":[]}"
40eaefdd23212c47d26e4ef0,CMP0070,감시.정찰.수색,직접,company_category_bridge,412,"{""original"":{""company_id"":""CMP0070"",""company_name_normalized"":""드론안전기술"",""business_category"":""감시.정찰.수색"",""source_category_raw"":""감시.정찰.수색/인프라관리/공간정보/특수촬영/방역/방제/살포/환경측량"",""source_file"":""항공안전기술원_드론정보포털_기업명_사업분야_20240424 (1).csv"",""as_of_date"":""2024-04-24"",""defense_use_case_relation"":""직접"",""relation_rationale"":""군 감시·정찰 임무와 직접 연결 가능"",""official_defense_evidence"":""N"",""usage_note"":""탐색용 분류이며 기업의 방산업체 지정·군 납품을 의미하지 않음""},""duplicate_source_rows"":[]}"
c6f99ccf241c92833cef2d6a,CMP0070,인프라관리,일반,company_category_bridge,413,"{""original"":{""company_id"":""CMP0070"",""company_name_normalized"":""드론안전기술"",""business_category"":""인프라관리"",""source_category_raw"":""감시.정찰.수색/인프라관리/공간정보/특수촬영/방역/방제/살포/환경측량"",""source_file"":""항공안전기술원_드론정보포털_기업명_사업분야_20240424 (1).csv"",""as_of_date"":""2024-04-24"",""defense_use_case_relation"":""일반"",""relation_rationale"":""민수 활용 중심이나 군 시설 관리와 교차 가능"",""official_defense_evidence"":""N"",""usage_note"":""탐색용 분류이며 기업의 방산업체 지정·군 납품을 의미하지 않음""},""duplicate_source_rows"":[]}"
7cbcddf3a9b3c3bfa1ee8124,CMP0070,공간정보,일반,company_category_bridge,414,"{""original"":{""company_id"":""CMP0070"",""company_name_normalized"":""드론안전기술"",""business_category"":""공간정보"",""source_category_raw"":""감시.정찰.수색/인프라관리/공간정보/특수촬영/방역/방제/살포/환경측량"",""source_file"":""항공안전기술원_드론정보포털_기업명_사업분야_20240424 (1).csv"",""as_of_date"":""2024-04-24"",""defense_use_case_relation"":""일반"",""relation_rationale"":""군 지형·공간정보 용례와 교차 가능"",""official_defense_evidence"":""N"",""usage_note"":""탐색용 분류이며 기업의 방산업체 지정·군 납품을 의미하지 않음""},""duplicate_source_rows"":[]}"
18db77214c7620c77cd37e71,CMP0070,특수촬영,일반,company_category_bridge,415,"{""original"":{""company_id"":""CMP0070"",""company_name_normalized"":""드론안전기술"",""business_category"":""특수촬영"",""source_category_raw"":""감시.정찰.수색/인프라관리/공간정보/특수촬영/방역/방제/살포/환경측량"",""source_file"":""항공안전기술원_드론정보포털_기업명_사업분야_20240424 (1).csv"",""as_of_date"":""2024-04-24"",""defense_use_case_relation"":""일반"",""relation_rationale"":""정찰 영상과 기술적으로 인접할 수 있음"",""official_defense_evidence"":""N"",""usage_note"":""탐색용 분류이며 기업의 방산업체 지정·군 납품을 의미하지 않음""},""duplicate_source_rows"":[]}"
1bcb001e263d41b30735dfd8,CMP0070,방역/방제/살포,낮음,company_category_bridge,416,"{""original"":{""company_id"":""CMP0070"",""company_name_normalized"":""드론안전기술"",""business_category"":""방역/방제/살포"",""source_category_raw"":""감시.정찰.수색/인프라관리/공간정보/특수촬영/방역/방제/살포/환경측량"",""source_file"":""항공안전기술원_드론정보포털_기업명_사업분야_20240424 (1).csv"",""as_of_date"":""2024-04-24"",""defense_use_case_relation"":""낮음"",""relation_rationale"":""주로 민수 활용"",""official_defense_evidence"":""N"",""usage_note"":""탐색용 분류이며 기업의 방산업체 지정·군 납품을 의미하지 않음""},""duplicate_source_rows"":[]}"
c0e9efe1ff4aaecff2056180,CMP0070,환경측량,일반,company_category_bridge,417,"{""original"":{""company_id"":""CMP0070"",""company_name_normalized"":""드론안전기술"",""business_category"":""환경측량"",""source_category_raw"":""감시.정찰.수색/인프라관리/공간정보/특수촬영/방역/방제/살포/환경측량"",""source_file"":""항공안전기술원_드론정보포털_기업명_사업분야_20240424 (1).csv"",""as_of_date"":""2024-04-24"",""defense_use_case_relation"":""일반"",""relation_rationale"":""군 환경·지형 조사와 교차 가능"",""official_defense_evidence"":""N"",""usage_note"":""탐색용 분류이며 기업의 방산업체 지정·군 납품을 의미하지 않음""},""duplicate_source_rows"":[]}"
2ad895c74990baf17b57ce22,CMP0071,통합솔루션,인접,company_category_bridge,418,"{""original"":{""company_id"":""CMP0071"",""company_name_normalized"":""드론월드"",""business_category"":""통합솔루션"",""source_category_raw"":""통합솔루션/감시.정찰.수색/인프라관리/물류·운송·구조/공간정보/특수촬영/방역/방제/살포/취미·교육/임무장비"",""source_file"":""항공안전기술원_드론정보포털_기업명_사업분야_20240424 (1).csv"",""as_of_date"":""2024-04-24"",""defense_use_case_relation"":""인접"",""relation_rationale"":""체계통합·운용 소프트웨어와 연결 가능"",""official_defense_evidence"":""N"",""usage_note"":""탐색용 분류이며 기업의 방산업체 지정·군 납품을 의미하지 않음""},""duplicate_source_rows"":[]}"
2b7e800937f3a8c77af2b24a,CMP0071,감시.정찰.수색,직접,company_category_bridge,419,"{""original"":{""company_id"":""CMP0071"",""company_name_normalized"":""드론월드"",""business_category"":""감시.정찰.수색"",""source_category_raw"":""통합솔루션/감시.정찰.수색/인프라관리/물류·운송·구조/공간정보/특수촬영/방역/방제/살포/취미·교육/임무장비"",""source_file"":""항공안전기술원_드론정보포털_기업명_사업분야_20240424 (1).csv"",""as_of_date"":""2024-04-24"",""defense_use_case_relation"":""직접"",""relation_rationale"":""군 감시·정찰 임무와 직접 연결 가능"",""official_defense_evidence"":""N"",""usage_note"":""탐색용 분류이며 기업의 방산업체 지정·군 납품을 의미하지 않음""},""duplicate_source_rows"":[]}"
998b2e2766a6b24822adfdb4,CMP0071,인프라관리,일반,company_category_bridge,420,"{""original"":{""company_id"":""CMP0071"",""company_name_normalized"":""드론월드"",""business_category"":""인프라관리"",""source_category_raw"":""통합솔루션/감시.정찰.수색/인프라관리/물류·운송·구조/공간정보/특수촬영/방역/방제/살포/취미·교육/임무장비"",""source_file"":""항공안전기술원_드론정보포털_기업명_사업분야_20240424 (1).csv"",""as_of_date"":""2024-04-24"",""defense_use_case_relation"":""일반"",""relation_rationale"":""민수 활용 중심이나 군 시설 관리와 교차 가능"",""official_defense_evidence"":""N"",""usage_note"":""탐색용 분류이며 기업의 방산업체 지정·군 납품을 의미하지 않음""},""duplicate_source_rows"":[]}"
3cb23c5ea40a621db0dfb58c,CMP0071,물류·운송·구조,일반,company_category_bridge,421,"{""original"":{""company_id"":""CMP0071"",""company_name_normalized"":""드론월드"",""business_category"":""물류·운송·구조"",""source_category_raw"":""통합솔루션/감시.정찰.수색/인프라관리/물류·운송·구조/공간정보/특수촬영/방역/방제/살포/취미·교육/임무장비"",""source_file"":""항공안전기술원_드론정보포털_기업명_사업분야_20240424 (1).csv"",""as_of_date"":""2024-04-24"",""defense_use_case_relation"":""일반"",""relation_rationale"":""군수·수송 용례와 교차 가능"",""official_defense_evidence"":""N"",""usage_note"":""탐색용 분류이며 기업의 방산업체 지정·군 납품을 의미하지 않음""},""duplicate_source_rows"":[]}"
8409a591483ab0aa6b6d27f6,CMP0071,공간정보,일반,company_category_bridge,422,"{""original"":{""company_id"":""CMP0071"",""company_name_normalized"":""드론월드"",""business_category"":""공간정보"",""source_category_raw"":""통합솔루션/감시.정찰.수색/인프라관리/물류·운송·구조/공간정보/특수촬영/방역/방제/살포/취미·교육/임무장비"",""source_file"":""항공안전기술원_드론정보포털_기업명_사업분야_20240424 (1).csv"",""as_of_date"":""2024-04-24"",""defense_use_case_relation"":""일반"",""relation_rationale"":""군 지형·공간정보 용례와 교차 가능"",""official_defense_evidence"":""N"",""usage_note"":""탐색용 분류이며 기업의 방산업체 지정·군 납품을 의미하지 않음""},""duplicate_source_rows"":[]}"
6c496f7eec941933431172af,CMP0071,특수촬영,일반,company_category_bridge,423,"{""original"":{""company_id"":""CMP0071"",""company_name_normalized"":""드론월드"",""business_category"":""특수촬영"",""source_category_raw"":""통합솔루션/감시.정찰.수색/인프라관리/물류·운송·구조/공간정보/특수촬영/방역/방제/살포/취미·교육/임무장비"",""source_file"":""항공안전기술원_드론정보포털_기업명_사업분야_20240424 (1).csv"",""as_of_date"":""2024-04-24"",""defense_use_case_relation"":""일반"",""relation_rationale"":""정찰 영상과 기술적으로 인접할 수 있음"",""official_defense_evidence"":""N"",""usage_note"":""탐색용 분류이며 기업의 방산업체 지정·군 납품을 의미하지 않음""},""duplicate_source_rows"":[]}"
9ffcced10c4160b5922f99e1,CMP0071,방역/방제/살포,낮음,company_category_bridge,424,"{""original"":{""company_id"":""CMP0071"",""company_name_normalized"":""드론월드"",""business_category"":""방역/방제/살포"",""source_category_raw"":""통합솔루션/감시.정찰.수색/인프라관리/물류·운송·구조/공간정보/특수촬영/방역/방제/살포/취미·교육/임무장비"",""source_file"":""항공안전기술원_드론정보포털_기업명_사업분야_20240424 (1).csv"",""as_of_date"":""2024-04-24"",""defense_use_case_relation"":""낮음"",""relation_rationale"":""주로 민수 활용"",""official_defense_evidence"":""N"",""usage_note"":""탐색용 분류이며 기업의 방산업체 지정·군 납품을 의미하지 않음""},""duplicate_source_rows"":[]}"
3023f1ead0f320af39574d54,CMP0071,취미·교육,낮음,company_category_bridge,425,"{""original"":{""company_id"":""CMP0071"",""company_name_normalized"":""드론월드"",""business_category"":""취미·교육"",""source_category_raw"":""통합솔루션/감시.정찰.수색/인프라관리/물류·운송·구조/공간정보/특수촬영/방역/방제/살포/취미·교육/임무장비"",""source_file"":""항공안전기술원_드론정보포털_기업명_사업분야_20240424 (1).csv"",""as_of_date"":""2024-04-24"",""defense_use_case_relation"":""낮음"",""relation_rationale"":""국방 연계 판단 근거로 사용하지 않음"",""official_defense_evidence"":""N"",""usage_note"":""탐색용 분류이며 기업의 방산업체 지정·군 납품을 의미하지 않음""},""duplicate_source_rows"":[]}"
bf2a702a2e47c7692258a187,CMP0071,임무장비,직접,company_category_bridge,426,"{""original"":{""company_id"":""CMP0071"",""company_name_normalized"":""드론월드"",""business_category"":""임무장비"",""source_category_raw"":""통합솔루션/감시.정찰.수색/인프라관리/물류·운송·구조/공간정보/특수촬영/방역/방제/살포/취미·교육/임무장비"",""source_file"":""항공안전기술원_드론정보포털_기업명_사업분야_20240424 (1).csv"",""as_of_date"":""2024-04-24"",""defense_use_case_relation"":""직접"",""relation_rationale"":""정찰·공격·지원 임무장비와 연결 가능"",""official_defense_evidence"":""N"",""usage_note"":""탐색용 분류이며 기업의 방산업체 지정·군 납품을 의미하지 않음""},""duplicate_source_rows"":[]}"
ee490c58f105795f8a71289a,CMP0073,감시.정찰.수색,직접,company_category_bridge,427,"{""original"":{""company_id"":""CMP0073"",""company_name_normalized"":""드론테크"",""business_category"":""감시.정찰.수색"",""source_category_raw"":""감시.정찰.수색/인프라관리/물류·운송·구조/공간정보/특수촬영/다목적 H/W/방송·공연/취미·교육/임무장비/감시.정찰.수색/인프라관리/물류·운송·구조/방역/방제/살포/다목적 H/W/취미·교육/임무장비/모듈"",""source_file"":""항공안전기술원_드론정보포털_기업명_사업분야_20240424 (1).csv"",""as_of_date"":""2024-04-24"",""defense_use_case_relation"":""직접"",""relation_rationale"":""군 감시·정찰 임무와 직접 연결 가능"",""official_defense_evidence"":""N"",""usage_note"":""탐색용 분류이며 기업의 방산업체 지정·군 납품을 의미하지 않음""},""duplicate_source_rows"":[]}"
a13fd528e60d2fbfc0a2bb7d,CMP0073,인프라관리,일반,company_category_bridge,428,"{""original"":{""company_id"":""CMP0073"",""company_name_normalized"":""드론테크"",""business_category"":""인프라관리"",""source_category_raw"":""감시.정찰.수색/인프라관리/물류·운송·구조/공간정보/특수촬영/다목적 H/W/방송·공연/취미·교육/임무장비/감시.정찰.수색/인프라관리/물류·운송·구조/방역/방제/살포/다목적 H/W/취미·교육/임무장비/모듈"",""source_file"":""항공안전기술원_드론정보포털_기업명_사업분야_20240424 (1).csv"",""as_of_date"":""2024-04-24"",""defense_use_case_relation"":""일반"",""relation_rationale"":""민수 활용 중심이나 군 시설 관리와 교차 가능"",""official_defense_evidence"":""N"",""usage_note"":""탐색용 분류이며 기업의 방산업체 지정·군 납품을 의미하지 않음""},""duplicate_source_rows"":[]}"
433ad40808dd34b2edaf9fc1,CMP0073,물류·운송·구조,일반,company_category_bridge,429,"{""original"":{""company_id"":""CMP0073"",""company_name_normalized"":""드론테크"",""business_category"":""물류·운송·구조"",""source_category_raw"":""감시.정찰.수색/인프라관리/물류·운송·구조/공간정보/특수촬영/다목적 H/W/방송·공연/취미·교육/임무장비/감시.정찰.수색/인프라관리/물류·운송·구조/방역/방제/살포/다목적 H/W/취미·교육/임무장비/모듈"",""source_file"":""항공안전기술원_드론정보포털_기업명_사업분야_20240424 (1).csv"",""as_of_date"":""2024-04-24"",""defense_use_case_relation"":""일반"",""relation_rationale"":""군수·수송 용례와 교차 가능"",""official_defense_evidence"":""N"",""usage_note"":""탐색용 분류이며 기업의 방산업체 지정·군 납품을 의미하지 않음""},""duplicate_source_rows"":[]}"
7eb6f7b440690c9eba30ebb5,CMP0073,공간정보,일반,company_category_bridge,430,"{""original"":{""company_id"":""CMP0073"",""company_name_normalized"":""드론테크"",""business_category"":""공간정보"",""source_category_raw"":""감시.정찰.수색/인프라관리/물류·운송·구조/공간정보/특수촬영/다목적 H/W/방송·공연/취미·교육/임무장비/감시.정찰.수색/인프라관리/물류·운송·구조/방역/방제/살포/다목적 H/W/취미·교육/임무장비/모듈"",""source_file"":""항공안전기술원_드론정보포털_기업명_사업분야_20240424 (1).csv"",""as_of_date"":""2024-04-24"",""defense_use_case_relation"":""일반"",""relation_rationale"":""군 지형·공간정보 용례와 교차 가능"",""official_defense_evidence"":""N"",""usage_note"":""탐색용 분류이며 기업의 방산업체 지정·군 납품을 의미하지 않음""},""duplicate_source_rows"":[]}"
bb54396fce1d7e680a3fa390,CMP0073,특수촬영,일반,company_category_bridge,431,"{""original"":{""company_id"":""CMP0073"",""company_name_normalized"":""드론테크"",""business_category"":""특수촬영"",""source_category_raw"":""감시.정찰.수색/인프라관리/물류·운송·구조/공간정보/특수촬영/다목적 H/W/방송·공연/취미·교육/임무장비/감시.정찰.수색/인프라관리/물류·운송·구조/방역/방제/살포/다목적 H/W/취미·교육/임무장비/모듈"",""source_file"":""항공안전기술원_드론정보포털_기업명_사업분야_20240424 (1).csv"",""as_of_date"":""2024-04-24"",""defense_use_case_relation"":""일반"",""relation_rationale"":""정찰 영상과 기술적으로 인접할 수 있음"",""official_defense_evidence"":""N"",""usage_note"":""탐색용 분류이며 기업의 방산업체 지정·군 납품을 의미하지 않음""},""duplicate_source_rows"":[]}"
c03c4a32e8107bfdbf6570ba,CMP0073,다목적 H/W,인접,company_category_bridge,432,"{""original"":{""company_id"":""CMP0073"",""company_name_normalized"":""드론테크"",""business_category"":""다목적 H/W"",""source_category_raw"":""감시.정찰.수색/인프라관리/물류·운송·구조/공간정보/특수촬영/다목적 H/W/방송·공연/취미·교육/임무장비/감시.정찰.수색/인프라관리/물류·운송·구조/방역/방제/살포/다목적 H/W/취미·교육/임무장비/모듈"",""source_file"":""항공안전기술원_드론정보포털_기업명_사업분야_20240424 (1).csv"",""as_of_date"":""2024-04-24"",""defense_use_case_relation"":""인접"",""relation_rationale"":""기체·전자·탑재체 하드웨어 공급망 후보"",""official_defense_evidence"":""N"",""usage_note"":""탐색용 분류이며 기업의 방산업체 지정·군 납품을 의미하지 않음""},""duplicate_source_rows"":[]}"
75fb89d4cfd878faa291b1a9,CMP0073,방송·공연,낮음,company_category_bridge,433,"{""original"":{""company_id"":""CMP0073"",""company_name_normalized"":""드론테크"",""business_category"":""방송·공연"",""source_category_raw"":""감시.정찰.수색/인프라관리/물류·운송·구조/공간정보/특수촬영/다목적 H/W/방송·공연/취미·교육/임무장비/감시.정찰.수색/인프라관리/물류·운송·구조/방역/방제/살포/다목적 H/W/취미·교육/임무장비/모듈"",""source_file"":""항공안전기술원_드론정보포털_기업명_사업분야_20240424 (1).csv"",""as_of_date"":""2024-04-24"",""defense_use_case_relation"":""낮음"",""relation_rationale"":""국방 연계 판단 근거로 사용하지 않음"",""official_defense_evidence"":""N"",""usage_note"":""탐색용 분류이며 기업의 방산업체 지정·군 납품을 의미하지 않음""},""duplicate_source_rows"":[]}"
2ff2460ef113cb3bc8c10c3b,CMP0073,취미·교육,낮음,company_category_bridge,434,"{""original"":{""company_id"":""CMP0073"",""company_name_normalized"":""드론테크"",""business_category"":""취미·교육"",""source_category_raw"":""감시.정찰.수색/인프라관리/물류·운송·구조/공간정보/특수촬영/다목적 H/W/방송·공연/취미·교육/임무장비/감시.정찰.수색/인프라관리/물류·운송·구조/방역/방제/살포/다목적 H/W/취미·교육/임무장비/모듈"",""source_file"":""항공안전기술원_드론정보포털_기업명_사업분야_20240424 (1).csv"",""as_of_date"":""2024-04-24"",""defense_use_case_relation"":""낮음"",""relation_rationale"":""국방 연계 판단 근거로 사용하지 않음"",""official_defense_evidence"":""N"",""usage_note"":""탐색용 분류이며 기업의 방산업체 지정·군 납품을 의미하지 않음""},""duplicate_source_rows"":[]}"
8477479dd93a128b6c8bcbee,CMP0073,임무장비,직접,company_category_bridge,435,"{""original"":{""company_id"":""CMP0073"",""company_name_normalized"":""드론테크"",""business_category"":""임무장비"",""source_category_raw"":""감시.정찰.수색/인프라관리/물류·운송·구조/공간정보/특수촬영/다목적 H/W/방송·공연/취미·교육/임무장비/감시.정찰.수색/인프라관리/물류·운송·구조/방역/방제/살포/다목적 H/W/취미·교육/임무장비/모듈"",""source_file"":""항공안전기술원_드론정보포털_기업명_사업분야_20240424 (1).csv"",""as_of_date"":""2024-04-24"",""defense_use_case_relation"":""직접"",""relation_rationale"":""정찰·공격·지원 임무장비와 연결 가능"",""official_defense_evidence"":""N"",""usage_note"":""탐색용 분류이며 기업의 방산업체 지정·군 납품을 의미하지 않음""},""duplicate_source_rows"":[]}"
3895e0d07069e14bb4b28955,CMP0073,방역/방제/살포,낮음,company_category_bridge,436,"{""original"":{""company_id"":""CMP0073"",""company_name_normalized"":""드론테크"",""business_category"":""방역/방제/살포"",""source_category_raw"":""감시.정찰.수색/인프라관리/물류·운송·구조/공간정보/특수촬영/다목적 H/W/방송·공연/취미·교육/임무장비/감시.정찰.수색/인프라관리/물류·운송·구조/방역/방제/살포/다목적 H/W/취미·교육/임무장비/모듈"",""source_file"":""항공안전기술원_드론정보포털_기업명_사업분야_20240424 (1).csv"",""as_of_date"":""2024-04-24"",""defense_use_case_relation"":""낮음"",""relation_rationale"":""주로 민수 활용"",""official_defense_evidence"":""N"",""usage_note"":""탐색용 분류이며 기업의 방산업체 지정·군 납품을 의미하지 않음""},""duplicate_source_rows"":[]}"
02aeeea2b300663e1d056120,CMP0073,모듈,인접,company_category_bridge,437,"{""original"":{""company_id"":""CMP0073"",""company_name_normalized"":""드론테크"",""business_category"":""모듈"",""source_category_raw"":""감시.정찰.수색/인프라관리/물류·운송·구조/공간정보/특수촬영/다목적 H/W/방송·공연/취미·교육/임무장비/감시.정찰.수색/인프라관리/물류·운송·구조/방역/방제/살포/다목적 H/W/취미·교육/임무장비/모듈"",""source_file"":""항공안전기술원_드론정보포털_기업명_사업분야_20240424 (1).csv"",""as_of_date"":""2024-04-24"",""defense_use_case_relation"":""인접"",""relation_rationale"":""국방 드론 부품·모듈 공급망 후보"",""official_defense_evidence"":""N"",""usage_note"":""탐색용 분류이며 기업의 방산업체 지정·군 납품을 의미하지 않음""},""duplicate_source_rows"":[]}"
357454b1eed82331fae720fe,CMP0075,감시.정찰.수색,직접,company_category_bridge,438,"{""original"":{""company_id"":""CMP0075"",""company_name_normalized"":""드론핏"",""business_category"":""감시.정찰.수색"",""source_category_raw"":""감시.정찰.수색/인프라관리/취미·교육/통합솔루션/앱/기타"",""source_file"":""항공안전기술원_드론정보포털_기업명_사업분야_20240424 (1).csv"",""as_of_date"":""2024-04-24"",""defense_use_case_relation"":""직접"",""relation_rationale"":""군 감시·정찰 임무와 직접 연결 가능"",""official_defense_evidence"":""N"",""usage_note"":""탐색용 분류이며 기업의 방산업체 지정·군 납품을 의미하지 않음""},""duplicate_source_rows"":[]}"
6ec22b1b88863f29b1e87fed,CMP0075,인프라관리,일반,company_category_bridge,439,"{""original"":{""company_id"":""CMP0075"",""company_name_normalized"":""드론핏"",""business_category"":""인프라관리"",""source_category_raw"":""감시.정찰.수색/인프라관리/취미·교육/통합솔루션/앱/기타"",""source_file"":""항공안전기술원_드론정보포털_기업명_사업분야_20240424 (1).csv"",""as_of_date"":""2024-04-24"",""defense_use_case_relation"":""일반"",""relation_rationale"":""민수 활용 중심이나 군 시설 관리와 교차 가능"",""official_defense_evidence"":""N"",""usage_note"":""탐색용 분류이며 기업의 방산업체 지정·군 납품을 의미하지 않음""},""duplicate_source_rows"":[]}"
cd0b0d9476d2691d4dcaa175,CMP0075,취미·교육,낮음,company_category_bridge,440,"{""original"":{""company_id"":""CMP0075"",""company_name_normalized"":""드론핏"",""business_category"":""취미·교육"",""source_category_raw"":""감시.정찰.수색/인프라관리/취미·교육/통합솔루션/앱/기타"",""source_file"":""항공안전기술원_드론정보포털_기업명_사업분야_20240424 (1).csv"",""as_of_date"":""2024-04-24"",""defense_use_case_relation"":""낮음"",""relation_rationale"":""국방 연계 판단 근거로 사용하지 않음"",""official_defense_evidence"":""N"",""usage_note"":""탐색용 분류이며 기업의 방산업체 지정·군 납품을 의미하지 않음""},""duplicate_source_rows"":[]}"
909c67003f712b8d10b1fbcb,CMP0075,통합솔루션,인접,company_category_bridge,441,"{""original"":{""company_id"":""CMP0075"",""company_name_normalized"":""드론핏"",""business_category"":""통합솔루션"",""source_category_raw"":""감시.정찰.수색/인프라관리/취미·교육/통합솔루션/앱/기타"",""source_file"":""항공안전기술원_드론정보포털_기업명_사업분야_20240424 (1).csv"",""as_of_date"":""2024-04-24"",""defense_use_case_relation"":""인접"",""relation_rationale"":""체계통합·운용 소프트웨어와 연결 가능"",""official_defense_evidence"":""N"",""usage_note"":""탐색용 분류이며 기업의 방산업체 지정·군 납품을 의미하지 않음""},""duplicate_source_rows"":[]}"
557099fcc4c6105c607b380e,CMP0075,앱,낮음,company_category_bridge,442,"{""original"":{""company_id"":""CMP0075"",""company_name_normalized"":""드론핏"",""business_category"":""앱"",""source_category_raw"":""감시.정찰.수색/인프라관리/취미·교육/통합솔루션/앱/기타"",""source_file"":""항공안전기술원_드론정보포털_기업명_사업분야_20240424 (1).csv"",""as_of_date"":""2024-04-24"",""defense_use_case_relation"":""낮음"",""relation_rationale"":""세부 기능 확인 전 국방 연계 판단 불가"",""official_defense_evidence"":""N"",""usage_note"":""탐색용 분류이며 기업의 방산업체 지정·군 납품을 의미하지 않음""},""duplicate_source_rows"":[]}"
77171c06c408bbc6f0fb94fc,CMP0075,기타,미확인,company_category_bridge,443,"{""original"":{""company_id"":""CMP0075"",""company_name_normalized"":""드론핏"",""business_category"":""기타"",""source_category_raw"":""감시.정찰.수색/인프라관리/취미·교육/통합솔루션/앱/기타"",""source_file"":""항공안전기술원_드론정보포털_기업명_사업분야_20240424 (1).csv"",""as_of_date"":""2024-04-24"",""defense_use_case_relation"":""미확인"",""relation_rationale"":""세부 내용 확인 필요"",""official_defense_evidence"":""N"",""usage_note"":""탐색용 분류이며 기업의 방산업체 지정·군 납품을 의미하지 않음""},""duplicate_source_rows"":[]}"
121f2cd8e828f71b15b3fe21,CMP0076,취미·교육,낮음,company_category_bridge,444,"{""original"":{""company_id"":""CMP0076"",""company_name_normalized"":""드림플라잉"",""business_category"":""취미·교육"",""source_category_raw"":""취미·교육"",""source_file"":""항공안전기술원_드론정보포털_기업명_사업분야_20240424 (1).csv"",""as_of_date"":""2024-04-24"",""defense_use_case_relation"":""낮음"",""relation_rationale"":""국방 연계 판단 근거로 사용하지 않음"",""official_defense_evidence"":""N"",""usage_note"":""탐색용 분류이며 기업의 방산업체 지정·군 납품을 의미하지 않음""},""duplicate_source_rows"":[]}"
87fb3dc568a66be186ffed9e,CMP0077,감시.정찰.수색,직접,company_category_bridge,445,"{""original"":{""company_id"":""CMP0077"",""company_name_normalized"":""디브레인"",""business_category"":""감시.정찰.수색"",""source_category_raw"":""감시.정찰.수색/인프라관리"",""source_file"":""항공안전기술원_드론정보포털_기업명_사업분야_20240424 (1).csv"",""as_of_date"":""2024-04-24"",""defense_use_case_relation"":""직접"",""relation_rationale"":""군 감시·정찰 임무와 직접 연결 가능"",""official_defense_evidence"":""N"",""usage_note"":""탐색용 분류이며 기업의 방산업체 지정·군 납품을 의미하지 않음""},""duplicate_source_rows"":[]}"
b91e758c62cd9180c16a3bc9,CMP0077,인프라관리,일반,company_category_bridge,446,"{""original"":{""company_id"":""CMP0077"",""company_name_normalized"":""디브레인"",""business_category"":""인프라관리"",""source_category_raw"":""감시.정찰.수색/인프라관리"",""source_file"":""항공안전기술원_드론정보포털_기업명_사업분야_20240424 (1).csv"",""as_of_date"":""2024-04-24"",""defense_use_case_relation"":""일반"",""relation_rationale"":""민수 활용 중심이나 군 시설 관리와 교차 가능"",""official_defense_evidence"":""N"",""usage_note"":""탐색용 분류이며 기업의 방산업체 지정·군 납품을 의미하지 않음""},""duplicate_source_rows"":[]}"
410e92284e61b491c6a81b62,CMP0078,감시.정찰.수색,직접,company_category_bridge,447,"{""original"":{""company_id"":""CMP0078"",""company_name_normalized"":""디스이즈엔지니어링"",""business_category"":""감시.정찰.수색"",""source_category_raw"":""감시.정찰.수색/인프라관리/취미·교육"",""source_file"":""항공안전기술원_드론정보포털_기업명_사업분야_20240424 (1).csv"",""as_of_date"":""2024-04-24"",""defense_use_case_relation"":""직접"",""relation_rationale"":""군 감시·정찰 임무와 직접 연결 가능"",""official_defense_evidence"":""N"",""usage_note"":""탐색용 분류이며 기업의 방산업체 지정·군 납품을 의미하지 않음""},""duplicate_source_rows"":[]}"
9e5f42b502adcf6a2411304f,CMP0078,인프라관리,일반,company_category_bridge,448,"{""original"":{""company_id"":""CMP0078"",""company_name_normalized"":""디스이즈엔지니어링"",""business_category"":""인프라관리"",""source_category_raw"":""감시.정찰.수색/인프라관리/취미·교육"",""source_file"":""항공안전기술원_드론정보포털_기업명_사업분야_20240424 (1).csv"",""as_of_date"":""2024-04-24"",""defense_use_case_relation"":""일반"",""relation_rationale"":""민수 활용 중심이나 군 시설 관리와 교차 가능"",""official_defense_evidence"":""N"",""usage_note"":""탐색용 분류이며 기업의 방산업체 지정·군 납품을 의미하지 않음""},""duplicate_source_rows"":[]}"
a83aecf058d20c2c17cacb37,CMP0078,취미·교육,낮음,company_category_bridge,449,"{""original"":{""company_id"":""CMP0078"",""company_name_normalized"":""디스이즈엔지니어링"",""business_category"":""취미·교육"",""source_category_raw"":""감시.정찰.수색/인프라관리/취미·교육"",""source_file"":""항공안전기술원_드론정보포털_기업명_사업분야_20240424 (1).csv"",""as_of_date"":""2024-04-24"",""defense_use_case_relation"":""낮음"",""relation_rationale"":""국방 연계 판단 근거로 사용하지 않음"",""official_defense_evidence"":""N"",""usage_note"":""탐색용 분류이며 기업의 방산업체 지정·군 납품을 의미하지 않음""},""duplicate_source_rows"":[]}"
b0fb998113d81dafe7498919,CMP0079,다목적 H/W,인접,company_category_bridge,450,"{""original"":{""company_id"":""CMP0079"",""company_name_normalized"":""디알메이커시스템"",""business_category"":""다목적 H/W"",""source_category_raw"":""다목적 H/W/취미·교육"",""source_file"":""항공안전기술원_드론정보포털_기업명_사업분야_20240424 (1).csv"",""as_of_date"":""2024-04-24"",""defense_use_case_relation"":""인접"",""relation_rationale"":""기체·전자·탑재체 하드웨어 공급망 후보"",""official_defense_evidence"":""N"",""usage_note"":""탐색용 분류이며 기업의 방산업체 지정·군 납품을 의미하지 않음""},""duplicate_source_rows"":[]}"
abb073e231389d751ff4804c,CMP0079,취미·교육,낮음,company_category_bridge,451,"{""original"":{""company_id"":""CMP0079"",""company_name_normalized"":""디알메이커시스템"",""business_category"":""취미·교육"",""source_category_raw"":""다목적 H/W/취미·교육"",""source_file"":""항공안전기술원_드론정보포털_기업명_사업분야_20240424 (1).csv"",""as_of_date"":""2024-04-24"",""defense_use_case_relation"":""낮음"",""relation_rationale"":""국방 연계 판단 근거로 사용하지 않음"",""official_defense_evidence"":""N"",""usage_note"":""탐색용 분류이며 기업의 방산업체 지정·군 납품을 의미하지 않음""},""duplicate_source_rows"":[]}"
e6a053772e3ffe96dabf5bbd,CMP0082,감시.정찰.수색,직접,company_category_bridge,452,"{""original"":{""company_id"":""CMP0082"",""company_name_normalized"":""디에이브이윙스"",""business_category"":""감시.정찰.수색"",""source_category_raw"":""감시.정찰.수색/인프라관리/물류·운송·구조/공간정보/특수촬영/방역/방제/살포/임무장비"",""source_file"":""항공안전기술원_드론정보포털_기업명_사업분야_20240424 (1).csv"",""as_of_date"":""2024-04-24"",""defense_use_case_relation"":""직접"",""relation_rationale"":""군 감시·정찰 임무와 직접 연결 가능"",""official_defense_evidence"":""N"",""usage_note"":""탐색용 분류이며 기업의 방산업체 지정·군 납품을 의미하지 않음""},""duplicate_source_rows"":[]}"
4567774891fb75e4ced81b92,CMP0082,인프라관리,일반,company_category_bridge,453,"{""original"":{""company_id"":""CMP0082"",""company_name_normalized"":""디에이브이윙스"",""business_category"":""인프라관리"",""source_category_raw"":""감시.정찰.수색/인프라관리/물류·운송·구조/공간정보/특수촬영/방역/방제/살포/임무장비"",""source_file"":""항공안전기술원_드론정보포털_기업명_사업분야_20240424 (1).csv"",""as_of_date"":""2024-04-24"",""defense_use_case_relation"":""일반"",""relation_rationale"":""민수 활용 중심이나 군 시설 관리와 교차 가능"",""official_defense_evidence"":""N"",""usage_note"":""탐색용 분류이며 기업의 방산업체 지정·군 납품을 의미하지 않음""},""duplicate_source_rows"":[]}"
3fe5385a63bd0f2d27f5ba8f,CMP0082,물류·운송·구조,일반,company_category_bridge,454,"{""original"":{""company_id"":""CMP0082"",""company_name_normalized"":""디에이브이윙스"",""business_category"":""물류·운송·구조"",""source_category_raw"":""감시.정찰.수색/인프라관리/물류·운송·구조/공간정보/특수촬영/방역/방제/살포/임무장비"",""source_file"":""항공안전기술원_드론정보포털_기업명_사업분야_20240424 (1).csv"",""as_of_date"":""2024-04-24"",""defense_use_case_relation"":""일반"",""relation_rationale"":""군수·수송 용례와 교차 가능"",""official_defense_evidence"":""N"",""usage_note"":""탐색용 분류이며 기업의 방산업체 지정·군 납품을 의미하지 않음""},""duplicate_source_rows"":[]}"
201743d03ba4f5b061d5b8bc,CMP0082,공간정보,일반,company_category_bridge,455,"{""original"":{""company_id"":""CMP0082"",""company_name_normalized"":""디에이브이윙스"",""business_category"":""공간정보"",""source_category_raw"":""감시.정찰.수색/인프라관리/물류·운송·구조/공간정보/특수촬영/방역/방제/살포/임무장비"",""source_file"":""항공안전기술원_드론정보포털_기업명_사업분야_20240424 (1).csv"",""as_of_date"":""2024-04-24"",""defense_use_case_relation"":""일반"",""relation_rationale"":""군 지형·공간정보 용례와 교차 가능"",""official_defense_evidence"":""N"",""usage_note"":""탐색용 분류이며 기업의 방산업체 지정·군 납품을 의미하지 않음""},""duplicate_source_rows"":[]}"
3a818d4f06b76752e5a71942,CMP0082,특수촬영,일반,company_category_bridge,456,"{""original"":{""company_id"":""CMP0082"",""company_name_normalized"":""디에이브이윙스"",""business_category"":""특수촬영"",""source_category_raw"":""감시.정찰.수색/인프라관리/물류·운송·구조/공간정보/특수촬영/방역/방제/살포/임무장비"",""source_file"":""항공안전기술원_드론정보포털_기업명_사업분야_20240424 (1).csv"",""as_of_date"":""2024-04-24"",""defense_use_case_relation"":""일반"",""relation_rationale"":""정찰 영상과 기술적으로 인접할 수 있음"",""official_defense_evidence"":""N"",""usage_note"":""탐색용 분류이며 기업의 방산업체 지정·군 납품을 의미하지 않음""},""duplicate_source_rows"":[]}"
7835bb784cb60f241eaea987,CMP0082,방역/방제/살포,낮음,company_category_bridge,457,"{""original"":{""company_id"":""CMP0082"",""company_name_normalized"":""디에이브이윙스"",""business_category"":""방역/방제/살포"",""source_category_raw"":""감시.정찰.수색/인프라관리/물류·운송·구조/공간정보/특수촬영/방역/방제/살포/임무장비"",""source_file"":""항공안전기술원_드론정보포털_기업명_사업분야_20240424 (1).csv"",""as_of_date"":""2024-04-24"",""defense_use_case_relation"":""낮음"",""relation_rationale"":""주로 민수 활용"",""official_defense_evidence"":""N"",""usage_note"":""탐색용 분류이며 기업의 방산업체 지정·군 납품을 의미하지 않음""},""duplicate_source_rows"":[]}"
e6e27a3955f0af0c6d2ff454,CMP0082,임무장비,직접,company_category_bridge,458,"{""original"":{""company_id"":""CMP0082"",""company_name_normalized"":""디에이브이윙스"",""business_category"":""임무장비"",""source_category_raw"":""감시.정찰.수색/인프라관리/물류·운송·구조/공간정보/특수촬영/방역/방제/살포/임무장비"",""source_file"":""항공안전기술원_드론정보포털_기업명_사업분야_20240424 (1).csv"",""as_of_date"":""2024-04-24"",""defense_use_case_relation"":""직접"",""relation_rationale"":""정찰·공격·지원 임무장비와 연결 가능"",""official_defense_evidence"":""N"",""usage_note"":""탐색용 분류이며 기업의 방산업체 지정·군 납품을 의미하지 않음""},""duplicate_source_rows"":[]}"
f08d07b3fbf481a97ec3e5b8,CMP0084,감시.정찰.수색,직접,company_category_bridge,459,"{""original"":{""company_id"":""CMP0084"",""company_name_normalized"":""딥블루익스플로러"",""business_category"":""감시.정찰.수색"",""source_category_raw"":""감시.정찰.수색/인프라관리/공간정보/특수촬영/환경측량/방송·공연/임무장비/통합솔루션/앱/기타"",""source_file"":""항공안전기술원_드론정보포털_기업명_사업분야_20240424 (1).csv"",""as_of_date"":""2024-04-24"",""defense_use_case_relation"":""직접"",""relation_rationale"":""군 감시·정찰 임무와 직접 연결 가능"",""official_defense_evidence"":""N"",""usage_note"":""탐색용 분류이며 기업의 방산업체 지정·군 납품을 의미하지 않음""},""duplicate_source_rows"":[]}"
b47abcd9e13fde18875e9e93,CMP0084,인프라관리,일반,company_category_bridge,460,"{""original"":{""company_id"":""CMP0084"",""company_name_normalized"":""딥블루익스플로러"",""business_category"":""인프라관리"",""source_category_raw"":""감시.정찰.수색/인프라관리/공간정보/특수촬영/환경측량/방송·공연/임무장비/통합솔루션/앱/기타"",""source_file"":""항공안전기술원_드론정보포털_기업명_사업분야_20240424 (1).csv"",""as_of_date"":""2024-04-24"",""defense_use_case_relation"":""일반"",""relation_rationale"":""민수 활용 중심이나 군 시설 관리와 교차 가능"",""official_defense_evidence"":""N"",""usage_note"":""탐색용 분류이며 기업의 방산업체 지정·군 납품을 의미하지 않음""},""duplicate_source_rows"":[]}"
9bcf52f25d0298e156d24749,CMP0084,공간정보,일반,company_category_bridge,461,"{""original"":{""company_id"":""CMP0084"",""company_name_normalized"":""딥블루익스플로러"",""business_category"":""공간정보"",""source_category_raw"":""감시.정찰.수색/인프라관리/공간정보/특수촬영/환경측량/방송·공연/임무장비/통합솔루션/앱/기타"",""source_file"":""항공안전기술원_드론정보포털_기업명_사업분야_20240424 (1).csv"",""as_of_date"":""2024-04-24"",""defense_use_case_relation"":""일반"",""relation_rationale"":""군 지형·공간정보 용례와 교차 가능"",""official_defense_evidence"":""N"",""usage_note"":""탐색용 분류이며 기업의 방산업체 지정·군 납품을 의미하지 않음""},""duplicate_source_rows"":[]}"
1b886458d1042b897a2cbb78,CMP0084,특수촬영,일반,company_category_bridge,462,"{""original"":{""company_id"":""CMP0084"",""company_name_normalized"":""딥블루익스플로러"",""business_category"":""특수촬영"",""source_category_raw"":""감시.정찰.수색/인프라관리/공간정보/특수촬영/환경측량/방송·공연/임무장비/통합솔루션/앱/기타"",""source_file"":""항공안전기술원_드론정보포털_기업명_사업분야_20240424 (1).csv"",""as_of_date"":""2024-04-24"",""defense_use_case_relation"":""일반"",""relation_rationale"":""정찰 영상과 기술적으로 인접할 수 있음"",""official_defense_evidence"":""N"",""usage_note"":""탐색용 분류이며 기업의 방산업체 지정·군 납품을 의미하지 않음""},""duplicate_source_rows"":[]}"
04bc32f3a366a37c1c4b879b,CMP0084,환경측량,일반,company_category_bridge,463,"{""original"":{""company_id"":""CMP0084"",""company_name_normalized"":""딥블루익스플로러"",""business_category"":""환경측량"",""source_category_raw"":""감시.정찰.수색/인프라관리/공간정보/특수촬영/환경측량/방송·공연/임무장비/통합솔루션/앱/기타"",""source_file"":""항공안전기술원_드론정보포털_기업명_사업분야_20240424 (1).csv"",""as_of_date"":""2024-04-24"",""defense_use_case_relation"":""일반"",""relation_rationale"":""군 환경·지형 조사와 교차 가능"",""official_defense_evidence"":""N"",""usage_note"":""탐색용 분류이며 기업의 방산업체 지정·군 납품을 의미하지 않음""},""duplicate_source_rows"":[]}"
380077983f9ea36e6ef81a5f,CMP0084,방송·공연,낮음,company_category_bridge,464,"{""original"":{""company_id"":""CMP0084"",""company_name_normalized"":""딥블루익스플로러"",""business_category"":""방송·공연"",""source_category_raw"":""감시.정찰.수색/인프라관리/공간정보/특수촬영/환경측량/방송·공연/임무장비/통합솔루션/앱/기타"",""source_file"":""항공안전기술원_드론정보포털_기업명_사업분야_20240424 (1).csv"",""as_of_date"":""2024-04-24"",""defense_use_case_relation"":""낮음"",""relation_rationale"":""국방 연계 판단 근거로 사용하지 않음"",""official_defense_evidence"":""N"",""usage_note"":""탐색용 분류이며 기업의 방산업체 지정·군 납품을 의미하지 않음""},""duplicate_source_rows"":[]}"
a8cfe8a858837f96db506856,CMP0084,임무장비,직접,company_category_bridge,465,"{""original"":{""company_id"":""CMP0084"",""company_name_normalized"":""딥블루익스플로러"",""business_category"":""임무장비"",""source_category_raw"":""감시.정찰.수색/인프라관리/공간정보/특수촬영/환경측량/방송·공연/임무장비/통합솔루션/앱/기타"",""source_file"":""항공안전기술원_드론정보포털_기업명_사업분야_20240424 (1).csv"",""as_of_date"":""2024-04-24"",""defense_use_case_relation"":""직접"",""relation_rationale"":""정찰·공격·지원 임무장비와 연결 가능"",""official_defense_evidence"":""N"",""usage_note"":""탐색용 분류이며 기업의 방산업체 지정·군 납품을 의미하지 않음""},""duplicate_source_rows"":[]}"
f7baec895b30be36ffa6dde2,CMP0084,통합솔루션,인접,company_category_bridge,466,"{""original"":{""company_id"":""CMP0084"",""company_name_normalized"":""딥블루익스플로러"",""business_category"":""통합솔루션"",""source_category_raw"":""감시.정찰.수색/인프라관리/공간정보/특수촬영/환경측량/방송·공연/임무장비/통합솔루션/앱/기타"",""source_file"":""항공안전기술원_드론정보포털_기업명_사업분야_20240424 (1).csv"",""as_of_date"":""2024-04-24"",""defense_use_case_relation"":""인접"",""relation_rationale"":""체계통합·운용 소프트웨어와 연결 가능"",""official_defense_evidence"":""N"",""usage_note"":""탐색용 분류이며 기업의 방산업체 지정·군 납품을 의미하지 않음""},""duplicate_source_rows"":[]}"
aa57b095028f1a7272954c88,CMP0084,앱,낮음,company_category_bridge,467,"{""original"":{""company_id"":""CMP0084"",""company_name_normalized"":""딥블루익스플로러"",""business_category"":""앱"",""source_category_raw"":""감시.정찰.수색/인프라관리/공간정보/특수촬영/환경측량/방송·공연/임무장비/통합솔루션/앱/기타"",""source_file"":""항공안전기술원_드론정보포털_기업명_사업분야_20240424 (1).csv"",""as_of_date"":""2024-04-24"",""defense_use_case_relation"":""낮음"",""relation_rationale"":""세부 기능 확인 전 국방 연계 판단 불가"",""official_defense_evidence"":""N"",""usage_note"":""탐색용 분류이며 기업의 방산업체 지정·군 납품을 의미하지 않음""},""duplicate_source_rows"":[]}"
a9fa4e7d87020d584f95c140,CMP0084,기타,미확인,company_category_bridge,468,"{""original"":{""company_id"":""CMP0084"",""company_name_normalized"":""딥블루익스플로러"",""business_category"":""기타"",""source_category_raw"":""감시.정찰.수색/인프라관리/공간정보/특수촬영/환경측량/방송·공연/임무장비/통합솔루션/앱/기타"",""source_file"":""항공안전기술원_드론정보포털_기업명_사업분야_20240424 (1).csv"",""as_of_date"":""2024-04-24"",""defense_use_case_relation"":""미확인"",""relation_rationale"":""세부 내용 확인 필요"",""official_defense_evidence"":""N"",""usage_note"":""탐색용 분류이며 기업의 방산업체 지정·군 납품을 의미하지 않음""},""duplicate_source_rows"":[]}"
57f17947acab03b067c13f28,CMP0093,감시.정찰.수색,직접,company_category_bridge,469,"{""original"":{""company_id"":""CMP0093"",""company_name_normalized"":""마이크로드론코리아"",""business_category"":""감시.정찰.수색"",""source_category_raw"":""감시.정찰.수색/인프라관리"",""source_file"":""항공안전기술원_드론정보포털_기업명_사업분야_20240424 (1).csv"",""as_of_date"":""2024-04-24"",""defense_use_case_relation"":""직접"",""relation_rationale"":""군 감시·정찰 임무와 직접 연결 가능"",""official_defense_evidence"":""N"",""usage_note"":""탐색용 분류이며 기업의 방산업체 지정·군 납품을 의미하지 않음""},""duplicate_source_rows"":[]}"
16fb9eb6fab742e33a4c8725,CMP0093,인프라관리,일반,company_category_bridge,470,"{""original"":{""company_id"":""CMP0093"",""company_name_normalized"":""마이크로드론코리아"",""business_category"":""인프라관리"",""source_category_raw"":""감시.정찰.수색/인프라관리"",""source_file"":""항공안전기술원_드론정보포털_기업명_사업분야_20240424 (1).csv"",""as_of_date"":""2024-04-24"",""defense_use_case_relation"":""일반"",""relation_rationale"":""민수 활용 중심이나 군 시설 관리와 교차 가능"",""official_defense_evidence"":""N"",""usage_note"":""탐색용 분류이며 기업의 방산업체 지정·군 납품을 의미하지 않음""},""duplicate_source_rows"":[]}"
1da45c12cf70e98d8ef34605,CMP0094,감시.정찰.수색,직접,company_category_bridge,471,"{""original"":{""company_id"":""CMP0094"",""company_name_normalized"":""만물공작소"",""business_category"":""감시.정찰.수색"",""source_category_raw"":""감시.정찰.수색/인프라관리/방역/방제/살포/드론스테이션"",""source_file"":""항공안전기술원_드론정보포털_기업명_사업분야_20240424 (1).csv"",""as_of_date"":""2024-04-24"",""defense_use_case_relation"":""직접"",""relation_rationale"":""군 감시·정찰 임무와 직접 연결 가능"",""official_defense_evidence"":""N"",""usage_note"":""탐색용 분류이며 기업의 방산업체 지정·군 납품을 의미하지 않음""},""duplicate_source_rows"":[]}"
f9369da1ca4975fe45a31afc,CMP0094,인프라관리,일반,company_category_bridge,472,"{""original"":{""company_id"":""CMP0094"",""company_name_normalized"":""만물공작소"",""business_category"":""인프라관리"",""source_category_raw"":""감시.정찰.수색/인프라관리/방역/방제/살포/드론스테이션"",""source_file"":""항공안전기술원_드론정보포털_기업명_사업분야_20240424 (1).csv"",""as_of_date"":""2024-04-24"",""defense_use_case_relation"":""일반"",""relation_rationale"":""민수 활용 중심이나 군 시설 관리와 교차 가능"",""official_defense_evidence"":""N"",""usage_note"":""탐색용 분류이며 기업의 방산업체 지정·군 납품을 의미하지 않음""},""duplicate_source_rows"":[]}"
8184d7232a86b3483cbe1bbc,CMP0094,방역/방제/살포,낮음,company_category_bridge,473,"{""original"":{""company_id"":""CMP0094"",""company_name_normalized"":""만물공작소"",""business_category"":""방역/방제/살포"",""source_category_raw"":""감시.정찰.수색/인프라관리/방역/방제/살포/드론스테이션"",""source_file"":""항공안전기술원_드론정보포털_기업명_사업분야_20240424 (1).csv"",""as_of_date"":""2024-04-24"",""defense_use_case_relation"":""낮음"",""relation_rationale"":""주로 민수 활용"",""official_defense_evidence"":""N"",""usage_note"":""탐색용 분류이며 기업의 방산업체 지정·군 납품을 의미하지 않음""},""duplicate_source_rows"":[]}"
5c7fea2cdf0592fc3df31ad2,CMP0094,드론스테이션,인접,company_category_bridge,474,"{""original"":{""company_id"":""CMP0094"",""company_name_normalized"":""만물공작소"",""business_category"":""드론스테이션"",""source_category_raw"":""감시.정찰.수색/인프라관리/방역/방제/살포/드론스테이션"",""source_file"":""항공안전기술원_드론정보포털_기업명_사업분야_20240424 (1).csv"",""as_of_date"":""2024-04-24"",""defense_use_case_relation"":""인접"",""relation_rationale"":""무인 운용·원격 통제 인프라 후보"",""official_defense_evidence"":""N"",""usage_note"":""탐색용 분류이며 기업의 방산업체 지정·군 납품을 의미하지 않음""},""duplicate_source_rows"":[]}"
3fcbf0db984352188e4ca06e,CMP0096,방역/방제/살포,낮음,company_category_bridge,475,"{""original"":{""company_id"":""CMP0096"",""company_name_normalized"":""메타로보틱스"",""business_category"":""방역/방제/살포"",""source_category_raw"":""방역/방제/살포"",""source_file"":""항공안전기술원_드론정보포털_기업명_사업분야_20240424 (1).csv"",""as_of_date"":""2024-04-24"",""defense_use_case_relation"":""낮음"",""relation_rationale"":""주로 민수 활용"",""official_defense_evidence"":""N"",""usage_note"":""탐색용 분류이며 기업의 방산업체 지정·군 납품을 의미하지 않음""},""duplicate_source_rows"":[]}"
becbda5b2eb4741d08238feb,CMP0097,감시.정찰.수색,직접,company_category_bridge,476,"{""original"":{""company_id"":""CMP0097"",""company_name_normalized"":""메타파스"",""business_category"":""감시.정찰.수색"",""source_category_raw"":""감시.정찰.수색/인프라관리/드론스테이션/모듈"",""source_file"":""항공안전기술원_드론정보포털_기업명_사업분야_20240424 (1).csv"",""as_of_date"":""2024-04-24"",""defense_use_case_relation"":""직접"",""relation_rationale"":""군 감시·정찰 임무와 직접 연결 가능"",""official_defense_evidence"":""N"",""usage_note"":""탐색용 분류이며 기업의 방산업체 지정·군 납품을 의미하지 않음""},""duplicate_source_rows"":[]}"
bfce581f6384a62a1d335767,CMP0097,인프라관리,일반,company_category_bridge,477,"{""original"":{""company_id"":""CMP0097"",""company_name_normalized"":""메타파스"",""business_category"":""인프라관리"",""source_category_raw"":""감시.정찰.수색/인프라관리/드론스테이션/모듈"",""source_file"":""항공안전기술원_드론정보포털_기업명_사업분야_20240424 (1).csv"",""as_of_date"":""2024-04-24"",""defense_use_case_relation"":""일반"",""relation_rationale"":""민수 활용 중심이나 군 시설 관리와 교차 가능"",""official_defense_evidence"":""N"",""usage_note"":""탐색용 분류이며 기업의 방산업체 지정·군 납품을 의미하지 않음""},""duplicate_source_rows"":[]}"
b3dc1850e48e9274613d7e47,CMP0097,드론스테이션,인접,company_category_bridge,478,"{""original"":{""company_id"":""CMP0097"",""company_name_normalized"":""메타파스"",""business_category"":""드론스테이션"",""source_category_raw"":""감시.정찰.수색/인프라관리/드론스테이션/모듈"",""source_file"":""항공안전기술원_드론정보포털_기업명_사업분야_20240424 (1).csv"",""as_of_date"":""2024-04-24"",""defense_use_case_relation"":""인접"",""relation_rationale"":""무인 운용·원격 통제 인프라 후보"",""official_defense_evidence"":""N"",""usage_note"":""탐색용 분류이며 기업의 방산업체 지정·군 납품을 의미하지 않음""},""duplicate_source_rows"":[]}"
16d744c881038c5d3d13517e,CMP0097,모듈,인접,company_category_bridge,479,"{""original"":{""company_id"":""CMP0097"",""company_name_normalized"":""메타파스"",""business_category"":""모듈"",""source_category_raw"":""감시.정찰.수색/인프라관리/드론스테이션/모듈"",""source_file"":""항공안전기술원_드론정보포털_기업명_사업분야_20240424 (1).csv"",""as_of_date"":""2024-04-24"",""defense_use_case_relation"":""인접"",""relation_rationale"":""국방 드론 부품·모듈 공급망 후보"",""official_defense_evidence"":""N"",""usage_note"":""탐색용 분류이며 기업의 방산업체 지정·군 납품을 의미하지 않음""},""duplicate_source_rows"":[]}"
11b37ec6e67d815ca9d99afe,CMP0098,감시.정찰.수색,직접,company_category_bridge,480,"{""original"":{""company_id"":""CMP0098"",""company_name_normalized"":""모디랩스"",""business_category"":""감시.정찰.수색"",""source_category_raw"":""감시.정찰.수색/인프라관리/물류·운송·구조/공간정보/특수촬영/방역/방제/살포/모듈"",""source_file"":""항공안전기술원_드론정보포털_기업명_사업분야_20240424 (1).csv"",""as_of_date"":""2024-04-24"",""defense_use_case_relation"":""직접"",""relation_rationale"":""군 감시·정찰 임무와 직접 연결 가능"",""official_defense_evidence"":""N"",""usage_note"":""탐색용 분류이며 기업의 방산업체 지정·군 납품을 의미하지 않음""},""duplicate_source_rows"":[]}"
d79b752b1801e8f11bbef7bd,CMP0098,인프라관리,일반,company_category_bridge,481,"{""original"":{""company_id"":""CMP0098"",""company_name_normalized"":""모디랩스"",""business_category"":""인프라관리"",""source_category_raw"":""감시.정찰.수색/인프라관리/물류·운송·구조/공간정보/특수촬영/방역/방제/살포/모듈"",""source_file"":""항공안전기술원_드론정보포털_기업명_사업분야_20240424 (1).csv"",""as_of_date"":""2024-04-24"",""defense_use_case_relation"":""일반"",""relation_rationale"":""민수 활용 중심이나 군 시설 관리와 교차 가능"",""official_defense_evidence"":""N"",""usage_note"":""탐색용 분류이며 기업의 방산업체 지정·군 납품을 의미하지 않음""},""duplicate_source_rows"":[]}"
86b86302a11c827d51f09cf9,CMP0098,물류·운송·구조,일반,company_category_bridge,482,"{""original"":{""company_id"":""CMP0098"",""company_name_normalized"":""모디랩스"",""business_category"":""물류·운송·구조"",""source_category_raw"":""감시.정찰.수색/인프라관리/물류·운송·구조/공간정보/특수촬영/방역/방제/살포/모듈"",""source_file"":""항공안전기술원_드론정보포털_기업명_사업분야_20240424 (1).csv"",""as_of_date"":""2024-04-24"",""defense_use_case_relation"":""일반"",""relation_rationale"":""군수·수송 용례와 교차 가능"",""official_defense_evidence"":""N"",""usage_note"":""탐색용 분류이며 기업의 방산업체 지정·군 납품을 의미하지 않음""},""duplicate_source_rows"":[]}"
e1c8600bd5ce6a7ea9b30cae,CMP0098,공간정보,일반,company_category_bridge,483,"{""original"":{""company_id"":""CMP0098"",""company_name_normalized"":""모디랩스"",""business_category"":""공간정보"",""source_category_raw"":""감시.정찰.수색/인프라관리/물류·운송·구조/공간정보/특수촬영/방역/방제/살포/모듈"",""source_file"":""항공안전기술원_드론정보포털_기업명_사업분야_20240424 (1).csv"",""as_of_date"":""2024-04-24"",""defense_use_case_relation"":""일반"",""relation_rationale"":""군 지형·공간정보 용례와 교차 가능"",""official_defense_evidence"":""N"",""usage_note"":""탐색용 분류이며 기업의 방산업체 지정·군 납품을 의미하지 않음""},""duplicate_source_rows"":[]}"
c8b584c74a634494db70edb8,CMP0098,특수촬영,일반,company_category_bridge,484,"{""original"":{""company_id"":""CMP0098"",""company_name_normalized"":""모디랩스"",""business_category"":""특수촬영"",""source_category_raw"":""감시.정찰.수색/인프라관리/물류·운송·구조/공간정보/특수촬영/방역/방제/살포/모듈"",""source_file"":""항공안전기술원_드론정보포털_기업명_사업분야_20240424 (1).csv"",""as_of_date"":""2024-04-24"",""defense_use_case_relation"":""일반"",""relation_rationale"":""정찰 영상과 기술적으로 인접할 수 있음"",""official_defense_evidence"":""N"",""usage_note"":""탐색용 분류이며 기업의 방산업체 지정·군 납품을 의미하지 않음""},""duplicate_source_rows"":[]}"
44aca3e266ab50cc0232901e,CMP0098,방역/방제/살포,낮음,company_category_bridge,485,"{""original"":{""company_id"":""CMP0098"",""company_name_normalized"":""모디랩스"",""business_category"":""방역/방제/살포"",""source_category_raw"":""감시.정찰.수색/인프라관리/물류·운송·구조/공간정보/특수촬영/방역/방제/살포/모듈"",""source_file"":""항공안전기술원_드론정보포털_기업명_사업분야_20240424 (1).csv"",""as_of_date"":""2024-04-24"",""defense_use_case_relation"":""낮음"",""relation_rationale"":""주로 민수 활용"",""official_defense_evidence"":""N"",""usage_note"":""탐색용 분류이며 기업의 방산업체 지정·군 납품을 의미하지 않음""},""duplicate_source_rows"":[]}"
1ce2a650a3eac76ff3e671fd,CMP0098,모듈,인접,company_category_bridge,486,"{""original"":{""company_id"":""CMP0098"",""company_name_normalized"":""모디랩스"",""business_category"":""모듈"",""source_category_raw"":""감시.정찰.수색/인프라관리/물류·운송·구조/공간정보/특수촬영/방역/방제/살포/모듈"",""source_file"":""항공안전기술원_드론정보포털_기업명_사업분야_20240424 (1).csv"",""as_of_date"":""2024-04-24"",""defense_use_case_relation"":""인접"",""relation_rationale"":""국방 드론 부품·모듈 공급망 후보"",""official_defense_evidence"":""N"",""usage_note"":""탐색용 분류이며 기업의 방산업체 지정·군 납품을 의미하지 않음""},""duplicate_source_rows"":[]}"
6cb323ec4552718fbc058a14,CMP0100,모듈,인접,company_category_bridge,487,"{""original"":{""company_id"":""CMP0100"",""company_name_normalized"":""모터이엔지(주)"",""business_category"":""모듈"",""source_category_raw"":""모듈/기타"",""source_file"":""항공안전기술원_드론정보포털_기업명_사업분야_20240424 (1).csv"",""as_of_date"":""2024-04-24"",""defense_use_case_relation"":""인접"",""relation_rationale"":""국방 드론 부품·모듈 공급망 후보"",""official_defense_evidence"":""N"",""usage_note"":""탐색용 분류이며 기업의 방산업체 지정·군 납품을 의미하지 않음""},""duplicate_source_rows"":[]}"
10c0e11dccf27ffe31858c9d,CMP0100,기타,미확인,company_category_bridge,488,"{""original"":{""company_id"":""CMP0100"",""company_name_normalized"":""모터이엔지(주)"",""business_category"":""기타"",""source_category_raw"":""모듈/기타"",""source_file"":""항공안전기술원_드론정보포털_기업명_사업분야_20240424 (1).csv"",""as_of_date"":""2024-04-24"",""defense_use_case_relation"":""미확인"",""relation_rationale"":""세부 내용 확인 필요"",""official_defense_evidence"":""N"",""usage_note"":""탐색용 분류이며 기업의 방산업체 지정·군 납품을 의미하지 않음""},""duplicate_source_rows"":[]}"
4dfa762e401f38ef3f4d9511,CMP0101,취미·교육,낮음,company_category_bridge,489,"{""original"":{""company_id"":""CMP0101"",""company_name_normalized"":""몬스터드론"",""business_category"":""취미·교육"",""source_category_raw"":""취미·교육"",""source_file"":""항공안전기술원_드론정보포털_기업명_사업분야_20240424 (1).csv"",""as_of_date"":""2024-04-24"",""defense_use_case_relation"":""낮음"",""relation_rationale"":""국방 연계 판단 근거로 사용하지 않음"",""official_defense_evidence"":""N"",""usage_note"":""탐색용 분류이며 기업의 방산업체 지정·군 납품을 의미하지 않음""},""duplicate_source_rows"":[]}"
ee4b27efd9b0dff03514c515,CMP0102,모듈,인접,company_category_bridge,490,"{""original"":{""company_id"":""CMP0102"",""company_name_normalized"":""무지개연구소"",""business_category"":""모듈"",""source_category_raw"":""모듈/통합솔루션"",""source_file"":""항공안전기술원_드론정보포털_기업명_사업분야_20240424 (1).csv"",""as_of_date"":""2024-04-24"",""defense_use_case_relation"":""인접"",""relation_rationale"":""국방 드론 부품·모듈 공급망 후보"",""official_defense_evidence"":""N"",""usage_note"":""탐색용 분류이며 기업의 방산업체 지정·군 납품을 의미하지 않음""},""duplicate_source_rows"":[]}"
d09deee1d0ed8c657673a10d,CMP0102,통합솔루션,인접,company_category_bridge,491,"{""original"":{""company_id"":""CMP0102"",""company_name_normalized"":""무지개연구소"",""business_category"":""통합솔루션"",""source_category_raw"":""모듈/통합솔루션"",""source_file"":""항공안전기술원_드론정보포털_기업명_사업분야_20240424 (1).csv"",""as_of_date"":""2024-04-24"",""defense_use_case_relation"":""인접"",""relation_rationale"":""체계통합·운용 소프트웨어와 연결 가능"",""official_defense_evidence"":""N"",""usage_note"":""탐색용 분류이며 기업의 방산업체 지정·군 납품을 의미하지 않음""},""duplicate_source_rows"":[]}"
10068140633b452da6140924,CMP0105,감시.정찰.수색,직접,company_category_bridge,492,"{""original"":{""company_id"":""CMP0105"",""company_name_normalized"":""베셀"",""business_category"":""감시.정찰.수색"",""source_category_raw"":""감시.정찰.수색/인프라관리/물류·운송·구조/공간정보/특수촬영/방역/방제/살포/환경측량"",""source_file"":""항공안전기술원_드론정보포털_기업명_사업분야_20240424 (1).csv"",""as_of_date"":""2024-04-24"",""defense_use_case_relation"":""직접"",""relation_rationale"":""군 감시·정찰 임무와 직접 연결 가능"",""official_defense_evidence"":""N"",""usage_note"":""탐색용 분류이며 기업의 방산업체 지정·군 납품을 의미하지 않음""},""duplicate_source_rows"":[]}"
d0a50f397038cbed4b541bac,CMP0105,인프라관리,일반,company_category_bridge,493,"{""original"":{""company_id"":""CMP0105"",""company_name_normalized"":""베셀"",""business_category"":""인프라관리"",""source_category_raw"":""감시.정찰.수색/인프라관리/물류·운송·구조/공간정보/특수촬영/방역/방제/살포/환경측량"",""source_file"":""항공안전기술원_드론정보포털_기업명_사업분야_20240424 (1).csv"",""as_of_date"":""2024-04-24"",""defense_use_case_relation"":""일반"",""relation_rationale"":""민수 활용 중심이나 군 시설 관리와 교차 가능"",""official_defense_evidence"":""N"",""usage_note"":""탐색용 분류이며 기업의 방산업체 지정·군 납품을 의미하지 않음""},""duplicate_source_rows"":[]}"
cb8d224e8e157fe605bbea09,CMP0105,물류·운송·구조,일반,company_category_bridge,494,"{""original"":{""company_id"":""CMP0105"",""company_name_normalized"":""베셀"",""business_category"":""물류·운송·구조"",""source_category_raw"":""감시.정찰.수색/인프라관리/물류·운송·구조/공간정보/특수촬영/방역/방제/살포/환경측량"",""source_file"":""항공안전기술원_드론정보포털_기업명_사업분야_20240424 (1).csv"",""as_of_date"":""2024-04-24"",""defense_use_case_relation"":""일반"",""relation_rationale"":""군수·수송 용례와 교차 가능"",""official_defense_evidence"":""N"",""usage_note"":""탐색용 분류이며 기업의 방산업체 지정·군 납품을 의미하지 않음""},""duplicate_source_rows"":[]}"
1b3977b511bb9ee2724e5b92,CMP0105,공간정보,일반,company_category_bridge,495,"{""original"":{""company_id"":""CMP0105"",""company_name_normalized"":""베셀"",""business_category"":""공간정보"",""source_category_raw"":""감시.정찰.수색/인프라관리/물류·운송·구조/공간정보/특수촬영/방역/방제/살포/환경측량"",""source_file"":""항공안전기술원_드론정보포털_기업명_사업분야_20240424 (1).csv"",""as_of_date"":""2024-04-24"",""defense_use_case_relation"":""일반"",""relation_rationale"":""군 지형·공간정보 용례와 교차 가능"",""official_defense_evidence"":""N"",""usage_note"":""탐색용 분류이며 기업의 방산업체 지정·군 납품을 의미하지 않음""},""duplicate_source_rows"":[]}"
8f19c63fd9ac12878f475949,CMP0105,특수촬영,일반,company_category_bridge,496,"{""original"":{""company_id"":""CMP0105"",""company_name_normalized"":""베셀"",""business_category"":""특수촬영"",""source_category_raw"":""감시.정찰.수색/인프라관리/물류·운송·구조/공간정보/특수촬영/방역/방제/살포/환경측량"",""source_file"":""항공안전기술원_드론정보포털_기업명_사업분야_20240424 (1).csv"",""as_of_date"":""2024-04-24"",""defense_use_case_relation"":""일반"",""relation_rationale"":""정찰 영상과 기술적으로 인접할 수 있음"",""official_defense_evidence"":""N"",""usage_note"":""탐색용 분류이며 기업의 방산업체 지정·군 납품을 의미하지 않음""},""duplicate_source_rows"":[]}"
421f13ceaa110f4e0c98f2cc,CMP0105,방역/방제/살포,낮음,company_category_bridge,497,"{""original"":{""company_id"":""CMP0105"",""company_name_normalized"":""베셀"",""business_category"":""방역/방제/살포"",""source_category_raw"":""감시.정찰.수색/인프라관리/물류·운송·구조/공간정보/특수촬영/방역/방제/살포/환경측량"",""source_file"":""항공안전기술원_드론정보포털_기업명_사업분야_20240424 (1).csv"",""as_of_date"":""2024-04-24"",""defense_use_case_relation"":""낮음"",""relation_rationale"":""주로 민수 활용"",""official_defense_evidence"":""N"",""usage_note"":""탐색용 분류이며 기업의 방산업체 지정·군 납품을 의미하지 않음""},""duplicate_source_rows"":[]}"
59f28eb1788c27619c9766a8,CMP0105,환경측량,일반,company_category_bridge,498,"{""original"":{""company_id"":""CMP0105"",""company_name_normalized"":""베셀"",""business_category"":""환경측량"",""source_category_raw"":""감시.정찰.수색/인프라관리/물류·운송·구조/공간정보/특수촬영/방역/방제/살포/환경측량"",""source_file"":""항공안전기술원_드론정보포털_기업명_사업분야_20240424 (1).csv"",""as_of_date"":""2024-04-24"",""defense_use_case_relation"":""일반"",""relation_rationale"":""군 환경·지형 조사와 교차 가능"",""official_defense_evidence"":""N"",""usage_note"":""탐색용 분류이며 기업의 방산업체 지정·군 납품을 의미하지 않음""},""duplicate_source_rows"":[]}"
1cec280103dde0902c286b81,CMP0106,감시.정찰.수색,직접,company_category_bridge,499,"{""original"":{""company_id"":""CMP0106"",""company_name_normalized"":""베이리스"",""business_category"":""감시.정찰.수색"",""source_category_raw"":""감시.정찰.수색/인프라관리/물류·운송·구조/환경측량/드론스테이션/지상통제장비/통합솔루션/앱"",""source_file"":""항공안전기술원_드론정보포털_기업명_사업분야_20240424 (1).csv"",""as_of_date"":""2024-04-24"",""defense_use_case_relation"":""직접"",""relation_rationale"":""군 감시·정찰 임무와 직접 연결 가능"",""official_defense_evidence"":""N"",""usage_note"":""탐색용 분류이며 기업의 방산업체 지정·군 납품을 의미하지 않음""},""duplicate_source_rows"":[]}"
ecc1d074a834f80ae532eae3,CMP0106,인프라관리,일반,company_category_bridge,500,"{""original"":{""company_id"":""CMP0106"",""company_name_normalized"":""베이리스"",""business_category"":""인프라관리"",""source_category_raw"":""감시.정찰.수색/인프라관리/물류·운송·구조/환경측량/드론스테이션/지상통제장비/통합솔루션/앱"",""source_file"":""항공안전기술원_드론정보포털_기업명_사업분야_20240424 (1).csv"",""as_of_date"":""2024-04-24"",""defense_use_case_relation"":""일반"",""relation_rationale"":""민수 활용 중심이나 군 시설 관리와 교차 가능"",""official_defense_evidence"":""N"",""usage_note"":""탐색용 분류이며 기업의 방산업체 지정·군 납품을 의미하지 않음""},""duplicate_source_rows"":[]}"
ea89a1a124ac1ad2fe796635,CMP0106,물류·운송·구조,일반,company_category_bridge,501,"{""original"":{""company_id"":""CMP0106"",""company_name_normalized"":""베이리스"",""business_category"":""물류·운송·구조"",""source_category_raw"":""감시.정찰.수색/인프라관리/물류·운송·구조/환경측량/드론스테이션/지상통제장비/통합솔루션/앱"",""source_file"":""항공안전기술원_드론정보포털_기업명_사업분야_20240424 (1).csv"",""as_of_date"":""2024-04-24"",""defense_use_case_relation"":""일반"",""relation_rationale"":""군수·수송 용례와 교차 가능"",""official_defense_evidence"":""N"",""usage_note"":""탐색용 분류이며 기업의 방산업체 지정·군 납품을 의미하지 않음""},""duplicate_source_rows"":[]}"
8cc2409c17107341365636ce,CMP0106,환경측량,일반,company_category_bridge,502,"{""original"":{""company_id"":""CMP0106"",""company_name_normalized"":""베이리스"",""business_category"":""환경측량"",""source_category_raw"":""감시.정찰.수색/인프라관리/물류·운송·구조/환경측량/드론스테이션/지상통제장비/통합솔루션/앱"",""source_file"":""항공안전기술원_드론정보포털_기업명_사업분야_20240424 (1).csv"",""as_of_date"":""2024-04-24"",""defense_use_case_relation"":""일반"",""relation_rationale"":""군 환경·지형 조사와 교차 가능"",""official_defense_evidence"":""N"",""usage_note"":""탐색용 분류이며 기업의 방산업체 지정·군 납품을 의미하지 않음""},""duplicate_source_rows"":[]}"
00162695113500c026e9f827,CMP0106,드론스테이션,인접,company_category_bridge,503,"{""original"":{""company_id"":""CMP0106"",""company_name_normalized"":""베이리스"",""business_category"":""드론스테이션"",""source_category_raw"":""감시.정찰.수색/인프라관리/물류·운송·구조/환경측량/드론스테이션/지상통제장비/통합솔루션/앱"",""source_file"":""항공안전기술원_드론정보포털_기업명_사업분야_20240424 (1).csv"",""as_of_date"":""2024-04-24"",""defense_use_case_relation"":""인접"",""relation_rationale"":""무인 운용·원격 통제 인프라 후보"",""official_defense_evidence"":""N"",""usage_note"":""탐색용 분류이며 기업의 방산업체 지정·군 납품을 의미하지 않음""},""duplicate_source_rows"":[]}"
e18b7323ff228bc84110757e,CMP0106,지상통제장비,직접,company_category_bridge,504,"{""original"":{""company_id"":""CMP0106"",""company_name_normalized"":""베이리스"",""business_category"":""지상통제장비"",""source_category_raw"":""감시.정찰.수색/인프라관리/물류·운송·구조/환경측량/드론스테이션/지상통제장비/통합솔루션/앱"",""source_file"":""항공안전기술원_드론정보포털_기업명_사업분야_20240424 (1).csv"",""as_of_date"":""2024-04-24"",""defense_use_case_relation"":""직접"",""relation_rationale"":""GCS·임무통제와 연결 가능"",""official_defense_evidence"":""N"",""usage_note"":""탐색용 분류이며 기업의 방산업체 지정·군 납품을 의미하지 않음""},""duplicate_source_rows"":[]}"
ed7405ae8de9e407fcfb69e1,CMP0106,통합솔루션,인접,company_category_bridge,505,"{""original"":{""company_id"":""CMP0106"",""company_name_normalized"":""베이리스"",""business_category"":""통합솔루션"",""source_category_raw"":""감시.정찰.수색/인프라관리/물류·운송·구조/환경측량/드론스테이션/지상통제장비/통합솔루션/앱"",""source_file"":""항공안전기술원_드론정보포털_기업명_사업분야_20240424 (1).csv"",""as_of_date"":""2024-04-24"",""defense_use_case_relation"":""인접"",""relation_rationale"":""체계통합·운용 소프트웨어와 연결 가능"",""official_defense_evidence"":""N"",""usage_note"":""탐색용 분류이며 기업의 방산업체 지정·군 납품을 의미하지 않음""},""duplicate_source_rows"":[]}"
27a06e35009982ad74620664,CMP0106,앱,낮음,company_category_bridge,506,"{""original"":{""company_id"":""CMP0106"",""company_name_normalized"":""베이리스"",""business_category"":""앱"",""source_category_raw"":""감시.정찰.수색/인프라관리/물류·운송·구조/환경측량/드론스테이션/지상통제장비/통합솔루션/앱"",""source_file"":""항공안전기술원_드론정보포털_기업명_사업분야_20240424 (1).csv"",""as_of_date"":""2024-04-24"",""defense_use_case_relation"":""낮음"",""relation_rationale"":""세부 기능 확인 전 국방 연계 판단 불가"",""official_defense_evidence"":""N"",""usage_note"":""탐색용 분류이며 기업의 방산업체 지정·군 납품을 의미하지 않음""},""duplicate_source_rows"":[]}"
29e43b3f2af4a180ae90c5f1,CMP0111,취미·교육,낮음,company_category_bridge,507,"{""original"":{""company_id"":""CMP0111"",""company_name_normalized"":""부산드론교육센터"",""business_category"":""취미·교육"",""source_category_raw"":""취미·교육"",""source_file"":""항공안전기술원_드론정보포털_기업명_사업분야_20240424 (1).csv"",""as_of_date"":""2024-04-24"",""defense_use_case_relation"":""낮음"",""relation_rationale"":""국방 연계 판단 근거로 사용하지 않음"",""official_defense_evidence"":""N"",""usage_note"":""탐색용 분류이며 기업의 방산업체 지정·군 납품을 의미하지 않음""},""duplicate_source_rows"":[]}"
445948fa8755e2fef9c37c87,CMP0112,취미·교육,낮음,company_category_bridge,508,"{""original"":{""company_id"":""CMP0112"",""company_name_normalized"":""부산직업능력교육원"",""business_category"":""취미·교육"",""source_category_raw"":""취미·교육"",""source_file"":""항공안전기술원_드론정보포털_기업명_사업분야_20240424 (1).csv"",""as_of_date"":""2024-04-24"",""defense_use_case_relation"":""낮음"",""relation_rationale"":""국방 연계 판단 근거로 사용하지 않음"",""official_defense_evidence"":""N"",""usage_note"":""탐색용 분류이며 기업의 방산업체 지정·군 납품을 의미하지 않음""},""duplicate_source_rows"":[]}"
072484706088b8638f69d216,CMP0116,안티드론,직접,company_category_bridge,509,"{""original"":{""company_id"":""CMP0116"",""company_name_normalized"":""비스타컴"",""business_category"":""안티드론"",""source_category_raw"":""안티드론/통합솔루션"",""source_file"":""항공안전기술원_드론정보포털_기업명_사업분야_20240424 (1).csv"",""as_of_date"":""2024-04-24"",""defense_use_case_relation"":""직접"",""relation_rationale"":""대드론·C-UAS 용례와 직접 연결되는 사업분야"",""official_defense_evidence"":""N"",""usage_note"":""탐색용 분류이며 기업의 방산업체 지정·군 납품을 의미하지 않음""},""duplicate_source_rows"":[]}"
d3db11cbad54a7f59057fd29,CMP0116,통합솔루션,인접,company_category_bridge,510,"{""original"":{""company_id"":""CMP0116"",""company_name_normalized"":""비스타컴"",""business_category"":""통합솔루션"",""source_category_raw"":""안티드론/통합솔루션"",""source_file"":""항공안전기술원_드론정보포털_기업명_사업분야_20240424 (1).csv"",""as_of_date"":""2024-04-24"",""defense_use_case_relation"":""인접"",""relation_rationale"":""체계통합·운용 소프트웨어와 연결 가능"",""official_defense_evidence"":""N"",""usage_note"":""탐색용 분류이며 기업의 방산업체 지정·군 납품을 의미하지 않음""},""duplicate_source_rows"":[]}"
3ad6819bb3a3fc2a8a468cbc,CMP0046,취미·교육,낮음,company_category_bridge,511,"{""original"":{""company_id"":""CMP0046"",""company_name_normalized"":""대한드론진흥협회"",""business_category"":""취미·교육"",""source_category_raw"":""취미·교육/기타"",""source_file"":""항공안전기술원_드론정보포털_기업명_사업분야_20240424 (1).csv"",""as_of_date"":""2024-04-24"",""defense_use_case_relation"":""낮음"",""relation_rationale"":""국방 연계 판단 근거로 사용하지 않음"",""official_defense_evidence"":""N"",""usage_note"":""탐색용 분류이며 기업의 방산업체 지정·군 납품을 의미하지 않음""},""duplicate_source_rows"":[]}"
af4b77065e7fb4c1691de86a,CMP0046,기타,미확인,company_category_bridge,512,"{""original"":{""company_id"":""CMP0046"",""company_name_normalized"":""대한드론진흥협회"",""business_category"":""기타"",""source_category_raw"":""취미·교육/기타"",""source_file"":""항공안전기술원_드론정보포털_기업명_사업분야_20240424 (1).csv"",""as_of_date"":""2024-04-24"",""defense_use_case_relation"":""미확인"",""relation_rationale"":""세부 내용 확인 필요"",""official_defense_evidence"":""N"",""usage_note"":""탐색용 분류이며 기업의 방산업체 지정·군 납품을 의미하지 않음""},""duplicate_source_rows"":[]}"
a3ee07c83ba3e0b419a237c7,CMP0117,안티드론,직접,company_category_bridge,513,"{""original"":{""company_id"":""CMP0117"",""company_name_normalized"":""삼정솔루션"",""business_category"":""안티드론"",""source_category_raw"":""안티드론"",""source_file"":""항공안전기술원_드론정보포털_기업명_사업분야_20240424 (1).csv"",""as_of_date"":""2024-04-24"",""defense_use_case_relation"":""직접"",""relation_rationale"":""대드론·C-UAS 용례와 직접 연결되는 사업분야"",""official_defense_evidence"":""N"",""usage_note"":""탐색용 분류이며 기업의 방산업체 지정·군 납품을 의미하지 않음""},""duplicate_source_rows"":[]}"
bf9b823116bbb3ffea4e8e62,CMP0118,임무장비,직접,company_category_bridge,514,"{""original"":{""company_id"":""CMP0118"",""company_name_normalized"":""새론에스엔아이"",""business_category"":""임무장비"",""source_category_raw"":""임무장비/모듈"",""source_file"":""항공안전기술원_드론정보포털_기업명_사업분야_20240424 (1).csv"",""as_of_date"":""2024-04-24"",""defense_use_case_relation"":""직접"",""relation_rationale"":""정찰·공격·지원 임무장비와 연결 가능"",""official_defense_evidence"":""N"",""usage_note"":""탐색용 분류이며 기업의 방산업체 지정·군 납품을 의미하지 않음""},""duplicate_source_rows"":[]}"
9888690d310e71f1e1eec0fe,CMP0118,모듈,인접,company_category_bridge,515,"{""original"":{""company_id"":""CMP0118"",""company_name_normalized"":""새론에스엔아이"",""business_category"":""모듈"",""source_category_raw"":""임무장비/모듈"",""source_file"":""항공안전기술원_드론정보포털_기업명_사업분야_20240424 (1).csv"",""as_of_date"":""2024-04-24"",""defense_use_case_relation"":""인접"",""relation_rationale"":""국방 드론 부품·모듈 공급망 후보"",""official_defense_evidence"":""N"",""usage_note"":""탐색용 분류이며 기업의 방산업체 지정·군 납품을 의미하지 않음""},""duplicate_source_rows"":[]}"
fe726e284ba63fceb5e41dc5,CMP0119,감시.정찰.수색,직접,company_category_bridge,516,"{""original"":{""company_id"":""CMP0119"",""company_name_normalized"":""샘코"",""business_category"":""감시.정찰.수색"",""source_category_raw"":""감시.정찰.수색/인프라관리/공간정보/특수촬영"",""source_file"":""항공안전기술원_드론정보포털_기업명_사업분야_20240424 (1).csv"",""as_of_date"":""2024-04-24"",""defense_use_case_relation"":""직접"",""relation_rationale"":""군 감시·정찰 임무와 직접 연결 가능"",""official_defense_evidence"":""N"",""usage_note"":""탐색용 분류이며 기업의 방산업체 지정·군 납품을 의미하지 않음""},""duplicate_source_rows"":[]}"
6707d31b338f63abf0b474ce,CMP0119,인프라관리,일반,company_category_bridge,517,"{""original"":{""company_id"":""CMP0119"",""company_name_normalized"":""샘코"",""business_category"":""인프라관리"",""source_category_raw"":""감시.정찰.수색/인프라관리/공간정보/특수촬영"",""source_file"":""항공안전기술원_드론정보포털_기업명_사업분야_20240424 (1).csv"",""as_of_date"":""2024-04-24"",""defense_use_case_relation"":""일반"",""relation_rationale"":""민수 활용 중심이나 군 시설 관리와 교차 가능"",""official_defense_evidence"":""N"",""usage_note"":""탐색용 분류이며 기업의 방산업체 지정·군 납품을 의미하지 않음""},""duplicate_source_rows"":[]}"
a0963c3d8da87ef563d1cb0e,CMP0119,공간정보,일반,company_category_bridge,518,"{""original"":{""company_id"":""CMP0119"",""company_name_normalized"":""샘코"",""business_category"":""공간정보"",""source_category_raw"":""감시.정찰.수색/인프라관리/공간정보/특수촬영"",""source_file"":""항공안전기술원_드론정보포털_기업명_사업분야_20240424 (1).csv"",""as_of_date"":""2024-04-24"",""defense_use_case_relation"":""일반"",""relation_rationale"":""군 지형·공간정보 용례와 교차 가능"",""official_defense_evidence"":""N"",""usage_note"":""탐색용 분류이며 기업의 방산업체 지정·군 납품을 의미하지 않음""},""duplicate_source_rows"":[]}"
3c1864c23f0a179edef7a4a2,CMP0119,특수촬영,일반,company_category_bridge,519,"{""original"":{""company_id"":""CMP0119"",""company_name_normalized"":""샘코"",""business_category"":""특수촬영"",""source_category_raw"":""감시.정찰.수색/인프라관리/공간정보/특수촬영"",""source_file"":""항공안전기술원_드론정보포털_기업명_사업분야_20240424 (1).csv"",""as_of_date"":""2024-04-24"",""defense_use_case_relation"":""일반"",""relation_rationale"":""정찰 영상과 기술적으로 인접할 수 있음"",""official_defense_evidence"":""N"",""usage_note"":""탐색용 분류이며 기업의 방산업체 지정·군 납품을 의미하지 않음""},""duplicate_source_rows"":[]}"
8e67fb77c5118c48afba1c40,CMP0120,취미·교육,낮음,company_category_bridge,520,"{""original"":{""company_id"":""CMP0120"",""company_name_normalized"":""서넙드론"",""business_category"":""취미·교육"",""source_category_raw"":""취미·교육"",""source_file"":""항공안전기술원_드론정보포털_기업명_사업분야_20240424 (1).csv"",""as_of_date"":""2024-04-24"",""defense_use_case_relation"":""낮음"",""relation_rationale"":""국방 연계 판단 근거로 사용하지 않음"",""official_defense_evidence"":""N"",""usage_note"":""탐색용 분류이며 기업의 방산업체 지정·군 납품을 의미하지 않음""},""duplicate_source_rows"":[]}"
eec336f6f8067205f6eff0f9,CMP0121,방역/방제/살포,낮음,company_category_bridge,521,"{""original"":{""company_id"":""CMP0121"",""company_name_normalized"":""서우"",""business_category"":""방역/방제/살포"",""source_category_raw"":""방역/방제/살포/기타"",""source_file"":""항공안전기술원_드론정보포털_기업명_사업분야_20240424 (1).csv"",""as_of_date"":""2024-04-24"",""defense_use_case_relation"":""낮음"",""relation_rationale"":""주로 민수 활용"",""official_defense_evidence"":""N"",""usage_note"":""탐색용 분류이며 기업의 방산업체 지정·군 납품을 의미하지 않음""},""duplicate_source_rows"":[]}"
45fad318d21e664dda80015d,CMP0121,기타,미확인,company_category_bridge,522,"{""original"":{""company_id"":""CMP0121"",""company_name_normalized"":""서우"",""business_category"":""기타"",""source_category_raw"":""방역/방제/살포/기타"",""source_file"":""항공안전기술원_드론정보포털_기업명_사업분야_20240424 (1).csv"",""as_of_date"":""2024-04-24"",""defense_use_case_relation"":""미확인"",""relation_rationale"":""세부 내용 확인 필요"",""official_defense_evidence"":""N"",""usage_note"":""탐색용 분류이며 기업의 방산업체 지정·군 납품을 의미하지 않음""},""duplicate_source_rows"":[]}"
2d76754534e79e053b23d734,CMP0123,감시.정찰.수색,직접,company_category_bridge,523,"{""original"":{""company_id"":""CMP0123"",""company_name_normalized"":""서원무인기술"",""business_category"":""감시.정찰.수색"",""source_category_raw"":""감시.정찰.수색/인프라관리"",""source_file"":""항공안전기술원_드론정보포털_기업명_사업분야_20240424 (1).csv"",""as_of_date"":""2024-04-24"",""defense_use_case_relation"":""직접"",""relation_rationale"":""군 감시·정찰 임무와 직접 연결 가능"",""official_defense_evidence"":""N"",""usage_note"":""탐색용 분류이며 기업의 방산업체 지정·군 납품을 의미하지 않음""},""duplicate_source_rows"":[]}"
0cd6dbc7d2ddfc3d97255f91,CMP0123,인프라관리,일반,company_category_bridge,524,"{""original"":{""company_id"":""CMP0123"",""company_name_normalized"":""서원무인기술"",""business_category"":""인프라관리"",""source_category_raw"":""감시.정찰.수색/인프라관리"",""source_file"":""항공안전기술원_드론정보포털_기업명_사업분야_20240424 (1).csv"",""as_of_date"":""2024-04-24"",""defense_use_case_relation"":""일반"",""relation_rationale"":""민수 활용 중심이나 군 시설 관리와 교차 가능"",""official_defense_evidence"":""N"",""usage_note"":""탐색용 분류이며 기업의 방산업체 지정·군 납품을 의미하지 않음""},""duplicate_source_rows"":[]}"
c856c1cea27acb865af14db2,CMP0125,취미·교육,낮음,company_category_bridge,525,"{""original"":{""company_id"":""CMP0125"",""company_name_normalized"":""성문드론아카데미"",""business_category"":""취미·교육"",""source_category_raw"":""취미·교육/임무장비/감시.정찰.수색/인프라관리/물류·운송·구조/방역/방제/살포"",""source_file"":""항공안전기술원_드론정보포털_기업명_사업분야_20240424 (1).csv"",""as_of_date"":""2024-04-24"",""defense_use_case_relation"":""낮음"",""relation_rationale"":""국방 연계 판단 근거로 사용하지 않음"",""official_defense_evidence"":""N"",""usage_note"":""탐색용 분류이며 기업의 방산업체 지정·군 납품을 의미하지 않음""},""duplicate_source_rows"":[]}"
4bec68de4e4e9f6fad446100,CMP0125,임무장비,직접,company_category_bridge,526,"{""original"":{""company_id"":""CMP0125"",""company_name_normalized"":""성문드론아카데미"",""business_category"":""임무장비"",""source_category_raw"":""취미·교육/임무장비/감시.정찰.수색/인프라관리/물류·운송·구조/방역/방제/살포"",""source_file"":""항공안전기술원_드론정보포털_기업명_사업분야_20240424 (1).csv"",""as_of_date"":""2024-04-24"",""defense_use_case_relation"":""직접"",""relation_rationale"":""정찰·공격·지원 임무장비와 연결 가능"",""official_defense_evidence"":""N"",""usage_note"":""탐색용 분류이며 기업의 방산업체 지정·군 납품을 의미하지 않음""},""duplicate_source_rows"":[]}"
14d3ae1735cd82636daf9953,CMP0125,감시.정찰.수색,직접,company_category_bridge,527,"{""original"":{""company_id"":""CMP0125"",""company_name_normalized"":""성문드론아카데미"",""business_category"":""감시.정찰.수색"",""source_category_raw"":""취미·교육/임무장비/감시.정찰.수색/인프라관리/물류·운송·구조/방역/방제/살포"",""source_file"":""항공안전기술원_드론정보포털_기업명_사업분야_20240424 (1).csv"",""as_of_date"":""2024-04-24"",""defense_use_case_relation"":""직접"",""relation_rationale"":""군 감시·정찰 임무와 직접 연결 가능"",""official_defense_evidence"":""N"",""usage_note"":""탐색용 분류이며 기업의 방산업체 지정·군 납품을 의미하지 않음""},""duplicate_source_rows"":[]}"
26abd4690b689da96b4cbbf6,CMP0125,인프라관리,일반,company_category_bridge,528,"{""original"":{""company_id"":""CMP0125"",""company_name_normalized"":""성문드론아카데미"",""business_category"":""인프라관리"",""source_category_raw"":""취미·교육/임무장비/감시.정찰.수색/인프라관리/물류·운송·구조/방역/방제/살포"",""source_file"":""항공안전기술원_드론정보포털_기업명_사업분야_20240424 (1).csv"",""as_of_date"":""2024-04-24"",""defense_use_case_relation"":""일반"",""relation_rationale"":""민수 활용 중심이나 군 시설 관리와 교차 가능"",""official_defense_evidence"":""N"",""usage_note"":""탐색용 분류이며 기업의 방산업체 지정·군 납품을 의미하지 않음""},""duplicate_source_rows"":[]}"
978f186838c9e0de53ff4b29,CMP0125,물류·운송·구조,일반,company_category_bridge,529,"{""original"":{""company_id"":""CMP0125"",""company_name_normalized"":""성문드론아카데미"",""business_category"":""물류·운송·구조"",""source_category_raw"":""취미·교육/임무장비/감시.정찰.수색/인프라관리/물류·운송·구조/방역/방제/살포"",""source_file"":""항공안전기술원_드론정보포털_기업명_사업분야_20240424 (1).csv"",""as_of_date"":""2024-04-24"",""defense_use_case_relation"":""일반"",""relation_rationale"":""군수·수송 용례와 교차 가능"",""official_defense_evidence"":""N"",""usage_note"":""탐색용 분류이며 기업의 방산업체 지정·군 납품을 의미하지 않음""},""duplicate_source_rows"":[]}"
ebf7e72e3a2c72689d848116,CMP0125,방역/방제/살포,낮음,company_category_bridge,530,"{""original"":{""company_id"":""CMP0125"",""company_name_normalized"":""성문드론아카데미"",""business_category"":""방역/방제/살포"",""source_category_raw"":""취미·교육/임무장비/감시.정찰.수색/인프라관리/물류·운송·구조/방역/방제/살포"",""source_file"":""항공안전기술원_드론정보포털_기업명_사업분야_20240424 (1).csv"",""as_of_date"":""2024-04-24"",""defense_use_case_relation"":""낮음"",""relation_rationale"":""주로 민수 활용"",""official_defense_evidence"":""N"",""usage_note"":""탐색용 분류이며 기업의 방산업체 지정·군 납품을 의미하지 않음""},""duplicate_source_rows"":[]}"
4dcc88f635b40e484afa0e86,CMP0126,물류·운송·구조,일반,company_category_bridge,531,"{""original"":{""company_id"":""CMP0126"",""company_name_normalized"":""성우엔지니어링"",""business_category"":""물류·운송·구조"",""source_category_raw"":""물류·운송·구조/방역/방제/살포/취미·교육/감시.정찰.수색/인프라관리"",""source_file"":""항공안전기술원_드론정보포털_기업명_사업분야_20240424 (1).csv"",""as_of_date"":""2024-04-24"",""defense_use_case_relation"":""일반"",""relation_rationale"":""군수·수송 용례와 교차 가능"",""official_defense_evidence"":""N"",""usage_note"":""탐색용 분류이며 기업의 방산업체 지정·군 납품을 의미하지 않음""},""duplicate_source_rows"":[]}"
ecd6d824be2768446bb27236,CMP0126,방역/방제/살포,낮음,company_category_bridge,532,"{""original"":{""company_id"":""CMP0126"",""company_name_normalized"":""성우엔지니어링"",""business_category"":""방역/방제/살포"",""source_category_raw"":""물류·운송·구조/방역/방제/살포/취미·교육/감시.정찰.수색/인프라관리"",""source_file"":""항공안전기술원_드론정보포털_기업명_사업분야_20240424 (1).csv"",""as_of_date"":""2024-04-24"",""defense_use_case_relation"":""낮음"",""relation_rationale"":""주로 민수 활용"",""official_defense_evidence"":""N"",""usage_note"":""탐색용 분류이며 기업의 방산업체 지정·군 납품을 의미하지 않음""},""duplicate_source_rows"":[]}"
d4438a6604ef850abdccbecf,CMP0126,취미·교육,낮음,company_category_bridge,533,"{""original"":{""company_id"":""CMP0126"",""company_name_normalized"":""성우엔지니어링"",""business_category"":""취미·교육"",""source_category_raw"":""물류·운송·구조/방역/방제/살포/취미·교육/감시.정찰.수색/인프라관리"",""source_file"":""항공안전기술원_드론정보포털_기업명_사업분야_20240424 (1).csv"",""as_of_date"":""2024-04-24"",""defense_use_case_relation"":""낮음"",""relation_rationale"":""국방 연계 판단 근거로 사용하지 않음"",""official_defense_evidence"":""N"",""usage_note"":""탐색용 분류이며 기업의 방산업체 지정·군 납품을 의미하지 않음""},""duplicate_source_rows"":[]}"
bffa9f466a2c78dd39827eaf,CMP0126,감시.정찰.수색,직접,company_category_bridge,534,"{""original"":{""company_id"":""CMP0126"",""company_name_normalized"":""성우엔지니어링"",""business_category"":""감시.정찰.수색"",""source_category_raw"":""물류·운송·구조/방역/방제/살포/취미·교육/감시.정찰.수색/인프라관리"",""source_file"":""항공안전기술원_드론정보포털_기업명_사업분야_20240424 (1).csv"",""as_of_date"":""2024-04-24"",""defense_use_case_relation"":""직접"",""relation_rationale"":""군 감시·정찰 임무와 직접 연결 가능"",""official_defense_evidence"":""N"",""usage_note"":""탐색용 분류이며 기업의 방산업체 지정·군 납품을 의미하지 않음""},""duplicate_source_rows"":[]}"
12e9d57a04d5491d6daa2cda,CMP0126,인프라관리,일반,company_category_bridge,535,"{""original"":{""company_id"":""CMP0126"",""company_name_normalized"":""성우엔지니어링"",""business_category"":""인프라관리"",""source_category_raw"":""물류·운송·구조/방역/방제/살포/취미·교육/감시.정찰.수색/인프라관리"",""source_file"":""항공안전기술원_드론정보포털_기업명_사업분야_20240424 (1).csv"",""as_of_date"":""2024-04-24"",""defense_use_case_relation"":""일반"",""relation_rationale"":""민수 활용 중심이나 군 시설 관리와 교차 가능"",""official_defense_evidence"":""N"",""usage_note"":""탐색용 분류이며 기업의 방산업체 지정·군 납품을 의미하지 않음""},""duplicate_source_rows"":[]}"
2b3b5d785244514ba3f23e51,CMP0127,감시.정찰.수색,직접,company_category_bridge,536,"{""original"":{""company_id"":""CMP0127"",""company_name_normalized"":""세이에어"",""business_category"":""감시.정찰.수색"",""source_category_raw"":""감시.정찰.수색/인프라관리/방송·공연"",""source_file"":""항공안전기술원_드론정보포털_기업명_사업분야_20240424 (1).csv"",""as_of_date"":""2024-04-24"",""defense_use_case_relation"":""직접"",""relation_rationale"":""군 감시·정찰 임무와 직접 연결 가능"",""official_defense_evidence"":""N"",""usage_note"":""탐색용 분류이며 기업의 방산업체 지정·군 납품을 의미하지 않음""},""duplicate_source_rows"":[]}"
fd5f1e44d2711b15f772acc7,CMP0127,인프라관리,일반,company_category_bridge,537,"{""original"":{""company_id"":""CMP0127"",""company_name_normalized"":""세이에어"",""business_category"":""인프라관리"",""source_category_raw"":""감시.정찰.수색/인프라관리/방송·공연"",""source_file"":""항공안전기술원_드론정보포털_기업명_사업분야_20240424 (1).csv"",""as_of_date"":""2024-04-24"",""defense_use_case_relation"":""일반"",""relation_rationale"":""민수 활용 중심이나 군 시설 관리와 교차 가능"",""official_defense_evidence"":""N"",""usage_note"":""탐색용 분류이며 기업의 방산업체 지정·군 납품을 의미하지 않음""},""duplicate_source_rows"":[]}"
900c928eefe7678b47cfb486,CMP0127,방송·공연,낮음,company_category_bridge,538,"{""original"":{""company_id"":""CMP0127"",""company_name_normalized"":""세이에어"",""business_category"":""방송·공연"",""source_category_raw"":""감시.정찰.수색/인프라관리/방송·공연"",""source_file"":""항공안전기술원_드론정보포털_기업명_사업분야_20240424 (1).csv"",""as_of_date"":""2024-04-24"",""defense_use_case_relation"":""낮음"",""relation_rationale"":""국방 연계 판단 근거로 사용하지 않음"",""official_defense_evidence"":""N"",""usage_note"":""탐색용 분류이며 기업의 방산업체 지정·군 납품을 의미하지 않음""},""duplicate_source_rows"":[]}"
77a66d98c25889f9fb6af169,CMP0128,감시.정찰.수색,직접,company_category_bridge,539,"{""original"":{""company_id"":""CMP0128"",""company_name_normalized"":""세이프어스드론"",""business_category"":""감시.정찰.수색"",""source_category_raw"":""감시.정찰.수색/인프라관리/물류·운송·구조/방역/방제/살포/환경측량"",""source_file"":""항공안전기술원_드론정보포털_기업명_사업분야_20240424 (1).csv"",""as_of_date"":""2024-04-24"",""defense_use_case_relation"":""직접"",""relation_rationale"":""군 감시·정찰 임무와 직접 연결 가능"",""official_defense_evidence"":""N"",""usage_note"":""탐색용 분류이며 기업의 방산업체 지정·군 납품을 의미하지 않음""},""duplicate_source_rows"":[]}"
7fa5084e2e09a71f0e4bd7be,CMP0128,인프라관리,일반,company_category_bridge,540,"{""original"":{""company_id"":""CMP0128"",""company_name_normalized"":""세이프어스드론"",""business_category"":""인프라관리"",""source_category_raw"":""감시.정찰.수색/인프라관리/물류·운송·구조/방역/방제/살포/환경측량"",""source_file"":""항공안전기술원_드론정보포털_기업명_사업분야_20240424 (1).csv"",""as_of_date"":""2024-04-24"",""defense_use_case_relation"":""일반"",""relation_rationale"":""민수 활용 중심이나 군 시설 관리와 교차 가능"",""official_defense_evidence"":""N"",""usage_note"":""탐색용 분류이며 기업의 방산업체 지정·군 납품을 의미하지 않음""},""duplicate_source_rows"":[]}"
39a0bd323ca74ef9d4817641,CMP0128,물류·운송·구조,일반,company_category_bridge,541,"{""original"":{""company_id"":""CMP0128"",""company_name_normalized"":""세이프어스드론"",""business_category"":""물류·운송·구조"",""source_category_raw"":""감시.정찰.수색/인프라관리/물류·운송·구조/방역/방제/살포/환경측량"",""source_file"":""항공안전기술원_드론정보포털_기업명_사업분야_20240424 (1).csv"",""as_of_date"":""2024-04-24"",""defense_use_case_relation"":""일반"",""relation_rationale"":""군수·수송 용례와 교차 가능"",""official_defense_evidence"":""N"",""usage_note"":""탐색용 분류이며 기업의 방산업체 지정·군 납품을 의미하지 않음""},""duplicate_source_rows"":[]}"
6253fbefee670fedb278249b,CMP0128,방역/방제/살포,낮음,company_category_bridge,542,"{""original"":{""company_id"":""CMP0128"",""company_name_normalized"":""세이프어스드론"",""business_category"":""방역/방제/살포"",""source_category_raw"":""감시.정찰.수색/인프라관리/물류·운송·구조/방역/방제/살포/환경측량"",""source_file"":""항공안전기술원_드론정보포털_기업명_사업분야_20240424 (1).csv"",""as_of_date"":""2024-04-24"",""defense_use_case_relation"":""낮음"",""relation_rationale"":""주로 민수 활용"",""official_defense_evidence"":""N"",""usage_note"":""탐색용 분류이며 기업의 방산업체 지정·군 납품을 의미하지 않음""},""duplicate_source_rows"":[]}"
72a1f93866c2e2ea308f9d46,CMP0128,환경측량,일반,company_category_bridge,543,"{""original"":{""company_id"":""CMP0128"",""company_name_normalized"":""세이프어스드론"",""business_category"":""환경측량"",""source_category_raw"":""감시.정찰.수색/인프라관리/물류·운송·구조/방역/방제/살포/환경측량"",""source_file"":""항공안전기술원_드론정보포털_기업명_사업분야_20240424 (1).csv"",""as_of_date"":""2024-04-24"",""defense_use_case_relation"":""일반"",""relation_rationale"":""군 환경·지형 조사와 교차 가능"",""official_defense_evidence"":""N"",""usage_note"":""탐색용 분류이며 기업의 방산업체 지정·군 납품을 의미하지 않음""},""duplicate_source_rows"":[]}"
5a3d26bf21ebf125415d3391,CMP0131,방역/방제/살포,낮음,company_category_bridge,544,"{""original"":{""company_id"":""CMP0131"",""company_name_normalized"":""솔더드론스쿨"",""business_category"":""방역/방제/살포"",""source_category_raw"":""방역/방제/살포/다목적 H/W/방송·공연/취미·교육"",""source_file"":""항공안전기술원_드론정보포털_기업명_사업분야_20240424 (1).csv"",""as_of_date"":""2024-04-24"",""defense_use_case_relation"":""낮음"",""relation_rationale"":""주로 민수 활용"",""official_defense_evidence"":""N"",""usage_note"":""탐색용 분류이며 기업의 방산업체 지정·군 납품을 의미하지 않음""},""duplicate_source_rows"":[]}"
6eecb758f090535dcb437847,CMP0131,다목적 H/W,인접,company_category_bridge,545,"{""original"":{""company_id"":""CMP0131"",""company_name_normalized"":""솔더드론스쿨"",""business_category"":""다목적 H/W"",""source_category_raw"":""방역/방제/살포/다목적 H/W/방송·공연/취미·교육"",""source_file"":""항공안전기술원_드론정보포털_기업명_사업분야_20240424 (1).csv"",""as_of_date"":""2024-04-24"",""defense_use_case_relation"":""인접"",""relation_rationale"":""기체·전자·탑재체 하드웨어 공급망 후보"",""official_defense_evidence"":""N"",""usage_note"":""탐색용 분류이며 기업의 방산업체 지정·군 납품을 의미하지 않음""},""duplicate_source_rows"":[]}"
ae43adb03a0a154e9367301b,CMP0131,방송·공연,낮음,company_category_bridge,546,"{""original"":{""company_id"":""CMP0131"",""company_name_normalized"":""솔더드론스쿨"",""business_category"":""방송·공연"",""source_category_raw"":""방역/방제/살포/다목적 H/W/방송·공연/취미·교육"",""source_file"":""항공안전기술원_드론정보포털_기업명_사업분야_20240424 (1).csv"",""as_of_date"":""2024-04-24"",""defense_use_case_relation"":""낮음"",""relation_rationale"":""국방 연계 판단 근거로 사용하지 않음"",""official_defense_evidence"":""N"",""usage_note"":""탐색용 분류이며 기업의 방산업체 지정·군 납품을 의미하지 않음""},""duplicate_source_rows"":[]}"
75d9a4b1e642d755bdbbb324,CMP0131,취미·교육,낮음,company_category_bridge,547,"{""original"":{""company_id"":""CMP0131"",""company_name_normalized"":""솔더드론스쿨"",""business_category"":""취미·교육"",""source_category_raw"":""방역/방제/살포/다목적 H/W/방송·공연/취미·교육"",""source_file"":""항공안전기술원_드론정보포털_기업명_사업분야_20240424 (1).csv"",""as_of_date"":""2024-04-24"",""defense_use_case_relation"":""낮음"",""relation_rationale"":""국방 연계 판단 근거로 사용하지 않음"",""official_defense_evidence"":""N"",""usage_note"":""탐색용 분류이며 기업의 방산업체 지정·군 납품을 의미하지 않음""},""duplicate_source_rows"":[]}"
a3737c3c99a57c5f7f511179,CMP0133,감시.정찰.수색,직접,company_category_bridge,548,"{""original"":{""company_id"":""CMP0133"",""company_name_normalized"":""수성알씨(수성RC)"",""business_category"":""감시.정찰.수색"",""source_category_raw"":""감시.정찰.수색/인프라관리/방송·공연/취미·교육/임무장비"",""source_file"":""항공안전기술원_드론정보포털_기업명_사업분야_20240424 (1).csv"",""as_of_date"":""2024-04-24"",""defense_use_case_relation"":""직접"",""relation_rationale"":""군 감시·정찰 임무와 직접 연결 가능"",""official_defense_evidence"":""N"",""usage_note"":""탐색용 분류이며 기업의 방산업체 지정·군 납품을 의미하지 않음""},""duplicate_source_rows"":[]}"
212d6225032d716ca8772be3,CMP0133,인프라관리,일반,company_category_bridge,549,"{""original"":{""company_id"":""CMP0133"",""company_name_normalized"":""수성알씨(수성RC)"",""business_category"":""인프라관리"",""source_category_raw"":""감시.정찰.수색/인프라관리/방송·공연/취미·교육/임무장비"",""source_file"":""항공안전기술원_드론정보포털_기업명_사업분야_20240424 (1).csv"",""as_of_date"":""2024-04-24"",""defense_use_case_relation"":""일반"",""relation_rationale"":""민수 활용 중심이나 군 시설 관리와 교차 가능"",""official_defense_evidence"":""N"",""usage_note"":""탐색용 분류이며 기업의 방산업체 지정·군 납품을 의미하지 않음""},""duplicate_source_rows"":[]}"
ec4d2c3a63c1aa3b98eedb48,CMP0133,방송·공연,낮음,company_category_bridge,550,"{""original"":{""company_id"":""CMP0133"",""company_name_normalized"":""수성알씨(수성RC)"",""business_category"":""방송·공연"",""source_category_raw"":""감시.정찰.수색/인프라관리/방송·공연/취미·교육/임무장비"",""source_file"":""항공안전기술원_드론정보포털_기업명_사업분야_20240424 (1).csv"",""as_of_date"":""2024-04-24"",""defense_use_case_relation"":""낮음"",""relation_rationale"":""국방 연계 판단 근거로 사용하지 않음"",""official_defense_evidence"":""N"",""usage_note"":""탐색용 분류이며 기업의 방산업체 지정·군 납품을 의미하지 않음""},""duplicate_source_rows"":[]}"
df7f874288771ee8981fdbf0,CMP0133,취미·교육,낮음,company_category_bridge,551,"{""original"":{""company_id"":""CMP0133"",""company_name_normalized"":""수성알씨(수성RC)"",""business_category"":""취미·교육"",""source_category_raw"":""감시.정찰.수색/인프라관리/방송·공연/취미·교육/임무장비"",""source_file"":""항공안전기술원_드론정보포털_기업명_사업분야_20240424 (1).csv"",""as_of_date"":""2024-04-24"",""defense_use_case_relation"":""낮음"",""relation_rationale"":""국방 연계 판단 근거로 사용하지 않음"",""official_defense_evidence"":""N"",""usage_note"":""탐색용 분류이며 기업의 방산업체 지정·군 납품을 의미하지 않음""},""duplicate_source_rows"":[]}"
6593bca4d0e83ebef7010ac8,CMP0133,임무장비,직접,company_category_bridge,552,"{""original"":{""company_id"":""CMP0133"",""company_name_normalized"":""수성알씨(수성RC)"",""business_category"":""임무장비"",""source_category_raw"":""감시.정찰.수색/인프라관리/방송·공연/취미·교육/임무장비"",""source_file"":""항공안전기술원_드론정보포털_기업명_사업분야_20240424 (1).csv"",""as_of_date"":""2024-04-24"",""defense_use_case_relation"":""직접"",""relation_rationale"":""정찰·공격·지원 임무장비와 연결 가능"",""official_defense_evidence"":""N"",""usage_note"":""탐색용 분류이며 기업의 방산업체 지정·군 납품을 의미하지 않음""},""duplicate_source_rows"":[]}"
a4c1c8451fa7de796e273a08,CMP0134,감시.정찰.수색,직접,company_category_bridge,553,"{""original"":{""company_id"":""CMP0134"",""company_name_normalized"":""순돌이드론"",""business_category"":""감시.정찰.수색"",""source_category_raw"":""감시.정찰.수색/인프라관리/물류·운송·구조/공간정보/특수촬영/방역/방제/살포/환경측량/다목적 H/W/취미·교육/드론스테이션/안티드론/임무장비/지상통제장비/통합솔루션"",""source_file"":""항공안전기술원_드론정보포털_기업명_사업분야_20240424 (1).csv"",""as_of_date"":""2024-04-24"",""defense_use_case_relation"":""직접"",""relation_rationale"":""군 감시·정찰 임무와 직접 연결 가능"",""official_defense_evidence"":""N"",""usage_note"":""탐색용 분류이며 기업의 방산업체 지정·군 납품을 의미하지 않음""},""duplicate_source_rows"":[]}"
beef8af841e771ab9c5ef580,CMP0134,인프라관리,일반,company_category_bridge,554,"{""original"":{""company_id"":""CMP0134"",""company_name_normalized"":""순돌이드론"",""business_category"":""인프라관리"",""source_category_raw"":""감시.정찰.수색/인프라관리/물류·운송·구조/공간정보/특수촬영/방역/방제/살포/환경측량/다목적 H/W/취미·교육/드론스테이션/안티드론/임무장비/지상통제장비/통합솔루션"",""source_file"":""항공안전기술원_드론정보포털_기업명_사업분야_20240424 (1).csv"",""as_of_date"":""2024-04-24"",""defense_use_case_relation"":""일반"",""relation_rationale"":""민수 활용 중심이나 군 시설 관리와 교차 가능"",""official_defense_evidence"":""N"",""usage_note"":""탐색용 분류이며 기업의 방산업체 지정·군 납품을 의미하지 않음""},""duplicate_source_rows"":[]}"
d86c0c24c79ddfab719368bb,CMP0134,물류·운송·구조,일반,company_category_bridge,555,"{""original"":{""company_id"":""CMP0134"",""company_name_normalized"":""순돌이드론"",""business_category"":""물류·운송·구조"",""source_category_raw"":""감시.정찰.수색/인프라관리/물류·운송·구조/공간정보/특수촬영/방역/방제/살포/환경측량/다목적 H/W/취미·교육/드론스테이션/안티드론/임무장비/지상통제장비/통합솔루션"",""source_file"":""항공안전기술원_드론정보포털_기업명_사업분야_20240424 (1).csv"",""as_of_date"":""2024-04-24"",""defense_use_case_relation"":""일반"",""relation_rationale"":""군수·수송 용례와 교차 가능"",""official_defense_evidence"":""N"",""usage_note"":""탐색용 분류이며 기업의 방산업체 지정·군 납품을 의미하지 않음""},""duplicate_source_rows"":[]}"
8a1f86d25646b51e168da7d3,CMP0134,공간정보,일반,company_category_bridge,556,"{""original"":{""company_id"":""CMP0134"",""company_name_normalized"":""순돌이드론"",""business_category"":""공간정보"",""source_category_raw"":""감시.정찰.수색/인프라관리/물류·운송·구조/공간정보/특수촬영/방역/방제/살포/환경측량/다목적 H/W/취미·교육/드론스테이션/안티드론/임무장비/지상통제장비/통합솔루션"",""source_file"":""항공안전기술원_드론정보포털_기업명_사업분야_20240424 (1).csv"",""as_of_date"":""2024-04-24"",""defense_use_case_relation"":""일반"",""relation_rationale"":""군 지형·공간정보 용례와 교차 가능"",""official_defense_evidence"":""N"",""usage_note"":""탐색용 분류이며 기업의 방산업체 지정·군 납품을 의미하지 않음""},""duplicate_source_rows"":[]}"
54bc08e29f07b7d6842f16a2,CMP0134,특수촬영,일반,company_category_bridge,557,"{""original"":{""company_id"":""CMP0134"",""company_name_normalized"":""순돌이드론"",""business_category"":""특수촬영"",""source_category_raw"":""감시.정찰.수색/인프라관리/물류·운송·구조/공간정보/특수촬영/방역/방제/살포/환경측량/다목적 H/W/취미·교육/드론스테이션/안티드론/임무장비/지상통제장비/통합솔루션"",""source_file"":""항공안전기술원_드론정보포털_기업명_사업분야_20240424 (1).csv"",""as_of_date"":""2024-04-24"",""defense_use_case_relation"":""일반"",""relation_rationale"":""정찰 영상과 기술적으로 인접할 수 있음"",""official_defense_evidence"":""N"",""usage_note"":""탐색용 분류이며 기업의 방산업체 지정·군 납품을 의미하지 않음""},""duplicate_source_rows"":[]}"
7c3c248c5f0b12aa6e585943,CMP0134,방역/방제/살포,낮음,company_category_bridge,558,"{""original"":{""company_id"":""CMP0134"",""company_name_normalized"":""순돌이드론"",""business_category"":""방역/방제/살포"",""source_category_raw"":""감시.정찰.수색/인프라관리/물류·운송·구조/공간정보/특수촬영/방역/방제/살포/환경측량/다목적 H/W/취미·교육/드론스테이션/안티드론/임무장비/지상통제장비/통합솔루션"",""source_file"":""항공안전기술원_드론정보포털_기업명_사업분야_20240424 (1).csv"",""as_of_date"":""2024-04-24"",""defense_use_case_relation"":""낮음"",""relation_rationale"":""주로 민수 활용"",""official_defense_evidence"":""N"",""usage_note"":""탐색용 분류이며 기업의 방산업체 지정·군 납품을 의미하지 않음""},""duplicate_source_rows"":[]}"
aa66832dbaa2c01cddbafce2,CMP0134,환경측량,일반,company_category_bridge,559,"{""original"":{""company_id"":""CMP0134"",""company_name_normalized"":""순돌이드론"",""business_category"":""환경측량"",""source_category_raw"":""감시.정찰.수색/인프라관리/물류·운송·구조/공간정보/특수촬영/방역/방제/살포/환경측량/다목적 H/W/취미·교육/드론스테이션/안티드론/임무장비/지상통제장비/통합솔루션"",""source_file"":""항공안전기술원_드론정보포털_기업명_사업분야_20240424 (1).csv"",""as_of_date"":""2024-04-24"",""defense_use_case_relation"":""일반"",""relation_rationale"":""군 환경·지형 조사와 교차 가능"",""official_defense_evidence"":""N"",""usage_note"":""탐색용 분류이며 기업의 방산업체 지정·군 납품을 의미하지 않음""},""duplicate_source_rows"":[]}"
c44fdf9c7c0d543270047837,CMP0134,다목적 H/W,인접,company_category_bridge,560,"{""original"":{""company_id"":""CMP0134"",""company_name_normalized"":""순돌이드론"",""business_category"":""다목적 H/W"",""source_category_raw"":""감시.정찰.수색/인프라관리/물류·운송·구조/공간정보/특수촬영/방역/방제/살포/환경측량/다목적 H/W/취미·교육/드론스테이션/안티드론/임무장비/지상통제장비/통합솔루션"",""source_file"":""항공안전기술원_드론정보포털_기업명_사업분야_20240424 (1).csv"",""as_of_date"":""2024-04-24"",""defense_use_case_relation"":""인접"",""relation_rationale"":""기체·전자·탑재체 하드웨어 공급망 후보"",""official_defense_evidence"":""N"",""usage_note"":""탐색용 분류이며 기업의 방산업체 지정·군 납품을 의미하지 않음""},""duplicate_source_rows"":[]}"
e3a0915037e23ef2234535b2,CMP0134,취미·교육,낮음,company_category_bridge,561,"{""original"":{""company_id"":""CMP0134"",""company_name_normalized"":""순돌이드론"",""business_category"":""취미·교육"",""source_category_raw"":""감시.정찰.수색/인프라관리/물류·운송·구조/공간정보/특수촬영/방역/방제/살포/환경측량/다목적 H/W/취미·교육/드론스테이션/안티드론/임무장비/지상통제장비/통합솔루션"",""source_file"":""항공안전기술원_드론정보포털_기업명_사업분야_20240424 (1).csv"",""as_of_date"":""2024-04-24"",""defense_use_case_relation"":""낮음"",""relation_rationale"":""국방 연계 판단 근거로 사용하지 않음"",""official_defense_evidence"":""N"",""usage_note"":""탐색용 분류이며 기업의 방산업체 지정·군 납품을 의미하지 않음""},""duplicate_source_rows"":[]}"
47af1110f9036b5eb88d7dd9,CMP0134,드론스테이션,인접,company_category_bridge,562,"{""original"":{""company_id"":""CMP0134"",""company_name_normalized"":""순돌이드론"",""business_category"":""드론스테이션"",""source_category_raw"":""감시.정찰.수색/인프라관리/물류·운송·구조/공간정보/특수촬영/방역/방제/살포/환경측량/다목적 H/W/취미·교육/드론스테이션/안티드론/임무장비/지상통제장비/통합솔루션"",""source_file"":""항공안전기술원_드론정보포털_기업명_사업분야_20240424 (1).csv"",""as_of_date"":""2024-04-24"",""defense_use_case_relation"":""인접"",""relation_rationale"":""무인 운용·원격 통제 인프라 후보"",""official_defense_evidence"":""N"",""usage_note"":""탐색용 분류이며 기업의 방산업체 지정·군 납품을 의미하지 않음""},""duplicate_source_rows"":[]}"
a3e52b82670b4e49a28bded3,CMP0134,안티드론,직접,company_category_bridge,563,"{""original"":{""company_id"":""CMP0134"",""company_name_normalized"":""순돌이드론"",""business_category"":""안티드론"",""source_category_raw"":""감시.정찰.수색/인프라관리/물류·운송·구조/공간정보/특수촬영/방역/방제/살포/환경측량/다목적 H/W/취미·교육/드론스테이션/안티드론/임무장비/지상통제장비/통합솔루션"",""source_file"":""항공안전기술원_드론정보포털_기업명_사업분야_20240424 (1).csv"",""as_of_date"":""2024-04-24"",""defense_use_case_relation"":""직접"",""relation_rationale"":""대드론·C-UAS 용례와 직접 연결되는 사업분야"",""official_defense_evidence"":""N"",""usage_note"":""탐색용 분류이며 기업의 방산업체 지정·군 납품을 의미하지 않음""},""duplicate_source_rows"":[]}"
efc5f17abeeca1e667503eb9,CMP0134,임무장비,직접,company_category_bridge,564,"{""original"":{""company_id"":""CMP0134"",""company_name_normalized"":""순돌이드론"",""business_category"":""임무장비"",""source_category_raw"":""감시.정찰.수색/인프라관리/물류·운송·구조/공간정보/특수촬영/방역/방제/살포/환경측량/다목적 H/W/취미·교육/드론스테이션/안티드론/임무장비/지상통제장비/통합솔루션"",""source_file"":""항공안전기술원_드론정보포털_기업명_사업분야_20240424 (1).csv"",""as_of_date"":""2024-04-24"",""defense_use_case_relation"":""직접"",""relation_rationale"":""정찰·공격·지원 임무장비와 연결 가능"",""official_defense_evidence"":""N"",""usage_note"":""탐색용 분류이며 기업의 방산업체 지정·군 납품을 의미하지 않음""},""duplicate_source_rows"":[]}"
37ed6800e59836701a73ad44,CMP0134,지상통제장비,직접,company_category_bridge,565,"{""original"":{""company_id"":""CMP0134"",""company_name_normalized"":""순돌이드론"",""business_category"":""지상통제장비"",""source_category_raw"":""감시.정찰.수색/인프라관리/물류·운송·구조/공간정보/특수촬영/방역/방제/살포/환경측량/다목적 H/W/취미·교육/드론스테이션/안티드론/임무장비/지상통제장비/통합솔루션"",""source_file"":""항공안전기술원_드론정보포털_기업명_사업분야_20240424 (1).csv"",""as_of_date"":""2024-04-24"",""defense_use_case_relation"":""직접"",""relation_rationale"":""GCS·임무통제와 연결 가능"",""official_defense_evidence"":""N"",""usage_note"":""탐색용 분류이며 기업의 방산업체 지정·군 납품을 의미하지 않음""},""duplicate_source_rows"":[]}"
17c222d567d207725faaf0bc,CMP0134,통합솔루션,인접,company_category_bridge,566,"{""original"":{""company_id"":""CMP0134"",""company_name_normalized"":""순돌이드론"",""business_category"":""통합솔루션"",""source_category_raw"":""감시.정찰.수색/인프라관리/물류·운송·구조/공간정보/특수촬영/방역/방제/살포/환경측량/다목적 H/W/취미·교육/드론스테이션/안티드론/임무장비/지상통제장비/통합솔루션"",""source_file"":""항공안전기술원_드론정보포털_기업명_사업분야_20240424 (1).csv"",""as_of_date"":""2024-04-24"",""defense_use_case_relation"":""인접"",""relation_rationale"":""체계통합·운용 소프트웨어와 연결 가능"",""official_defense_evidence"":""N"",""usage_note"":""탐색용 분류이며 기업의 방산업체 지정·군 납품을 의미하지 않음""},""duplicate_source_rows"":[]}"
a06a26bd1fc83e8ec6eecd63,CMP0135,물류·운송·구조,일반,company_category_bridge,567,"{""original"":{""company_id"":""CMP0135"",""company_name_normalized"":""숨비"",""business_category"":""물류·운송·구조"",""source_category_raw"":""물류·운송·구조/다목적 H/W/안티드론/모듈/통합솔루션/앱"",""source_file"":""항공안전기술원_드론정보포털_기업명_사업분야_20240424 (1).csv"",""as_of_date"":""2024-04-24"",""defense_use_case_relation"":""일반"",""relation_rationale"":""군수·수송 용례와 교차 가능"",""official_defense_evidence"":""N"",""usage_note"":""탐색용 분류이며 기업의 방산업체 지정·군 납품을 의미하지 않음""},""duplicate_source_rows"":[]}"
00620cb18eab7a3a9505043c,CMP0135,다목적 H/W,인접,company_category_bridge,568,"{""original"":{""company_id"":""CMP0135"",""company_name_normalized"":""숨비"",""business_category"":""다목적 H/W"",""source_category_raw"":""물류·운송·구조/다목적 H/W/안티드론/모듈/통합솔루션/앱"",""source_file"":""항공안전기술원_드론정보포털_기업명_사업분야_20240424 (1).csv"",""as_of_date"":""2024-04-24"",""defense_use_case_relation"":""인접"",""relation_rationale"":""기체·전자·탑재체 하드웨어 공급망 후보"",""official_defense_evidence"":""N"",""usage_note"":""탐색용 분류이며 기업의 방산업체 지정·군 납품을 의미하지 않음""},""duplicate_source_rows"":[]}"
a9e5ef88be77a3d3c20d3c86,CMP0135,안티드론,직접,company_category_bridge,569,"{""original"":{""company_id"":""CMP0135"",""company_name_normalized"":""숨비"",""business_category"":""안티드론"",""source_category_raw"":""물류·운송·구조/다목적 H/W/안티드론/모듈/통합솔루션/앱"",""source_file"":""항공안전기술원_드론정보포털_기업명_사업분야_20240424 (1).csv"",""as_of_date"":""2024-04-24"",""defense_use_case_relation"":""직접"",""relation_rationale"":""대드론·C-UAS 용례와 직접 연결되는 사업분야"",""official_defense_evidence"":""N"",""usage_note"":""탐색용 분류이며 기업의 방산업체 지정·군 납품을 의미하지 않음""},""duplicate_source_rows"":[]}"
297e68a6e63fb5c64d60f161,CMP0135,모듈,인접,company_category_bridge,570,"{""original"":{""company_id"":""CMP0135"",""company_name_normalized"":""숨비"",""business_category"":""모듈"",""source_category_raw"":""물류·운송·구조/다목적 H/W/안티드론/모듈/통합솔루션/앱"",""source_file"":""항공안전기술원_드론정보포털_기업명_사업분야_20240424 (1).csv"",""as_of_date"":""2024-04-24"",""defense_use_case_relation"":""인접"",""relation_rationale"":""국방 드론 부품·모듈 공급망 후보"",""official_defense_evidence"":""N"",""usage_note"":""탐색용 분류이며 기업의 방산업체 지정·군 납품을 의미하지 않음""},""duplicate_source_rows"":[]}"
28cfb15dac53a840c586d2da,CMP0135,통합솔루션,인접,company_category_bridge,571,"{""original"":{""company_id"":""CMP0135"",""company_name_normalized"":""숨비"",""business_category"":""통합솔루션"",""source_category_raw"":""물류·운송·구조/다목적 H/W/안티드론/모듈/통합솔루션/앱"",""source_file"":""항공안전기술원_드론정보포털_기업명_사업분야_20240424 (1).csv"",""as_of_date"":""2024-04-24"",""defense_use_case_relation"":""인접"",""relation_rationale"":""체계통합·운용 소프트웨어와 연결 가능"",""official_defense_evidence"":""N"",""usage_note"":""탐색용 분류이며 기업의 방산업체 지정·군 납품을 의미하지 않음""},""duplicate_source_rows"":[]}"
48746713bbc3aba8642d5aee,CMP0135,앱,낮음,company_category_bridge,572,"{""original"":{""company_id"":""CMP0135"",""company_name_normalized"":""숨비"",""business_category"":""앱"",""source_category_raw"":""물류·운송·구조/다목적 H/W/안티드론/모듈/통합솔루션/앱"",""source_file"":""항공안전기술원_드론정보포털_기업명_사업분야_20240424 (1).csv"",""as_of_date"":""2024-04-24"",""defense_use_case_relation"":""낮음"",""relation_rationale"":""세부 기능 확인 전 국방 연계 판단 불가"",""official_defense_evidence"":""N"",""usage_note"":""탐색용 분류이며 기업의 방산업체 지정·군 납품을 의미하지 않음""},""duplicate_source_rows"":[]}"
8263b23888380a79fcb6cf66,CMP0137,감시.정찰.수색,직접,company_category_bridge,573,"{""original"":{""company_id"":""CMP0137"",""company_name_normalized"":""스카이시스"",""business_category"":""감시.정찰.수색"",""source_category_raw"":""감시.정찰.수색/인프라관리"",""source_file"":""항공안전기술원_드론정보포털_기업명_사업분야_20240424 (1).csv"",""as_of_date"":""2024-04-24"",""defense_use_case_relation"":""직접"",""relation_rationale"":""군 감시·정찰 임무와 직접 연결 가능"",""official_defense_evidence"":""N"",""usage_note"":""탐색용 분류이며 기업의 방산업체 지정·군 납품을 의미하지 않음""},""duplicate_source_rows"":[]}"
654a51c10c22b5cdfe2a0a01,CMP0137,인프라관리,일반,company_category_bridge,574,"{""original"":{""company_id"":""CMP0137"",""company_name_normalized"":""스카이시스"",""business_category"":""인프라관리"",""source_category_raw"":""감시.정찰.수색/인프라관리"",""source_file"":""항공안전기술원_드론정보포털_기업명_사업분야_20240424 (1).csv"",""as_of_date"":""2024-04-24"",""defense_use_case_relation"":""일반"",""relation_rationale"":""민수 활용 중심이나 군 시설 관리와 교차 가능"",""official_defense_evidence"":""N"",""usage_note"":""탐색용 분류이며 기업의 방산업체 지정·군 납품을 의미하지 않음""},""duplicate_source_rows"":[]}"
c98a9c791a745f7ce4683b0d,CMP0140,감시.정찰.수색,직접,company_category_bridge,575,"{""original"":{""company_id"":""CMP0140"",""company_name_normalized"":""스카이텍"",""business_category"":""감시.정찰.수색"",""source_category_raw"":""감시.정찰.수색/인프라관리/모듈"",""source_file"":""항공안전기술원_드론정보포털_기업명_사업분야_20240424 (1).csv"",""as_of_date"":""2024-04-24"",""defense_use_case_relation"":""직접"",""relation_rationale"":""군 감시·정찰 임무와 직접 연결 가능"",""official_defense_evidence"":""N"",""usage_note"":""탐색용 분류이며 기업의 방산업체 지정·군 납품을 의미하지 않음""},""duplicate_source_rows"":[]}"
db9923ac8c1f99b00d431c23,CMP0140,인프라관리,일반,company_category_bridge,576,"{""original"":{""company_id"":""CMP0140"",""company_name_normalized"":""스카이텍"",""business_category"":""인프라관리"",""source_category_raw"":""감시.정찰.수색/인프라관리/모듈"",""source_file"":""항공안전기술원_드론정보포털_기업명_사업분야_20240424 (1).csv"",""as_of_date"":""2024-04-24"",""defense_use_case_relation"":""일반"",""relation_rationale"":""민수 활용 중심이나 군 시설 관리와 교차 가능"",""official_defense_evidence"":""N"",""usage_note"":""탐색용 분류이며 기업의 방산업체 지정·군 납품을 의미하지 않음""},""duplicate_source_rows"":[]}"
7b4113017008f7c777b9f8f9,CMP0140,모듈,인접,company_category_bridge,577,"{""original"":{""company_id"":""CMP0140"",""company_name_normalized"":""스카이텍"",""business_category"":""모듈"",""source_category_raw"":""감시.정찰.수색/인프라관리/모듈"",""source_file"":""항공안전기술원_드론정보포털_기업명_사업분야_20240424 (1).csv"",""as_of_date"":""2024-04-24"",""defense_use_case_relation"":""인접"",""relation_rationale"":""국방 드론 부품·모듈 공급망 후보"",""official_defense_evidence"":""N"",""usage_note"":""탐색용 분류이며 기업의 방산업체 지정·군 납품을 의미하지 않음""},""duplicate_source_rows"":[]}"
b602e0060dd8f75cb36fb034,CMP0141,모듈,인접,company_category_bridge,578,"{""original"":{""company_id"":""CMP0141"",""company_name_normalized"":""스타맨"",""business_category"":""모듈"",""source_category_raw"":""모듈/기타"",""source_file"":""항공안전기술원_드론정보포털_기업명_사업분야_20240424 (1).csv"",""as_of_date"":""2024-04-24"",""defense_use_case_relation"":""인접"",""relation_rationale"":""국방 드론 부품·모듈 공급망 후보"",""official_defense_evidence"":""N"",""usage_note"":""탐색용 분류이며 기업의 방산업체 지정·군 납품을 의미하지 않음""},""duplicate_source_rows"":[]}"
a7f0d2b045413dadee74a5ad,CMP0141,기타,미확인,company_category_bridge,579,"{""original"":{""company_id"":""CMP0141"",""company_name_normalized"":""스타맨"",""business_category"":""기타"",""source_category_raw"":""모듈/기타"",""source_file"":""항공안전기술원_드론정보포털_기업명_사업분야_20240424 (1).csv"",""as_of_date"":""2024-04-24"",""defense_use_case_relation"":""미확인"",""relation_rationale"":""세부 내용 확인 필요"",""official_defense_evidence"":""N"",""usage_note"":""탐색용 분류이며 기업의 방산업체 지정·군 납품을 의미하지 않음""},""duplicate_source_rows"":[]}"
290351c682313a347cdffbcb,CMP0142,방역/방제/살포,낮음,company_category_bridge,580,"{""original"":{""company_id"":""CMP0142"",""company_name_normalized"":""스타팅드론교육원"",""business_category"":""방역/방제/살포"",""source_category_raw"":""방역/방제/살포/취미·교육/기타"",""source_file"":""항공안전기술원_드론정보포털_기업명_사업분야_20240424 (1).csv"",""as_of_date"":""2024-04-24"",""defense_use_case_relation"":""낮음"",""relation_rationale"":""주로 민수 활용"",""official_defense_evidence"":""N"",""usage_note"":""탐색용 분류이며 기업의 방산업체 지정·군 납품을 의미하지 않음""},""duplicate_source_rows"":[]}"
0a57e2eca0db20117fd08f91,CMP0142,취미·교육,낮음,company_category_bridge,581,"{""original"":{""company_id"":""CMP0142"",""company_name_normalized"":""스타팅드론교육원"",""business_category"":""취미·교육"",""source_category_raw"":""방역/방제/살포/취미·교육/기타"",""source_file"":""항공안전기술원_드론정보포털_기업명_사업분야_20240424 (1).csv"",""as_of_date"":""2024-04-24"",""defense_use_case_relation"":""낮음"",""relation_rationale"":""국방 연계 판단 근거로 사용하지 않음"",""official_defense_evidence"":""N"",""usage_note"":""탐색용 분류이며 기업의 방산업체 지정·군 납품을 의미하지 않음""},""duplicate_source_rows"":[]}"
b9de422e66ef60c323f232db,CMP0142,기타,미확인,company_category_bridge,582,"{""original"":{""company_id"":""CMP0142"",""company_name_normalized"":""스타팅드론교육원"",""business_category"":""기타"",""source_category_raw"":""방역/방제/살포/취미·교육/기타"",""source_file"":""항공안전기술원_드론정보포털_기업명_사업분야_20240424 (1).csv"",""as_of_date"":""2024-04-24"",""defense_use_case_relation"":""미확인"",""relation_rationale"":""세부 내용 확인 필요"",""official_defense_evidence"":""N"",""usage_note"":""탐색용 분류이며 기업의 방산업체 지정·군 납품을 의미하지 않음""},""duplicate_source_rows"":[]}"
c4961f2325681cdcfaf9ee63,CMP0144,감시.정찰.수색,직접,company_category_bridge,583,"{""original"":{""company_id"":""CMP0144"",""company_name_normalized"":""시스테크"",""business_category"":""감시.정찰.수색"",""source_category_raw"":""감시.정찰.수색/인프라관리/공간정보/특수촬영"",""source_file"":""항공안전기술원_드론정보포털_기업명_사업분야_20240424 (1).csv"",""as_of_date"":""2024-04-24"",""defense_use_case_relation"":""직접"",""relation_rationale"":""군 감시·정찰 임무와 직접 연결 가능"",""official_defense_evidence"":""N"",""usage_note"":""탐색용 분류이며 기업의 방산업체 지정·군 납품을 의미하지 않음""},""duplicate_source_rows"":[]}"
7584e7f151cb1db28bf91dd2,CMP0144,인프라관리,일반,company_category_bridge,584,"{""original"":{""company_id"":""CMP0144"",""company_name_normalized"":""시스테크"",""business_category"":""인프라관리"",""source_category_raw"":""감시.정찰.수색/인프라관리/공간정보/특수촬영"",""source_file"":""항공안전기술원_드론정보포털_기업명_사업분야_20240424 (1).csv"",""as_of_date"":""2024-04-24"",""defense_use_case_relation"":""일반"",""relation_rationale"":""민수 활용 중심이나 군 시설 관리와 교차 가능"",""official_defense_evidence"":""N"",""usage_note"":""탐색용 분류이며 기업의 방산업체 지정·군 납품을 의미하지 않음""},""duplicate_source_rows"":[]}"
0cfab236e0cf43de8cd06dc3,CMP0144,공간정보,일반,company_category_bridge,585,"{""original"":{""company_id"":""CMP0144"",""company_name_normalized"":""시스테크"",""business_category"":""공간정보"",""source_category_raw"":""감시.정찰.수색/인프라관리/공간정보/특수촬영"",""source_file"":""항공안전기술원_드론정보포털_기업명_사업분야_20240424 (1).csv"",""as_of_date"":""2024-04-24"",""defense_use_case_relation"":""일반"",""relation_rationale"":""군 지형·공간정보 용례와 교차 가능"",""official_defense_evidence"":""N"",""usage_note"":""탐색용 분류이며 기업의 방산업체 지정·군 납품을 의미하지 않음""},""duplicate_source_rows"":[]}"
4adb44d58f533d8d501262db,CMP0144,특수촬영,일반,company_category_bridge,586,"{""original"":{""company_id"":""CMP0144"",""company_name_normalized"":""시스테크"",""business_category"":""특수촬영"",""source_category_raw"":""감시.정찰.수색/인프라관리/공간정보/특수촬영"",""source_file"":""항공안전기술원_드론정보포털_기업명_사업분야_20240424 (1).csv"",""as_of_date"":""2024-04-24"",""defense_use_case_relation"":""일반"",""relation_rationale"":""정찰 영상과 기술적으로 인접할 수 있음"",""official_defense_evidence"":""N"",""usage_note"":""탐색용 분류이며 기업의 방산업체 지정·군 납품을 의미하지 않음""},""duplicate_source_rows"":[]}"
73b8be9b190c1a230c22c5a1,CMP0145,감시.정찰.수색,직접,company_category_bridge,587,"{""original"":{""company_id"":""CMP0145"",""company_name_normalized"":""써드아이로보틱스"",""business_category"":""감시.정찰.수색"",""source_category_raw"":""감시.정찰.수색/인프라관리/공간정보/특수촬영/환경측량"",""source_file"":""항공안전기술원_드론정보포털_기업명_사업분야_20240424 (1).csv"",""as_of_date"":""2024-04-24"",""defense_use_case_relation"":""직접"",""relation_rationale"":""군 감시·정찰 임무와 직접 연결 가능"",""official_defense_evidence"":""N"",""usage_note"":""탐색용 분류이며 기업의 방산업체 지정·군 납품을 의미하지 않음""},""duplicate_source_rows"":[]}"
186add83f1cf329856f8e517,CMP0145,인프라관리,일반,company_category_bridge,588,"{""original"":{""company_id"":""CMP0145"",""company_name_normalized"":""써드아이로보틱스"",""business_category"":""인프라관리"",""source_category_raw"":""감시.정찰.수색/인프라관리/공간정보/특수촬영/환경측량"",""source_file"":""항공안전기술원_드론정보포털_기업명_사업분야_20240424 (1).csv"",""as_of_date"":""2024-04-24"",""defense_use_case_relation"":""일반"",""relation_rationale"":""민수 활용 중심이나 군 시설 관리와 교차 가능"",""official_defense_evidence"":""N"",""usage_note"":""탐색용 분류이며 기업의 방산업체 지정·군 납품을 의미하지 않음""},""duplicate_source_rows"":[]}"
808788c1a3a22995d9a2a59b,CMP0145,공간정보,일반,company_category_bridge,589,"{""original"":{""company_id"":""CMP0145"",""company_name_normalized"":""써드아이로보틱스"",""business_category"":""공간정보"",""source_category_raw"":""감시.정찰.수색/인프라관리/공간정보/특수촬영/환경측량"",""source_file"":""항공안전기술원_드론정보포털_기업명_사업분야_20240424 (1).csv"",""as_of_date"":""2024-04-24"",""defense_use_case_relation"":""일반"",""relation_rationale"":""군 지형·공간정보 용례와 교차 가능"",""official_defense_evidence"":""N"",""usage_note"":""탐색용 분류이며 기업의 방산업체 지정·군 납품을 의미하지 않음""},""duplicate_source_rows"":[]}"
3542ccd865732a6b39188ce7,CMP0145,특수촬영,일반,company_category_bridge,590,"{""original"":{""company_id"":""CMP0145"",""company_name_normalized"":""써드아이로보틱스"",""business_category"":""특수촬영"",""source_category_raw"":""감시.정찰.수색/인프라관리/공간정보/특수촬영/환경측량"",""source_file"":""항공안전기술원_드론정보포털_기업명_사업분야_20240424 (1).csv"",""as_of_date"":""2024-04-24"",""defense_use_case_relation"":""일반"",""relation_rationale"":""정찰 영상과 기술적으로 인접할 수 있음"",""official_defense_evidence"":""N"",""usage_note"":""탐색용 분류이며 기업의 방산업체 지정·군 납품을 의미하지 않음""},""duplicate_source_rows"":[]}"
373241abf0ae79eb1e9e51dd,CMP0145,환경측량,일반,company_category_bridge,591,"{""original"":{""company_id"":""CMP0145"",""company_name_normalized"":""써드아이로보틱스"",""business_category"":""환경측량"",""source_category_raw"":""감시.정찰.수색/인프라관리/공간정보/특수촬영/환경측량"",""source_file"":""항공안전기술원_드론정보포털_기업명_사업분야_20240424 (1).csv"",""as_of_date"":""2024-04-24"",""defense_use_case_relation"":""일반"",""relation_rationale"":""군 환경·지형 조사와 교차 가능"",""official_defense_evidence"":""N"",""usage_note"":""탐색용 분류이며 기업의 방산업체 지정·군 납품을 의미하지 않음""},""duplicate_source_rows"":[]}"
42439a3eb3bdd258c2f36e21,CMP0148,드론스테이션,인접,company_category_bridge,592,"{""original"":{""company_id"":""CMP0148"",""company_name_normalized"":""아르고스다인"",""business_category"":""드론스테이션"",""source_category_raw"":""드론스테이션/임무장비/모듈/지상통제장비/통합솔루션/공간정보/특수촬영/방역/방제/살포/환경측량/감시.정찰.수색/인프라관리"",""source_file"":""항공안전기술원_드론정보포털_기업명_사업분야_20240424 (1).csv"",""as_of_date"":""2024-04-24"",""defense_use_case_relation"":""인접"",""relation_rationale"":""무인 운용·원격 통제 인프라 후보"",""official_defense_evidence"":""N"",""usage_note"":""탐색용 분류이며 기업의 방산업체 지정·군 납품을 의미하지 않음""},""duplicate_source_rows"":[]}"
808fa7afa53b7c7717b9395c,CMP0148,임무장비,직접,company_category_bridge,593,"{""original"":{""company_id"":""CMP0148"",""company_name_normalized"":""아르고스다인"",""business_category"":""임무장비"",""source_category_raw"":""드론스테이션/임무장비/모듈/지상통제장비/통합솔루션/공간정보/특수촬영/방역/방제/살포/환경측량/감시.정찰.수색/인프라관리"",""source_file"":""항공안전기술원_드론정보포털_기업명_사업분야_20240424 (1).csv"",""as_of_date"":""2024-04-24"",""defense_use_case_relation"":""직접"",""relation_rationale"":""정찰·공격·지원 임무장비와 연결 가능"",""official_defense_evidence"":""N"",""usage_note"":""탐색용 분류이며 기업의 방산업체 지정·군 납품을 의미하지 않음""},""duplicate_source_rows"":[]}"
760b20255293772656d0ebb1,CMP0148,모듈,인접,company_category_bridge,594,"{""original"":{""company_id"":""CMP0148"",""company_name_normalized"":""아르고스다인"",""business_category"":""모듈"",""source_category_raw"":""드론스테이션/임무장비/모듈/지상통제장비/통합솔루션/공간정보/특수촬영/방역/방제/살포/환경측량/감시.정찰.수색/인프라관리"",""source_file"":""항공안전기술원_드론정보포털_기업명_사업분야_20240424 (1).csv"",""as_of_date"":""2024-04-24"",""defense_use_case_relation"":""인접"",""relation_rationale"":""국방 드론 부품·모듈 공급망 후보"",""official_defense_evidence"":""N"",""usage_note"":""탐색용 분류이며 기업의 방산업체 지정·군 납품을 의미하지 않음""},""duplicate_source_rows"":[]}"
3b91244975ba046b49ccb57e,CMP0148,지상통제장비,직접,company_category_bridge,595,"{""original"":{""company_id"":""CMP0148"",""company_name_normalized"":""아르고스다인"",""business_category"":""지상통제장비"",""source_category_raw"":""드론스테이션/임무장비/모듈/지상통제장비/통합솔루션/공간정보/특수촬영/방역/방제/살포/환경측량/감시.정찰.수색/인프라관리"",""source_file"":""항공안전기술원_드론정보포털_기업명_사업분야_20240424 (1).csv"",""as_of_date"":""2024-04-24"",""defense_use_case_relation"":""직접"",""relation_rationale"":""GCS·임무통제와 연결 가능"",""official_defense_evidence"":""N"",""usage_note"":""탐색용 분류이며 기업의 방산업체 지정·군 납품을 의미하지 않음""},""duplicate_source_rows"":[]}"
4343cca75a8801abc77b8eba,CMP0148,통합솔루션,인접,company_category_bridge,596,"{""original"":{""company_id"":""CMP0148"",""company_name_normalized"":""아르고스다인"",""business_category"":""통합솔루션"",""source_category_raw"":""드론스테이션/임무장비/모듈/지상통제장비/통합솔루션/공간정보/특수촬영/방역/방제/살포/환경측량/감시.정찰.수색/인프라관리"",""source_file"":""항공안전기술원_드론정보포털_기업명_사업분야_20240424 (1).csv"",""as_of_date"":""2024-04-24"",""defense_use_case_relation"":""인접"",""relation_rationale"":""체계통합·운용 소프트웨어와 연결 가능"",""official_defense_evidence"":""N"",""usage_note"":""탐색용 분류이며 기업의 방산업체 지정·군 납품을 의미하지 않음""},""duplicate_source_rows"":[]}"
7da9a401e14044ecb40bcc0f,CMP0148,공간정보,일반,company_category_bridge,597,"{""original"":{""company_id"":""CMP0148"",""company_name_normalized"":""아르고스다인"",""business_category"":""공간정보"",""source_category_raw"":""드론스테이션/임무장비/모듈/지상통제장비/통합솔루션/공간정보/특수촬영/방역/방제/살포/환경측량/감시.정찰.수색/인프라관리"",""source_file"":""항공안전기술원_드론정보포털_기업명_사업분야_20240424 (1).csv"",""as_of_date"":""2024-04-24"",""defense_use_case_relation"":""일반"",""relation_rationale"":""군 지형·공간정보 용례와 교차 가능"",""official_defense_evidence"":""N"",""usage_note"":""탐색용 분류이며 기업의 방산업체 지정·군 납품을 의미하지 않음""},""duplicate_source_rows"":[]}"
c8332556a39e87beccdc0cd5,CMP0148,특수촬영,일반,company_category_bridge,598,"{""original"":{""company_id"":""CMP0148"",""company_name_normalized"":""아르고스다인"",""business_category"":""특수촬영"",""source_category_raw"":""드론스테이션/임무장비/모듈/지상통제장비/통합솔루션/공간정보/특수촬영/방역/방제/살포/환경측량/감시.정찰.수색/인프라관리"",""source_file"":""항공안전기술원_드론정보포털_기업명_사업분야_20240424 (1).csv"",""as_of_date"":""2024-04-24"",""defense_use_case_relation"":""일반"",""relation_rationale"":""정찰 영상과 기술적으로 인접할 수 있음"",""official_defense_evidence"":""N"",""usage_note"":""탐색용 분류이며 기업의 방산업체 지정·군 납품을 의미하지 않음""},""duplicate_source_rows"":[]}"
2f04e9ebb51dd7ce9f908db6,CMP0148,방역/방제/살포,낮음,company_category_bridge,599,"{""original"":{""company_id"":""CMP0148"",""company_name_normalized"":""아르고스다인"",""business_category"":""방역/방제/살포"",""source_category_raw"":""드론스테이션/임무장비/모듈/지상통제장비/통합솔루션/공간정보/특수촬영/방역/방제/살포/환경측량/감시.정찰.수색/인프라관리"",""source_file"":""항공안전기술원_드론정보포털_기업명_사업분야_20240424 (1).csv"",""as_of_date"":""2024-04-24"",""defense_use_case_relation"":""낮음"",""relation_rationale"":""주로 민수 활용"",""official_defense_evidence"":""N"",""usage_note"":""탐색용 분류이며 기업의 방산업체 지정·군 납품을 의미하지 않음""},""duplicate_source_rows"":[]}"
39be9eb8f2a9ff5e86e550a6,CMP0148,환경측량,일반,company_category_bridge,600,"{""original"":{""company_id"":""CMP0148"",""company_name_normalized"":""아르고스다인"",""business_category"":""환경측량"",""source_category_raw"":""드론스테이션/임무장비/모듈/지상통제장비/통합솔루션/공간정보/특수촬영/방역/방제/살포/환경측량/감시.정찰.수색/인프라관리"",""source_file"":""항공안전기술원_드론정보포털_기업명_사업분야_20240424 (1).csv"",""as_of_date"":""2024-04-24"",""defense_use_case_relation"":""일반"",""relation_rationale"":""군 환경·지형 조사와 교차 가능"",""official_defense_evidence"":""N"",""usage_note"":""탐색용 분류이며 기업의 방산업체 지정·군 납품을 의미하지 않음""},""duplicate_source_rows"":[]}"
fa142f2f9b4ac2ec16e9b0c5,CMP0148,감시.정찰.수색,직접,company_category_bridge,601,"{""original"":{""company_id"":""CMP0148"",""company_name_normalized"":""아르고스다인"",""business_category"":""감시.정찰.수색"",""source_category_raw"":""드론스테이션/임무장비/모듈/지상통제장비/통합솔루션/공간정보/특수촬영/방역/방제/살포/환경측량/감시.정찰.수색/인프라관리"",""source_file"":""항공안전기술원_드론정보포털_기업명_사업분야_20240424 (1).csv"",""as_of_date"":""2024-04-24"",""defense_use_case_relation"":""직접"",""relation_rationale"":""군 감시·정찰 임무와 직접 연결 가능"",""official_defense_evidence"":""N"",""usage_note"":""탐색용 분류이며 기업의 방산업체 지정·군 납품을 의미하지 않음""},""duplicate_source_rows"":[]}"
792d9bd5644cc3edbb1fd925,CMP0148,인프라관리,일반,company_category_bridge,602,"{""original"":{""company_id"":""CMP0148"",""company_name_normalized"":""아르고스다인"",""business_category"":""인프라관리"",""source_category_raw"":""드론스테이션/임무장비/모듈/지상통제장비/통합솔루션/공간정보/특수촬영/방역/방제/살포/환경측량/감시.정찰.수색/인프라관리"",""source_file"":""항공안전기술원_드론정보포털_기업명_사업분야_20240424 (1).csv"",""as_of_date"":""2024-04-24"",""defense_use_case_relation"":""일반"",""relation_rationale"":""민수 활용 중심이나 군 시설 관리와 교차 가능"",""official_defense_evidence"":""N"",""usage_note"":""탐색용 분류이며 기업의 방산업체 지정·군 납품을 의미하지 않음""},""duplicate_source_rows"":[]}"
c00b65fc3fc18cd317e8261b,CMP0150,감시.정찰.수색,직접,company_category_bridge,603,"{""original"":{""company_id"":""CMP0150"",""company_name_normalized"":""아와소프트"",""business_category"":""감시.정찰.수색"",""source_category_raw"":""감시.정찰.수색/인프라관리/통합솔루션"",""source_file"":""항공안전기술원_드론정보포털_기업명_사업분야_20240424 (1).csv"",""as_of_date"":""2024-04-24"",""defense_use_case_relation"":""직접"",""relation_rationale"":""군 감시·정찰 임무와 직접 연결 가능"",""official_defense_evidence"":""N"",""usage_note"":""탐색용 분류이며 기업의 방산업체 지정·군 납품을 의미하지 않음""},""duplicate_source_rows"":[]}"
10551c9946646c5ee93298a2,CMP0150,인프라관리,일반,company_category_bridge,604,"{""original"":{""company_id"":""CMP0150"",""company_name_normalized"":""아와소프트"",""business_category"":""인프라관리"",""source_category_raw"":""감시.정찰.수색/인프라관리/통합솔루션"",""source_file"":""항공안전기술원_드론정보포털_기업명_사업분야_20240424 (1).csv"",""as_of_date"":""2024-04-24"",""defense_use_case_relation"":""일반"",""relation_rationale"":""민수 활용 중심이나 군 시설 관리와 교차 가능"",""official_defense_evidence"":""N"",""usage_note"":""탐색용 분류이며 기업의 방산업체 지정·군 납품을 의미하지 않음""},""duplicate_source_rows"":[]}"
4cbbff1a48ef23bc37b91a80,CMP0150,통합솔루션,인접,company_category_bridge,605,"{""original"":{""company_id"":""CMP0150"",""company_name_normalized"":""아와소프트"",""business_category"":""통합솔루션"",""source_category_raw"":""감시.정찰.수색/인프라관리/통합솔루션"",""source_file"":""항공안전기술원_드론정보포털_기업명_사업분야_20240424 (1).csv"",""as_of_date"":""2024-04-24"",""defense_use_case_relation"":""인접"",""relation_rationale"":""체계통합·운용 소프트웨어와 연결 가능"",""official_defense_evidence"":""N"",""usage_note"":""탐색용 분류이며 기업의 방산업체 지정·군 납품을 의미하지 않음""},""duplicate_source_rows"":[]}"
622d4662a2dfa9ba2ddcb49d,CMP0151,감시.정찰.수색,직접,company_category_bridge,606,"{""original"":{""company_id"":""CMP0151"",""company_name_normalized"":""아이디에스코리아"",""business_category"":""감시.정찰.수색"",""source_category_raw"":""감시.정찰.수색/인프라관리/물류·운송·구조/공간정보/특수촬영/방역/방제/살포/임무장비"",""source_file"":""항공안전기술원_드론정보포털_기업명_사업분야_20240424 (1).csv"",""as_of_date"":""2024-04-24"",""defense_use_case_relation"":""직접"",""relation_rationale"":""군 감시·정찰 임무와 직접 연결 가능"",""official_defense_evidence"":""N"",""usage_note"":""탐색용 분류이며 기업의 방산업체 지정·군 납품을 의미하지 않음""},""duplicate_source_rows"":[]}"
4fd5aabda1d02ce9b78a381b,CMP0151,인프라관리,일반,company_category_bridge,607,"{""original"":{""company_id"":""CMP0151"",""company_name_normalized"":""아이디에스코리아"",""business_category"":""인프라관리"",""source_category_raw"":""감시.정찰.수색/인프라관리/물류·운송·구조/공간정보/특수촬영/방역/방제/살포/임무장비"",""source_file"":""항공안전기술원_드론정보포털_기업명_사업분야_20240424 (1).csv"",""as_of_date"":""2024-04-24"",""defense_use_case_relation"":""일반"",""relation_rationale"":""민수 활용 중심이나 군 시설 관리와 교차 가능"",""official_defense_evidence"":""N"",""usage_note"":""탐색용 분류이며 기업의 방산업체 지정·군 납품을 의미하지 않음""},""duplicate_source_rows"":[]}"
08798bc26702774c0be0676b,CMP0151,물류·운송·구조,일반,company_category_bridge,608,"{""original"":{""company_id"":""CMP0151"",""company_name_normalized"":""아이디에스코리아"",""business_category"":""물류·운송·구조"",""source_category_raw"":""감시.정찰.수색/인프라관리/물류·운송·구조/공간정보/특수촬영/방역/방제/살포/임무장비"",""source_file"":""항공안전기술원_드론정보포털_기업명_사업분야_20240424 (1).csv"",""as_of_date"":""2024-04-24"",""defense_use_case_relation"":""일반"",""relation_rationale"":""군수·수송 용례와 교차 가능"",""official_defense_evidence"":""N"",""usage_note"":""탐색용 분류이며 기업의 방산업체 지정·군 납품을 의미하지 않음""},""duplicate_source_rows"":[]}"
33dc38e280d15260c2e09018,CMP0151,공간정보,일반,company_category_bridge,609,"{""original"":{""company_id"":""CMP0151"",""company_name_normalized"":""아이디에스코리아"",""business_category"":""공간정보"",""source_category_raw"":""감시.정찰.수색/인프라관리/물류·운송·구조/공간정보/특수촬영/방역/방제/살포/임무장비"",""source_file"":""항공안전기술원_드론정보포털_기업명_사업분야_20240424 (1).csv"",""as_of_date"":""2024-04-24"",""defense_use_case_relation"":""일반"",""relation_rationale"":""군 지형·공간정보 용례와 교차 가능"",""official_defense_evidence"":""N"",""usage_note"":""탐색용 분류이며 기업의 방산업체 지정·군 납품을 의미하지 않음""},""duplicate_source_rows"":[]}"
eb83246482d1deafe297d9cb,CMP0151,특수촬영,일반,company_category_bridge,610,"{""original"":{""company_id"":""CMP0151"",""company_name_normalized"":""아이디에스코리아"",""business_category"":""특수촬영"",""source_category_raw"":""감시.정찰.수색/인프라관리/물류·운송·구조/공간정보/특수촬영/방역/방제/살포/임무장비"",""source_file"":""항공안전기술원_드론정보포털_기업명_사업분야_20240424 (1).csv"",""as_of_date"":""2024-04-24"",""defense_use_case_relation"":""일반"",""relation_rationale"":""정찰 영상과 기술적으로 인접할 수 있음"",""official_defense_evidence"":""N"",""usage_note"":""탐색용 분류이며 기업의 방산업체 지정·군 납품을 의미하지 않음""},""duplicate_source_rows"":[]}"
d8c63b9059e8d68d041fa528,CMP0151,방역/방제/살포,낮음,company_category_bridge,611,"{""original"":{""company_id"":""CMP0151"",""company_name_normalized"":""아이디에스코리아"",""business_category"":""방역/방제/살포"",""source_category_raw"":""감시.정찰.수색/인프라관리/물류·운송·구조/공간정보/특수촬영/방역/방제/살포/임무장비"",""source_file"":""항공안전기술원_드론정보포털_기업명_사업분야_20240424 (1).csv"",""as_of_date"":""2024-04-24"",""defense_use_case_relation"":""낮음"",""relation_rationale"":""주로 민수 활용"",""official_defense_evidence"":""N"",""usage_note"":""탐색용 분류이며 기업의 방산업체 지정·군 납품을 의미하지 않음""},""duplicate_source_rows"":[]}"
30a542df94b3d4d6caef7e0f,CMP0151,임무장비,직접,company_category_bridge,612,"{""original"":{""company_id"":""CMP0151"",""company_name_normalized"":""아이디에스코리아"",""business_category"":""임무장비"",""source_category_raw"":""감시.정찰.수색/인프라관리/물류·운송·구조/공간정보/특수촬영/방역/방제/살포/임무장비"",""source_file"":""항공안전기술원_드론정보포털_기업명_사업분야_20240424 (1).csv"",""as_of_date"":""2024-04-24"",""defense_use_case_relation"":""직접"",""relation_rationale"":""정찰·공격·지원 임무장비와 연결 가능"",""official_defense_evidence"":""N"",""usage_note"":""탐색용 분류이며 기업의 방산업체 지정·군 납품을 의미하지 않음""},""duplicate_source_rows"":[]}"
94f5c37e7d947bae5dc4691d,CMP0154,통합솔루션,인접,company_category_bridge,613,"{""original"":{""company_id"":""CMP0154"",""company_name_normalized"":""아이지아이에스"",""business_category"":""통합솔루션"",""source_category_raw"":""통합솔루션/앱"",""source_file"":""항공안전기술원_드론정보포털_기업명_사업분야_20240424 (1).csv"",""as_of_date"":""2024-04-24"",""defense_use_case_relation"":""인접"",""relation_rationale"":""체계통합·운용 소프트웨어와 연결 가능"",""official_defense_evidence"":""N"",""usage_note"":""탐색용 분류이며 기업의 방산업체 지정·군 납품을 의미하지 않음""},""duplicate_source_rows"":[]}"
652f025a80f58d61972fc9ea,CMP0154,앱,낮음,company_category_bridge,614,"{""original"":{""company_id"":""CMP0154"",""company_name_normalized"":""아이지아이에스"",""business_category"":""앱"",""source_category_raw"":""통합솔루션/앱"",""source_file"":""항공안전기술원_드론정보포털_기업명_사업분야_20240424 (1).csv"",""as_of_date"":""2024-04-24"",""defense_use_case_relation"":""낮음"",""relation_rationale"":""세부 기능 확인 전 국방 연계 판단 불가"",""official_defense_evidence"":""N"",""usage_note"":""탐색용 분류이며 기업의 방산업체 지정·군 납품을 의미하지 않음""},""duplicate_source_rows"":[]}"
b7e3c1d6f0801c64b72097b6,CMP0155,감시.정찰.수색,직접,company_category_bridge,615,"{""original"":{""company_id"":""CMP0155"",""company_name_normalized"":""아이팝"",""business_category"":""감시.정찰.수색"",""source_category_raw"":""감시.정찰.수색/인프라관리/방역/방제/살포/다목적 H/W/드론스테이션/통합솔루션"",""source_file"":""항공안전기술원_드론정보포털_기업명_사업분야_20240424 (1).csv"",""as_of_date"":""2024-04-24"",""defense_use_case_relation"":""직접"",""relation_rationale"":""군 감시·정찰 임무와 직접 연결 가능"",""official_defense_evidence"":""N"",""usage_note"":""탐색용 분류이며 기업의 방산업체 지정·군 납품을 의미하지 않음""},""duplicate_source_rows"":[]}"
67bee781309b80692156afa1,CMP0155,인프라관리,일반,company_category_bridge,616,"{""original"":{""company_id"":""CMP0155"",""company_name_normalized"":""아이팝"",""business_category"":""인프라관리"",""source_category_raw"":""감시.정찰.수색/인프라관리/방역/방제/살포/다목적 H/W/드론스테이션/통합솔루션"",""source_file"":""항공안전기술원_드론정보포털_기업명_사업분야_20240424 (1).csv"",""as_of_date"":""2024-04-24"",""defense_use_case_relation"":""일반"",""relation_rationale"":""민수 활용 중심이나 군 시설 관리와 교차 가능"",""official_defense_evidence"":""N"",""usage_note"":""탐색용 분류이며 기업의 방산업체 지정·군 납품을 의미하지 않음""},""duplicate_source_rows"":[]}"
33ae208f4bb877125baac3a3,CMP0155,방역/방제/살포,낮음,company_category_bridge,617,"{""original"":{""company_id"":""CMP0155"",""company_name_normalized"":""아이팝"",""business_category"":""방역/방제/살포"",""source_category_raw"":""감시.정찰.수색/인프라관리/방역/방제/살포/다목적 H/W/드론스테이션/통합솔루션"",""source_file"":""항공안전기술원_드론정보포털_기업명_사업분야_20240424 (1).csv"",""as_of_date"":""2024-04-24"",""defense_use_case_relation"":""낮음"",""relation_rationale"":""주로 민수 활용"",""official_defense_evidence"":""N"",""usage_note"":""탐색용 분류이며 기업의 방산업체 지정·군 납품을 의미하지 않음""},""duplicate_source_rows"":[]}"
d03e44e478ec98a7d2503153,CMP0155,다목적 H/W,인접,company_category_bridge,618,"{""original"":{""company_id"":""CMP0155"",""company_name_normalized"":""아이팝"",""business_category"":""다목적 H/W"",""source_category_raw"":""감시.정찰.수색/인프라관리/방역/방제/살포/다목적 H/W/드론스테이션/통합솔루션"",""source_file"":""항공안전기술원_드론정보포털_기업명_사업분야_20240424 (1).csv"",""as_of_date"":""2024-04-24"",""defense_use_case_relation"":""인접"",""relation_rationale"":""기체·전자·탑재체 하드웨어 공급망 후보"",""official_defense_evidence"":""N"",""usage_note"":""탐색용 분류이며 기업의 방산업체 지정·군 납품을 의미하지 않음""},""duplicate_source_rows"":[]}"
b1698fe366c535bb49a2c624,CMP0155,드론스테이션,인접,company_category_bridge,619,"{""original"":{""company_id"":""CMP0155"",""company_name_normalized"":""아이팝"",""business_category"":""드론스테이션"",""source_category_raw"":""감시.정찰.수색/인프라관리/방역/방제/살포/다목적 H/W/드론스테이션/통합솔루션"",""source_file"":""항공안전기술원_드론정보포털_기업명_사업분야_20240424 (1).csv"",""as_of_date"":""2024-04-24"",""defense_use_case_relation"":""인접"",""relation_rationale"":""무인 운용·원격 통제 인프라 후보"",""official_defense_evidence"":""N"",""usage_note"":""탐색용 분류이며 기업의 방산업체 지정·군 납품을 의미하지 않음""},""duplicate_source_rows"":[]}"
d4e312a024981627d0b5433b,CMP0155,통합솔루션,인접,company_category_bridge,620,"{""original"":{""company_id"":""CMP0155"",""company_name_normalized"":""아이팝"",""business_category"":""통합솔루션"",""source_category_raw"":""감시.정찰.수색/인프라관리/방역/방제/살포/다목적 H/W/드론스테이션/통합솔루션"",""source_file"":""항공안전기술원_드론정보포털_기업명_사업분야_20240424 (1).csv"",""as_of_date"":""2024-04-24"",""defense_use_case_relation"":""인접"",""relation_rationale"":""체계통합·운용 소프트웨어와 연결 가능"",""official_defense_evidence"":""N"",""usage_note"":""탐색용 분류이며 기업의 방산업체 지정·군 납품을 의미하지 않음""},""duplicate_source_rows"":[]}"
d8dd0fce3f4f382191bf12b9,CMP0159,감시.정찰.수색,직접,company_category_bridge,621,"{""original"":{""company_id"":""CMP0159"",""company_name_normalized"":""알씨뱅크"",""business_category"":""감시.정찰.수색"",""source_category_raw"":""감시.정찰.수색/인프라관리/물류·운송·구조/취미·교육/임무장비/모듈/통합솔루션"",""source_file"":""항공안전기술원_드론정보포털_기업명_사업분야_20240424 (1).csv"",""as_of_date"":""2024-04-24"",""defense_use_case_relation"":""직접"",""relation_rationale"":""군 감시·정찰 임무와 직접 연결 가능"",""official_defense_evidence"":""N"",""usage_note"":""탐색용 분류이며 기업의 방산업체 지정·군 납품을 의미하지 않음""},""duplicate_source_rows"":[]}"
aa26e4812da9da58d069ebfb,CMP0159,인프라관리,일반,company_category_bridge,622,"{""original"":{""company_id"":""CMP0159"",""company_name_normalized"":""알씨뱅크"",""business_category"":""인프라관리"",""source_category_raw"":""감시.정찰.수색/인프라관리/물류·운송·구조/취미·교육/임무장비/모듈/통합솔루션"",""source_file"":""항공안전기술원_드론정보포털_기업명_사업분야_20240424 (1).csv"",""as_of_date"":""2024-04-24"",""defense_use_case_relation"":""일반"",""relation_rationale"":""민수 활용 중심이나 군 시설 관리와 교차 가능"",""official_defense_evidence"":""N"",""usage_note"":""탐색용 분류이며 기업의 방산업체 지정·군 납품을 의미하지 않음""},""duplicate_source_rows"":[]}"
19b5fddd03f2d2b09d872bef,CMP0159,물류·운송·구조,일반,company_category_bridge,623,"{""original"":{""company_id"":""CMP0159"",""company_name_normalized"":""알씨뱅크"",""business_category"":""물류·운송·구조"",""source_category_raw"":""감시.정찰.수색/인프라관리/물류·운송·구조/취미·교육/임무장비/모듈/통합솔루션"",""source_file"":""항공안전기술원_드론정보포털_기업명_사업분야_20240424 (1).csv"",""as_of_date"":""2024-04-24"",""defense_use_case_relation"":""일반"",""relation_rationale"":""군수·수송 용례와 교차 가능"",""official_defense_evidence"":""N"",""usage_note"":""탐색용 분류이며 기업의 방산업체 지정·군 납품을 의미하지 않음""},""duplicate_source_rows"":[]}"
428ea0a799ff871e91fa3ed9,CMP0159,취미·교육,낮음,company_category_bridge,624,"{""original"":{""company_id"":""CMP0159"",""company_name_normalized"":""알씨뱅크"",""business_category"":""취미·교육"",""source_category_raw"":""감시.정찰.수색/인프라관리/물류·운송·구조/취미·교육/임무장비/모듈/통합솔루션"",""source_file"":""항공안전기술원_드론정보포털_기업명_사업분야_20240424 (1).csv"",""as_of_date"":""2024-04-24"",""defense_use_case_relation"":""낮음"",""relation_rationale"":""국방 연계 판단 근거로 사용하지 않음"",""official_defense_evidence"":""N"",""usage_note"":""탐색용 분류이며 기업의 방산업체 지정·군 납품을 의미하지 않음""},""duplicate_source_rows"":[]}"
f2e54872bd279a9bd8318d3d,CMP0159,임무장비,직접,company_category_bridge,625,"{""original"":{""company_id"":""CMP0159"",""company_name_normalized"":""알씨뱅크"",""business_category"":""임무장비"",""source_category_raw"":""감시.정찰.수색/인프라관리/물류·운송·구조/취미·교육/임무장비/모듈/통합솔루션"",""source_file"":""항공안전기술원_드론정보포털_기업명_사업분야_20240424 (1).csv"",""as_of_date"":""2024-04-24"",""defense_use_case_relation"":""직접"",""relation_rationale"":""정찰·공격·지원 임무장비와 연결 가능"",""official_defense_evidence"":""N"",""usage_note"":""탐색용 분류이며 기업의 방산업체 지정·군 납품을 의미하지 않음""},""duplicate_source_rows"":[]}"
29989b5cb91a16adba521ad7,CMP0159,모듈,인접,company_category_bridge,626,"{""original"":{""company_id"":""CMP0159"",""company_name_normalized"":""알씨뱅크"",""business_category"":""모듈"",""source_category_raw"":""감시.정찰.수색/인프라관리/물류·운송·구조/취미·교육/임무장비/모듈/통합솔루션"",""source_file"":""항공안전기술원_드론정보포털_기업명_사업분야_20240424 (1).csv"",""as_of_date"":""2024-04-24"",""defense_use_case_relation"":""인접"",""relation_rationale"":""국방 드론 부품·모듈 공급망 후보"",""official_defense_evidence"":""N"",""usage_note"":""탐색용 분류이며 기업의 방산업체 지정·군 납품을 의미하지 않음""},""duplicate_source_rows"":[]}"
c78815ab18ccb5d7ab10e48c,CMP0159,통합솔루션,인접,company_category_bridge,627,"{""original"":{""company_id"":""CMP0159"",""company_name_normalized"":""알씨뱅크"",""business_category"":""통합솔루션"",""source_category_raw"":""감시.정찰.수색/인프라관리/물류·운송·구조/취미·교육/임무장비/모듈/통합솔루션"",""source_file"":""항공안전기술원_드론정보포털_기업명_사업분야_20240424 (1).csv"",""as_of_date"":""2024-04-24"",""defense_use_case_relation"":""인접"",""relation_rationale"":""체계통합·운용 소프트웨어와 연결 가능"",""official_defense_evidence"":""N"",""usage_note"":""탐색용 분류이며 기업의 방산업체 지정·군 납품을 의미하지 않음""},""duplicate_source_rows"":[]}"
dc90a1093c35b9f0d854b3e4,CMP0160,감시.정찰.수색,직접,company_category_bridge,628,"{""original"":{""company_id"":""CMP0160"",""company_name_normalized"":""억세스위"",""business_category"":""감시.정찰.수색"",""source_category_raw"":""감시.정찰.수색/인프라관리/물류·운송·구조/공간정보/특수촬영/방역/방제/살포/환경측량"",""source_file"":""항공안전기술원_드론정보포털_기업명_사업분야_20240424 (1).csv"",""as_of_date"":""2024-04-24"",""defense_use_case_relation"":""직접"",""relation_rationale"":""군 감시·정찰 임무와 직접 연결 가능"",""official_defense_evidence"":""N"",""usage_note"":""탐색용 분류이며 기업의 방산업체 지정·군 납품을 의미하지 않음""},""duplicate_source_rows"":[]}"
535d8cefb3bab105d93f52b0,CMP0160,인프라관리,일반,company_category_bridge,629,"{""original"":{""company_id"":""CMP0160"",""company_name_normalized"":""억세스위"",""business_category"":""인프라관리"",""source_category_raw"":""감시.정찰.수색/인프라관리/물류·운송·구조/공간정보/특수촬영/방역/방제/살포/환경측량"",""source_file"":""항공안전기술원_드론정보포털_기업명_사업분야_20240424 (1).csv"",""as_of_date"":""2024-04-24"",""defense_use_case_relation"":""일반"",""relation_rationale"":""민수 활용 중심이나 군 시설 관리와 교차 가능"",""official_defense_evidence"":""N"",""usage_note"":""탐색용 분류이며 기업의 방산업체 지정·군 납품을 의미하지 않음""},""duplicate_source_rows"":[]}"
65288007d9f0143b869d3730,CMP0160,물류·운송·구조,일반,company_category_bridge,630,"{""original"":{""company_id"":""CMP0160"",""company_name_normalized"":""억세스위"",""business_category"":""물류·운송·구조"",""source_category_raw"":""감시.정찰.수색/인프라관리/물류·운송·구조/공간정보/특수촬영/방역/방제/살포/환경측량"",""source_file"":""항공안전기술원_드론정보포털_기업명_사업분야_20240424 (1).csv"",""as_of_date"":""2024-04-24"",""defense_use_case_relation"":""일반"",""relation_rationale"":""군수·수송 용례와 교차 가능"",""official_defense_evidence"":""N"",""usage_note"":""탐색용 분류이며 기업의 방산업체 지정·군 납품을 의미하지 않음""},""duplicate_source_rows"":[]}"
a6bc2847a27001c7fe37251f,CMP0160,공간정보,일반,company_category_bridge,631,"{""original"":{""company_id"":""CMP0160"",""company_name_normalized"":""억세스위"",""business_category"":""공간정보"",""source_category_raw"":""감시.정찰.수색/인프라관리/물류·운송·구조/공간정보/특수촬영/방역/방제/살포/환경측량"",""source_file"":""항공안전기술원_드론정보포털_기업명_사업분야_20240424 (1).csv"",""as_of_date"":""2024-04-24"",""defense_use_case_relation"":""일반"",""relation_rationale"":""군 지형·공간정보 용례와 교차 가능"",""official_defense_evidence"":""N"",""usage_note"":""탐색용 분류이며 기업의 방산업체 지정·군 납품을 의미하지 않음""},""duplicate_source_rows"":[]}"
8caddacd2c7285357a3c99cd,CMP0160,특수촬영,일반,company_category_bridge,632,"{""original"":{""company_id"":""CMP0160"",""company_name_normalized"":""억세스위"",""business_category"":""특수촬영"",""source_category_raw"":""감시.정찰.수색/인프라관리/물류·운송·구조/공간정보/특수촬영/방역/방제/살포/환경측량"",""source_file"":""항공안전기술원_드론정보포털_기업명_사업분야_20240424 (1).csv"",""as_of_date"":""2024-04-24"",""defense_use_case_relation"":""일반"",""relation_rationale"":""정찰 영상과 기술적으로 인접할 수 있음"",""official_defense_evidence"":""N"",""usage_note"":""탐색용 분류이며 기업의 방산업체 지정·군 납품을 의미하지 않음""},""duplicate_source_rows"":[]}"
6625f50c8fd7fa513f43cf78,CMP0160,방역/방제/살포,낮음,company_category_bridge,633,"{""original"":{""company_id"":""CMP0160"",""company_name_normalized"":""억세스위"",""business_category"":""방역/방제/살포"",""source_category_raw"":""감시.정찰.수색/인프라관리/물류·운송·구조/공간정보/특수촬영/방역/방제/살포/환경측량"",""source_file"":""항공안전기술원_드론정보포털_기업명_사업분야_20240424 (1).csv"",""as_of_date"":""2024-04-24"",""defense_use_case_relation"":""낮음"",""relation_rationale"":""주로 민수 활용"",""official_defense_evidence"":""N"",""usage_note"":""탐색용 분류이며 기업의 방산업체 지정·군 납품을 의미하지 않음""},""duplicate_source_rows"":[]}"
61921ef24510e18eeda9991b,CMP0160,환경측량,일반,company_category_bridge,634,"{""original"":{""company_id"":""CMP0160"",""company_name_normalized"":""억세스위"",""business_category"":""환경측량"",""source_category_raw"":""감시.정찰.수색/인프라관리/물류·운송·구조/공간정보/특수촬영/방역/방제/살포/환경측량"",""source_file"":""항공안전기술원_드론정보포털_기업명_사업분야_20240424 (1).csv"",""as_of_date"":""2024-04-24"",""defense_use_case_relation"":""일반"",""relation_rationale"":""군 환경·지형 조사와 교차 가능"",""official_defense_evidence"":""N"",""usage_note"":""탐색용 분류이며 기업의 방산업체 지정·군 납품을 의미하지 않음""},""duplicate_source_rows"":[]}"
5f28e2d08176fcb7e164493d,CMP0162,임무장비,직접,company_category_bridge,635,"{""original"":{""company_id"":""CMP0162"",""company_name_normalized"":""에보션"",""business_category"":""임무장비"",""source_category_raw"":""임무장비/통합솔루션/기타"",""source_file"":""항공안전기술원_드론정보포털_기업명_사업분야_20240424 (1).csv"",""as_of_date"":""2024-04-24"",""defense_use_case_relation"":""직접"",""relation_rationale"":""정찰·공격·지원 임무장비와 연결 가능"",""official_defense_evidence"":""N"",""usage_note"":""탐색용 분류이며 기업의 방산업체 지정·군 납품을 의미하지 않음""},""duplicate_source_rows"":[]}"
f3c3a9e4057e4fa1daa8f3d8,CMP0162,통합솔루션,인접,company_category_bridge,636,"{""original"":{""company_id"":""CMP0162"",""company_name_normalized"":""에보션"",""business_category"":""통합솔루션"",""source_category_raw"":""임무장비/통합솔루션/기타"",""source_file"":""항공안전기술원_드론정보포털_기업명_사업분야_20240424 (1).csv"",""as_of_date"":""2024-04-24"",""defense_use_case_relation"":""인접"",""relation_rationale"":""체계통합·운용 소프트웨어와 연결 가능"",""official_defense_evidence"":""N"",""usage_note"":""탐색용 분류이며 기업의 방산업체 지정·군 납품을 의미하지 않음""},""duplicate_source_rows"":[]}"
138cbad41fd8d66d748e7979,CMP0162,기타,미확인,company_category_bridge,637,"{""original"":{""company_id"":""CMP0162"",""company_name_normalized"":""에보션"",""business_category"":""기타"",""source_category_raw"":""임무장비/통합솔루션/기타"",""source_file"":""항공안전기술원_드론정보포털_기업명_사업분야_20240424 (1).csv"",""as_of_date"":""2024-04-24"",""defense_use_case_relation"":""미확인"",""relation_rationale"":""세부 내용 확인 필요"",""official_defense_evidence"":""N"",""usage_note"":""탐색용 분류이며 기업의 방산업체 지정·군 납품을 의미하지 않음""},""duplicate_source_rows"":[]}"
018bd03cf4fc287ffb3f0954,CMP0164,감시.정찰.수색,직접,company_category_bridge,638,"{""original"":{""company_id"":""CMP0164"",""company_name_normalized"":""에스아이에스"",""business_category"":""감시.정찰.수색"",""source_category_raw"":""감시.정찰.수색/인프라관리/물류·운송·구조/공간정보/특수촬영/방역/방제/살포/환경측량/다목적 H/W/임무장비"",""source_file"":""항공안전기술원_드론정보포털_기업명_사업분야_20240424 (1).csv"",""as_of_date"":""2024-04-24"",""defense_use_case_relation"":""직접"",""relation_rationale"":""군 감시·정찰 임무와 직접 연결 가능"",""official_defense_evidence"":""N"",""usage_note"":""탐색용 분류이며 기업의 방산업체 지정·군 납품을 의미하지 않음""},""duplicate_source_rows"":[]}"
0af06b723ba7feeacda7c0e1,CMP0164,인프라관리,일반,company_category_bridge,639,"{""original"":{""company_id"":""CMP0164"",""company_name_normalized"":""에스아이에스"",""business_category"":""인프라관리"",""source_category_raw"":""감시.정찰.수색/인프라관리/물류·운송·구조/공간정보/특수촬영/방역/방제/살포/환경측량/다목적 H/W/임무장비"",""source_file"":""항공안전기술원_드론정보포털_기업명_사업분야_20240424 (1).csv"",""as_of_date"":""2024-04-24"",""defense_use_case_relation"":""일반"",""relation_rationale"":""민수 활용 중심이나 군 시설 관리와 교차 가능"",""official_defense_evidence"":""N"",""usage_note"":""탐색용 분류이며 기업의 방산업체 지정·군 납품을 의미하지 않음""},""duplicate_source_rows"":[]}"
7499af65e02f1af86a7350c9,CMP0164,물류·운송·구조,일반,company_category_bridge,640,"{""original"":{""company_id"":""CMP0164"",""company_name_normalized"":""에스아이에스"",""business_category"":""물류·운송·구조"",""source_category_raw"":""감시.정찰.수색/인프라관리/물류·운송·구조/공간정보/특수촬영/방역/방제/살포/환경측량/다목적 H/W/임무장비"",""source_file"":""항공안전기술원_드론정보포털_기업명_사업분야_20240424 (1).csv"",""as_of_date"":""2024-04-24"",""defense_use_case_relation"":""일반"",""relation_rationale"":""군수·수송 용례와 교차 가능"",""official_defense_evidence"":""N"",""usage_note"":""탐색용 분류이며 기업의 방산업체 지정·군 납품을 의미하지 않음""},""duplicate_source_rows"":[]}"
935f2e2075f75b4bef0645b9,CMP0164,공간정보,일반,company_category_bridge,641,"{""original"":{""company_id"":""CMP0164"",""company_name_normalized"":""에스아이에스"",""business_category"":""공간정보"",""source_category_raw"":""감시.정찰.수색/인프라관리/물류·운송·구조/공간정보/특수촬영/방역/방제/살포/환경측량/다목적 H/W/임무장비"",""source_file"":""항공안전기술원_드론정보포털_기업명_사업분야_20240424 (1).csv"",""as_of_date"":""2024-04-24"",""defense_use_case_relation"":""일반"",""relation_rationale"":""군 지형·공간정보 용례와 교차 가능"",""official_defense_evidence"":""N"",""usage_note"":""탐색용 분류이며 기업의 방산업체 지정·군 납품을 의미하지 않음""},""duplicate_source_rows"":[]}"
aad9df4c80c4464f70a9ddfe,CMP0164,특수촬영,일반,company_category_bridge,642,"{""original"":{""company_id"":""CMP0164"",""company_name_normalized"":""에스아이에스"",""business_category"":""특수촬영"",""source_category_raw"":""감시.정찰.수색/인프라관리/물류·운송·구조/공간정보/특수촬영/방역/방제/살포/환경측량/다목적 H/W/임무장비"",""source_file"":""항공안전기술원_드론정보포털_기업명_사업분야_20240424 (1).csv"",""as_of_date"":""2024-04-24"",""defense_use_case_relation"":""일반"",""relation_rationale"":""정찰 영상과 기술적으로 인접할 수 있음"",""official_defense_evidence"":""N"",""usage_note"":""탐색용 분류이며 기업의 방산업체 지정·군 납품을 의미하지 않음""},""duplicate_source_rows"":[]}"
8d1befac8925987d6c9a86d5,CMP0164,방역/방제/살포,낮음,company_category_bridge,643,"{""original"":{""company_id"":""CMP0164"",""company_name_normalized"":""에스아이에스"",""business_category"":""방역/방제/살포"",""source_category_raw"":""감시.정찰.수색/인프라관리/물류·운송·구조/공간정보/특수촬영/방역/방제/살포/환경측량/다목적 H/W/임무장비"",""source_file"":""항공안전기술원_드론정보포털_기업명_사업분야_20240424 (1).csv"",""as_of_date"":""2024-04-24"",""defense_use_case_relation"":""낮음"",""relation_rationale"":""주로 민수 활용"",""official_defense_evidence"":""N"",""usage_note"":""탐색용 분류이며 기업의 방산업체 지정·군 납품을 의미하지 않음""},""duplicate_source_rows"":[]}"
7cf9b4806ad8bf8b1b870298,CMP0164,환경측량,일반,company_category_bridge,644,"{""original"":{""company_id"":""CMP0164"",""company_name_normalized"":""에스아이에스"",""business_category"":""환경측량"",""source_category_raw"":""감시.정찰.수색/인프라관리/물류·운송·구조/공간정보/특수촬영/방역/방제/살포/환경측량/다목적 H/W/임무장비"",""source_file"":""항공안전기술원_드론정보포털_기업명_사업분야_20240424 (1).csv"",""as_of_date"":""2024-04-24"",""defense_use_case_relation"":""일반"",""relation_rationale"":""군 환경·지형 조사와 교차 가능"",""official_defense_evidence"":""N"",""usage_note"":""탐색용 분류이며 기업의 방산업체 지정·군 납품을 의미하지 않음""},""duplicate_source_rows"":[]}"
12be8ec37bd6545ec169390a,CMP0164,다목적 H/W,인접,company_category_bridge,645,"{""original"":{""company_id"":""CMP0164"",""company_name_normalized"":""에스아이에스"",""business_category"":""다목적 H/W"",""source_category_raw"":""감시.정찰.수색/인프라관리/물류·운송·구조/공간정보/특수촬영/방역/방제/살포/환경측량/다목적 H/W/임무장비"",""source_file"":""항공안전기술원_드론정보포털_기업명_사업분야_20240424 (1).csv"",""as_of_date"":""2024-04-24"",""defense_use_case_relation"":""인접"",""relation_rationale"":""기체·전자·탑재체 하드웨어 공급망 후보"",""official_defense_evidence"":""N"",""usage_note"":""탐색용 분류이며 기업의 방산업체 지정·군 납품을 의미하지 않음""},""duplicate_source_rows"":[]}"
5a3635adbb56abf84740c1ea,CMP0164,임무장비,직접,company_category_bridge,646,"{""original"":{""company_id"":""CMP0164"",""company_name_normalized"":""에스아이에스"",""business_category"":""임무장비"",""source_category_raw"":""감시.정찰.수색/인프라관리/물류·운송·구조/공간정보/특수촬영/방역/방제/살포/환경측량/다목적 H/W/임무장비"",""source_file"":""항공안전기술원_드론정보포털_기업명_사업분야_20240424 (1).csv"",""as_of_date"":""2024-04-24"",""defense_use_case_relation"":""직접"",""relation_rationale"":""정찰·공격·지원 임무장비와 연결 가능"",""official_defense_evidence"":""N"",""usage_note"":""탐색용 분류이며 기업의 방산업체 지정·군 납품을 의미하지 않음""},""duplicate_source_rows"":[]}"
86e7f591c0d716990f84dbd0,CMP0167,감시.정찰.수색,직접,company_category_bridge,647,"{""original"":{""company_id"":""CMP0167"",""company_name_normalized"":""에스큐엔지니어링(주)"",""business_category"":""감시.정찰.수색"",""source_category_raw"":""감시.정찰.수색/인프라관리/공간정보/특수촬영/환경측량/취미·교육/임무장비/기타"",""source_file"":""항공안전기술원_드론정보포털_기업명_사업분야_20240424 (1).csv"",""as_of_date"":""2024-04-24"",""defense_use_case_relation"":""직접"",""relation_rationale"":""군 감시·정찰 임무와 직접 연결 가능"",""official_defense_evidence"":""N"",""usage_note"":""탐색용 분류이며 기업의 방산업체 지정·군 납품을 의미하지 않음""},""duplicate_source_rows"":[]}"
f40def519e59c84bef4d00aa,CMP0167,인프라관리,일반,company_category_bridge,648,"{""original"":{""company_id"":""CMP0167"",""company_name_normalized"":""에스큐엔지니어링(주)"",""business_category"":""인프라관리"",""source_category_raw"":""감시.정찰.수색/인프라관리/공간정보/특수촬영/환경측량/취미·교육/임무장비/기타"",""source_file"":""항공안전기술원_드론정보포털_기업명_사업분야_20240424 (1).csv"",""as_of_date"":""2024-04-24"",""defense_use_case_relation"":""일반"",""relation_rationale"":""민수 활용 중심이나 군 시설 관리와 교차 가능"",""official_defense_evidence"":""N"",""usage_note"":""탐색용 분류이며 기업의 방산업체 지정·군 납품을 의미하지 않음""},""duplicate_source_rows"":[]}"
96229790f9621a3701c91714,CMP0167,공간정보,일반,company_category_bridge,649,"{""original"":{""company_id"":""CMP0167"",""company_name_normalized"":""에스큐엔지니어링(주)"",""business_category"":""공간정보"",""source_category_raw"":""감시.정찰.수색/인프라관리/공간정보/특수촬영/환경측량/취미·교육/임무장비/기타"",""source_file"":""항공안전기술원_드론정보포털_기업명_사업분야_20240424 (1).csv"",""as_of_date"":""2024-04-24"",""defense_use_case_relation"":""일반"",""relation_rationale"":""군 지형·공간정보 용례와 교차 가능"",""official_defense_evidence"":""N"",""usage_note"":""탐색용 분류이며 기업의 방산업체 지정·군 납품을 의미하지 않음""},""duplicate_source_rows"":[]}"
3c1fe149bd3b0b6bb973dce1,CMP0167,특수촬영,일반,company_category_bridge,650,"{""original"":{""company_id"":""CMP0167"",""company_name_normalized"":""에스큐엔지니어링(주)"",""business_category"":""특수촬영"",""source_category_raw"":""감시.정찰.수색/인프라관리/공간정보/특수촬영/환경측량/취미·교육/임무장비/기타"",""source_file"":""항공안전기술원_드론정보포털_기업명_사업분야_20240424 (1).csv"",""as_of_date"":""2024-04-24"",""defense_use_case_relation"":""일반"",""relation_rationale"":""정찰 영상과 기술적으로 인접할 수 있음"",""official_defense_evidence"":""N"",""usage_note"":""탐색용 분류이며 기업의 방산업체 지정·군 납품을 의미하지 않음""},""duplicate_source_rows"":[]}"
f3dafde9273bbf11a3697ade,CMP0167,환경측량,일반,company_category_bridge,651,"{""original"":{""company_id"":""CMP0167"",""company_name_normalized"":""에스큐엔지니어링(주)"",""business_category"":""환경측량"",""source_category_raw"":""감시.정찰.수색/인프라관리/공간정보/특수촬영/환경측량/취미·교육/임무장비/기타"",""source_file"":""항공안전기술원_드론정보포털_기업명_사업분야_20240424 (1).csv"",""as_of_date"":""2024-04-24"",""defense_use_case_relation"":""일반"",""relation_rationale"":""군 환경·지형 조사와 교차 가능"",""official_defense_evidence"":""N"",""usage_note"":""탐색용 분류이며 기업의 방산업체 지정·군 납품을 의미하지 않음""},""duplicate_source_rows"":[]}"
f52c8bc01f0be692d6848543,CMP0167,취미·교육,낮음,company_category_bridge,652,"{""original"":{""company_id"":""CMP0167"",""company_name_normalized"":""에스큐엔지니어링(주)"",""business_category"":""취미·교육"",""source_category_raw"":""감시.정찰.수색/인프라관리/공간정보/특수촬영/환경측량/취미·교육/임무장비/기타"",""source_file"":""항공안전기술원_드론정보포털_기업명_사업분야_20240424 (1).csv"",""as_of_date"":""2024-04-24"",""defense_use_case_relation"":""낮음"",""relation_rationale"":""국방 연계 판단 근거로 사용하지 않음"",""official_defense_evidence"":""N"",""usage_note"":""탐색용 분류이며 기업의 방산업체 지정·군 납품을 의미하지 않음""},""duplicate_source_rows"":[]}"
6efe04ba8b93f5eddbe2bbd3,CMP0167,임무장비,직접,company_category_bridge,653,"{""original"":{""company_id"":""CMP0167"",""company_name_normalized"":""에스큐엔지니어링(주)"",""business_category"":""임무장비"",""source_category_raw"":""감시.정찰.수색/인프라관리/공간정보/특수촬영/환경측량/취미·교육/임무장비/기타"",""source_file"":""항공안전기술원_드론정보포털_기업명_사업분야_20240424 (1).csv"",""as_of_date"":""2024-04-24"",""defense_use_case_relation"":""직접"",""relation_rationale"":""정찰·공격·지원 임무장비와 연결 가능"",""official_defense_evidence"":""N"",""usage_note"":""탐색용 분류이며 기업의 방산업체 지정·군 납품을 의미하지 않음""},""duplicate_source_rows"":[]}"
9908e0939804e4861197b8e2,CMP0167,기타,미확인,company_category_bridge,654,"{""original"":{""company_id"":""CMP0167"",""company_name_normalized"":""에스큐엔지니어링(주)"",""business_category"":""기타"",""source_category_raw"":""감시.정찰.수색/인프라관리/공간정보/특수촬영/환경측량/취미·교육/임무장비/기타"",""source_file"":""항공안전기술원_드론정보포털_기업명_사업분야_20240424 (1).csv"",""as_of_date"":""2024-04-24"",""defense_use_case_relation"":""미확인"",""relation_rationale"":""세부 내용 확인 필요"",""official_defense_evidence"":""N"",""usage_note"":""탐색용 분류이며 기업의 방산업체 지정·군 납품을 의미하지 않음""},""duplicate_source_rows"":[]}"
6717fc91adad6336c686f03f,CMP0170,물류·운송·구조,일반,company_category_bridge,655,"{""original"":{""company_id"":""CMP0170"",""company_name_normalized"":""에어온"",""business_category"":""물류·운송·구조"",""source_category_raw"":""물류·운송·구조/드론스테이션"",""source_file"":""항공안전기술원_드론정보포털_기업명_사업분야_20240424 (1).csv"",""as_of_date"":""2024-04-24"",""defense_use_case_relation"":""일반"",""relation_rationale"":""군수·수송 용례와 교차 가능"",""official_defense_evidence"":""N"",""usage_note"":""탐색용 분류이며 기업의 방산업체 지정·군 납품을 의미하지 않음""},""duplicate_source_rows"":[]}"
ee79f58daf9b3208ef39da77,CMP0170,드론스테이션,인접,company_category_bridge,656,"{""original"":{""company_id"":""CMP0170"",""company_name_normalized"":""에어온"",""business_category"":""드론스테이션"",""source_category_raw"":""물류·운송·구조/드론스테이션"",""source_file"":""항공안전기술원_드론정보포털_기업명_사업분야_20240424 (1).csv"",""as_of_date"":""2024-04-24"",""defense_use_case_relation"":""인접"",""relation_rationale"":""무인 운용·원격 통제 인프라 후보"",""official_defense_evidence"":""N"",""usage_note"":""탐색용 분류이며 기업의 방산업체 지정·군 납품을 의미하지 않음""},""duplicate_source_rows"":[]}"
a1cf453f64bcc0f2977bd46e,CMP0173,감시.정찰.수색,직접,company_category_bridge,657,"{""original"":{""company_id"":""CMP0173"",""company_name_normalized"":""에이미파이"",""business_category"":""감시.정찰.수색"",""source_category_raw"":""감시.정찰.수색/인프라관리/환경측량/방송·공연/임무장비/모듈/지상통제장비/통합솔루션/앱"",""source_file"":""항공안전기술원_드론정보포털_기업명_사업분야_20240424 (1).csv"",""as_of_date"":""2024-04-24"",""defense_use_case_relation"":""직접"",""relation_rationale"":""군 감시·정찰 임무와 직접 연결 가능"",""official_defense_evidence"":""N"",""usage_note"":""탐색용 분류이며 기업의 방산업체 지정·군 납품을 의미하지 않음""},""duplicate_source_rows"":[]}"
ea82c68d477e2987d6ba7732,CMP0173,인프라관리,일반,company_category_bridge,658,"{""original"":{""company_id"":""CMP0173"",""company_name_normalized"":""에이미파이"",""business_category"":""인프라관리"",""source_category_raw"":""감시.정찰.수색/인프라관리/환경측량/방송·공연/임무장비/모듈/지상통제장비/통합솔루션/앱"",""source_file"":""항공안전기술원_드론정보포털_기업명_사업분야_20240424 (1).csv"",""as_of_date"":""2024-04-24"",""defense_use_case_relation"":""일반"",""relation_rationale"":""민수 활용 중심이나 군 시설 관리와 교차 가능"",""official_defense_evidence"":""N"",""usage_note"":""탐색용 분류이며 기업의 방산업체 지정·군 납품을 의미하지 않음""},""duplicate_source_rows"":[]}"
8410246402711807520c3ed0,CMP0173,환경측량,일반,company_category_bridge,659,"{""original"":{""company_id"":""CMP0173"",""company_name_normalized"":""에이미파이"",""business_category"":""환경측량"",""source_category_raw"":""감시.정찰.수색/인프라관리/환경측량/방송·공연/임무장비/모듈/지상통제장비/통합솔루션/앱"",""source_file"":""항공안전기술원_드론정보포털_기업명_사업분야_20240424 (1).csv"",""as_of_date"":""2024-04-24"",""defense_use_case_relation"":""일반"",""relation_rationale"":""군 환경·지형 조사와 교차 가능"",""official_defense_evidence"":""N"",""usage_note"":""탐색용 분류이며 기업의 방산업체 지정·군 납품을 의미하지 않음""},""duplicate_source_rows"":[]}"
01e088ca35e0c6af8f4c7c27,CMP0173,방송·공연,낮음,company_category_bridge,660,"{""original"":{""company_id"":""CMP0173"",""company_name_normalized"":""에이미파이"",""business_category"":""방송·공연"",""source_category_raw"":""감시.정찰.수색/인프라관리/환경측량/방송·공연/임무장비/모듈/지상통제장비/통합솔루션/앱"",""source_file"":""항공안전기술원_드론정보포털_기업명_사업분야_20240424 (1).csv"",""as_of_date"":""2024-04-24"",""defense_use_case_relation"":""낮음"",""relation_rationale"":""국방 연계 판단 근거로 사용하지 않음"",""official_defense_evidence"":""N"",""usage_note"":""탐색용 분류이며 기업의 방산업체 지정·군 납품을 의미하지 않음""},""duplicate_source_rows"":[]}"
1d9861e4de6eed9b768961d7,CMP0173,임무장비,직접,company_category_bridge,661,"{""original"":{""company_id"":""CMP0173"",""company_name_normalized"":""에이미파이"",""business_category"":""임무장비"",""source_category_raw"":""감시.정찰.수색/인프라관리/환경측량/방송·공연/임무장비/모듈/지상통제장비/통합솔루션/앱"",""source_file"":""항공안전기술원_드론정보포털_기업명_사업분야_20240424 (1).csv"",""as_of_date"":""2024-04-24"",""defense_use_case_relation"":""직접"",""relation_rationale"":""정찰·공격·지원 임무장비와 연결 가능"",""official_defense_evidence"":""N"",""usage_note"":""탐색용 분류이며 기업의 방산업체 지정·군 납품을 의미하지 않음""},""duplicate_source_rows"":[]}"
d4fa9b72a5612b02df0d16bd,CMP0173,모듈,인접,company_category_bridge,662,"{""original"":{""company_id"":""CMP0173"",""company_name_normalized"":""에이미파이"",""business_category"":""모듈"",""source_category_raw"":""감시.정찰.수색/인프라관리/환경측량/방송·공연/임무장비/모듈/지상통제장비/통합솔루션/앱"",""source_file"":""항공안전기술원_드론정보포털_기업명_사업분야_20240424 (1).csv"",""as_of_date"":""2024-04-24"",""defense_use_case_relation"":""인접"",""relation_rationale"":""국방 드론 부품·모듈 공급망 후보"",""official_defense_evidence"":""N"",""usage_note"":""탐색용 분류이며 기업의 방산업체 지정·군 납품을 의미하지 않음""},""duplicate_source_rows"":[]}"
2ed0b465ea7c692635657d47,CMP0173,지상통제장비,직접,company_category_bridge,663,"{""original"":{""company_id"":""CMP0173"",""company_name_normalized"":""에이미파이"",""business_category"":""지상통제장비"",""source_category_raw"":""감시.정찰.수색/인프라관리/환경측량/방송·공연/임무장비/모듈/지상통제장비/통합솔루션/앱"",""source_file"":""항공안전기술원_드론정보포털_기업명_사업분야_20240424 (1).csv"",""as_of_date"":""2024-04-24"",""defense_use_case_relation"":""직접"",""relation_rationale"":""GCS·임무통제와 연결 가능"",""official_defense_evidence"":""N"",""usage_note"":""탐색용 분류이며 기업의 방산업체 지정·군 납품을 의미하지 않음""},""duplicate_source_rows"":[]}"
bfef153ea863ed41a98ad533,CMP0173,통합솔루션,인접,company_category_bridge,664,"{""original"":{""company_id"":""CMP0173"",""company_name_normalized"":""에이미파이"",""business_category"":""통합솔루션"",""source_category_raw"":""감시.정찰.수색/인프라관리/환경측량/방송·공연/임무장비/모듈/지상통제장비/통합솔루션/앱"",""source_file"":""항공안전기술원_드론정보포털_기업명_사업분야_20240424 (1).csv"",""as_of_date"":""2024-04-24"",""defense_use_case_relation"":""인접"",""relation_rationale"":""체계통합·운용 소프트웨어와 연결 가능"",""official_defense_evidence"":""N"",""usage_note"":""탐색용 분류이며 기업의 방산업체 지정·군 납품을 의미하지 않음""},""duplicate_source_rows"":[]}"
e73d3ef541c9004954ad8d91,CMP0173,앱,낮음,company_category_bridge,665,"{""original"":{""company_id"":""CMP0173"",""company_name_normalized"":""에이미파이"",""business_category"":""앱"",""source_category_raw"":""감시.정찰.수색/인프라관리/환경측량/방송·공연/임무장비/모듈/지상통제장비/통합솔루션/앱"",""source_file"":""항공안전기술원_드론정보포털_기업명_사업분야_20240424 (1).csv"",""as_of_date"":""2024-04-24"",""defense_use_case_relation"":""낮음"",""relation_rationale"":""세부 기능 확인 전 국방 연계 판단 불가"",""official_defense_evidence"":""N"",""usage_note"":""탐색용 분류이며 기업의 방산업체 지정·군 납품을 의미하지 않음""},""duplicate_source_rows"":[]}"
5799330e1073b91783ee8b51,CMP0176,감시.정찰.수색,직접,company_category_bridge,666,"{""original"":{""company_id"":""CMP0176"",""company_name_normalized"":""에이엔에이치스트럭쳐"",""business_category"":""감시.정찰.수색"",""source_category_raw"":""감시.정찰.수색/인프라관리/환경측량"",""source_file"":""항공안전기술원_드론정보포털_기업명_사업분야_20240424 (1).csv"",""as_of_date"":""2024-04-24"",""defense_use_case_relation"":""직접"",""relation_rationale"":""군 감시·정찰 임무와 직접 연결 가능"",""official_defense_evidence"":""N"",""usage_note"":""탐색용 분류이며 기업의 방산업체 지정·군 납품을 의미하지 않음""},""duplicate_source_rows"":[]}"
1d3afea7a7fe16818fe5b3dc,CMP0176,인프라관리,일반,company_category_bridge,667,"{""original"":{""company_id"":""CMP0176"",""company_name_normalized"":""에이엔에이치스트럭쳐"",""business_category"":""인프라관리"",""source_category_raw"":""감시.정찰.수색/인프라관리/환경측량"",""source_file"":""항공안전기술원_드론정보포털_기업명_사업분야_20240424 (1).csv"",""as_of_date"":""2024-04-24"",""defense_use_case_relation"":""일반"",""relation_rationale"":""민수 활용 중심이나 군 시설 관리와 교차 가능"",""official_defense_evidence"":""N"",""usage_note"":""탐색용 분류이며 기업의 방산업체 지정·군 납품을 의미하지 않음""},""duplicate_source_rows"":[]}"
f7cb603943c07c3c7b23cfc5,CMP0176,환경측량,일반,company_category_bridge,668,"{""original"":{""company_id"":""CMP0176"",""company_name_normalized"":""에이엔에이치스트럭쳐"",""business_category"":""환경측량"",""source_category_raw"":""감시.정찰.수색/인프라관리/환경측량"",""source_file"":""항공안전기술원_드론정보포털_기업명_사업분야_20240424 (1).csv"",""as_of_date"":""2024-04-24"",""defense_use_case_relation"":""일반"",""relation_rationale"":""군 환경·지형 조사와 교차 가능"",""official_defense_evidence"":""N"",""usage_note"":""탐색용 분류이며 기업의 방산업체 지정·군 납품을 의미하지 않음""},""duplicate_source_rows"":[]}"
4e9adb1af46fb727de065263,CMP0178,물류·운송·구조,일반,company_category_bridge,669,"{""original"":{""company_id"":""CMP0178"",""company_name_normalized"":""에이엠시스템"",""business_category"":""물류·운송·구조"",""source_category_raw"":""물류·운송·구조/공간정보/특수촬영"",""source_file"":""항공안전기술원_드론정보포털_기업명_사업분야_20240424 (1).csv"",""as_of_date"":""2024-04-24"",""defense_use_case_relation"":""일반"",""relation_rationale"":""군수·수송 용례와 교차 가능"",""official_defense_evidence"":""N"",""usage_note"":""탐색용 분류이며 기업의 방산업체 지정·군 납품을 의미하지 않음""},""duplicate_source_rows"":[]}"
e88558e5a04e30db225be97f,CMP0178,공간정보,일반,company_category_bridge,670,"{""original"":{""company_id"":""CMP0178"",""company_name_normalized"":""에이엠시스템"",""business_category"":""공간정보"",""source_category_raw"":""물류·운송·구조/공간정보/특수촬영"",""source_file"":""항공안전기술원_드론정보포털_기업명_사업분야_20240424 (1).csv"",""as_of_date"":""2024-04-24"",""defense_use_case_relation"":""일반"",""relation_rationale"":""군 지형·공간정보 용례와 교차 가능"",""official_defense_evidence"":""N"",""usage_note"":""탐색용 분류이며 기업의 방산업체 지정·군 납품을 의미하지 않음""},""duplicate_source_rows"":[]}"
3678194a3b33c6eeb19deb4c,CMP0178,특수촬영,일반,company_category_bridge,671,"{""original"":{""company_id"":""CMP0178"",""company_name_normalized"":""에이엠시스템"",""business_category"":""특수촬영"",""source_category_raw"":""물류·운송·구조/공간정보/특수촬영"",""source_file"":""항공안전기술원_드론정보포털_기업명_사업분야_20240424 (1).csv"",""as_of_date"":""2024-04-24"",""defense_use_case_relation"":""일반"",""relation_rationale"":""정찰 영상과 기술적으로 인접할 수 있음"",""official_defense_evidence"":""N"",""usage_note"":""탐색용 분류이며 기업의 방산업체 지정·군 납품을 의미하지 않음""},""duplicate_source_rows"":[]}"
d5c7b965ac02eb1892c811a5,CMP0181,모듈,인접,company_category_bridge,672,"{""original"":{""company_id"":""CMP0181"",""company_name_normalized"":""에이치에스지"",""business_category"":""모듈"",""source_category_raw"":""모듈"",""source_file"":""항공안전기술원_드론정보포털_기업명_사업분야_20240424 (1).csv"",""as_of_date"":""2024-04-24"",""defense_use_case_relation"":""인접"",""relation_rationale"":""국방 드론 부품·모듈 공급망 후보"",""official_defense_evidence"":""N"",""usage_note"":""탐색용 분류이며 기업의 방산업체 지정·군 납품을 의미하지 않음""},""duplicate_source_rows"":[]}"
9c7166dcf5511711b08c979c,CMP0184,감시.정찰.수색,직접,company_category_bridge,673,"{""original"":{""company_id"":""CMP0184"",""company_name_normalized"":""엑스드론"",""business_category"":""감시.정찰.수색"",""source_category_raw"":""감시.정찰.수색/인프라관리/물류·운송·구조/공간정보/특수촬영/다목적 H/W/임무장비/통합솔루션"",""source_file"":""항공안전기술원_드론정보포털_기업명_사업분야_20240424 (1).csv"",""as_of_date"":""2024-04-24"",""defense_use_case_relation"":""직접"",""relation_rationale"":""군 감시·정찰 임무와 직접 연결 가능"",""official_defense_evidence"":""N"",""usage_note"":""탐색용 분류이며 기업의 방산업체 지정·군 납품을 의미하지 않음""},""duplicate_source_rows"":[]}"
b844b610040604437133f777,CMP0184,인프라관리,일반,company_category_bridge,674,"{""original"":{""company_id"":""CMP0184"",""company_name_normalized"":""엑스드론"",""business_category"":""인프라관리"",""source_category_raw"":""감시.정찰.수색/인프라관리/물류·운송·구조/공간정보/특수촬영/다목적 H/W/임무장비/통합솔루션"",""source_file"":""항공안전기술원_드론정보포털_기업명_사업분야_20240424 (1).csv"",""as_of_date"":""2024-04-24"",""defense_use_case_relation"":""일반"",""relation_rationale"":""민수 활용 중심이나 군 시설 관리와 교차 가능"",""official_defense_evidence"":""N"",""usage_note"":""탐색용 분류이며 기업의 방산업체 지정·군 납품을 의미하지 않음""},""duplicate_source_rows"":[]}"
6669e8ccafab094f68a67b04,CMP0184,물류·운송·구조,일반,company_category_bridge,675,"{""original"":{""company_id"":""CMP0184"",""company_name_normalized"":""엑스드론"",""business_category"":""물류·운송·구조"",""source_category_raw"":""감시.정찰.수색/인프라관리/물류·운송·구조/공간정보/특수촬영/다목적 H/W/임무장비/통합솔루션"",""source_file"":""항공안전기술원_드론정보포털_기업명_사업분야_20240424 (1).csv"",""as_of_date"":""2024-04-24"",""defense_use_case_relation"":""일반"",""relation_rationale"":""군수·수송 용례와 교차 가능"",""official_defense_evidence"":""N"",""usage_note"":""탐색용 분류이며 기업의 방산업체 지정·군 납품을 의미하지 않음""},""duplicate_source_rows"":[]}"
5118fbcf9c1247caf73a9d74,CMP0184,공간정보,일반,company_category_bridge,676,"{""original"":{""company_id"":""CMP0184"",""company_name_normalized"":""엑스드론"",""business_category"":""공간정보"",""source_category_raw"":""감시.정찰.수색/인프라관리/물류·운송·구조/공간정보/특수촬영/다목적 H/W/임무장비/통합솔루션"",""source_file"":""항공안전기술원_드론정보포털_기업명_사업분야_20240424 (1).csv"",""as_of_date"":""2024-04-24"",""defense_use_case_relation"":""일반"",""relation_rationale"":""군 지형·공간정보 용례와 교차 가능"",""official_defense_evidence"":""N"",""usage_note"":""탐색용 분류이며 기업의 방산업체 지정·군 납품을 의미하지 않음""},""duplicate_source_rows"":[]}"
0d17bb684a2cd9c9fd8f1937,CMP0184,특수촬영,일반,company_category_bridge,677,"{""original"":{""company_id"":""CMP0184"",""company_name_normalized"":""엑스드론"",""business_category"":""특수촬영"",""source_category_raw"":""감시.정찰.수색/인프라관리/물류·운송·구조/공간정보/특수촬영/다목적 H/W/임무장비/통합솔루션"",""source_file"":""항공안전기술원_드론정보포털_기업명_사업분야_20240424 (1).csv"",""as_of_date"":""2024-04-24"",""defense_use_case_relation"":""일반"",""relation_rationale"":""정찰 영상과 기술적으로 인접할 수 있음"",""official_defense_evidence"":""N"",""usage_note"":""탐색용 분류이며 기업의 방산업체 지정·군 납품을 의미하지 않음""},""duplicate_source_rows"":[]}"
89811080453fe5ec5643793a,CMP0184,다목적 H/W,인접,company_category_bridge,678,"{""original"":{""company_id"":""CMP0184"",""company_name_normalized"":""엑스드론"",""business_category"":""다목적 H/W"",""source_category_raw"":""감시.정찰.수색/인프라관리/물류·운송·구조/공간정보/특수촬영/다목적 H/W/임무장비/통합솔루션"",""source_file"":""항공안전기술원_드론정보포털_기업명_사업분야_20240424 (1).csv"",""as_of_date"":""2024-04-24"",""defense_use_case_relation"":""인접"",""relation_rationale"":""기체·전자·탑재체 하드웨어 공급망 후보"",""official_defense_evidence"":""N"",""usage_note"":""탐색용 분류이며 기업의 방산업체 지정·군 납품을 의미하지 않음""},""duplicate_source_rows"":[]}"
6a4a4037ff58416e71be9b73,CMP0184,임무장비,직접,company_category_bridge,679,"{""original"":{""company_id"":""CMP0184"",""company_name_normalized"":""엑스드론"",""business_category"":""임무장비"",""source_category_raw"":""감시.정찰.수색/인프라관리/물류·운송·구조/공간정보/특수촬영/다목적 H/W/임무장비/통합솔루션"",""source_file"":""항공안전기술원_드론정보포털_기업명_사업분야_20240424 (1).csv"",""as_of_date"":""2024-04-24"",""defense_use_case_relation"":""직접"",""relation_rationale"":""정찰·공격·지원 임무장비와 연결 가능"",""official_defense_evidence"":""N"",""usage_note"":""탐색용 분류이며 기업의 방산업체 지정·군 납품을 의미하지 않음""},""duplicate_source_rows"":[]}"
b78813b33c09fcd0dcdaf189,CMP0184,통합솔루션,인접,company_category_bridge,680,"{""original"":{""company_id"":""CMP0184"",""company_name_normalized"":""엑스드론"",""business_category"":""통합솔루션"",""source_category_raw"":""감시.정찰.수색/인프라관리/물류·운송·구조/공간정보/특수촬영/다목적 H/W/임무장비/통합솔루션"",""source_file"":""항공안전기술원_드론정보포털_기업명_사업분야_20240424 (1).csv"",""as_of_date"":""2024-04-24"",""defense_use_case_relation"":""인접"",""relation_rationale"":""체계통합·운용 소프트웨어와 연결 가능"",""official_defense_evidence"":""N"",""usage_note"":""탐색용 분류이며 기업의 방산업체 지정·군 납품을 의미하지 않음""},""duplicate_source_rows"":[]}"
50162ef0af63ff0f053a2e01,CMP0185,안티드론,직접,company_category_bridge,681,"{""original"":{""company_id"":""CMP0185"",""company_name_normalized"":""엑슬리트엣지"",""business_category"":""안티드론"",""source_category_raw"":""안티드론"",""source_file"":""항공안전기술원_드론정보포털_기업명_사업분야_20240424 (1).csv"",""as_of_date"":""2024-04-24"",""defense_use_case_relation"":""직접"",""relation_rationale"":""대드론·C-UAS 용례와 직접 연결되는 사업분야"",""official_defense_evidence"":""N"",""usage_note"":""탐색용 분류이며 기업의 방산업체 지정·군 납품을 의미하지 않음""},""duplicate_source_rows"":[]}"
0603c0663ae911d1e30f69cf,CMP0186,감시.정찰.수색,직접,company_category_bridge,682,"{""original"":{""company_id"":""CMP0186"",""company_name_normalized"":""엔디티엔지니어링(주)"",""business_category"":""감시.정찰.수색"",""source_category_raw"":""감시.정찰.수색/인프라관리"",""source_file"":""항공안전기술원_드론정보포털_기업명_사업분야_20240424 (1).csv"",""as_of_date"":""2024-04-24"",""defense_use_case_relation"":""직접"",""relation_rationale"":""군 감시·정찰 임무와 직접 연결 가능"",""official_defense_evidence"":""N"",""usage_note"":""탐색용 분류이며 기업의 방산업체 지정·군 납품을 의미하지 않음""},""duplicate_source_rows"":[]}"
4c4795705b852132dea5076b,CMP0186,인프라관리,일반,company_category_bridge,683,"{""original"":{""company_id"":""CMP0186"",""company_name_normalized"":""엔디티엔지니어링(주)"",""business_category"":""인프라관리"",""source_category_raw"":""감시.정찰.수색/인프라관리"",""source_file"":""항공안전기술원_드론정보포털_기업명_사업분야_20240424 (1).csv"",""as_of_date"":""2024-04-24"",""defense_use_case_relation"":""일반"",""relation_rationale"":""민수 활용 중심이나 군 시설 관리와 교차 가능"",""official_defense_evidence"":""N"",""usage_note"":""탐색용 분류이며 기업의 방산업체 지정·군 납품을 의미하지 않음""},""duplicate_source_rows"":[]}"
2bcfe7f54dc0ba6806dc20f3,CMP0188,임무장비,직접,company_category_bridge,684,"{""original"":{""company_id"":""CMP0188"",""company_name_normalized"":""엔텍로직"",""business_category"":""임무장비"",""source_category_raw"":""임무장비"",""source_file"":""항공안전기술원_드론정보포털_기업명_사업분야_20240424 (1).csv"",""as_of_date"":""2024-04-24"",""defense_use_case_relation"":""직접"",""relation_rationale"":""정찰·공격·지원 임무장비와 연결 가능"",""official_defense_evidence"":""N"",""usage_note"":""탐색용 분류이며 기업의 방산업체 지정·군 납품을 의미하지 않음""},""duplicate_source_rows"":[]}"
da51c838c857cf4d6799d529,CMP0193,통합솔루션,인접,company_category_bridge,685,"{""original"":{""company_id"":""CMP0193"",""company_name_normalized"":""영인모빌리티"",""business_category"":""통합솔루션"",""source_category_raw"":""통합솔루션/지상통제장비/취미·교육/드론스테이션/임무장비/감시.정찰.수색/인프라관리/공간정보/특수촬영/환경측량/다목적 H/W"",""source_file"":""항공안전기술원_드론정보포털_기업명_사업분야_20240424 (1).csv"",""as_of_date"":""2024-04-24"",""defense_use_case_relation"":""인접"",""relation_rationale"":""체계통합·운용 소프트웨어와 연결 가능"",""official_defense_evidence"":""N"",""usage_note"":""탐색용 분류이며 기업의 방산업체 지정·군 납품을 의미하지 않음""},""duplicate_source_rows"":[]}"
14d136798efa482fc292f8fd,CMP0193,지상통제장비,직접,company_category_bridge,686,"{""original"":{""company_id"":""CMP0193"",""company_name_normalized"":""영인모빌리티"",""business_category"":""지상통제장비"",""source_category_raw"":""통합솔루션/지상통제장비/취미·교육/드론스테이션/임무장비/감시.정찰.수색/인프라관리/공간정보/특수촬영/환경측량/다목적 H/W"",""source_file"":""항공안전기술원_드론정보포털_기업명_사업분야_20240424 (1).csv"",""as_of_date"":""2024-04-24"",""defense_use_case_relation"":""직접"",""relation_rationale"":""GCS·임무통제와 연결 가능"",""official_defense_evidence"":""N"",""usage_note"":""탐색용 분류이며 기업의 방산업체 지정·군 납품을 의미하지 않음""},""duplicate_source_rows"":[]}"
f9c1630abf7234a62f85b5df,CMP0193,취미·교육,낮음,company_category_bridge,687,"{""original"":{""company_id"":""CMP0193"",""company_name_normalized"":""영인모빌리티"",""business_category"":""취미·교육"",""source_category_raw"":""통합솔루션/지상통제장비/취미·교육/드론스테이션/임무장비/감시.정찰.수색/인프라관리/공간정보/특수촬영/환경측량/다목적 H/W"",""source_file"":""항공안전기술원_드론정보포털_기업명_사업분야_20240424 (1).csv"",""as_of_date"":""2024-04-24"",""defense_use_case_relation"":""낮음"",""relation_rationale"":""국방 연계 판단 근거로 사용하지 않음"",""official_defense_evidence"":""N"",""usage_note"":""탐색용 분류이며 기업의 방산업체 지정·군 납품을 의미하지 않음""},""duplicate_source_rows"":[]}"
cb255c66a4a6d9877634ef4b,CMP0193,드론스테이션,인접,company_category_bridge,688,"{""original"":{""company_id"":""CMP0193"",""company_name_normalized"":""영인모빌리티"",""business_category"":""드론스테이션"",""source_category_raw"":""통합솔루션/지상통제장비/취미·교육/드론스테이션/임무장비/감시.정찰.수색/인프라관리/공간정보/특수촬영/환경측량/다목적 H/W"",""source_file"":""항공안전기술원_드론정보포털_기업명_사업분야_20240424 (1).csv"",""as_of_date"":""2024-04-24"",""defense_use_case_relation"":""인접"",""relation_rationale"":""무인 운용·원격 통제 인프라 후보"",""official_defense_evidence"":""N"",""usage_note"":""탐색용 분류이며 기업의 방산업체 지정·군 납품을 의미하지 않음""},""duplicate_source_rows"":[]}"
9574996ec3ae949a7814b602,CMP0193,임무장비,직접,company_category_bridge,689,"{""original"":{""company_id"":""CMP0193"",""company_name_normalized"":""영인모빌리티"",""business_category"":""임무장비"",""source_category_raw"":""통합솔루션/지상통제장비/취미·교육/드론스테이션/임무장비/감시.정찰.수색/인프라관리/공간정보/특수촬영/환경측량/다목적 H/W"",""source_file"":""항공안전기술원_드론정보포털_기업명_사업분야_20240424 (1).csv"",""as_of_date"":""2024-04-24"",""defense_use_case_relation"":""직접"",""relation_rationale"":""정찰·공격·지원 임무장비와 연결 가능"",""official_defense_evidence"":""N"",""usage_note"":""탐색용 분류이며 기업의 방산업체 지정·군 납품을 의미하지 않음""},""duplicate_source_rows"":[]}"
41b1c8824c2f6c6c76dfcfb8,CMP0193,감시.정찰.수색,직접,company_category_bridge,690,"{""original"":{""company_id"":""CMP0193"",""company_name_normalized"":""영인모빌리티"",""business_category"":""감시.정찰.수색"",""source_category_raw"":""통합솔루션/지상통제장비/취미·교육/드론스테이션/임무장비/감시.정찰.수색/인프라관리/공간정보/특수촬영/환경측량/다목적 H/W"",""source_file"":""항공안전기술원_드론정보포털_기업명_사업분야_20240424 (1).csv"",""as_of_date"":""2024-04-24"",""defense_use_case_relation"":""직접"",""relation_rationale"":""군 감시·정찰 임무와 직접 연결 가능"",""official_defense_evidence"":""N"",""usage_note"":""탐색용 분류이며 기업의 방산업체 지정·군 납품을 의미하지 않음""},""duplicate_source_rows"":[]}"
5bef90ac8c823f4a5eac9a5f,CMP0193,인프라관리,일반,company_category_bridge,691,"{""original"":{""company_id"":""CMP0193"",""company_name_normalized"":""영인모빌리티"",""business_category"":""인프라관리"",""source_category_raw"":""통합솔루션/지상통제장비/취미·교육/드론스테이션/임무장비/감시.정찰.수색/인프라관리/공간정보/특수촬영/환경측량/다목적 H/W"",""source_file"":""항공안전기술원_드론정보포털_기업명_사업분야_20240424 (1).csv"",""as_of_date"":""2024-04-24"",""defense_use_case_relation"":""일반"",""relation_rationale"":""민수 활용 중심이나 군 시설 관리와 교차 가능"",""official_defense_evidence"":""N"",""usage_note"":""탐색용 분류이며 기업의 방산업체 지정·군 납품을 의미하지 않음""},""duplicate_source_rows"":[]}"
faecb4f964c67bd5e8ab2c6c,CMP0193,공간정보,일반,company_category_bridge,692,"{""original"":{""company_id"":""CMP0193"",""company_name_normalized"":""영인모빌리티"",""business_category"":""공간정보"",""source_category_raw"":""통합솔루션/지상통제장비/취미·교육/드론스테이션/임무장비/감시.정찰.수색/인프라관리/공간정보/특수촬영/환경측량/다목적 H/W"",""source_file"":""항공안전기술원_드론정보포털_기업명_사업분야_20240424 (1).csv"",""as_of_date"":""2024-04-24"",""defense_use_case_relation"":""일반"",""relation_rationale"":""군 지형·공간정보 용례와 교차 가능"",""official_defense_evidence"":""N"",""usage_note"":""탐색용 분류이며 기업의 방산업체 지정·군 납품을 의미하지 않음""},""duplicate_source_rows"":[]}"
cd6b55cef05882b3f6df3189,CMP0193,특수촬영,일반,company_category_bridge,693,"{""original"":{""company_id"":""CMP0193"",""company_name_normalized"":""영인모빌리티"",""business_category"":""특수촬영"",""source_category_raw"":""통합솔루션/지상통제장비/취미·교육/드론스테이션/임무장비/감시.정찰.수색/인프라관리/공간정보/특수촬영/환경측량/다목적 H/W"",""source_file"":""항공안전기술원_드론정보포털_기업명_사업분야_20240424 (1).csv"",""as_of_date"":""2024-04-24"",""defense_use_case_relation"":""일반"",""relation_rationale"":""정찰 영상과 기술적으로 인접할 수 있음"",""official_defense_evidence"":""N"",""usage_note"":""탐색용 분류이며 기업의 방산업체 지정·군 납품을 의미하지 않음""},""duplicate_source_rows"":[]}"
1e4ade6293caef45b05371df,CMP0193,환경측량,일반,company_category_bridge,694,"{""original"":{""company_id"":""CMP0193"",""company_name_normalized"":""영인모빌리티"",""business_category"":""환경측량"",""source_category_raw"":""통합솔루션/지상통제장비/취미·교육/드론스테이션/임무장비/감시.정찰.수색/인프라관리/공간정보/특수촬영/환경측량/다목적 H/W"",""source_file"":""항공안전기술원_드론정보포털_기업명_사업분야_20240424 (1).csv"",""as_of_date"":""2024-04-24"",""defense_use_case_relation"":""일반"",""relation_rationale"":""군 환경·지형 조사와 교차 가능"",""official_defense_evidence"":""N"",""usage_note"":""탐색용 분류이며 기업의 방산업체 지정·군 납품을 의미하지 않음""},""duplicate_source_rows"":[]}"
47e038b98a089e064c26a062,CMP0193,다목적 H/W,인접,company_category_bridge,695,"{""original"":{""company_id"":""CMP0193"",""company_name_normalized"":""영인모빌리티"",""business_category"":""다목적 H/W"",""source_category_raw"":""통합솔루션/지상통제장비/취미·교육/드론스테이션/임무장비/감시.정찰.수색/인프라관리/공간정보/특수촬영/환경측량/다목적 H/W"",""source_file"":""항공안전기술원_드론정보포털_기업명_사업분야_20240424 (1).csv"",""as_of_date"":""2024-04-24"",""defense_use_case_relation"":""인접"",""relation_rationale"":""기체·전자·탑재체 하드웨어 공급망 후보"",""official_defense_evidence"":""N"",""usage_note"":""탐색용 분류이며 기업의 방산업체 지정·군 납품을 의미하지 않음""},""duplicate_source_rows"":[]}"
ff21917b52ee3390327eefda,CMP0194,감시.정찰.수색,직접,company_category_bridge,696,"{""original"":{""company_id"":""CMP0194"",""company_name_normalized"":""온누리무인항공"",""business_category"":""감시.정찰.수색"",""source_category_raw"":""감시.정찰.수색/인프라관리/방역/방제/살포"",""source_file"":""항공안전기술원_드론정보포털_기업명_사업분야_20240424 (1).csv"",""as_of_date"":""2024-04-24"",""defense_use_case_relation"":""직접"",""relation_rationale"":""군 감시·정찰 임무와 직접 연결 가능"",""official_defense_evidence"":""N"",""usage_note"":""탐색용 분류이며 기업의 방산업체 지정·군 납품을 의미하지 않음""},""duplicate_source_rows"":[]}"
4fbac5320eb713c7ce39b49d,CMP0194,인프라관리,일반,company_category_bridge,697,"{""original"":{""company_id"":""CMP0194"",""company_name_normalized"":""온누리무인항공"",""business_category"":""인프라관리"",""source_category_raw"":""감시.정찰.수색/인프라관리/방역/방제/살포"",""source_file"":""항공안전기술원_드론정보포털_기업명_사업분야_20240424 (1).csv"",""as_of_date"":""2024-04-24"",""defense_use_case_relation"":""일반"",""relation_rationale"":""민수 활용 중심이나 군 시설 관리와 교차 가능"",""official_defense_evidence"":""N"",""usage_note"":""탐색용 분류이며 기업의 방산업체 지정·군 납품을 의미하지 않음""},""duplicate_source_rows"":[]}"
216bbe4a926c73fb1f6a442d,CMP0194,방역/방제/살포,낮음,company_category_bridge,698,"{""original"":{""company_id"":""CMP0194"",""company_name_normalized"":""온누리무인항공"",""business_category"":""방역/방제/살포"",""source_category_raw"":""감시.정찰.수색/인프라관리/방역/방제/살포"",""source_file"":""항공안전기술원_드론정보포털_기업명_사업분야_20240424 (1).csv"",""as_of_date"":""2024-04-24"",""defense_use_case_relation"":""낮음"",""relation_rationale"":""주로 민수 활용"",""official_defense_evidence"":""N"",""usage_note"":""탐색용 분류이며 기업의 방산업체 지정·군 납품을 의미하지 않음""},""duplicate_source_rows"":[]}"
472e7f91f17a7dec2ec568e2,CMP0195,감시.정찰.수색,직접,company_category_bridge,699,"{""original"":{""company_id"":""CMP0195"",""company_name_normalized"":""올뉴텍"",""business_category"":""감시.정찰.수색"",""source_category_raw"":""감시.정찰.수색/인프라관리/물류·운송·구조/공간정보/특수촬영/임무장비"",""source_file"":""항공안전기술원_드론정보포털_기업명_사업분야_20240424 (1).csv"",""as_of_date"":""2024-04-24"",""defense_use_case_relation"":""직접"",""relation_rationale"":""군 감시·정찰 임무와 직접 연결 가능"",""official_defense_evidence"":""N"",""usage_note"":""탐색용 분류이며 기업의 방산업체 지정·군 납품을 의미하지 않음""},""duplicate_source_rows"":[]}"
6afea0cf6e0a85f894cf1adc,CMP0195,인프라관리,일반,company_category_bridge,700,"{""original"":{""company_id"":""CMP0195"",""company_name_normalized"":""올뉴텍"",""business_category"":""인프라관리"",""source_category_raw"":""감시.정찰.수색/인프라관리/물류·운송·구조/공간정보/특수촬영/임무장비"",""source_file"":""항공안전기술원_드론정보포털_기업명_사업분야_20240424 (1).csv"",""as_of_date"":""2024-04-24"",""defense_use_case_relation"":""일반"",""relation_rationale"":""민수 활용 중심이나 군 시설 관리와 교차 가능"",""official_defense_evidence"":""N"",""usage_note"":""탐색용 분류이며 기업의 방산업체 지정·군 납품을 의미하지 않음""},""duplicate_source_rows"":[]}"
0fcd979aa579524238cbeded,CMP0195,물류·운송·구조,일반,company_category_bridge,701,"{""original"":{""company_id"":""CMP0195"",""company_name_normalized"":""올뉴텍"",""business_category"":""물류·운송·구조"",""source_category_raw"":""감시.정찰.수색/인프라관리/물류·운송·구조/공간정보/특수촬영/임무장비"",""source_file"":""항공안전기술원_드론정보포털_기업명_사업분야_20240424 (1).csv"",""as_of_date"":""2024-04-24"",""defense_use_case_relation"":""일반"",""relation_rationale"":""군수·수송 용례와 교차 가능"",""official_defense_evidence"":""N"",""usage_note"":""탐색용 분류이며 기업의 방산업체 지정·군 납품을 의미하지 않음""},""duplicate_source_rows"":[]}"
9a418848dfceefed60d03ea1,CMP0195,공간정보,일반,company_category_bridge,702,"{""original"":{""company_id"":""CMP0195"",""company_name_normalized"":""올뉴텍"",""business_category"":""공간정보"",""source_category_raw"":""감시.정찰.수색/인프라관리/물류·운송·구조/공간정보/특수촬영/임무장비"",""source_file"":""항공안전기술원_드론정보포털_기업명_사업분야_20240424 (1).csv"",""as_of_date"":""2024-04-24"",""defense_use_case_relation"":""일반"",""relation_rationale"":""군 지형·공간정보 용례와 교차 가능"",""official_defense_evidence"":""N"",""usage_note"":""탐색용 분류이며 기업의 방산업체 지정·군 납품을 의미하지 않음""},""duplicate_source_rows"":[]}"
37b3467621efd61ffbee523c,CMP0195,특수촬영,일반,company_category_bridge,703,"{""original"":{""company_id"":""CMP0195"",""company_name_normalized"":""올뉴텍"",""business_category"":""특수촬영"",""source_category_raw"":""감시.정찰.수색/인프라관리/물류·운송·구조/공간정보/특수촬영/임무장비"",""source_file"":""항공안전기술원_드론정보포털_기업명_사업분야_20240424 (1).csv"",""as_of_date"":""2024-04-24"",""defense_use_case_relation"":""일반"",""relation_rationale"":""정찰 영상과 기술적으로 인접할 수 있음"",""official_defense_evidence"":""N"",""usage_note"":""탐색용 분류이며 기업의 방산업체 지정·군 납품을 의미하지 않음""},""duplicate_source_rows"":[]}"
a9f17263895c38e4dccd57eb,CMP0195,임무장비,직접,company_category_bridge,704,"{""original"":{""company_id"":""CMP0195"",""company_name_normalized"":""올뉴텍"",""business_category"":""임무장비"",""source_category_raw"":""감시.정찰.수색/인프라관리/물류·운송·구조/공간정보/특수촬영/임무장비"",""source_file"":""항공안전기술원_드론정보포털_기업명_사업분야_20240424 (1).csv"",""as_of_date"":""2024-04-24"",""defense_use_case_relation"":""직접"",""relation_rationale"":""정찰·공격·지원 임무장비와 연결 가능"",""official_defense_evidence"":""N"",""usage_note"":""탐색용 분류이며 기업의 방산업체 지정·군 납품을 의미하지 않음""},""duplicate_source_rows"":[]}"
267ee534af4ebd7895d750d4,CMP0196,감시.정찰.수색,직접,company_category_bridge,705,"{""original"":{""company_id"":""CMP0196"",""company_name_normalized"":""와우미래기술"",""business_category"":""감시.정찰.수색"",""source_category_raw"":""감시.정찰.수색/인프라관리/공간정보/특수촬영/방역/방제/살포/취미·교육"",""source_file"":""항공안전기술원_드론정보포털_기업명_사업분야_20240424 (1).csv"",""as_of_date"":""2024-04-24"",""defense_use_case_relation"":""직접"",""relation_rationale"":""군 감시·정찰 임무와 직접 연결 가능"",""official_defense_evidence"":""N"",""usage_note"":""탐색용 분류이며 기업의 방산업체 지정·군 납품을 의미하지 않음""},""duplicate_source_rows"":[]}"
29509968bda122d4e18dde1c,CMP0196,인프라관리,일반,company_category_bridge,706,"{""original"":{""company_id"":""CMP0196"",""company_name_normalized"":""와우미래기술"",""business_category"":""인프라관리"",""source_category_raw"":""감시.정찰.수색/인프라관리/공간정보/특수촬영/방역/방제/살포/취미·교육"",""source_file"":""항공안전기술원_드론정보포털_기업명_사업분야_20240424 (1).csv"",""as_of_date"":""2024-04-24"",""defense_use_case_relation"":""일반"",""relation_rationale"":""민수 활용 중심이나 군 시설 관리와 교차 가능"",""official_defense_evidence"":""N"",""usage_note"":""탐색용 분류이며 기업의 방산업체 지정·군 납품을 의미하지 않음""},""duplicate_source_rows"":[]}"
b161f64309f719efaf7c9ef9,CMP0196,공간정보,일반,company_category_bridge,707,"{""original"":{""company_id"":""CMP0196"",""company_name_normalized"":""와우미래기술"",""business_category"":""공간정보"",""source_category_raw"":""감시.정찰.수색/인프라관리/공간정보/특수촬영/방역/방제/살포/취미·교육"",""source_file"":""항공안전기술원_드론정보포털_기업명_사업분야_20240424 (1).csv"",""as_of_date"":""2024-04-24"",""defense_use_case_relation"":""일반"",""relation_rationale"":""군 지형·공간정보 용례와 교차 가능"",""official_defense_evidence"":""N"",""usage_note"":""탐색용 분류이며 기업의 방산업체 지정·군 납품을 의미하지 않음""},""duplicate_source_rows"":[]}"
b4740b84b5b36ea66cdd2573,CMP0196,특수촬영,일반,company_category_bridge,708,"{""original"":{""company_id"":""CMP0196"",""company_name_normalized"":""와우미래기술"",""business_category"":""특수촬영"",""source_category_raw"":""감시.정찰.수색/인프라관리/공간정보/특수촬영/방역/방제/살포/취미·교육"",""source_file"":""항공안전기술원_드론정보포털_기업명_사업분야_20240424 (1).csv"",""as_of_date"":""2024-04-24"",""defense_use_case_relation"":""일반"",""relation_rationale"":""정찰 영상과 기술적으로 인접할 수 있음"",""official_defense_evidence"":""N"",""usage_note"":""탐색용 분류이며 기업의 방산업체 지정·군 납품을 의미하지 않음""},""duplicate_source_rows"":[]}"
d85907725598eea6f4339f87,CMP0196,방역/방제/살포,낮음,company_category_bridge,709,"{""original"":{""company_id"":""CMP0196"",""company_name_normalized"":""와우미래기술"",""business_category"":""방역/방제/살포"",""source_category_raw"":""감시.정찰.수색/인프라관리/공간정보/특수촬영/방역/방제/살포/취미·교육"",""source_file"":""항공안전기술원_드론정보포털_기업명_사업분야_20240424 (1).csv"",""as_of_date"":""2024-04-24"",""defense_use_case_relation"":""낮음"",""relation_rationale"":""주로 민수 활용"",""official_defense_evidence"":""N"",""usage_note"":""탐색용 분류이며 기업의 방산업체 지정·군 납품을 의미하지 않음""},""duplicate_source_rows"":[]}"
1a8dc088e98c475a84a9bf4a,CMP0196,취미·교육,낮음,company_category_bridge,710,"{""original"":{""company_id"":""CMP0196"",""company_name_normalized"":""와우미래기술"",""business_category"":""취미·교육"",""source_category_raw"":""감시.정찰.수색/인프라관리/공간정보/특수촬영/방역/방제/살포/취미·교육"",""source_file"":""항공안전기술원_드론정보포털_기업명_사업분야_20240424 (1).csv"",""as_of_date"":""2024-04-24"",""defense_use_case_relation"":""낮음"",""relation_rationale"":""국방 연계 판단 근거로 사용하지 않음"",""official_defense_evidence"":""N"",""usage_note"":""탐색용 분류이며 기업의 방산업체 지정·군 납품을 의미하지 않음""},""duplicate_source_rows"":[]}"
564519f58286c4e001408338,CMP0198,모듈,인접,company_category_bridge,711,"{""original"":{""company_id"":""CMP0198"",""company_name_normalized"":""웨이브랩스"",""business_category"":""모듈"",""source_category_raw"":""모듈"",""source_file"":""항공안전기술원_드론정보포털_기업명_사업분야_20240424 (1).csv"",""as_of_date"":""2024-04-24"",""defense_use_case_relation"":""인접"",""relation_rationale"":""국방 드론 부품·모듈 공급망 후보"",""official_defense_evidence"":""N"",""usage_note"":""탐색용 분류이며 기업의 방산업체 지정·군 납품을 의미하지 않음""},""duplicate_source_rows"":[]}"
7e31aad15236e0d63a681357,CMP0199,감시.정찰.수색,직접,company_category_bridge,712,"{""original"":{""company_id"":""CMP0199"",""company_name_normalized"":""위즈윙"",""business_category"":""감시.정찰.수색"",""source_category_raw"":""감시.정찰.수색/인프라관리/물류·운송·구조/공간정보/특수촬영/방역/방제/살포/환경측량/다목적 H/W/취미·교육/임무장비/지상통제장비/통합솔루션"",""source_file"":""항공안전기술원_드론정보포털_기업명_사업분야_20240424 (1).csv"",""as_of_date"":""2024-04-24"",""defense_use_case_relation"":""직접"",""relation_rationale"":""군 감시·정찰 임무와 직접 연결 가능"",""official_defense_evidence"":""N"",""usage_note"":""탐색용 분류이며 기업의 방산업체 지정·군 납품을 의미하지 않음""},""duplicate_source_rows"":[]}"
05cce49e5b71cd35bf1f8b6b,CMP0199,인프라관리,일반,company_category_bridge,713,"{""original"":{""company_id"":""CMP0199"",""company_name_normalized"":""위즈윙"",""business_category"":""인프라관리"",""source_category_raw"":""감시.정찰.수색/인프라관리/물류·운송·구조/공간정보/특수촬영/방역/방제/살포/환경측량/다목적 H/W/취미·교육/임무장비/지상통제장비/통합솔루션"",""source_file"":""항공안전기술원_드론정보포털_기업명_사업분야_20240424 (1).csv"",""as_of_date"":""2024-04-24"",""defense_use_case_relation"":""일반"",""relation_rationale"":""민수 활용 중심이나 군 시설 관리와 교차 가능"",""official_defense_evidence"":""N"",""usage_note"":""탐색용 분류이며 기업의 방산업체 지정·군 납품을 의미하지 않음""},""duplicate_source_rows"":[]}"
28a27a9b3ca45f16db50c9e9,CMP0199,물류·운송·구조,일반,company_category_bridge,714,"{""original"":{""company_id"":""CMP0199"",""company_name_normalized"":""위즈윙"",""business_category"":""물류·운송·구조"",""source_category_raw"":""감시.정찰.수색/인프라관리/물류·운송·구조/공간정보/특수촬영/방역/방제/살포/환경측량/다목적 H/W/취미·교육/임무장비/지상통제장비/통합솔루션"",""source_file"":""항공안전기술원_드론정보포털_기업명_사업분야_20240424 (1).csv"",""as_of_date"":""2024-04-24"",""defense_use_case_relation"":""일반"",""relation_rationale"":""군수·수송 용례와 교차 가능"",""official_defense_evidence"":""N"",""usage_note"":""탐색용 분류이며 기업의 방산업체 지정·군 납품을 의미하지 않음""},""duplicate_source_rows"":[]}"
838e5065180a4577682f575b,CMP0199,공간정보,일반,company_category_bridge,715,"{""original"":{""company_id"":""CMP0199"",""company_name_normalized"":""위즈윙"",""business_category"":""공간정보"",""source_category_raw"":""감시.정찰.수색/인프라관리/물류·운송·구조/공간정보/특수촬영/방역/방제/살포/환경측량/다목적 H/W/취미·교육/임무장비/지상통제장비/통합솔루션"",""source_file"":""항공안전기술원_드론정보포털_기업명_사업분야_20240424 (1).csv"",""as_of_date"":""2024-04-24"",""defense_use_case_relation"":""일반"",""relation_rationale"":""군 지형·공간정보 용례와 교차 가능"",""official_defense_evidence"":""N"",""usage_note"":""탐색용 분류이며 기업의 방산업체 지정·군 납품을 의미하지 않음""},""duplicate_source_rows"":[]}"
a9a38f0d0833a7161eeb9d37,CMP0199,특수촬영,일반,company_category_bridge,716,"{""original"":{""company_id"":""CMP0199"",""company_name_normalized"":""위즈윙"",""business_category"":""특수촬영"",""source_category_raw"":""감시.정찰.수색/인프라관리/물류·운송·구조/공간정보/특수촬영/방역/방제/살포/환경측량/다목적 H/W/취미·교육/임무장비/지상통제장비/통합솔루션"",""source_file"":""항공안전기술원_드론정보포털_기업명_사업분야_20240424 (1).csv"",""as_of_date"":""2024-04-24"",""defense_use_case_relation"":""일반"",""relation_rationale"":""정찰 영상과 기술적으로 인접할 수 있음"",""official_defense_evidence"":""N"",""usage_note"":""탐색용 분류이며 기업의 방산업체 지정·군 납품을 의미하지 않음""},""duplicate_source_rows"":[]}"
77af61e736b07c35df4701d8,CMP0199,방역/방제/살포,낮음,company_category_bridge,717,"{""original"":{""company_id"":""CMP0199"",""company_name_normalized"":""위즈윙"",""business_category"":""방역/방제/살포"",""source_category_raw"":""감시.정찰.수색/인프라관리/물류·운송·구조/공간정보/특수촬영/방역/방제/살포/환경측량/다목적 H/W/취미·교육/임무장비/지상통제장비/통합솔루션"",""source_file"":""항공안전기술원_드론정보포털_기업명_사업분야_20240424 (1).csv"",""as_of_date"":""2024-04-24"",""defense_use_case_relation"":""낮음"",""relation_rationale"":""주로 민수 활용"",""official_defense_evidence"":""N"",""usage_note"":""탐색용 분류이며 기업의 방산업체 지정·군 납품을 의미하지 않음""},""duplicate_source_rows"":[]}"
ce86cb8b371af236e38aa658,CMP0199,환경측량,일반,company_category_bridge,718,"{""original"":{""company_id"":""CMP0199"",""company_name_normalized"":""위즈윙"",""business_category"":""환경측량"",""source_category_raw"":""감시.정찰.수색/인프라관리/물류·운송·구조/공간정보/특수촬영/방역/방제/살포/환경측량/다목적 H/W/취미·교육/임무장비/지상통제장비/통합솔루션"",""source_file"":""항공안전기술원_드론정보포털_기업명_사업분야_20240424 (1).csv"",""as_of_date"":""2024-04-24"",""defense_use_case_relation"":""일반"",""relation_rationale"":""군 환경·지형 조사와 교차 가능"",""official_defense_evidence"":""N"",""usage_note"":""탐색용 분류이며 기업의 방산업체 지정·군 납품을 의미하지 않음""},""duplicate_source_rows"":[]}"
6563b22646381249916747ff,CMP0199,다목적 H/W,인접,company_category_bridge,719,"{""original"":{""company_id"":""CMP0199"",""company_name_normalized"":""위즈윙"",""business_category"":""다목적 H/W"",""source_category_raw"":""감시.정찰.수색/인프라관리/물류·운송·구조/공간정보/특수촬영/방역/방제/살포/환경측량/다목적 H/W/취미·교육/임무장비/지상통제장비/통합솔루션"",""source_file"":""항공안전기술원_드론정보포털_기업명_사업분야_20240424 (1).csv"",""as_of_date"":""2024-04-24"",""defense_use_case_relation"":""인접"",""relation_rationale"":""기체·전자·탑재체 하드웨어 공급망 후보"",""official_defense_evidence"":""N"",""usage_note"":""탐색용 분류이며 기업의 방산업체 지정·군 납품을 의미하지 않음""},""duplicate_source_rows"":[]}"
53926cf07603103b94c69a20,CMP0199,취미·교육,낮음,company_category_bridge,720,"{""original"":{""company_id"":""CMP0199"",""company_name_normalized"":""위즈윙"",""business_category"":""취미·교육"",""source_category_raw"":""감시.정찰.수색/인프라관리/물류·운송·구조/공간정보/특수촬영/방역/방제/살포/환경측량/다목적 H/W/취미·교육/임무장비/지상통제장비/통합솔루션"",""source_file"":""항공안전기술원_드론정보포털_기업명_사업분야_20240424 (1).csv"",""as_of_date"":""2024-04-24"",""defense_use_case_relation"":""낮음"",""relation_rationale"":""국방 연계 판단 근거로 사용하지 않음"",""official_defense_evidence"":""N"",""usage_note"":""탐색용 분류이며 기업의 방산업체 지정·군 납품을 의미하지 않음""},""duplicate_source_rows"":[]}"
726f93fa4a035cecb5e8482f,CMP0199,임무장비,직접,company_category_bridge,721,"{""original"":{""company_id"":""CMP0199"",""company_name_normalized"":""위즈윙"",""business_category"":""임무장비"",""source_category_raw"":""감시.정찰.수색/인프라관리/물류·운송·구조/공간정보/특수촬영/방역/방제/살포/환경측량/다목적 H/W/취미·교육/임무장비/지상통제장비/통합솔루션"",""source_file"":""항공안전기술원_드론정보포털_기업명_사업분야_20240424 (1).csv"",""as_of_date"":""2024-04-24"",""defense_use_case_relation"":""직접"",""relation_rationale"":""정찰·공격·지원 임무장비와 연결 가능"",""official_defense_evidence"":""N"",""usage_note"":""탐색용 분류이며 기업의 방산업체 지정·군 납품을 의미하지 않음""},""duplicate_source_rows"":[]}"
eb7819af515b928d5562b60c,CMP0199,지상통제장비,직접,company_category_bridge,722,"{""original"":{""company_id"":""CMP0199"",""company_name_normalized"":""위즈윙"",""business_category"":""지상통제장비"",""source_category_raw"":""감시.정찰.수색/인프라관리/물류·운송·구조/공간정보/특수촬영/방역/방제/살포/환경측량/다목적 H/W/취미·교육/임무장비/지상통제장비/통합솔루션"",""source_file"":""항공안전기술원_드론정보포털_기업명_사업분야_20240424 (1).csv"",""as_of_date"":""2024-04-24"",""defense_use_case_relation"":""직접"",""relation_rationale"":""GCS·임무통제와 연결 가능"",""official_defense_evidence"":""N"",""usage_note"":""탐색용 분류이며 기업의 방산업체 지정·군 납품을 의미하지 않음""},""duplicate_source_rows"":[]}"
2b20303e5c4bf9c400ecfefb,CMP0199,통합솔루션,인접,company_category_bridge,723,"{""original"":{""company_id"":""CMP0199"",""company_name_normalized"":""위즈윙"",""business_category"":""통합솔루션"",""source_category_raw"":""감시.정찰.수색/인프라관리/물류·운송·구조/공간정보/특수촬영/방역/방제/살포/환경측량/다목적 H/W/취미·교육/임무장비/지상통제장비/통합솔루션"",""source_file"":""항공안전기술원_드론정보포털_기업명_사업분야_20240424 (1).csv"",""as_of_date"":""2024-04-24"",""defense_use_case_relation"":""인접"",""relation_rationale"":""체계통합·운용 소프트웨어와 연결 가능"",""official_defense_evidence"":""N"",""usage_note"":""탐색용 분류이며 기업의 방산업체 지정·군 납품을 의미하지 않음""},""duplicate_source_rows"":[]}"
2dccb5696a022005c2d21c1a,CMP0200,앱,낮음,company_category_bridge,724,"{""original"":{""company_id"":""CMP0200"",""company_name_normalized"":""윈스젠"",""business_category"":""앱"",""source_category_raw"":""앱/공간정보/특수촬영/방역/방제/살포/모듈/지상통제장비/통합솔루션"",""source_file"":""항공안전기술원_드론정보포털_기업명_사업분야_20240424 (1).csv"",""as_of_date"":""2024-04-24"",""defense_use_case_relation"":""낮음"",""relation_rationale"":""세부 기능 확인 전 국방 연계 판단 불가"",""official_defense_evidence"":""N"",""usage_note"":""탐색용 분류이며 기업의 방산업체 지정·군 납품을 의미하지 않음""},""duplicate_source_rows"":[]}"
cf49c43b8347bb98536915f4,CMP0200,공간정보,일반,company_category_bridge,725,"{""original"":{""company_id"":""CMP0200"",""company_name_normalized"":""윈스젠"",""business_category"":""공간정보"",""source_category_raw"":""앱/공간정보/특수촬영/방역/방제/살포/모듈/지상통제장비/통합솔루션"",""source_file"":""항공안전기술원_드론정보포털_기업명_사업분야_20240424 (1).csv"",""as_of_date"":""2024-04-24"",""defense_use_case_relation"":""일반"",""relation_rationale"":""군 지형·공간정보 용례와 교차 가능"",""official_defense_evidence"":""N"",""usage_note"":""탐색용 분류이며 기업의 방산업체 지정·군 납품을 의미하지 않음""},""duplicate_source_rows"":[]}"
2c579a5bcfe7f912bafb9bb4,CMP0200,특수촬영,일반,company_category_bridge,726,"{""original"":{""company_id"":""CMP0200"",""company_name_normalized"":""윈스젠"",""business_category"":""특수촬영"",""source_category_raw"":""앱/공간정보/특수촬영/방역/방제/살포/모듈/지상통제장비/통합솔루션"",""source_file"":""항공안전기술원_드론정보포털_기업명_사업분야_20240424 (1).csv"",""as_of_date"":""2024-04-24"",""defense_use_case_relation"":""일반"",""relation_rationale"":""정찰 영상과 기술적으로 인접할 수 있음"",""official_defense_evidence"":""N"",""usage_note"":""탐색용 분류이며 기업의 방산업체 지정·군 납품을 의미하지 않음""},""duplicate_source_rows"":[]}"
ebc69b6fd3cbdf30bb8199e9,CMP0200,방역/방제/살포,낮음,company_category_bridge,727,"{""original"":{""company_id"":""CMP0200"",""company_name_normalized"":""윈스젠"",""business_category"":""방역/방제/살포"",""source_category_raw"":""앱/공간정보/특수촬영/방역/방제/살포/모듈/지상통제장비/통합솔루션"",""source_file"":""항공안전기술원_드론정보포털_기업명_사업분야_20240424 (1).csv"",""as_of_date"":""2024-04-24"",""defense_use_case_relation"":""낮음"",""relation_rationale"":""주로 민수 활용"",""official_defense_evidence"":""N"",""usage_note"":""탐색용 분류이며 기업의 방산업체 지정·군 납품을 의미하지 않음""},""duplicate_source_rows"":[]}"
54ee51cb6d343d811e4c27e5,CMP0200,모듈,인접,company_category_bridge,728,"{""original"":{""company_id"":""CMP0200"",""company_name_normalized"":""윈스젠"",""business_category"":""모듈"",""source_category_raw"":""앱/공간정보/특수촬영/방역/방제/살포/모듈/지상통제장비/통합솔루션"",""source_file"":""항공안전기술원_드론정보포털_기업명_사업분야_20240424 (1).csv"",""as_of_date"":""2024-04-24"",""defense_use_case_relation"":""인접"",""relation_rationale"":""국방 드론 부품·모듈 공급망 후보"",""official_defense_evidence"":""N"",""usage_note"":""탐색용 분류이며 기업의 방산업체 지정·군 납품을 의미하지 않음""},""duplicate_source_rows"":[]}"
35cbd1ccd267bf973dd95f80,CMP0200,지상통제장비,직접,company_category_bridge,729,"{""original"":{""company_id"":""CMP0200"",""company_name_normalized"":""윈스젠"",""business_category"":""지상통제장비"",""source_category_raw"":""앱/공간정보/특수촬영/방역/방제/살포/모듈/지상통제장비/통합솔루션"",""source_file"":""항공안전기술원_드론정보포털_기업명_사업분야_20240424 (1).csv"",""as_of_date"":""2024-04-24"",""defense_use_case_relation"":""직접"",""relation_rationale"":""GCS·임무통제와 연결 가능"",""official_defense_evidence"":""N"",""usage_note"":""탐색용 분류이며 기업의 방산업체 지정·군 납품을 의미하지 않음""},""duplicate_source_rows"":[]}"
737e73b93d1cf8d3cae689ca,CMP0200,통합솔루션,인접,company_category_bridge,730,"{""original"":{""company_id"":""CMP0200"",""company_name_normalized"":""윈스젠"",""business_category"":""통합솔루션"",""source_category_raw"":""앱/공간정보/특수촬영/방역/방제/살포/모듈/지상통제장비/통합솔루션"",""source_file"":""항공안전기술원_드론정보포털_기업명_사업분야_20240424 (1).csv"",""as_of_date"":""2024-04-24"",""defense_use_case_relation"":""인접"",""relation_rationale"":""체계통합·운용 소프트웨어와 연결 가능"",""official_defense_evidence"":""N"",""usage_note"":""탐색용 분류이며 기업의 방산업체 지정·군 납품을 의미하지 않음""},""duplicate_source_rows"":[]}"
a36b821275b95e17ab476b4e,CMP0201,감시.정찰.수색,직접,company_category_bridge,731,"{""original"":{""company_id"":""CMP0201"",""company_name_normalized"":""유맥에어"",""business_category"":""감시.정찰.수색"",""source_category_raw"":""감시.정찰.수색/인프라관리/공간정보/특수촬영/방역/방제/살포/취미·교육"",""source_file"":""항공안전기술원_드론정보포털_기업명_사업분야_20240424 (1).csv"",""as_of_date"":""2024-04-24"",""defense_use_case_relation"":""직접"",""relation_rationale"":""군 감시·정찰 임무와 직접 연결 가능"",""official_defense_evidence"":""N"",""usage_note"":""탐색용 분류이며 기업의 방산업체 지정·군 납품을 의미하지 않음""},""duplicate_source_rows"":[]}"
6e8d640eb6d147688c5ac244,CMP0201,인프라관리,일반,company_category_bridge,732,"{""original"":{""company_id"":""CMP0201"",""company_name_normalized"":""유맥에어"",""business_category"":""인프라관리"",""source_category_raw"":""감시.정찰.수색/인프라관리/공간정보/특수촬영/방역/방제/살포/취미·교육"",""source_file"":""항공안전기술원_드론정보포털_기업명_사업분야_20240424 (1).csv"",""as_of_date"":""2024-04-24"",""defense_use_case_relation"":""일반"",""relation_rationale"":""민수 활용 중심이나 군 시설 관리와 교차 가능"",""official_defense_evidence"":""N"",""usage_note"":""탐색용 분류이며 기업의 방산업체 지정·군 납품을 의미하지 않음""},""duplicate_source_rows"":[]}"
0faa76dd7b78e60dcc81b2e8,CMP0201,공간정보,일반,company_category_bridge,733,"{""original"":{""company_id"":""CMP0201"",""company_name_normalized"":""유맥에어"",""business_category"":""공간정보"",""source_category_raw"":""감시.정찰.수색/인프라관리/공간정보/특수촬영/방역/방제/살포/취미·교육"",""source_file"":""항공안전기술원_드론정보포털_기업명_사업분야_20240424 (1).csv"",""as_of_date"":""2024-04-24"",""defense_use_case_relation"":""일반"",""relation_rationale"":""군 지형·공간정보 용례와 교차 가능"",""official_defense_evidence"":""N"",""usage_note"":""탐색용 분류이며 기업의 방산업체 지정·군 납품을 의미하지 않음""},""duplicate_source_rows"":[]}"
2664d04a4d00d250e4177954,CMP0201,특수촬영,일반,company_category_bridge,734,"{""original"":{""company_id"":""CMP0201"",""company_name_normalized"":""유맥에어"",""business_category"":""특수촬영"",""source_category_raw"":""감시.정찰.수색/인프라관리/공간정보/특수촬영/방역/방제/살포/취미·교육"",""source_file"":""항공안전기술원_드론정보포털_기업명_사업분야_20240424 (1).csv"",""as_of_date"":""2024-04-24"",""defense_use_case_relation"":""일반"",""relation_rationale"":""정찰 영상과 기술적으로 인접할 수 있음"",""official_defense_evidence"":""N"",""usage_note"":""탐색용 분류이며 기업의 방산업체 지정·군 납품을 의미하지 않음""},""duplicate_source_rows"":[]}"
9a7c5043e2a8b7433beccbb5,CMP0201,방역/방제/살포,낮음,company_category_bridge,735,"{""original"":{""company_id"":""CMP0201"",""company_name_normalized"":""유맥에어"",""business_category"":""방역/방제/살포"",""source_category_raw"":""감시.정찰.수색/인프라관리/공간정보/특수촬영/방역/방제/살포/취미·교육"",""source_file"":""항공안전기술원_드론정보포털_기업명_사업분야_20240424 (1).csv"",""as_of_date"":""2024-04-24"",""defense_use_case_relation"":""낮음"",""relation_rationale"":""주로 민수 활용"",""official_defense_evidence"":""N"",""usage_note"":""탐색용 분류이며 기업의 방산업체 지정·군 납품을 의미하지 않음""},""duplicate_source_rows"":[]}"
c38732a1f4f5cfcc6bcdee34,CMP0201,취미·교육,낮음,company_category_bridge,736,"{""original"":{""company_id"":""CMP0201"",""company_name_normalized"":""유맥에어"",""business_category"":""취미·교육"",""source_category_raw"":""감시.정찰.수색/인프라관리/공간정보/특수촬영/방역/방제/살포/취미·교육"",""source_file"":""항공안전기술원_드론정보포털_기업명_사업분야_20240424 (1).csv"",""as_of_date"":""2024-04-24"",""defense_use_case_relation"":""낮음"",""relation_rationale"":""국방 연계 판단 근거로 사용하지 않음"",""official_defense_evidence"":""N"",""usage_note"":""탐색용 분류이며 기업의 방산업체 지정·군 납품을 의미하지 않음""},""duplicate_source_rows"":[]}"
beef90784272bfaa692de69d,CMP0202,다목적 H/W,인접,company_category_bridge,737,"{""original"":{""company_id"":""CMP0202"",""company_name_normalized"":""유비파이"",""business_category"":""다목적 H/W"",""source_category_raw"":""다목적 H/W/방송·공연"",""source_file"":""항공안전기술원_드론정보포털_기업명_사업분야_20240424 (1).csv"",""as_of_date"":""2024-04-24"",""defense_use_case_relation"":""인접"",""relation_rationale"":""기체·전자·탑재체 하드웨어 공급망 후보"",""official_defense_evidence"":""N"",""usage_note"":""탐색용 분류이며 기업의 방산업체 지정·군 납품을 의미하지 않음""},""duplicate_source_rows"":[]}"
9cefdaa5cfb42d6c222180e1,CMP0202,방송·공연,낮음,company_category_bridge,738,"{""original"":{""company_id"":""CMP0202"",""company_name_normalized"":""유비파이"",""business_category"":""방송·공연"",""source_category_raw"":""다목적 H/W/방송·공연"",""source_file"":""항공안전기술원_드론정보포털_기업명_사업분야_20240424 (1).csv"",""as_of_date"":""2024-04-24"",""defense_use_case_relation"":""낮음"",""relation_rationale"":""국방 연계 판단 근거로 사용하지 않음"",""official_defense_evidence"":""N"",""usage_note"":""탐색용 분류이며 기업의 방산업체 지정·군 납품을 의미하지 않음""},""duplicate_source_rows"":[]}"
a39301d172ba70f4bf0d3577,CMP0203,감시.정찰.수색,직접,company_category_bridge,739,"{""original"":{""company_id"":""CMP0203"",""company_name_normalized"":""유시스"",""business_category"":""감시.정찰.수색"",""source_category_raw"":""감시.정찰.수색/인프라관리/방역/방제/살포/환경측량/드론스테이션/통합솔루션"",""source_file"":""항공안전기술원_드론정보포털_기업명_사업분야_20240424 (1).csv"",""as_of_date"":""2024-04-24"",""defense_use_case_relation"":""직접"",""relation_rationale"":""군 감시·정찰 임무와 직접 연결 가능"",""official_defense_evidence"":""N"",""usage_note"":""탐색용 분류이며 기업의 방산업체 지정·군 납품을 의미하지 않음""},""duplicate_source_rows"":[]}"
584cccda7e33bbd6b0e31af0,CMP0203,인프라관리,일반,company_category_bridge,740,"{""original"":{""company_id"":""CMP0203"",""company_name_normalized"":""유시스"",""business_category"":""인프라관리"",""source_category_raw"":""감시.정찰.수색/인프라관리/방역/방제/살포/환경측량/드론스테이션/통합솔루션"",""source_file"":""항공안전기술원_드론정보포털_기업명_사업분야_20240424 (1).csv"",""as_of_date"":""2024-04-24"",""defense_use_case_relation"":""일반"",""relation_rationale"":""민수 활용 중심이나 군 시설 관리와 교차 가능"",""official_defense_evidence"":""N"",""usage_note"":""탐색용 분류이며 기업의 방산업체 지정·군 납품을 의미하지 않음""},""duplicate_source_rows"":[]}"
5ae3c5d23bbdcb353f3bfb7b,CMP0203,방역/방제/살포,낮음,company_category_bridge,741,"{""original"":{""company_id"":""CMP0203"",""company_name_normalized"":""유시스"",""business_category"":""방역/방제/살포"",""source_category_raw"":""감시.정찰.수색/인프라관리/방역/방제/살포/환경측량/드론스테이션/통합솔루션"",""source_file"":""항공안전기술원_드론정보포털_기업명_사업분야_20240424 (1).csv"",""as_of_date"":""2024-04-24"",""defense_use_case_relation"":""낮음"",""relation_rationale"":""주로 민수 활용"",""official_defense_evidence"":""N"",""usage_note"":""탐색용 분류이며 기업의 방산업체 지정·군 납품을 의미하지 않음""},""duplicate_source_rows"":[]}"
e810fcb7c5ba9b6ba12eb5bf,CMP0203,환경측량,일반,company_category_bridge,742,"{""original"":{""company_id"":""CMP0203"",""company_name_normalized"":""유시스"",""business_category"":""환경측량"",""source_category_raw"":""감시.정찰.수색/인프라관리/방역/방제/살포/환경측량/드론스테이션/통합솔루션"",""source_file"":""항공안전기술원_드론정보포털_기업명_사업분야_20240424 (1).csv"",""as_of_date"":""2024-04-24"",""defense_use_case_relation"":""일반"",""relation_rationale"":""군 환경·지형 조사와 교차 가능"",""official_defense_evidence"":""N"",""usage_note"":""탐색용 분류이며 기업의 방산업체 지정·군 납품을 의미하지 않음""},""duplicate_source_rows"":[]}"
47f6e4a15f2292bdb0fe07ed,CMP0203,드론스테이션,인접,company_category_bridge,743,"{""original"":{""company_id"":""CMP0203"",""company_name_normalized"":""유시스"",""business_category"":""드론스테이션"",""source_category_raw"":""감시.정찰.수색/인프라관리/방역/방제/살포/환경측량/드론스테이션/통합솔루션"",""source_file"":""항공안전기술원_드론정보포털_기업명_사업분야_20240424 (1).csv"",""as_of_date"":""2024-04-24"",""defense_use_case_relation"":""인접"",""relation_rationale"":""무인 운용·원격 통제 인프라 후보"",""official_defense_evidence"":""N"",""usage_note"":""탐색용 분류이며 기업의 방산업체 지정·군 납품을 의미하지 않음""},""duplicate_source_rows"":[]}"
afb54401af69e81a6dbd0d6a,CMP0203,통합솔루션,인접,company_category_bridge,744,"{""original"":{""company_id"":""CMP0203"",""company_name_normalized"":""유시스"",""business_category"":""통합솔루션"",""source_category_raw"":""감시.정찰.수색/인프라관리/방역/방제/살포/환경측량/드론스테이션/통합솔루션"",""source_file"":""항공안전기술원_드론정보포털_기업명_사업분야_20240424 (1).csv"",""as_of_date"":""2024-04-24"",""defense_use_case_relation"":""인접"",""relation_rationale"":""체계통합·운용 소프트웨어와 연결 가능"",""official_defense_evidence"":""N"",""usage_note"":""탐색용 분류이며 기업의 방산업체 지정·군 납품을 의미하지 않음""},""duplicate_source_rows"":[]}"
95d55243a5c7bc9f3e5f4cf7,CMP0205,감시.정찰.수색,직접,company_category_bridge,745,"{""original"":{""company_id"":""CMP0205"",""company_name_normalized"":""유콘시스템"",""business_category"":""감시.정찰.수색"",""source_category_raw"":""감시.정찰.수색/인프라관리/공간정보/특수촬영/환경측량"",""source_file"":""항공안전기술원_드론정보포털_기업명_사업분야_20240424 (1).csv"",""as_of_date"":""2024-04-24"",""defense_use_case_relation"":""직접"",""relation_rationale"":""군 감시·정찰 임무와 직접 연결 가능"",""official_defense_evidence"":""N"",""usage_note"":""탐색용 분류이며 기업의 방산업체 지정·군 납품을 의미하지 않음""},""duplicate_source_rows"":[]}"
133e132395a5e671c73bf1f1,CMP0205,인프라관리,일반,company_category_bridge,746,"{""original"":{""company_id"":""CMP0205"",""company_name_normalized"":""유콘시스템"",""business_category"":""인프라관리"",""source_category_raw"":""감시.정찰.수색/인프라관리/공간정보/특수촬영/환경측량"",""source_file"":""항공안전기술원_드론정보포털_기업명_사업분야_20240424 (1).csv"",""as_of_date"":""2024-04-24"",""defense_use_case_relation"":""일반"",""relation_rationale"":""민수 활용 중심이나 군 시설 관리와 교차 가능"",""official_defense_evidence"":""N"",""usage_note"":""탐색용 분류이며 기업의 방산업체 지정·군 납품을 의미하지 않음""},""duplicate_source_rows"":[]}"
66ae2c3aa9fe17ffc5b904c4,CMP0205,공간정보,일반,company_category_bridge,747,"{""original"":{""company_id"":""CMP0205"",""company_name_normalized"":""유콘시스템"",""business_category"":""공간정보"",""source_category_raw"":""감시.정찰.수색/인프라관리/공간정보/특수촬영/환경측량"",""source_file"":""항공안전기술원_드론정보포털_기업명_사업분야_20240424 (1).csv"",""as_of_date"":""2024-04-24"",""defense_use_case_relation"":""일반"",""relation_rationale"":""군 지형·공간정보 용례와 교차 가능"",""official_defense_evidence"":""N"",""usage_note"":""탐색용 분류이며 기업의 방산업체 지정·군 납품을 의미하지 않음""},""duplicate_source_rows"":[]}"
6dcd627cfe8ff4c78d38df55,CMP0205,특수촬영,일반,company_category_bridge,748,"{""original"":{""company_id"":""CMP0205"",""company_name_normalized"":""유콘시스템"",""business_category"":""특수촬영"",""source_category_raw"":""감시.정찰.수색/인프라관리/공간정보/특수촬영/환경측량"",""source_file"":""항공안전기술원_드론정보포털_기업명_사업분야_20240424 (1).csv"",""as_of_date"":""2024-04-24"",""defense_use_case_relation"":""일반"",""relation_rationale"":""정찰 영상과 기술적으로 인접할 수 있음"",""official_defense_evidence"":""N"",""usage_note"":""탐색용 분류이며 기업의 방산업체 지정·군 납품을 의미하지 않음""},""duplicate_source_rows"":[]}"
f012e4b941d14e512e4aff92,CMP0205,환경측량,일반,company_category_bridge,749,"{""original"":{""company_id"":""CMP0205"",""company_name_normalized"":""유콘시스템"",""business_category"":""환경측량"",""source_category_raw"":""감시.정찰.수색/인프라관리/공간정보/특수촬영/환경측량"",""source_file"":""항공안전기술원_드론정보포털_기업명_사업분야_20240424 (1).csv"",""as_of_date"":""2024-04-24"",""defense_use_case_relation"":""일반"",""relation_rationale"":""군 환경·지형 조사와 교차 가능"",""official_defense_evidence"":""N"",""usage_note"":""탐색용 분류이며 기업의 방산업체 지정·군 납품을 의미하지 않음""},""duplicate_source_rows"":[]}"
5e474b5d3c3db335aa18be31,CMP0206,공간정보,일반,company_category_bridge,750,"{""original"":{""company_id"":""CMP0206"",""company_name_normalized"":""이노뎁"",""business_category"":""공간정보"",""source_category_raw"":""공간정보/특수촬영/통합솔루션"",""source_file"":""항공안전기술원_드론정보포털_기업명_사업분야_20240424 (1).csv"",""as_of_date"":""2024-04-24"",""defense_use_case_relation"":""일반"",""relation_rationale"":""군 지형·공간정보 용례와 교차 가능"",""official_defense_evidence"":""N"",""usage_note"":""탐색용 분류이며 기업의 방산업체 지정·군 납품을 의미하지 않음""},""duplicate_source_rows"":[]}"
4d6a77ecaacfc73211b8bf67,CMP0206,특수촬영,일반,company_category_bridge,751,"{""original"":{""company_id"":""CMP0206"",""company_name_normalized"":""이노뎁"",""business_category"":""특수촬영"",""source_category_raw"":""공간정보/특수촬영/통합솔루션"",""source_file"":""항공안전기술원_드론정보포털_기업명_사업분야_20240424 (1).csv"",""as_of_date"":""2024-04-24"",""defense_use_case_relation"":""일반"",""relation_rationale"":""정찰 영상과 기술적으로 인접할 수 있음"",""official_defense_evidence"":""N"",""usage_note"":""탐색용 분류이며 기업의 방산업체 지정·군 납품을 의미하지 않음""},""duplicate_source_rows"":[]}"
4b8ce8c7d1825bdd59cec178,CMP0206,통합솔루션,인접,company_category_bridge,752,"{""original"":{""company_id"":""CMP0206"",""company_name_normalized"":""이노뎁"",""business_category"":""통합솔루션"",""source_category_raw"":""공간정보/특수촬영/통합솔루션"",""source_file"":""항공안전기술원_드론정보포털_기업명_사업분야_20240424 (1).csv"",""as_of_date"":""2024-04-24"",""defense_use_case_relation"":""인접"",""relation_rationale"":""체계통합·운용 소프트웨어와 연결 가능"",""official_defense_evidence"":""N"",""usage_note"":""탐색용 분류이며 기업의 방산업체 지정·군 납품을 의미하지 않음""},""duplicate_source_rows"":[]}"
92b2baaa94e71a8db9025478,CMP0207,감시.정찰.수색,직접,company_category_bridge,753,"{""original"":{""company_id"":""CMP0207"",""company_name_normalized"":""이노드"",""business_category"":""감시.정찰.수색"",""source_category_raw"":""감시.정찰.수색/인프라관리/방역/방제/살포/모듈/앱"",""source_file"":""항공안전기술원_드론정보포털_기업명_사업분야_20240424 (1).csv"",""as_of_date"":""2024-04-24"",""defense_use_case_relation"":""직접"",""relation_rationale"":""군 감시·정찰 임무와 직접 연결 가능"",""official_defense_evidence"":""N"",""usage_note"":""탐색용 분류이며 기업의 방산업체 지정·군 납품을 의미하지 않음""},""duplicate_source_rows"":[]}"
9455a428c6414f9a948930e5,CMP0207,인프라관리,일반,company_category_bridge,754,"{""original"":{""company_id"":""CMP0207"",""company_name_normalized"":""이노드"",""business_category"":""인프라관리"",""source_category_raw"":""감시.정찰.수색/인프라관리/방역/방제/살포/모듈/앱"",""source_file"":""항공안전기술원_드론정보포털_기업명_사업분야_20240424 (1).csv"",""as_of_date"":""2024-04-24"",""defense_use_case_relation"":""일반"",""relation_rationale"":""민수 활용 중심이나 군 시설 관리와 교차 가능"",""official_defense_evidence"":""N"",""usage_note"":""탐색용 분류이며 기업의 방산업체 지정·군 납품을 의미하지 않음""},""duplicate_source_rows"":[]}"
5553b1418b941c7d625eddd5,CMP0207,방역/방제/살포,낮음,company_category_bridge,755,"{""original"":{""company_id"":""CMP0207"",""company_name_normalized"":""이노드"",""business_category"":""방역/방제/살포"",""source_category_raw"":""감시.정찰.수색/인프라관리/방역/방제/살포/모듈/앱"",""source_file"":""항공안전기술원_드론정보포털_기업명_사업분야_20240424 (1).csv"",""as_of_date"":""2024-04-24"",""defense_use_case_relation"":""낮음"",""relation_rationale"":""주로 민수 활용"",""official_defense_evidence"":""N"",""usage_note"":""탐색용 분류이며 기업의 방산업체 지정·군 납품을 의미하지 않음""},""duplicate_source_rows"":[]}"
7e4a7f355d53bb1339c5e30c,CMP0207,모듈,인접,company_category_bridge,756,"{""original"":{""company_id"":""CMP0207"",""company_name_normalized"":""이노드"",""business_category"":""모듈"",""source_category_raw"":""감시.정찰.수색/인프라관리/방역/방제/살포/모듈/앱"",""source_file"":""항공안전기술원_드론정보포털_기업명_사업분야_20240424 (1).csv"",""as_of_date"":""2024-04-24"",""defense_use_case_relation"":""인접"",""relation_rationale"":""국방 드론 부품·모듈 공급망 후보"",""official_defense_evidence"":""N"",""usage_note"":""탐색용 분류이며 기업의 방산업체 지정·군 납품을 의미하지 않음""},""duplicate_source_rows"":[]}"
0df80b54667bf49205a28ba9,CMP0207,앱,낮음,company_category_bridge,757,"{""original"":{""company_id"":""CMP0207"",""company_name_normalized"":""이노드"",""business_category"":""앱"",""source_category_raw"":""감시.정찰.수색/인프라관리/방역/방제/살포/모듈/앱"",""source_file"":""항공안전기술원_드론정보포털_기업명_사업분야_20240424 (1).csv"",""as_of_date"":""2024-04-24"",""defense_use_case_relation"":""낮음"",""relation_rationale"":""세부 기능 확인 전 국방 연계 판단 불가"",""official_defense_evidence"":""N"",""usage_note"":""탐색용 분류이며 기업의 방산업체 지정·군 납품을 의미하지 않음""},""duplicate_source_rows"":[]}"
84af1e800e4c99ae58ca2968,CMP0209,감시.정찰.수색,직접,company_category_bridge,758,"{""original"":{""company_id"":""CMP0209"",""company_name_normalized"":""이노팸"",""business_category"":""감시.정찰.수색"",""source_category_raw"":""감시.정찰.수색/인프라관리/환경측량"",""source_file"":""항공안전기술원_드론정보포털_기업명_사업분야_20240424 (1).csv"",""as_of_date"":""2024-04-24"",""defense_use_case_relation"":""직접"",""relation_rationale"":""군 감시·정찰 임무와 직접 연결 가능"",""official_defense_evidence"":""N"",""usage_note"":""탐색용 분류이며 기업의 방산업체 지정·군 납품을 의미하지 않음""},""duplicate_source_rows"":[]}"
e929e88f0874eb23d638133b,CMP0209,인프라관리,일반,company_category_bridge,759,"{""original"":{""company_id"":""CMP0209"",""company_name_normalized"":""이노팸"",""business_category"":""인프라관리"",""source_category_raw"":""감시.정찰.수색/인프라관리/환경측량"",""source_file"":""항공안전기술원_드론정보포털_기업명_사업분야_20240424 (1).csv"",""as_of_date"":""2024-04-24"",""defense_use_case_relation"":""일반"",""relation_rationale"":""민수 활용 중심이나 군 시설 관리와 교차 가능"",""official_defense_evidence"":""N"",""usage_note"":""탐색용 분류이며 기업의 방산업체 지정·군 납품을 의미하지 않음""},""duplicate_source_rows"":[]}"
d829c23361894a9f1da34511,CMP0209,환경측량,일반,company_category_bridge,760,"{""original"":{""company_id"":""CMP0209"",""company_name_normalized"":""이노팸"",""business_category"":""환경측량"",""source_category_raw"":""감시.정찰.수색/인프라관리/환경측량"",""source_file"":""항공안전기술원_드론정보포털_기업명_사업분야_20240424 (1).csv"",""as_of_date"":""2024-04-24"",""defense_use_case_relation"":""일반"",""relation_rationale"":""군 환경·지형 조사와 교차 가능"",""official_defense_evidence"":""N"",""usage_note"":""탐색용 분류이며 기업의 방산업체 지정·군 납품을 의미하지 않음""},""duplicate_source_rows"":[]}"
bf3793bb6954c1c931ddff07,CMP0212,물류·운송·구조,일반,company_category_bridge,761,"{""original"":{""company_id"":""CMP0212"",""company_name_normalized"":""이지시스템"",""business_category"":""물류·운송·구조"",""source_category_raw"":""물류·운송·구조"",""source_file"":""항공안전기술원_드론정보포털_기업명_사업분야_20240424 (1).csv"",""as_of_date"":""2024-04-24"",""defense_use_case_relation"":""일반"",""relation_rationale"":""군수·수송 용례와 교차 가능"",""official_defense_evidence"":""N"",""usage_note"":""탐색용 분류이며 기업의 방산업체 지정·군 납품을 의미하지 않음""},""duplicate_source_rows"":[]}"
2fb60119eba124fea3edf4c0,CMP0215,공간정보,일반,company_category_bridge,762,"{""original"":{""company_id"":""CMP0215"",""company_name_normalized"":""인스페이스"",""business_category"":""공간정보"",""source_category_raw"":""공간정보/특수촬영/드론스테이션/지상통제장비"",""source_file"":""항공안전기술원_드론정보포털_기업명_사업분야_20240424 (1).csv"",""as_of_date"":""2024-04-24"",""defense_use_case_relation"":""일반"",""relation_rationale"":""군 지형·공간정보 용례와 교차 가능"",""official_defense_evidence"":""N"",""usage_note"":""탐색용 분류이며 기업의 방산업체 지정·군 납품을 의미하지 않음""},""duplicate_source_rows"":[]}"
cf45d199970b45a41d3af83a,CMP0215,특수촬영,일반,company_category_bridge,763,"{""original"":{""company_id"":""CMP0215"",""company_name_normalized"":""인스페이스"",""business_category"":""특수촬영"",""source_category_raw"":""공간정보/특수촬영/드론스테이션/지상통제장비"",""source_file"":""항공안전기술원_드론정보포털_기업명_사업분야_20240424 (1).csv"",""as_of_date"":""2024-04-24"",""defense_use_case_relation"":""일반"",""relation_rationale"":""정찰 영상과 기술적으로 인접할 수 있음"",""official_defense_evidence"":""N"",""usage_note"":""탐색용 분류이며 기업의 방산업체 지정·군 납품을 의미하지 않음""},""duplicate_source_rows"":[]}"
d01c1ccee269380126b27ccb,CMP0215,드론스테이션,인접,company_category_bridge,764,"{""original"":{""company_id"":""CMP0215"",""company_name_normalized"":""인스페이스"",""business_category"":""드론스테이션"",""source_category_raw"":""공간정보/특수촬영/드론스테이션/지상통제장비"",""source_file"":""항공안전기술원_드론정보포털_기업명_사업분야_20240424 (1).csv"",""as_of_date"":""2024-04-24"",""defense_use_case_relation"":""인접"",""relation_rationale"":""무인 운용·원격 통제 인프라 후보"",""official_defense_evidence"":""N"",""usage_note"":""탐색용 분류이며 기업의 방산업체 지정·군 납품을 의미하지 않음""},""duplicate_source_rows"":[]}"
1b6b0a10e8cfb24b311d40ce,CMP0215,지상통제장비,직접,company_category_bridge,765,"{""original"":{""company_id"":""CMP0215"",""company_name_normalized"":""인스페이스"",""business_category"":""지상통제장비"",""source_category_raw"":""공간정보/특수촬영/드론스테이션/지상통제장비"",""source_file"":""항공안전기술원_드론정보포털_기업명_사업분야_20240424 (1).csv"",""as_of_date"":""2024-04-24"",""defense_use_case_relation"":""직접"",""relation_rationale"":""GCS·임무통제와 연결 가능"",""official_defense_evidence"":""N"",""usage_note"":""탐색용 분류이며 기업의 방산업체 지정·군 납품을 의미하지 않음""},""duplicate_source_rows"":[]}"
b8a63fdca61ccb80a219fa7f,CMP0218,감시.정찰.수색,직접,company_category_bridge,766,"{""original"":{""company_id"":""CMP0218"",""company_name_normalized"":""자이언트드론"",""business_category"":""감시.정찰.수색"",""source_category_raw"":""감시.정찰.수색/인프라관리/물류·운송·구조/공간정보/특수촬영/방역/방제/살포/취미·교육/임무장비"",""source_file"":""항공안전기술원_드론정보포털_기업명_사업분야_20240424 (1).csv"",""as_of_date"":""2024-04-24"",""defense_use_case_relation"":""직접"",""relation_rationale"":""군 감시·정찰 임무와 직접 연결 가능"",""official_defense_evidence"":""N"",""usage_note"":""탐색용 분류이며 기업의 방산업체 지정·군 납품을 의미하지 않음""},""duplicate_source_rows"":[]}"
767e0c872c7495b528eca689,CMP0218,인프라관리,일반,company_category_bridge,767,"{""original"":{""company_id"":""CMP0218"",""company_name_normalized"":""자이언트드론"",""business_category"":""인프라관리"",""source_category_raw"":""감시.정찰.수색/인프라관리/물류·운송·구조/공간정보/특수촬영/방역/방제/살포/취미·교육/임무장비"",""source_file"":""항공안전기술원_드론정보포털_기업명_사업분야_20240424 (1).csv"",""as_of_date"":""2024-04-24"",""defense_use_case_relation"":""일반"",""relation_rationale"":""민수 활용 중심이나 군 시설 관리와 교차 가능"",""official_defense_evidence"":""N"",""usage_note"":""탐색용 분류이며 기업의 방산업체 지정·군 납품을 의미하지 않음""},""duplicate_source_rows"":[]}"
a16d33fa1af301a85be6c177,CMP0218,물류·운송·구조,일반,company_category_bridge,768,"{""original"":{""company_id"":""CMP0218"",""company_name_normalized"":""자이언트드론"",""business_category"":""물류·운송·구조"",""source_category_raw"":""감시.정찰.수색/인프라관리/물류·운송·구조/공간정보/특수촬영/방역/방제/살포/취미·교육/임무장비"",""source_file"":""항공안전기술원_드론정보포털_기업명_사업분야_20240424 (1).csv"",""as_of_date"":""2024-04-24"",""defense_use_case_relation"":""일반"",""relation_rationale"":""군수·수송 용례와 교차 가능"",""official_defense_evidence"":""N"",""usage_note"":""탐색용 분류이며 기업의 방산업체 지정·군 납품을 의미하지 않음""},""duplicate_source_rows"":[]}"
d84def79ad7d25f84cbb9b2e,CMP0218,공간정보,일반,company_category_bridge,769,"{""original"":{""company_id"":""CMP0218"",""company_name_normalized"":""자이언트드론"",""business_category"":""공간정보"",""source_category_raw"":""감시.정찰.수색/인프라관리/물류·운송·구조/공간정보/특수촬영/방역/방제/살포/취미·교육/임무장비"",""source_file"":""항공안전기술원_드론정보포털_기업명_사업분야_20240424 (1).csv"",""as_of_date"":""2024-04-24"",""defense_use_case_relation"":""일반"",""relation_rationale"":""군 지형·공간정보 용례와 교차 가능"",""official_defense_evidence"":""N"",""usage_note"":""탐색용 분류이며 기업의 방산업체 지정·군 납품을 의미하지 않음""},""duplicate_source_rows"":[]}"
a13b219fd3a54207b7d7b5f8,CMP0218,특수촬영,일반,company_category_bridge,770,"{""original"":{""company_id"":""CMP0218"",""company_name_normalized"":""자이언트드론"",""business_category"":""특수촬영"",""source_category_raw"":""감시.정찰.수색/인프라관리/물류·운송·구조/공간정보/특수촬영/방역/방제/살포/취미·교육/임무장비"",""source_file"":""항공안전기술원_드론정보포털_기업명_사업분야_20240424 (1).csv"",""as_of_date"":""2024-04-24"",""defense_use_case_relation"":""일반"",""relation_rationale"":""정찰 영상과 기술적으로 인접할 수 있음"",""official_defense_evidence"":""N"",""usage_note"":""탐색용 분류이며 기업의 방산업체 지정·군 납품을 의미하지 않음""},""duplicate_source_rows"":[]}"
0ea6b0b680b910fd86ebccce,CMP0218,방역/방제/살포,낮음,company_category_bridge,771,"{""original"":{""company_id"":""CMP0218"",""company_name_normalized"":""자이언트드론"",""business_category"":""방역/방제/살포"",""source_category_raw"":""감시.정찰.수색/인프라관리/물류·운송·구조/공간정보/특수촬영/방역/방제/살포/취미·교육/임무장비"",""source_file"":""항공안전기술원_드론정보포털_기업명_사업분야_20240424 (1).csv"",""as_of_date"":""2024-04-24"",""defense_use_case_relation"":""낮음"",""relation_rationale"":""주로 민수 활용"",""official_defense_evidence"":""N"",""usage_note"":""탐색용 분류이며 기업의 방산업체 지정·군 납품을 의미하지 않음""},""duplicate_source_rows"":[]}"
e3b21d3e39ed42389babea1d,CMP0218,취미·교육,낮음,company_category_bridge,772,"{""original"":{""company_id"":""CMP0218"",""company_name_normalized"":""자이언트드론"",""business_category"":""취미·교육"",""source_category_raw"":""감시.정찰.수색/인프라관리/물류·운송·구조/공간정보/특수촬영/방역/방제/살포/취미·교육/임무장비"",""source_file"":""항공안전기술원_드론정보포털_기업명_사업분야_20240424 (1).csv"",""as_of_date"":""2024-04-24"",""defense_use_case_relation"":""낮음"",""relation_rationale"":""국방 연계 판단 근거로 사용하지 않음"",""official_defense_evidence"":""N"",""usage_note"":""탐색용 분류이며 기업의 방산업체 지정·군 납품을 의미하지 않음""},""duplicate_source_rows"":[]}"
d9b9183ae03e06924488f5a4,CMP0218,임무장비,직접,company_category_bridge,773,"{""original"":{""company_id"":""CMP0218"",""company_name_normalized"":""자이언트드론"",""business_category"":""임무장비"",""source_category_raw"":""감시.정찰.수색/인프라관리/물류·운송·구조/공간정보/특수촬영/방역/방제/살포/취미·교육/임무장비"",""source_file"":""항공안전기술원_드론정보포털_기업명_사업분야_20240424 (1).csv"",""as_of_date"":""2024-04-24"",""defense_use_case_relation"":""직접"",""relation_rationale"":""정찰·공격·지원 임무장비와 연결 가능"",""official_defense_evidence"":""N"",""usage_note"":""탐색용 분류이며 기업의 방산업체 지정·군 납품을 의미하지 않음""},""duplicate_source_rows"":[]}"
53cf32330fdd7d4431e46a23,CMP0219,감시.정찰.수색,직접,company_category_bridge,774,"{""original"":{""company_id"":""CMP0219"",""company_name_normalized"":""제이씨현시스템"",""business_category"":""감시.정찰.수색"",""source_category_raw"":""감시.정찰.수색/인프라관리/물류·운송·구조/방역/방제/살포/환경측량/다목적 H/W/취미·교육/드론스테이션/안티드론/임무장비/모듈/지상통제장비/통합솔루션/앱/감시.정찰.수색/인프라관리/물류·운송·구조"",""source_file"":""항공안전기술원_드론정보포털_기업명_사업분야_20240424 (1).csv"",""as_of_date"":""2024-04-24"",""defense_use_case_relation"":""직접"",""relation_rationale"":""군 감시·정찰 임무와 직접 연결 가능"",""official_defense_evidence"":""N"",""usage_note"":""탐색용 분류이며 기업의 방산업체 지정·군 납품을 의미하지 않음""},""duplicate_source_rows"":[]}"
cc4059da4b07056bfb24cfe4,CMP0219,인프라관리,일반,company_category_bridge,775,"{""original"":{""company_id"":""CMP0219"",""company_name_normalized"":""제이씨현시스템"",""business_category"":""인프라관리"",""source_category_raw"":""감시.정찰.수색/인프라관리/물류·운송·구조/방역/방제/살포/환경측량/다목적 H/W/취미·교육/드론스테이션/안티드론/임무장비/모듈/지상통제장비/통합솔루션/앱/감시.정찰.수색/인프라관리/물류·운송·구조"",""source_file"":""항공안전기술원_드론정보포털_기업명_사업분야_20240424 (1).csv"",""as_of_date"":""2024-04-24"",""defense_use_case_relation"":""일반"",""relation_rationale"":""민수 활용 중심이나 군 시설 관리와 교차 가능"",""official_defense_evidence"":""N"",""usage_note"":""탐색용 분류이며 기업의 방산업체 지정·군 납품을 의미하지 않음""},""duplicate_source_rows"":[]}"
cb741bb00202a790ec034ce0,CMP0219,물류·운송·구조,일반,company_category_bridge,776,"{""original"":{""company_id"":""CMP0219"",""company_name_normalized"":""제이씨현시스템"",""business_category"":""물류·운송·구조"",""source_category_raw"":""감시.정찰.수색/인프라관리/물류·운송·구조/방역/방제/살포/환경측량/다목적 H/W/취미·교육/드론스테이션/안티드론/임무장비/모듈/지상통제장비/통합솔루션/앱/감시.정찰.수색/인프라관리/물류·운송·구조"",""source_file"":""항공안전기술원_드론정보포털_기업명_사업분야_20240424 (1).csv"",""as_of_date"":""2024-04-24"",""defense_use_case_relation"":""일반"",""relation_rationale"":""군수·수송 용례와 교차 가능"",""official_defense_evidence"":""N"",""usage_note"":""탐색용 분류이며 기업의 방산업체 지정·군 납품을 의미하지 않음""},""duplicate_source_rows"":[]}"
c122ddaa2ee921ef98021c17,CMP0219,방역/방제/살포,낮음,company_category_bridge,777,"{""original"":{""company_id"":""CMP0219"",""company_name_normalized"":""제이씨현시스템"",""business_category"":""방역/방제/살포"",""source_category_raw"":""감시.정찰.수색/인프라관리/물류·운송·구조/방역/방제/살포/환경측량/다목적 H/W/취미·교육/드론스테이션/안티드론/임무장비/모듈/지상통제장비/통합솔루션/앱/감시.정찰.수색/인프라관리/물류·운송·구조"",""source_file"":""항공안전기술원_드론정보포털_기업명_사업분야_20240424 (1).csv"",""as_of_date"":""2024-04-24"",""defense_use_case_relation"":""낮음"",""relation_rationale"":""주로 민수 활용"",""official_defense_evidence"":""N"",""usage_note"":""탐색용 분류이며 기업의 방산업체 지정·군 납품을 의미하지 않음""},""duplicate_source_rows"":[]}"
d1fe9a08112942052de8c022,CMP0219,환경측량,일반,company_category_bridge,778,"{""original"":{""company_id"":""CMP0219"",""company_name_normalized"":""제이씨현시스템"",""business_category"":""환경측량"",""source_category_raw"":""감시.정찰.수색/인프라관리/물류·운송·구조/방역/방제/살포/환경측량/다목적 H/W/취미·교육/드론스테이션/안티드론/임무장비/모듈/지상통제장비/통합솔루션/앱/감시.정찰.수색/인프라관리/물류·운송·구조"",""source_file"":""항공안전기술원_드론정보포털_기업명_사업분야_20240424 (1).csv"",""as_of_date"":""2024-04-24"",""defense_use_case_relation"":""일반"",""relation_rationale"":""군 환경·지형 조사와 교차 가능"",""official_defense_evidence"":""N"",""usage_note"":""탐색용 분류이며 기업의 방산업체 지정·군 납품을 의미하지 않음""},""duplicate_source_rows"":[]}"
56a20feddacf572350f07b8f,CMP0219,다목적 H/W,인접,company_category_bridge,779,"{""original"":{""company_id"":""CMP0219"",""company_name_normalized"":""제이씨현시스템"",""business_category"":""다목적 H/W"",""source_category_raw"":""감시.정찰.수색/인프라관리/물류·운송·구조/방역/방제/살포/환경측량/다목적 H/W/취미·교육/드론스테이션/안티드론/임무장비/모듈/지상통제장비/통합솔루션/앱/감시.정찰.수색/인프라관리/물류·운송·구조"",""source_file"":""항공안전기술원_드론정보포털_기업명_사업분야_20240424 (1).csv"",""as_of_date"":""2024-04-24"",""defense_use_case_relation"":""인접"",""relation_rationale"":""기체·전자·탑재체 하드웨어 공급망 후보"",""official_defense_evidence"":""N"",""usage_note"":""탐색용 분류이며 기업의 방산업체 지정·군 납품을 의미하지 않음""},""duplicate_source_rows"":[]}"
27762e1ef3f2809b12433024,CMP0219,취미·교육,낮음,company_category_bridge,780,"{""original"":{""company_id"":""CMP0219"",""company_name_normalized"":""제이씨현시스템"",""business_category"":""취미·교육"",""source_category_raw"":""감시.정찰.수색/인프라관리/물류·운송·구조/방역/방제/살포/환경측량/다목적 H/W/취미·교육/드론스테이션/안티드론/임무장비/모듈/지상통제장비/통합솔루션/앱/감시.정찰.수색/인프라관리/물류·운송·구조"",""source_file"":""항공안전기술원_드론정보포털_기업명_사업분야_20240424 (1).csv"",""as_of_date"":""2024-04-24"",""defense_use_case_relation"":""낮음"",""relation_rationale"":""국방 연계 판단 근거로 사용하지 않음"",""official_defense_evidence"":""N"",""usage_note"":""탐색용 분류이며 기업의 방산업체 지정·군 납품을 의미하지 않음""},""duplicate_source_rows"":[]}"
a3156ed6ba5631f27588a358,CMP0219,드론스테이션,인접,company_category_bridge,781,"{""original"":{""company_id"":""CMP0219"",""company_name_normalized"":""제이씨현시스템"",""business_category"":""드론스테이션"",""source_category_raw"":""감시.정찰.수색/인프라관리/물류·운송·구조/방역/방제/살포/환경측량/다목적 H/W/취미·교육/드론스테이션/안티드론/임무장비/모듈/지상통제장비/통합솔루션/앱/감시.정찰.수색/인프라관리/물류·운송·구조"",""source_file"":""항공안전기술원_드론정보포털_기업명_사업분야_20240424 (1).csv"",""as_of_date"":""2024-04-24"",""defense_use_case_relation"":""인접"",""relation_rationale"":""무인 운용·원격 통제 인프라 후보"",""official_defense_evidence"":""N"",""usage_note"":""탐색용 분류이며 기업의 방산업체 지정·군 납품을 의미하지 않음""},""duplicate_source_rows"":[]}"
ada301c80f5517823481a7f7,CMP0219,안티드론,직접,company_category_bridge,782,"{""original"":{""company_id"":""CMP0219"",""company_name_normalized"":""제이씨현시스템"",""business_category"":""안티드론"",""source_category_raw"":""감시.정찰.수색/인프라관리/물류·운송·구조/방역/방제/살포/환경측량/다목적 H/W/취미·교육/드론스테이션/안티드론/임무장비/모듈/지상통제장비/통합솔루션/앱/감시.정찰.수색/인프라관리/물류·운송·구조"",""source_file"":""항공안전기술원_드론정보포털_기업명_사업분야_20240424 (1).csv"",""as_of_date"":""2024-04-24"",""defense_use_case_relation"":""직접"",""relation_rationale"":""대드론·C-UAS 용례와 직접 연결되는 사업분야"",""official_defense_evidence"":""N"",""usage_note"":""탐색용 분류이며 기업의 방산업체 지정·군 납품을 의미하지 않음""},""duplicate_source_rows"":[]}"
0238f1b5930085460770d76d,CMP0219,임무장비,직접,company_category_bridge,783,"{""original"":{""company_id"":""CMP0219"",""company_name_normalized"":""제이씨현시스템"",""business_category"":""임무장비"",""source_category_raw"":""감시.정찰.수색/인프라관리/물류·운송·구조/방역/방제/살포/환경측량/다목적 H/W/취미·교육/드론스테이션/안티드론/임무장비/모듈/지상통제장비/통합솔루션/앱/감시.정찰.수색/인프라관리/물류·운송·구조"",""source_file"":""항공안전기술원_드론정보포털_기업명_사업분야_20240424 (1).csv"",""as_of_date"":""2024-04-24"",""defense_use_case_relation"":""직접"",""relation_rationale"":""정찰·공격·지원 임무장비와 연결 가능"",""official_defense_evidence"":""N"",""usage_note"":""탐색용 분류이며 기업의 방산업체 지정·군 납품을 의미하지 않음""},""duplicate_source_rows"":[]}"
89daabfb2f740d631d548986,CMP0219,모듈,인접,company_category_bridge,784,"{""original"":{""company_id"":""CMP0219"",""company_name_normalized"":""제이씨현시스템"",""business_category"":""모듈"",""source_category_raw"":""감시.정찰.수색/인프라관리/물류·운송·구조/방역/방제/살포/환경측량/다목적 H/W/취미·교육/드론스테이션/안티드론/임무장비/모듈/지상통제장비/통합솔루션/앱/감시.정찰.수색/인프라관리/물류·운송·구조"",""source_file"":""항공안전기술원_드론정보포털_기업명_사업분야_20240424 (1).csv"",""as_of_date"":""2024-04-24"",""defense_use_case_relation"":""인접"",""relation_rationale"":""국방 드론 부품·모듈 공급망 후보"",""official_defense_evidence"":""N"",""usage_note"":""탐색용 분류이며 기업의 방산업체 지정·군 납품을 의미하지 않음""},""duplicate_source_rows"":[]}"
18f2882b419a90c93356362d,CMP0219,지상통제장비,직접,company_category_bridge,785,"{""original"":{""company_id"":""CMP0219"",""company_name_normalized"":""제이씨현시스템"",""business_category"":""지상통제장비"",""source_category_raw"":""감시.정찰.수색/인프라관리/물류·운송·구조/방역/방제/살포/환경측량/다목적 H/W/취미·교육/드론스테이션/안티드론/임무장비/모듈/지상통제장비/통합솔루션/앱/감시.정찰.수색/인프라관리/물류·운송·구조"",""source_file"":""항공안전기술원_드론정보포털_기업명_사업분야_20240424 (1).csv"",""as_of_date"":""2024-04-24"",""defense_use_case_relation"":""직접"",""relation_rationale"":""GCS·임무통제와 연결 가능"",""official_defense_evidence"":""N"",""usage_note"":""탐색용 분류이며 기업의 방산업체 지정·군 납품을 의미하지 않음""},""duplicate_source_rows"":[]}"
b103a0a773620758f4303868,CMP0219,통합솔루션,인접,company_category_bridge,786,"{""original"":{""company_id"":""CMP0219"",""company_name_normalized"":""제이씨현시스템"",""business_category"":""통합솔루션"",""source_category_raw"":""감시.정찰.수색/인프라관리/물류·운송·구조/방역/방제/살포/환경측량/다목적 H/W/취미·교육/드론스테이션/안티드론/임무장비/모듈/지상통제장비/통합솔루션/앱/감시.정찰.수색/인프라관리/물류·운송·구조"",""source_file"":""항공안전기술원_드론정보포털_기업명_사업분야_20240424 (1).csv"",""as_of_date"":""2024-04-24"",""defense_use_case_relation"":""인접"",""relation_rationale"":""체계통합·운용 소프트웨어와 연결 가능"",""official_defense_evidence"":""N"",""usage_note"":""탐색용 분류이며 기업의 방산업체 지정·군 납품을 의미하지 않음""},""duplicate_source_rows"":[]}"
cc1203b1d2b0973ed8bf43b7,CMP0219,앱,낮음,company_category_bridge,787,"{""original"":{""company_id"":""CMP0219"",""company_name_normalized"":""제이씨현시스템"",""business_category"":""앱"",""source_category_raw"":""감시.정찰.수색/인프라관리/물류·운송·구조/방역/방제/살포/환경측량/다목적 H/W/취미·교육/드론스테이션/안티드론/임무장비/모듈/지상통제장비/통합솔루션/앱/감시.정찰.수색/인프라관리/물류·운송·구조"",""source_file"":""항공안전기술원_드론정보포털_기업명_사업분야_20240424 (1).csv"",""as_of_date"":""2024-04-24"",""defense_use_case_relation"":""낮음"",""relation_rationale"":""세부 기능 확인 전 국방 연계 판단 불가"",""official_defense_evidence"":""N"",""usage_note"":""탐색용 분류이며 기업의 방산업체 지정·군 납품을 의미하지 않음""},""duplicate_source_rows"":[]}"
22f593451074ead77cbb9609,CMP0220,감시.정찰.수색,직접,company_category_bridge,788,"{""original"":{""company_id"":""CMP0220"",""company_name_normalized"":""제이에스융합인재교육원"",""business_category"":""감시.정찰.수색"",""source_category_raw"":""감시.정찰.수색/인프라관리/물류·운송·구조/공간정보/특수촬영/방역/방제/살포/환경측량/다목적 H/W/방송·공연/취미·교육/드론스테이션/안티드론/임무장비/모듈/지상통제장비/통합솔루션/앱"",""source_file"":""항공안전기술원_드론정보포털_기업명_사업분야_20240424 (1).csv"",""as_of_date"":""2024-04-24"",""defense_use_case_relation"":""직접"",""relation_rationale"":""군 감시·정찰 임무와 직접 연결 가능"",""official_defense_evidence"":""N"",""usage_note"":""탐색용 분류이며 기업의 방산업체 지정·군 납품을 의미하지 않음""},""duplicate_source_rows"":[]}"
4846fe0250e85a1ed5e056bf,CMP0220,인프라관리,일반,company_category_bridge,789,"{""original"":{""company_id"":""CMP0220"",""company_name_normalized"":""제이에스융합인재교육원"",""business_category"":""인프라관리"",""source_category_raw"":""감시.정찰.수색/인프라관리/물류·운송·구조/공간정보/특수촬영/방역/방제/살포/환경측량/다목적 H/W/방송·공연/취미·교육/드론스테이션/안티드론/임무장비/모듈/지상통제장비/통합솔루션/앱"",""source_file"":""항공안전기술원_드론정보포털_기업명_사업분야_20240424 (1).csv"",""as_of_date"":""2024-04-24"",""defense_use_case_relation"":""일반"",""relation_rationale"":""민수 활용 중심이나 군 시설 관리와 교차 가능"",""official_defense_evidence"":""N"",""usage_note"":""탐색용 분류이며 기업의 방산업체 지정·군 납품을 의미하지 않음""},""duplicate_source_rows"":[]}"
4ab90e0152da8c3a5215b336,CMP0220,물류·운송·구조,일반,company_category_bridge,790,"{""original"":{""company_id"":""CMP0220"",""company_name_normalized"":""제이에스융합인재교육원"",""business_category"":""물류·운송·구조"",""source_category_raw"":""감시.정찰.수색/인프라관리/물류·운송·구조/공간정보/특수촬영/방역/방제/살포/환경측량/다목적 H/W/방송·공연/취미·교육/드론스테이션/안티드론/임무장비/모듈/지상통제장비/통합솔루션/앱"",""source_file"":""항공안전기술원_드론정보포털_기업명_사업분야_20240424 (1).csv"",""as_of_date"":""2024-04-24"",""defense_use_case_relation"":""일반"",""relation_rationale"":""군수·수송 용례와 교차 가능"",""official_defense_evidence"":""N"",""usage_note"":""탐색용 분류이며 기업의 방산업체 지정·군 납품을 의미하지 않음""},""duplicate_source_rows"":[]}"
b6fc05175981746a7a0f2b3d,CMP0220,공간정보,일반,company_category_bridge,791,"{""original"":{""company_id"":""CMP0220"",""company_name_normalized"":""제이에스융합인재교육원"",""business_category"":""공간정보"",""source_category_raw"":""감시.정찰.수색/인프라관리/물류·운송·구조/공간정보/특수촬영/방역/방제/살포/환경측량/다목적 H/W/방송·공연/취미·교육/드론스테이션/안티드론/임무장비/모듈/지상통제장비/통합솔루션/앱"",""source_file"":""항공안전기술원_드론정보포털_기업명_사업분야_20240424 (1).csv"",""as_of_date"":""2024-04-24"",""defense_use_case_relation"":""일반"",""relation_rationale"":""군 지형·공간정보 용례와 교차 가능"",""official_defense_evidence"":""N"",""usage_note"":""탐색용 분류이며 기업의 방산업체 지정·군 납품을 의미하지 않음""},""duplicate_source_rows"":[]}"
aba78e58fce8454f3c44f274,CMP0220,특수촬영,일반,company_category_bridge,792,"{""original"":{""company_id"":""CMP0220"",""company_name_normalized"":""제이에스융합인재교육원"",""business_category"":""특수촬영"",""source_category_raw"":""감시.정찰.수색/인프라관리/물류·운송·구조/공간정보/특수촬영/방역/방제/살포/환경측량/다목적 H/W/방송·공연/취미·교육/드론스테이션/안티드론/임무장비/모듈/지상통제장비/통합솔루션/앱"",""source_file"":""항공안전기술원_드론정보포털_기업명_사업분야_20240424 (1).csv"",""as_of_date"":""2024-04-24"",""defense_use_case_relation"":""일반"",""relation_rationale"":""정찰 영상과 기술적으로 인접할 수 있음"",""official_defense_evidence"":""N"",""usage_note"":""탐색용 분류이며 기업의 방산업체 지정·군 납품을 의미하지 않음""},""duplicate_source_rows"":[]}"
62e3bd603bfe2312c7097990,CMP0220,방역/방제/살포,낮음,company_category_bridge,793,"{""original"":{""company_id"":""CMP0220"",""company_name_normalized"":""제이에스융합인재교육원"",""business_category"":""방역/방제/살포"",""source_category_raw"":""감시.정찰.수색/인프라관리/물류·운송·구조/공간정보/특수촬영/방역/방제/살포/환경측량/다목적 H/W/방송·공연/취미·교육/드론스테이션/안티드론/임무장비/모듈/지상통제장비/통합솔루션/앱"",""source_file"":""항공안전기술원_드론정보포털_기업명_사업분야_20240424 (1).csv"",""as_of_date"":""2024-04-24"",""defense_use_case_relation"":""낮음"",""relation_rationale"":""주로 민수 활용"",""official_defense_evidence"":""N"",""usage_note"":""탐색용 분류이며 기업의 방산업체 지정·군 납품을 의미하지 않음""},""duplicate_source_rows"":[]}"
a732451e8f0482b5a0692b97,CMP0220,환경측량,일반,company_category_bridge,794,"{""original"":{""company_id"":""CMP0220"",""company_name_normalized"":""제이에스융합인재교육원"",""business_category"":""환경측량"",""source_category_raw"":""감시.정찰.수색/인프라관리/물류·운송·구조/공간정보/특수촬영/방역/방제/살포/환경측량/다목적 H/W/방송·공연/취미·교육/드론스테이션/안티드론/임무장비/모듈/지상통제장비/통합솔루션/앱"",""source_file"":""항공안전기술원_드론정보포털_기업명_사업분야_20240424 (1).csv"",""as_of_date"":""2024-04-24"",""defense_use_case_relation"":""일반"",""relation_rationale"":""군 환경·지형 조사와 교차 가능"",""official_defense_evidence"":""N"",""usage_note"":""탐색용 분류이며 기업의 방산업체 지정·군 납품을 의미하지 않음""},""duplicate_source_rows"":[]}"
1d08049b98fe4a34db2377fd,CMP0220,다목적 H/W,인접,company_category_bridge,795,"{""original"":{""company_id"":""CMP0220"",""company_name_normalized"":""제이에스융합인재교육원"",""business_category"":""다목적 H/W"",""source_category_raw"":""감시.정찰.수색/인프라관리/물류·운송·구조/공간정보/특수촬영/방역/방제/살포/환경측량/다목적 H/W/방송·공연/취미·교육/드론스테이션/안티드론/임무장비/모듈/지상통제장비/통합솔루션/앱"",""source_file"":""항공안전기술원_드론정보포털_기업명_사업분야_20240424 (1).csv"",""as_of_date"":""2024-04-24"",""defense_use_case_relation"":""인접"",""relation_rationale"":""기체·전자·탑재체 하드웨어 공급망 후보"",""official_defense_evidence"":""N"",""usage_note"":""탐색용 분류이며 기업의 방산업체 지정·군 납품을 의미하지 않음""},""duplicate_source_rows"":[]}"
e4d14ed7e91dfac32f39ace0,CMP0220,방송·공연,낮음,company_category_bridge,796,"{""original"":{""company_id"":""CMP0220"",""company_name_normalized"":""제이에스융합인재교육원"",""business_category"":""방송·공연"",""source_category_raw"":""감시.정찰.수색/인프라관리/물류·운송·구조/공간정보/특수촬영/방역/방제/살포/환경측량/다목적 H/W/방송·공연/취미·교육/드론스테이션/안티드론/임무장비/모듈/지상통제장비/통합솔루션/앱"",""source_file"":""항공안전기술원_드론정보포털_기업명_사업분야_20240424 (1).csv"",""as_of_date"":""2024-04-24"",""defense_use_case_relation"":""낮음"",""relation_rationale"":""국방 연계 판단 근거로 사용하지 않음"",""official_defense_evidence"":""N"",""usage_note"":""탐색용 분류이며 기업의 방산업체 지정·군 납품을 의미하지 않음""},""duplicate_source_rows"":[]}"
3b290e99696447aa6f4df18c,CMP0220,취미·교육,낮음,company_category_bridge,797,"{""original"":{""company_id"":""CMP0220"",""company_name_normalized"":""제이에스융합인재교육원"",""business_category"":""취미·교육"",""source_category_raw"":""감시.정찰.수색/인프라관리/물류·운송·구조/공간정보/특수촬영/방역/방제/살포/환경측량/다목적 H/W/방송·공연/취미·교육/드론스테이션/안티드론/임무장비/모듈/지상통제장비/통합솔루션/앱"",""source_file"":""항공안전기술원_드론정보포털_기업명_사업분야_20240424 (1).csv"",""as_of_date"":""2024-04-24"",""defense_use_case_relation"":""낮음"",""relation_rationale"":""국방 연계 판단 근거로 사용하지 않음"",""official_defense_evidence"":""N"",""usage_note"":""탐색용 분류이며 기업의 방산업체 지정·군 납품을 의미하지 않음""},""duplicate_source_rows"":[]}"
9c316bdfde761229aea42c5a,CMP0220,드론스테이션,인접,company_category_bridge,798,"{""original"":{""company_id"":""CMP0220"",""company_name_normalized"":""제이에스융합인재교육원"",""business_category"":""드론스테이션"",""source_category_raw"":""감시.정찰.수색/인프라관리/물류·운송·구조/공간정보/특수촬영/방역/방제/살포/환경측량/다목적 H/W/방송·공연/취미·교육/드론스테이션/안티드론/임무장비/모듈/지상통제장비/통합솔루션/앱"",""source_file"":""항공안전기술원_드론정보포털_기업명_사업분야_20240424 (1).csv"",""as_of_date"":""2024-04-24"",""defense_use_case_relation"":""인접"",""relation_rationale"":""무인 운용·원격 통제 인프라 후보"",""official_defense_evidence"":""N"",""usage_note"":""탐색용 분류이며 기업의 방산업체 지정·군 납품을 의미하지 않음""},""duplicate_source_rows"":[]}"
209960b02440790b0bf4904c,CMP0220,안티드론,직접,company_category_bridge,799,"{""original"":{""company_id"":""CMP0220"",""company_name_normalized"":""제이에스융합인재교육원"",""business_category"":""안티드론"",""source_category_raw"":""감시.정찰.수색/인프라관리/물류·운송·구조/공간정보/특수촬영/방역/방제/살포/환경측량/다목적 H/W/방송·공연/취미·교육/드론스테이션/안티드론/임무장비/모듈/지상통제장비/통합솔루션/앱"",""source_file"":""항공안전기술원_드론정보포털_기업명_사업분야_20240424 (1).csv"",""as_of_date"":""2024-04-24"",""defense_use_case_relation"":""직접"",""relation_rationale"":""대드론·C-UAS 용례와 직접 연결되는 사업분야"",""official_defense_evidence"":""N"",""usage_note"":""탐색용 분류이며 기업의 방산업체 지정·군 납품을 의미하지 않음""},""duplicate_source_rows"":[]}"
7132f27d5cec0bfcfb676f67,CMP0220,임무장비,직접,company_category_bridge,800,"{""original"":{""company_id"":""CMP0220"",""company_name_normalized"":""제이에스융합인재교육원"",""business_category"":""임무장비"",""source_category_raw"":""감시.정찰.수색/인프라관리/물류·운송·구조/공간정보/특수촬영/방역/방제/살포/환경측량/다목적 H/W/방송·공연/취미·교육/드론스테이션/안티드론/임무장비/모듈/지상통제장비/통합솔루션/앱"",""source_file"":""항공안전기술원_드론정보포털_기업명_사업분야_20240424 (1).csv"",""as_of_date"":""2024-04-24"",""defense_use_case_relation"":""직접"",""relation_rationale"":""정찰·공격·지원 임무장비와 연결 가능"",""official_defense_evidence"":""N"",""usage_note"":""탐색용 분류이며 기업의 방산업체 지정·군 납품을 의미하지 않음""},""duplicate_source_rows"":[]}"
be3f8c9ba2fcfaab489b7b06,CMP0220,모듈,인접,company_category_bridge,801,"{""original"":{""company_id"":""CMP0220"",""company_name_normalized"":""제이에스융합인재교육원"",""business_category"":""모듈"",""source_category_raw"":""감시.정찰.수색/인프라관리/물류·운송·구조/공간정보/특수촬영/방역/방제/살포/환경측량/다목적 H/W/방송·공연/취미·교육/드론스테이션/안티드론/임무장비/모듈/지상통제장비/통합솔루션/앱"",""source_file"":""항공안전기술원_드론정보포털_기업명_사업분야_20240424 (1).csv"",""as_of_date"":""2024-04-24"",""defense_use_case_relation"":""인접"",""relation_rationale"":""국방 드론 부품·모듈 공급망 후보"",""official_defense_evidence"":""N"",""usage_note"":""탐색용 분류이며 기업의 방산업체 지정·군 납품을 의미하지 않음""},""duplicate_source_rows"":[]}"
bc2de98a34b039ec50c761c5,CMP0220,지상통제장비,직접,company_category_bridge,802,"{""original"":{""company_id"":""CMP0220"",""company_name_normalized"":""제이에스융합인재교육원"",""business_category"":""지상통제장비"",""source_category_raw"":""감시.정찰.수색/인프라관리/물류·운송·구조/공간정보/특수촬영/방역/방제/살포/환경측량/다목적 H/W/방송·공연/취미·교육/드론스테이션/안티드론/임무장비/모듈/지상통제장비/통합솔루션/앱"",""source_file"":""항공안전기술원_드론정보포털_기업명_사업분야_20240424 (1).csv"",""as_of_date"":""2024-04-24"",""defense_use_case_relation"":""직접"",""relation_rationale"":""GCS·임무통제와 연결 가능"",""official_defense_evidence"":""N"",""usage_note"":""탐색용 분류이며 기업의 방산업체 지정·군 납품을 의미하지 않음""},""duplicate_source_rows"":[]}"
1bfba9945207cc60b580c283,CMP0220,통합솔루션,인접,company_category_bridge,803,"{""original"":{""company_id"":""CMP0220"",""company_name_normalized"":""제이에스융합인재교육원"",""business_category"":""통합솔루션"",""source_category_raw"":""감시.정찰.수색/인프라관리/물류·운송·구조/공간정보/특수촬영/방역/방제/살포/환경측량/다목적 H/W/방송·공연/취미·교육/드론스테이션/안티드론/임무장비/모듈/지상통제장비/통합솔루션/앱"",""source_file"":""항공안전기술원_드론정보포털_기업명_사업분야_20240424 (1).csv"",""as_of_date"":""2024-04-24"",""defense_use_case_relation"":""인접"",""relation_rationale"":""체계통합·운용 소프트웨어와 연결 가능"",""official_defense_evidence"":""N"",""usage_note"":""탐색용 분류이며 기업의 방산업체 지정·군 납품을 의미하지 않음""},""duplicate_source_rows"":[]}"
9d9a7e6ff4eb6ef7a33f58fa,CMP0220,앱,낮음,company_category_bridge,804,"{""original"":{""company_id"":""CMP0220"",""company_name_normalized"":""제이에스융합인재교육원"",""business_category"":""앱"",""source_category_raw"":""감시.정찰.수색/인프라관리/물류·운송·구조/공간정보/특수촬영/방역/방제/살포/환경측량/다목적 H/W/방송·공연/취미·교육/드론스테이션/안티드론/임무장비/모듈/지상통제장비/통합솔루션/앱"",""source_file"":""항공안전기술원_드론정보포털_기업명_사업분야_20240424 (1).csv"",""as_of_date"":""2024-04-24"",""defense_use_case_relation"":""낮음"",""relation_rationale"":""세부 기능 확인 전 국방 연계 판단 불가"",""official_defense_evidence"":""N"",""usage_note"":""탐색용 분류이며 기업의 방산업체 지정·군 납품을 의미하지 않음""},""duplicate_source_rows"":[]}"
b53bfe3fe9468390ec62bf5f,CMP0222,취미·교육,낮음,company_category_bridge,805,"{""original"":{""company_id"":""CMP0222"",""company_name_normalized"":""조은에듀테크"",""business_category"":""취미·교육"",""source_category_raw"":""취미·교육"",""source_file"":""항공안전기술원_드론정보포털_기업명_사업분야_20240424 (1).csv"",""as_of_date"":""2024-04-24"",""defense_use_case_relation"":""낮음"",""relation_rationale"":""국방 연계 판단 근거로 사용하지 않음"",""official_defense_evidence"":""N"",""usage_note"":""탐색용 분류이며 기업의 방산업체 지정·군 납품을 의미하지 않음""},""duplicate_source_rows"":[]}"
125f8bbb9114cc39e3b75720,CMP0223,감시.정찰.수색,직접,company_category_bridge,806,"{""original"":{""company_id"":""CMP0223"",""company_name_normalized"":""주)제주도드론"",""business_category"":""감시.정찰.수색"",""source_category_raw"":""감시.정찰.수색/인프라관리/물류·운송·구조/공간정보/특수촬영/방역/방제/살포/취미·교육/임무장비/기타"",""source_file"":""항공안전기술원_드론정보포털_기업명_사업분야_20240424 (1).csv"",""as_of_date"":""2024-04-24"",""defense_use_case_relation"":""직접"",""relation_rationale"":""군 감시·정찰 임무와 직접 연결 가능"",""official_defense_evidence"":""N"",""usage_note"":""탐색용 분류이며 기업의 방산업체 지정·군 납품을 의미하지 않음""},""duplicate_source_rows"":[]}"
a9d130ab703dd6914694bb89,CMP0223,인프라관리,일반,company_category_bridge,807,"{""original"":{""company_id"":""CMP0223"",""company_name_normalized"":""주)제주도드론"",""business_category"":""인프라관리"",""source_category_raw"":""감시.정찰.수색/인프라관리/물류·운송·구조/공간정보/특수촬영/방역/방제/살포/취미·교육/임무장비/기타"",""source_file"":""항공안전기술원_드론정보포털_기업명_사업분야_20240424 (1).csv"",""as_of_date"":""2024-04-24"",""defense_use_case_relation"":""일반"",""relation_rationale"":""민수 활용 중심이나 군 시설 관리와 교차 가능"",""official_defense_evidence"":""N"",""usage_note"":""탐색용 분류이며 기업의 방산업체 지정·군 납품을 의미하지 않음""},""duplicate_source_rows"":[]}"
8e9f9b61a23b4c58d6d2527a,CMP0223,물류·운송·구조,일반,company_category_bridge,808,"{""original"":{""company_id"":""CMP0223"",""company_name_normalized"":""주)제주도드론"",""business_category"":""물류·운송·구조"",""source_category_raw"":""감시.정찰.수색/인프라관리/물류·운송·구조/공간정보/특수촬영/방역/방제/살포/취미·교육/임무장비/기타"",""source_file"":""항공안전기술원_드론정보포털_기업명_사업분야_20240424 (1).csv"",""as_of_date"":""2024-04-24"",""defense_use_case_relation"":""일반"",""relation_rationale"":""군수·수송 용례와 교차 가능"",""official_defense_evidence"":""N"",""usage_note"":""탐색용 분류이며 기업의 방산업체 지정·군 납품을 의미하지 않음""},""duplicate_source_rows"":[]}"
89cfca5a118eadce340bf11e,CMP0223,공간정보,일반,company_category_bridge,809,"{""original"":{""company_id"":""CMP0223"",""company_name_normalized"":""주)제주도드론"",""business_category"":""공간정보"",""source_category_raw"":""감시.정찰.수색/인프라관리/물류·운송·구조/공간정보/특수촬영/방역/방제/살포/취미·교육/임무장비/기타"",""source_file"":""항공안전기술원_드론정보포털_기업명_사업분야_20240424 (1).csv"",""as_of_date"":""2024-04-24"",""defense_use_case_relation"":""일반"",""relation_rationale"":""군 지형·공간정보 용례와 교차 가능"",""official_defense_evidence"":""N"",""usage_note"":""탐색용 분류이며 기업의 방산업체 지정·군 납품을 의미하지 않음""},""duplicate_source_rows"":[]}"
8b6fefe65945dcd41bdb9af0,CMP0223,특수촬영,일반,company_category_bridge,810,"{""original"":{""company_id"":""CMP0223"",""company_name_normalized"":""주)제주도드론"",""business_category"":""특수촬영"",""source_category_raw"":""감시.정찰.수색/인프라관리/물류·운송·구조/공간정보/특수촬영/방역/방제/살포/취미·교육/임무장비/기타"",""source_file"":""항공안전기술원_드론정보포털_기업명_사업분야_20240424 (1).csv"",""as_of_date"":""2024-04-24"",""defense_use_case_relation"":""일반"",""relation_rationale"":""정찰 영상과 기술적으로 인접할 수 있음"",""official_defense_evidence"":""N"",""usage_note"":""탐색용 분류이며 기업의 방산업체 지정·군 납품을 의미하지 않음""},""duplicate_source_rows"":[]}"
1b3eec068fd38d52b2847fc7,CMP0223,방역/방제/살포,낮음,company_category_bridge,811,"{""original"":{""company_id"":""CMP0223"",""company_name_normalized"":""주)제주도드론"",""business_category"":""방역/방제/살포"",""source_category_raw"":""감시.정찰.수색/인프라관리/물류·운송·구조/공간정보/특수촬영/방역/방제/살포/취미·교육/임무장비/기타"",""source_file"":""항공안전기술원_드론정보포털_기업명_사업분야_20240424 (1).csv"",""as_of_date"":""2024-04-24"",""defense_use_case_relation"":""낮음"",""relation_rationale"":""주로 민수 활용"",""official_defense_evidence"":""N"",""usage_note"":""탐색용 분류이며 기업의 방산업체 지정·군 납품을 의미하지 않음""},""duplicate_source_rows"":[]}"
3f470b1e98122aa9e9944a19,CMP0223,취미·교육,낮음,company_category_bridge,812,"{""original"":{""company_id"":""CMP0223"",""company_name_normalized"":""주)제주도드론"",""business_category"":""취미·교육"",""source_category_raw"":""감시.정찰.수색/인프라관리/물류·운송·구조/공간정보/특수촬영/방역/방제/살포/취미·교육/임무장비/기타"",""source_file"":""항공안전기술원_드론정보포털_기업명_사업분야_20240424 (1).csv"",""as_of_date"":""2024-04-24"",""defense_use_case_relation"":""낮음"",""relation_rationale"":""국방 연계 판단 근거로 사용하지 않음"",""official_defense_evidence"":""N"",""usage_note"":""탐색용 분류이며 기업의 방산업체 지정·군 납품을 의미하지 않음""},""duplicate_source_rows"":[]}"
da9f534f66e0b39ec00c8de8,CMP0223,임무장비,직접,company_category_bridge,813,"{""original"":{""company_id"":""CMP0223"",""company_name_normalized"":""주)제주도드론"",""business_category"":""임무장비"",""source_category_raw"":""감시.정찰.수색/인프라관리/물류·운송·구조/공간정보/특수촬영/방역/방제/살포/취미·교육/임무장비/기타"",""source_file"":""항공안전기술원_드론정보포털_기업명_사업분야_20240424 (1).csv"",""as_of_date"":""2024-04-24"",""defense_use_case_relation"":""직접"",""relation_rationale"":""정찰·공격·지원 임무장비와 연결 가능"",""official_defense_evidence"":""N"",""usage_note"":""탐색용 분류이며 기업의 방산업체 지정·군 납품을 의미하지 않음""},""duplicate_source_rows"":[]}"
412ecddc6bc68290945331a3,CMP0223,기타,미확인,company_category_bridge,814,"{""original"":{""company_id"":""CMP0223"",""company_name_normalized"":""주)제주도드론"",""business_category"":""기타"",""source_category_raw"":""감시.정찰.수색/인프라관리/물류·운송·구조/공간정보/특수촬영/방역/방제/살포/취미·교육/임무장비/기타"",""source_file"":""항공안전기술원_드론정보포털_기업명_사업분야_20240424 (1).csv"",""as_of_date"":""2024-04-24"",""defense_use_case_relation"":""미확인"",""relation_rationale"":""세부 내용 확인 필요"",""official_defense_evidence"":""N"",""usage_note"":""탐색용 분류이며 기업의 방산업체 지정·군 납품을 의미하지 않음""},""duplicate_source_rows"":[]}"
fe70548c772b96c1f50a0a3a,CMP0009,감시.정찰.수색,직접,company_category_bridge,815,"{""original"":{""company_id"":""CMP0009"",""company_name_normalized"":""경기항공"",""business_category"":""감시.정찰.수색"",""source_category_raw"":""감시.정찰.수색/인프라관리/물류·운송·구조/공간정보/특수촬영/방역/방제/살포/환경측량/취미·교육"",""source_file"":""항공안전기술원_드론정보포털_기업명_사업분야_20240424 (1).csv"",""as_of_date"":""2024-04-24"",""defense_use_case_relation"":""직접"",""relation_rationale"":""군 감시·정찰 임무와 직접 연결 가능"",""official_defense_evidence"":""N"",""usage_note"":""탐색용 분류이며 기업의 방산업체 지정·군 납품을 의미하지 않음""},""duplicate_source_rows"":[]}"
83e3359632e5048b1cb62bff,CMP0009,인프라관리,일반,company_category_bridge,816,"{""original"":{""company_id"":""CMP0009"",""company_name_normalized"":""경기항공"",""business_category"":""인프라관리"",""source_category_raw"":""감시.정찰.수색/인프라관리/물류·운송·구조/공간정보/특수촬영/방역/방제/살포/환경측량/취미·교육"",""source_file"":""항공안전기술원_드론정보포털_기업명_사업분야_20240424 (1).csv"",""as_of_date"":""2024-04-24"",""defense_use_case_relation"":""일반"",""relation_rationale"":""민수 활용 중심이나 군 시설 관리와 교차 가능"",""official_defense_evidence"":""N"",""usage_note"":""탐색용 분류이며 기업의 방산업체 지정·군 납품을 의미하지 않음""},""duplicate_source_rows"":[]}"
b4a3f57545f5cf66d2460e87,CMP0009,물류·운송·구조,일반,company_category_bridge,817,"{""original"":{""company_id"":""CMP0009"",""company_name_normalized"":""경기항공"",""business_category"":""물류·운송·구조"",""source_category_raw"":""감시.정찰.수색/인프라관리/물류·운송·구조/공간정보/특수촬영/방역/방제/살포/환경측량/취미·교육"",""source_file"":""항공안전기술원_드론정보포털_기업명_사업분야_20240424 (1).csv"",""as_of_date"":""2024-04-24"",""defense_use_case_relation"":""일반"",""relation_rationale"":""군수·수송 용례와 교차 가능"",""official_defense_evidence"":""N"",""usage_note"":""탐색용 분류이며 기업의 방산업체 지정·군 납품을 의미하지 않음""},""duplicate_source_rows"":[]}"
8c66cecd906fc1fffd75baaa,CMP0009,공간정보,일반,company_category_bridge,818,"{""original"":{""company_id"":""CMP0009"",""company_name_normalized"":""경기항공"",""business_category"":""공간정보"",""source_category_raw"":""감시.정찰.수색/인프라관리/물류·운송·구조/공간정보/특수촬영/방역/방제/살포/환경측량/취미·교육"",""source_file"":""항공안전기술원_드론정보포털_기업명_사업분야_20240424 (1).csv"",""as_of_date"":""2024-04-24"",""defense_use_case_relation"":""일반"",""relation_rationale"":""군 지형·공간정보 용례와 교차 가능"",""official_defense_evidence"":""N"",""usage_note"":""탐색용 분류이며 기업의 방산업체 지정·군 납품을 의미하지 않음""},""duplicate_source_rows"":[]}"
5e36080e91623ca254288a12,CMP0009,특수촬영,일반,company_category_bridge,819,"{""original"":{""company_id"":""CMP0009"",""company_name_normalized"":""경기항공"",""business_category"":""특수촬영"",""source_category_raw"":""감시.정찰.수색/인프라관리/물류·운송·구조/공간정보/특수촬영/방역/방제/살포/환경측량/취미·교육"",""source_file"":""항공안전기술원_드론정보포털_기업명_사업분야_20240424 (1).csv"",""as_of_date"":""2024-04-24"",""defense_use_case_relation"":""일반"",""relation_rationale"":""정찰 영상과 기술적으로 인접할 수 있음"",""official_defense_evidence"":""N"",""usage_note"":""탐색용 분류이며 기업의 방산업체 지정·군 납품을 의미하지 않음""},""duplicate_source_rows"":[]}"
e8ade4f331b25ca92cd4b3c5,CMP0009,방역/방제/살포,낮음,company_category_bridge,820,"{""original"":{""company_id"":""CMP0009"",""company_name_normalized"":""경기항공"",""business_category"":""방역/방제/살포"",""source_category_raw"":""감시.정찰.수색/인프라관리/물류·운송·구조/공간정보/특수촬영/방역/방제/살포/환경측량/취미·교육"",""source_file"":""항공안전기술원_드론정보포털_기업명_사업분야_20240424 (1).csv"",""as_of_date"":""2024-04-24"",""defense_use_case_relation"":""낮음"",""relation_rationale"":""주로 민수 활용"",""official_defense_evidence"":""N"",""usage_note"":""탐색용 분류이며 기업의 방산업체 지정·군 납품을 의미하지 않음""},""duplicate_source_rows"":[]}"
b0d0fcd5ed0b1d551fda3046,CMP0009,환경측량,일반,company_category_bridge,821,"{""original"":{""company_id"":""CMP0009"",""company_name_normalized"":""경기항공"",""business_category"":""환경측량"",""source_category_raw"":""감시.정찰.수색/인프라관리/물류·운송·구조/공간정보/특수촬영/방역/방제/살포/환경측량/취미·교육"",""source_file"":""항공안전기술원_드론정보포털_기업명_사업분야_20240424 (1).csv"",""as_of_date"":""2024-04-24"",""defense_use_case_relation"":""일반"",""relation_rationale"":""군 환경·지형 조사와 교차 가능"",""official_defense_evidence"":""N"",""usage_note"":""탐색용 분류이며 기업의 방산업체 지정·군 납품을 의미하지 않음""},""duplicate_source_rows"":[]}"
9c2fdbc1634ba0cc3cff3176,CMP0009,취미·교육,낮음,company_category_bridge,822,"{""original"":{""company_id"":""CMP0009"",""company_name_normalized"":""경기항공"",""business_category"":""취미·교육"",""source_category_raw"":""감시.정찰.수색/인프라관리/물류·운송·구조/공간정보/특수촬영/방역/방제/살포/환경측량/취미·교육"",""source_file"":""항공안전기술원_드론정보포털_기업명_사업분야_20240424 (1).csv"",""as_of_date"":""2024-04-24"",""defense_use_case_relation"":""낮음"",""relation_rationale"":""국방 연계 판단 근거로 사용하지 않음"",""official_defense_evidence"":""N"",""usage_note"":""탐색용 분류이며 기업의 방산업체 지정·군 납품을 의미하지 않음""},""duplicate_source_rows"":[]}"
81c0db4cf961c3bdce99c348,CMP0027,감시.정찰.수색,직접,company_category_bridge,823,"{""original"":{""company_id"":""CMP0027"",""company_name_normalized"":""날다"",""business_category"":""감시.정찰.수색"",""source_category_raw"":""감시.정찰.수색/인프라관리/방역/방제/살포/환경측량/다목적 H/W/취미·교육/임무장비"",""source_file"":""항공안전기술원_드론정보포털_기업명_사업분야_20240424 (1).csv"",""as_of_date"":""2024-04-24"",""defense_use_case_relation"":""직접"",""relation_rationale"":""군 감시·정찰 임무와 직접 연결 가능"",""official_defense_evidence"":""N"",""usage_note"":""탐색용 분류이며 기업의 방산업체 지정·군 납품을 의미하지 않음""},""duplicate_source_rows"":[]}"
1f966a2acaf6601fbeb19483,CMP0027,인프라관리,일반,company_category_bridge,824,"{""original"":{""company_id"":""CMP0027"",""company_name_normalized"":""날다"",""business_category"":""인프라관리"",""source_category_raw"":""감시.정찰.수색/인프라관리/방역/방제/살포/환경측량/다목적 H/W/취미·교육/임무장비"",""source_file"":""항공안전기술원_드론정보포털_기업명_사업분야_20240424 (1).csv"",""as_of_date"":""2024-04-24"",""defense_use_case_relation"":""일반"",""relation_rationale"":""민수 활용 중심이나 군 시설 관리와 교차 가능"",""official_defense_evidence"":""N"",""usage_note"":""탐색용 분류이며 기업의 방산업체 지정·군 납품을 의미하지 않음""},""duplicate_source_rows"":[]}"
2c2e1c4a289cf966aa8d1302,CMP0027,방역/방제/살포,낮음,company_category_bridge,825,"{""original"":{""company_id"":""CMP0027"",""company_name_normalized"":""날다"",""business_category"":""방역/방제/살포"",""source_category_raw"":""감시.정찰.수색/인프라관리/방역/방제/살포/환경측량/다목적 H/W/취미·교육/임무장비"",""source_file"":""항공안전기술원_드론정보포털_기업명_사업분야_20240424 (1).csv"",""as_of_date"":""2024-04-24"",""defense_use_case_relation"":""낮음"",""relation_rationale"":""주로 민수 활용"",""official_defense_evidence"":""N"",""usage_note"":""탐색용 분류이며 기업의 방산업체 지정·군 납품을 의미하지 않음""},""duplicate_source_rows"":[]}"
aa31962a7a16780d466f1202,CMP0027,환경측량,일반,company_category_bridge,826,"{""original"":{""company_id"":""CMP0027"",""company_name_normalized"":""날다"",""business_category"":""환경측량"",""source_category_raw"":""감시.정찰.수색/인프라관리/방역/방제/살포/환경측량/다목적 H/W/취미·교육/임무장비"",""source_file"":""항공안전기술원_드론정보포털_기업명_사업분야_20240424 (1).csv"",""as_of_date"":""2024-04-24"",""defense_use_case_relation"":""일반"",""relation_rationale"":""군 환경·지형 조사와 교차 가능"",""official_defense_evidence"":""N"",""usage_note"":""탐색용 분류이며 기업의 방산업체 지정·군 납품을 의미하지 않음""},""duplicate_source_rows"":[]}"
e9ae4ef1f30709ee58eb344d,CMP0027,다목적 H/W,인접,company_category_bridge,827,"{""original"":{""company_id"":""CMP0027"",""company_name_normalized"":""날다"",""business_category"":""다목적 H/W"",""source_category_raw"":""감시.정찰.수색/인프라관리/방역/방제/살포/환경측량/다목적 H/W/취미·교육/임무장비"",""source_file"":""항공안전기술원_드론정보포털_기업명_사업분야_20240424 (1).csv"",""as_of_date"":""2024-04-24"",""defense_use_case_relation"":""인접"",""relation_rationale"":""기체·전자·탑재체 하드웨어 공급망 후보"",""official_defense_evidence"":""N"",""usage_note"":""탐색용 분류이며 기업의 방산업체 지정·군 납품을 의미하지 않음""},""duplicate_source_rows"":[]}"
4c6d10aa2c5b3dd02857c14a,CMP0027,취미·교육,낮음,company_category_bridge,828,"{""original"":{""company_id"":""CMP0027"",""company_name_normalized"":""날다"",""business_category"":""취미·교육"",""source_category_raw"":""감시.정찰.수색/인프라관리/방역/방제/살포/환경측량/다목적 H/W/취미·교육/임무장비"",""source_file"":""항공안전기술원_드론정보포털_기업명_사업분야_20240424 (1).csv"",""as_of_date"":""2024-04-24"",""defense_use_case_relation"":""낮음"",""relation_rationale"":""국방 연계 판단 근거로 사용하지 않음"",""official_defense_evidence"":""N"",""usage_note"":""탐색용 분류이며 기업의 방산업체 지정·군 납품을 의미하지 않음""},""duplicate_source_rows"":[]}"
2a643c8e0aa7851079884219,CMP0027,임무장비,직접,company_category_bridge,829,"{""original"":{""company_id"":""CMP0027"",""company_name_normalized"":""날다"",""business_category"":""임무장비"",""source_category_raw"":""감시.정찰.수색/인프라관리/방역/방제/살포/환경측량/다목적 H/W/취미·교육/임무장비"",""source_file"":""항공안전기술원_드론정보포털_기업명_사업분야_20240424 (1).csv"",""as_of_date"":""2024-04-24"",""defense_use_case_relation"":""직접"",""relation_rationale"":""정찰·공격·지원 임무장비와 연결 가능"",""official_defense_evidence"":""N"",""usage_note"":""탐색용 분류이며 기업의 방산업체 지정·군 납품을 의미하지 않음""},""duplicate_source_rows"":[]}"
caacf83a8ce08b6d51b2bb9e,CMP0036,임무장비,직접,company_category_bridge,830,"{""original"":{""company_id"":""CMP0036"",""company_name_normalized"":""니나노컴퍼니"",""business_category"":""임무장비"",""source_category_raw"":""임무장비/통합솔루션/물류·운송·구조/공간정보/특수촬영/방역/방제/살포/감시.정찰.수색/인프라관리"",""source_file"":""항공안전기술원_드론정보포털_기업명_사업분야_20240424 (1).csv"",""as_of_date"":""2024-04-24"",""defense_use_case_relation"":""직접"",""relation_rationale"":""정찰·공격·지원 임무장비와 연결 가능"",""official_defense_evidence"":""N"",""usage_note"":""탐색용 분류이며 기업의 방산업체 지정·군 납품을 의미하지 않음""},""duplicate_source_rows"":[]}"
1a296044cffe4627dc8ce6de,CMP0036,통합솔루션,인접,company_category_bridge,831,"{""original"":{""company_id"":""CMP0036"",""company_name_normalized"":""니나노컴퍼니"",""business_category"":""통합솔루션"",""source_category_raw"":""임무장비/통합솔루션/물류·운송·구조/공간정보/특수촬영/방역/방제/살포/감시.정찰.수색/인프라관리"",""source_file"":""항공안전기술원_드론정보포털_기업명_사업분야_20240424 (1).csv"",""as_of_date"":""2024-04-24"",""defense_use_case_relation"":""인접"",""relation_rationale"":""체계통합·운용 소프트웨어와 연결 가능"",""official_defense_evidence"":""N"",""usage_note"":""탐색용 분류이며 기업의 방산업체 지정·군 납품을 의미하지 않음""},""duplicate_source_rows"":[]}"
c329399c4987425a954b7fa0,CMP0036,물류·운송·구조,일반,company_category_bridge,832,"{""original"":{""company_id"":""CMP0036"",""company_name_normalized"":""니나노컴퍼니"",""business_category"":""물류·운송·구조"",""source_category_raw"":""임무장비/통합솔루션/물류·운송·구조/공간정보/특수촬영/방역/방제/살포/감시.정찰.수색/인프라관리"",""source_file"":""항공안전기술원_드론정보포털_기업명_사업분야_20240424 (1).csv"",""as_of_date"":""2024-04-24"",""defense_use_case_relation"":""일반"",""relation_rationale"":""군수·수송 용례와 교차 가능"",""official_defense_evidence"":""N"",""usage_note"":""탐색용 분류이며 기업의 방산업체 지정·군 납품을 의미하지 않음""},""duplicate_source_rows"":[]}"
751db8964ec0b5c7f740905f,CMP0036,공간정보,일반,company_category_bridge,833,"{""original"":{""company_id"":""CMP0036"",""company_name_normalized"":""니나노컴퍼니"",""business_category"":""공간정보"",""source_category_raw"":""임무장비/통합솔루션/물류·운송·구조/공간정보/특수촬영/방역/방제/살포/감시.정찰.수색/인프라관리"",""source_file"":""항공안전기술원_드론정보포털_기업명_사업분야_20240424 (1).csv"",""as_of_date"":""2024-04-24"",""defense_use_case_relation"":""일반"",""relation_rationale"":""군 지형·공간정보 용례와 교차 가능"",""official_defense_evidence"":""N"",""usage_note"":""탐색용 분류이며 기업의 방산업체 지정·군 납품을 의미하지 않음""},""duplicate_source_rows"":[]}"
c1c0b8617850fba1afa859cf,CMP0036,특수촬영,일반,company_category_bridge,834,"{""original"":{""company_id"":""CMP0036"",""company_name_normalized"":""니나노컴퍼니"",""business_category"":""특수촬영"",""source_category_raw"":""임무장비/통합솔루션/물류·운송·구조/공간정보/특수촬영/방역/방제/살포/감시.정찰.수색/인프라관리"",""source_file"":""항공안전기술원_드론정보포털_기업명_사업분야_20240424 (1).csv"",""as_of_date"":""2024-04-24"",""defense_use_case_relation"":""일반"",""relation_rationale"":""정찰 영상과 기술적으로 인접할 수 있음"",""official_defense_evidence"":""N"",""usage_note"":""탐색용 분류이며 기업의 방산업체 지정·군 납품을 의미하지 않음""},""duplicate_source_rows"":[]}"
d1520043adee650bb4c7e5ba,CMP0036,방역/방제/살포,낮음,company_category_bridge,835,"{""original"":{""company_id"":""CMP0036"",""company_name_normalized"":""니나노컴퍼니"",""business_category"":""방역/방제/살포"",""source_category_raw"":""임무장비/통합솔루션/물류·운송·구조/공간정보/특수촬영/방역/방제/살포/감시.정찰.수색/인프라관리"",""source_file"":""항공안전기술원_드론정보포털_기업명_사업분야_20240424 (1).csv"",""as_of_date"":""2024-04-24"",""defense_use_case_relation"":""낮음"",""relation_rationale"":""주로 민수 활용"",""official_defense_evidence"":""N"",""usage_note"":""탐색용 분류이며 기업의 방산업체 지정·군 납품을 의미하지 않음""},""duplicate_source_rows"":[]}"
24f1c0cff51945859b41d459,CMP0036,감시.정찰.수색,직접,company_category_bridge,836,"{""original"":{""company_id"":""CMP0036"",""company_name_normalized"":""니나노컴퍼니"",""business_category"":""감시.정찰.수색"",""source_category_raw"":""임무장비/통합솔루션/물류·운송·구조/공간정보/특수촬영/방역/방제/살포/감시.정찰.수색/인프라관리"",""source_file"":""항공안전기술원_드론정보포털_기업명_사업분야_20240424 (1).csv"",""as_of_date"":""2024-04-24"",""defense_use_case_relation"":""직접"",""relation_rationale"":""군 감시·정찰 임무와 직접 연결 가능"",""official_defense_evidence"":""N"",""usage_note"":""탐색용 분류이며 기업의 방산업체 지정·군 납품을 의미하지 않음""},""duplicate_source_rows"":[]}"
04bb42a52ac76f635a87f674,CMP0036,인프라관리,일반,company_category_bridge,837,"{""original"":{""company_id"":""CMP0036"",""company_name_normalized"":""니나노컴퍼니"",""business_category"":""인프라관리"",""source_category_raw"":""임무장비/통합솔루션/물류·운송·구조/공간정보/특수촬영/방역/방제/살포/감시.정찰.수색/인프라관리"",""source_file"":""항공안전기술원_드론정보포털_기업명_사업분야_20240424 (1).csv"",""as_of_date"":""2024-04-24"",""defense_use_case_relation"":""일반"",""relation_rationale"":""민수 활용 중심이나 군 시설 관리와 교차 가능"",""official_defense_evidence"":""N"",""usage_note"":""탐색용 분류이며 기업의 방산업체 지정·군 납품을 의미하지 않음""},""duplicate_source_rows"":[]}"
d452a50eadd0bd977d7f4a35,CMP0042,다목적 H/W,인접,company_category_bridge,838,"{""original"":{""company_id"":""CMP0042"",""company_name_normalized"":""담스테크"",""business_category"":""다목적 H/W"",""source_category_raw"":""다목적 H/W/안티드론/임무장비/지상통제장비/통합솔루션"",""source_file"":""항공안전기술원_드론정보포털_기업명_사업분야_20240424 (1).csv"",""as_of_date"":""2024-04-24"",""defense_use_case_relation"":""인접"",""relation_rationale"":""기체·전자·탑재체 하드웨어 공급망 후보"",""official_defense_evidence"":""N"",""usage_note"":""탐색용 분류이며 기업의 방산업체 지정·군 납품을 의미하지 않음""},""duplicate_source_rows"":[]}"
42e5aee66d4edfeddf6bada6,CMP0042,안티드론,직접,company_category_bridge,839,"{""original"":{""company_id"":""CMP0042"",""company_name_normalized"":""담스테크"",""business_category"":""안티드론"",""source_category_raw"":""다목적 H/W/안티드론/임무장비/지상통제장비/통합솔루션"",""source_file"":""항공안전기술원_드론정보포털_기업명_사업분야_20240424 (1).csv"",""as_of_date"":""2024-04-24"",""defense_use_case_relation"":""직접"",""relation_rationale"":""대드론·C-UAS 용례와 직접 연결되는 사업분야"",""official_defense_evidence"":""N"",""usage_note"":""탐색용 분류이며 기업의 방산업체 지정·군 납품을 의미하지 않음""},""duplicate_source_rows"":[]}"
f84fef560b79ec1dbd0a0d9e,CMP0042,임무장비,직접,company_category_bridge,840,"{""original"":{""company_id"":""CMP0042"",""company_name_normalized"":""담스테크"",""business_category"":""임무장비"",""source_category_raw"":""다목적 H/W/안티드론/임무장비/지상통제장비/통합솔루션"",""source_file"":""항공안전기술원_드론정보포털_기업명_사업분야_20240424 (1).csv"",""as_of_date"":""2024-04-24"",""defense_use_case_relation"":""직접"",""relation_rationale"":""정찰·공격·지원 임무장비와 연결 가능"",""official_defense_evidence"":""N"",""usage_note"":""탐색용 분류이며 기업의 방산업체 지정·군 납품을 의미하지 않음""},""duplicate_source_rows"":[]}"
6e4792921f887e171f92e108,CMP0042,지상통제장비,직접,company_category_bridge,841,"{""original"":{""company_id"":""CMP0042"",""company_name_normalized"":""담스테크"",""business_category"":""지상통제장비"",""source_category_raw"":""다목적 H/W/안티드론/임무장비/지상통제장비/통합솔루션"",""source_file"":""항공안전기술원_드론정보포털_기업명_사업분야_20240424 (1).csv"",""as_of_date"":""2024-04-24"",""defense_use_case_relation"":""직접"",""relation_rationale"":""GCS·임무통제와 연결 가능"",""official_defense_evidence"":""N"",""usage_note"":""탐색용 분류이며 기업의 방산업체 지정·군 납품을 의미하지 않음""},""duplicate_source_rows"":[]}"
2fd757fcedbe076307f96f4d,CMP0042,통합솔루션,인접,company_category_bridge,842,"{""original"":{""company_id"":""CMP0042"",""company_name_normalized"":""담스테크"",""business_category"":""통합솔루션"",""source_category_raw"":""다목적 H/W/안티드론/임무장비/지상통제장비/통합솔루션"",""source_file"":""항공안전기술원_드론정보포털_기업명_사업분야_20240424 (1).csv"",""as_of_date"":""2024-04-24"",""defense_use_case_relation"":""인접"",""relation_rationale"":""체계통합·운용 소프트웨어와 연결 가능"",""official_defense_evidence"":""N"",""usage_note"":""탐색용 분류이며 기업의 방산업체 지정·군 납품을 의미하지 않음""},""duplicate_source_rows"":[]}"
53ac637992e4dc9d48e58c65,CMP0050,감시.정찰.수색,직접,company_category_bridge,843,"{""original"":{""company_id"":""CMP0050"",""company_name_normalized"":""더대시"",""business_category"":""감시.정찰.수색"",""source_category_raw"":""감시.정찰.수색/인프라관리/물류·운송·구조/공간정보/특수촬영/방역/방제/살포/환경측량/다목적 H/W/방송·공연/취미·교육/드론스테이션/안티드론/임무장비/모듈/지상통제장비/통합솔루션/앱/기타"",""source_file"":""항공안전기술원_드론정보포털_기업명_사업분야_20240424 (1).csv"",""as_of_date"":""2024-04-24"",""defense_use_case_relation"":""직접"",""relation_rationale"":""군 감시·정찰 임무와 직접 연결 가능"",""official_defense_evidence"":""N"",""usage_note"":""탐색용 분류이며 기업의 방산업체 지정·군 납품을 의미하지 않음""},""duplicate_source_rows"":[]}"
d0030da2e4bf96830dcd9d91,CMP0050,인프라관리,일반,company_category_bridge,844,"{""original"":{""company_id"":""CMP0050"",""company_name_normalized"":""더대시"",""business_category"":""인프라관리"",""source_category_raw"":""감시.정찰.수색/인프라관리/물류·운송·구조/공간정보/특수촬영/방역/방제/살포/환경측량/다목적 H/W/방송·공연/취미·교육/드론스테이션/안티드론/임무장비/모듈/지상통제장비/통합솔루션/앱/기타"",""source_file"":""항공안전기술원_드론정보포털_기업명_사업분야_20240424 (1).csv"",""as_of_date"":""2024-04-24"",""defense_use_case_relation"":""일반"",""relation_rationale"":""민수 활용 중심이나 군 시설 관리와 교차 가능"",""official_defense_evidence"":""N"",""usage_note"":""탐색용 분류이며 기업의 방산업체 지정·군 납품을 의미하지 않음""},""duplicate_source_rows"":[]}"
0d5c6cfad219e112d7a3868a,CMP0050,물류·운송·구조,일반,company_category_bridge,845,"{""original"":{""company_id"":""CMP0050"",""company_name_normalized"":""더대시"",""business_category"":""물류·운송·구조"",""source_category_raw"":""감시.정찰.수색/인프라관리/물류·운송·구조/공간정보/특수촬영/방역/방제/살포/환경측량/다목적 H/W/방송·공연/취미·교육/드론스테이션/안티드론/임무장비/모듈/지상통제장비/통합솔루션/앱/기타"",""source_file"":""항공안전기술원_드론정보포털_기업명_사업분야_20240424 (1).csv"",""as_of_date"":""2024-04-24"",""defense_use_case_relation"":""일반"",""relation_rationale"":""군수·수송 용례와 교차 가능"",""official_defense_evidence"":""N"",""usage_note"":""탐색용 분류이며 기업의 방산업체 지정·군 납품을 의미하지 않음""},""duplicate_source_rows"":[]}"
fbc486e1ae8f3d20c24d6c34,CMP0050,공간정보,일반,company_category_bridge,846,"{""original"":{""company_id"":""CMP0050"",""company_name_normalized"":""더대시"",""business_category"":""공간정보"",""source_category_raw"":""감시.정찰.수색/인프라관리/물류·운송·구조/공간정보/특수촬영/방역/방제/살포/환경측량/다목적 H/W/방송·공연/취미·교육/드론스테이션/안티드론/임무장비/모듈/지상통제장비/통합솔루션/앱/기타"",""source_file"":""항공안전기술원_드론정보포털_기업명_사업분야_20240424 (1).csv"",""as_of_date"":""2024-04-24"",""defense_use_case_relation"":""일반"",""relation_rationale"":""군 지형·공간정보 용례와 교차 가능"",""official_defense_evidence"":""N"",""usage_note"":""탐색용 분류이며 기업의 방산업체 지정·군 납품을 의미하지 않음""},""duplicate_source_rows"":[]}"
cd48ebee3267a7024fd66b66,CMP0050,특수촬영,일반,company_category_bridge,847,"{""original"":{""company_id"":""CMP0050"",""company_name_normalized"":""더대시"",""business_category"":""특수촬영"",""source_category_raw"":""감시.정찰.수색/인프라관리/물류·운송·구조/공간정보/특수촬영/방역/방제/살포/환경측량/다목적 H/W/방송·공연/취미·교육/드론스테이션/안티드론/임무장비/모듈/지상통제장비/통합솔루션/앱/기타"",""source_file"":""항공안전기술원_드론정보포털_기업명_사업분야_20240424 (1).csv"",""as_of_date"":""2024-04-24"",""defense_use_case_relation"":""일반"",""relation_rationale"":""정찰 영상과 기술적으로 인접할 수 있음"",""official_defense_evidence"":""N"",""usage_note"":""탐색용 분류이며 기업의 방산업체 지정·군 납품을 의미하지 않음""},""duplicate_source_rows"":[]}"
884f9ff757cc39eec66641a2,CMP0050,방역/방제/살포,낮음,company_category_bridge,848,"{""original"":{""company_id"":""CMP0050"",""company_name_normalized"":""더대시"",""business_category"":""방역/방제/살포"",""source_category_raw"":""감시.정찰.수색/인프라관리/물류·운송·구조/공간정보/특수촬영/방역/방제/살포/환경측량/다목적 H/W/방송·공연/취미·교육/드론스테이션/안티드론/임무장비/모듈/지상통제장비/통합솔루션/앱/기타"",""source_file"":""항공안전기술원_드론정보포털_기업명_사업분야_20240424 (1).csv"",""as_of_date"":""2024-04-24"",""defense_use_case_relation"":""낮음"",""relation_rationale"":""주로 민수 활용"",""official_defense_evidence"":""N"",""usage_note"":""탐색용 분류이며 기업의 방산업체 지정·군 납품을 의미하지 않음""},""duplicate_source_rows"":[]}"
efca14f79424f59b2962161b,CMP0050,환경측량,일반,company_category_bridge,849,"{""original"":{""company_id"":""CMP0050"",""company_name_normalized"":""더대시"",""business_category"":""환경측량"",""source_category_raw"":""감시.정찰.수색/인프라관리/물류·운송·구조/공간정보/특수촬영/방역/방제/살포/환경측량/다목적 H/W/방송·공연/취미·교육/드론스테이션/안티드론/임무장비/모듈/지상통제장비/통합솔루션/앱/기타"",""source_file"":""항공안전기술원_드론정보포털_기업명_사업분야_20240424 (1).csv"",""as_of_date"":""2024-04-24"",""defense_use_case_relation"":""일반"",""relation_rationale"":""군 환경·지형 조사와 교차 가능"",""official_defense_evidence"":""N"",""usage_note"":""탐색용 분류이며 기업의 방산업체 지정·군 납품을 의미하지 않음""},""duplicate_source_rows"":[]}"
dcec7460ba792f0de2190e7d,CMP0050,다목적 H/W,인접,company_category_bridge,850,"{""original"":{""company_id"":""CMP0050"",""company_name_normalized"":""더대시"",""business_category"":""다목적 H/W"",""source_category_raw"":""감시.정찰.수색/인프라관리/물류·운송·구조/공간정보/특수촬영/방역/방제/살포/환경측량/다목적 H/W/방송·공연/취미·교육/드론스테이션/안티드론/임무장비/모듈/지상통제장비/통합솔루션/앱/기타"",""source_file"":""항공안전기술원_드론정보포털_기업명_사업분야_20240424 (1).csv"",""as_of_date"":""2024-04-24"",""defense_use_case_relation"":""인접"",""relation_rationale"":""기체·전자·탑재체 하드웨어 공급망 후보"",""official_defense_evidence"":""N"",""usage_note"":""탐색용 분류이며 기업의 방산업체 지정·군 납품을 의미하지 않음""},""duplicate_source_rows"":[]}"
8fd79781caa65b45fb8bc1e7,CMP0050,방송·공연,낮음,company_category_bridge,851,"{""original"":{""company_id"":""CMP0050"",""company_name_normalized"":""더대시"",""business_category"":""방송·공연"",""source_category_raw"":""감시.정찰.수색/인프라관리/물류·운송·구조/공간정보/특수촬영/방역/방제/살포/환경측량/다목적 H/W/방송·공연/취미·교육/드론스테이션/안티드론/임무장비/모듈/지상통제장비/통합솔루션/앱/기타"",""source_file"":""항공안전기술원_드론정보포털_기업명_사업분야_20240424 (1).csv"",""as_of_date"":""2024-04-24"",""defense_use_case_relation"":""낮음"",""relation_rationale"":""국방 연계 판단 근거로 사용하지 않음"",""official_defense_evidence"":""N"",""usage_note"":""탐색용 분류이며 기업의 방산업체 지정·군 납품을 의미하지 않음""},""duplicate_source_rows"":[]}"
7d1c34eb0df8710df99b016b,CMP0050,취미·교육,낮음,company_category_bridge,852,"{""original"":{""company_id"":""CMP0050"",""company_name_normalized"":""더대시"",""business_category"":""취미·교육"",""source_category_raw"":""감시.정찰.수색/인프라관리/물류·운송·구조/공간정보/특수촬영/방역/방제/살포/환경측량/다목적 H/W/방송·공연/취미·교육/드론스테이션/안티드론/임무장비/모듈/지상통제장비/통합솔루션/앱/기타"",""source_file"":""항공안전기술원_드론정보포털_기업명_사업분야_20240424 (1).csv"",""as_of_date"":""2024-04-24"",""defense_use_case_relation"":""낮음"",""relation_rationale"":""국방 연계 판단 근거로 사용하지 않음"",""official_defense_evidence"":""N"",""usage_note"":""탐색용 분류이며 기업의 방산업체 지정·군 납품을 의미하지 않음""},""duplicate_source_rows"":[]}"
fd4ac631a8877016640414e8,CMP0050,드론스테이션,인접,company_category_bridge,853,"{""original"":{""company_id"":""CMP0050"",""company_name_normalized"":""더대시"",""business_category"":""드론스테이션"",""source_category_raw"":""감시.정찰.수색/인프라관리/물류·운송·구조/공간정보/특수촬영/방역/방제/살포/환경측량/다목적 H/W/방송·공연/취미·교육/드론스테이션/안티드론/임무장비/모듈/지상통제장비/통합솔루션/앱/기타"",""source_file"":""항공안전기술원_드론정보포털_기업명_사업분야_20240424 (1).csv"",""as_of_date"":""2024-04-24"",""defense_use_case_relation"":""인접"",""relation_rationale"":""무인 운용·원격 통제 인프라 후보"",""official_defense_evidence"":""N"",""usage_note"":""탐색용 분류이며 기업의 방산업체 지정·군 납품을 의미하지 않음""},""duplicate_source_rows"":[]}"
fae87aa39ac9e6e5b132b4b2,CMP0050,안티드론,직접,company_category_bridge,854,"{""original"":{""company_id"":""CMP0050"",""company_name_normalized"":""더대시"",""business_category"":""안티드론"",""source_category_raw"":""감시.정찰.수색/인프라관리/물류·운송·구조/공간정보/특수촬영/방역/방제/살포/환경측량/다목적 H/W/방송·공연/취미·교육/드론스테이션/안티드론/임무장비/모듈/지상통제장비/통합솔루션/앱/기타"",""source_file"":""항공안전기술원_드론정보포털_기업명_사업분야_20240424 (1).csv"",""as_of_date"":""2024-04-24"",""defense_use_case_relation"":""직접"",""relation_rationale"":""대드론·C-UAS 용례와 직접 연결되는 사업분야"",""official_defense_evidence"":""N"",""usage_note"":""탐색용 분류이며 기업의 방산업체 지정·군 납품을 의미하지 않음""},""duplicate_source_rows"":[]}"
96ed7027568a0ab28163e9a5,CMP0050,임무장비,직접,company_category_bridge,855,"{""original"":{""company_id"":""CMP0050"",""company_name_normalized"":""더대시"",""business_category"":""임무장비"",""source_category_raw"":""감시.정찰.수색/인프라관리/물류·운송·구조/공간정보/특수촬영/방역/방제/살포/환경측량/다목적 H/W/방송·공연/취미·교육/드론스테이션/안티드론/임무장비/모듈/지상통제장비/통합솔루션/앱/기타"",""source_file"":""항공안전기술원_드론정보포털_기업명_사업분야_20240424 (1).csv"",""as_of_date"":""2024-04-24"",""defense_use_case_relation"":""직접"",""relation_rationale"":""정찰·공격·지원 임무장비와 연결 가능"",""official_defense_evidence"":""N"",""usage_note"":""탐색용 분류이며 기업의 방산업체 지정·군 납품을 의미하지 않음""},""duplicate_source_rows"":[]}"
ac5589faf6d482defe045dc9,CMP0050,모듈,인접,company_category_bridge,856,"{""original"":{""company_id"":""CMP0050"",""company_name_normalized"":""더대시"",""business_category"":""모듈"",""source_category_raw"":""감시.정찰.수색/인프라관리/물류·운송·구조/공간정보/특수촬영/방역/방제/살포/환경측량/다목적 H/W/방송·공연/취미·교육/드론스테이션/안티드론/임무장비/모듈/지상통제장비/통합솔루션/앱/기타"",""source_file"":""항공안전기술원_드론정보포털_기업명_사업분야_20240424 (1).csv"",""as_of_date"":""2024-04-24"",""defense_use_case_relation"":""인접"",""relation_rationale"":""국방 드론 부품·모듈 공급망 후보"",""official_defense_evidence"":""N"",""usage_note"":""탐색용 분류이며 기업의 방산업체 지정·군 납품을 의미하지 않음""},""duplicate_source_rows"":[]}"
2ba2d5ab79181c99f2efa6fd,CMP0050,지상통제장비,직접,company_category_bridge,857,"{""original"":{""company_id"":""CMP0050"",""company_name_normalized"":""더대시"",""business_category"":""지상통제장비"",""source_category_raw"":""감시.정찰.수색/인프라관리/물류·운송·구조/공간정보/특수촬영/방역/방제/살포/환경측량/다목적 H/W/방송·공연/취미·교육/드론스테이션/안티드론/임무장비/모듈/지상통제장비/통합솔루션/앱/기타"",""source_file"":""항공안전기술원_드론정보포털_기업명_사업분야_20240424 (1).csv"",""as_of_date"":""2024-04-24"",""defense_use_case_relation"":""직접"",""relation_rationale"":""GCS·임무통제와 연결 가능"",""official_defense_evidence"":""N"",""usage_note"":""탐색용 분류이며 기업의 방산업체 지정·군 납품을 의미하지 않음""},""duplicate_source_rows"":[]}"
78e8a772c2753d948bf206a8,CMP0050,통합솔루션,인접,company_category_bridge,858,"{""original"":{""company_id"":""CMP0050"",""company_name_normalized"":""더대시"",""business_category"":""통합솔루션"",""source_category_raw"":""감시.정찰.수색/인프라관리/물류·운송·구조/공간정보/특수촬영/방역/방제/살포/환경측량/다목적 H/W/방송·공연/취미·교육/드론스테이션/안티드론/임무장비/모듈/지상통제장비/통합솔루션/앱/기타"",""source_file"":""항공안전기술원_드론정보포털_기업명_사업분야_20240424 (1).csv"",""as_of_date"":""2024-04-24"",""defense_use_case_relation"":""인접"",""relation_rationale"":""체계통합·운용 소프트웨어와 연결 가능"",""official_defense_evidence"":""N"",""usage_note"":""탐색용 분류이며 기업의 방산업체 지정·군 납품을 의미하지 않음""},""duplicate_source_rows"":[]}"
e30693790f62bccd2ef23281,CMP0050,앱,낮음,company_category_bridge,859,"{""original"":{""company_id"":""CMP0050"",""company_name_normalized"":""더대시"",""business_category"":""앱"",""source_category_raw"":""감시.정찰.수색/인프라관리/물류·운송·구조/공간정보/특수촬영/방역/방제/살포/환경측량/다목적 H/W/방송·공연/취미·교육/드론스테이션/안티드론/임무장비/모듈/지상통제장비/통합솔루션/앱/기타"",""source_file"":""항공안전기술원_드론정보포털_기업명_사업분야_20240424 (1).csv"",""as_of_date"":""2024-04-24"",""defense_use_case_relation"":""낮음"",""relation_rationale"":""세부 기능 확인 전 국방 연계 판단 불가"",""official_defense_evidence"":""N"",""usage_note"":""탐색용 분류이며 기업의 방산업체 지정·군 납품을 의미하지 않음""},""duplicate_source_rows"":[]}"
30115e71f1adfac253c93425,CMP0050,기타,미확인,company_category_bridge,860,"{""original"":{""company_id"":""CMP0050"",""company_name_normalized"":""더대시"",""business_category"":""기타"",""source_category_raw"":""감시.정찰.수색/인프라관리/물류·운송·구조/공간정보/특수촬영/방역/방제/살포/환경측량/다목적 H/W/방송·공연/취미·교육/드론스테이션/안티드론/임무장비/모듈/지상통제장비/통합솔루션/앱/기타"",""source_file"":""항공안전기술원_드론정보포털_기업명_사업분야_20240424 (1).csv"",""as_of_date"":""2024-04-24"",""defense_use_case_relation"":""미확인"",""relation_rationale"":""세부 내용 확인 필요"",""official_defense_evidence"":""N"",""usage_note"":""탐색용 분류이며 기업의 방산업체 지정·군 납품을 의미하지 않음""},""duplicate_source_rows"":[]}"
50107b40f4dc9c1df9ca8e41,CMP0053,감시.정찰.수색,직접,company_category_bridge,861,"{""original"":{""company_id"":""CMP0053"",""company_name_normalized"":""더하드"",""business_category"":""감시.정찰.수색"",""source_category_raw"":""감시.정찰.수색/인프라관리/물류·운송·구조/방역/방제/살포"",""source_file"":""항공안전기술원_드론정보포털_기업명_사업분야_20240424 (1).csv"",""as_of_date"":""2024-04-24"",""defense_use_case_relation"":""직접"",""relation_rationale"":""군 감시·정찰 임무와 직접 연결 가능"",""official_defense_evidence"":""N"",""usage_note"":""탐색용 분류이며 기업의 방산업체 지정·군 납품을 의미하지 않음""},""duplicate_source_rows"":[]}"
41b40397752f7a6354d428fa,CMP0053,인프라관리,일반,company_category_bridge,862,"{""original"":{""company_id"":""CMP0053"",""company_name_normalized"":""더하드"",""business_category"":""인프라관리"",""source_category_raw"":""감시.정찰.수색/인프라관리/물류·운송·구조/방역/방제/살포"",""source_file"":""항공안전기술원_드론정보포털_기업명_사업분야_20240424 (1).csv"",""as_of_date"":""2024-04-24"",""defense_use_case_relation"":""일반"",""relation_rationale"":""민수 활용 중심이나 군 시설 관리와 교차 가능"",""official_defense_evidence"":""N"",""usage_note"":""탐색용 분류이며 기업의 방산업체 지정·군 납품을 의미하지 않음""},""duplicate_source_rows"":[]}"
61f24dede610ae4e737e496e,CMP0053,물류·운송·구조,일반,company_category_bridge,863,"{""original"":{""company_id"":""CMP0053"",""company_name_normalized"":""더하드"",""business_category"":""물류·운송·구조"",""source_category_raw"":""감시.정찰.수색/인프라관리/물류·운송·구조/방역/방제/살포"",""source_file"":""항공안전기술원_드론정보포털_기업명_사업분야_20240424 (1).csv"",""as_of_date"":""2024-04-24"",""defense_use_case_relation"":""일반"",""relation_rationale"":""군수·수송 용례와 교차 가능"",""official_defense_evidence"":""N"",""usage_note"":""탐색용 분류이며 기업의 방산업체 지정·군 납품을 의미하지 않음""},""duplicate_source_rows"":[]}"
afdc359fb8b2c8c2b66694be,CMP0053,방역/방제/살포,낮음,company_category_bridge,864,"{""original"":{""company_id"":""CMP0053"",""company_name_normalized"":""더하드"",""business_category"":""방역/방제/살포"",""source_category_raw"":""감시.정찰.수색/인프라관리/물류·운송·구조/방역/방제/살포"",""source_file"":""항공안전기술원_드론정보포털_기업명_사업분야_20240424 (1).csv"",""as_of_date"":""2024-04-24"",""defense_use_case_relation"":""낮음"",""relation_rationale"":""주로 민수 활용"",""official_defense_evidence"":""N"",""usage_note"":""탐색용 분류이며 기업의 방산업체 지정·군 납품을 의미하지 않음""},""duplicate_source_rows"":[]}"
d5832543e38bc47c1f9461b0,CMP0060,감시.정찰.수색,직접,company_category_bridge,865,"{""original"":{""company_id"":""CMP0060"",""company_name_normalized"":""드로니아"",""business_category"":""감시.정찰.수색"",""source_category_raw"":""감시.정찰.수색/인프라관리/물류·운송·구조/방역/방제/살포/다목적 H/W/취미·교육/통합솔루션/기타"",""source_file"":""항공안전기술원_드론정보포털_기업명_사업분야_20240424 (1).csv"",""as_of_date"":""2024-04-24"",""defense_use_case_relation"":""직접"",""relation_rationale"":""군 감시·정찰 임무와 직접 연결 가능"",""official_defense_evidence"":""N"",""usage_note"":""탐색용 분류이며 기업의 방산업체 지정·군 납품을 의미하지 않음""},""duplicate_source_rows"":[]}"
0c151298c85cc3912fa376ae,CMP0060,인프라관리,일반,company_category_bridge,866,"{""original"":{""company_id"":""CMP0060"",""company_name_normalized"":""드로니아"",""business_category"":""인프라관리"",""source_category_raw"":""감시.정찰.수색/인프라관리/물류·운송·구조/방역/방제/살포/다목적 H/W/취미·교육/통합솔루션/기타"",""source_file"":""항공안전기술원_드론정보포털_기업명_사업분야_20240424 (1).csv"",""as_of_date"":""2024-04-24"",""defense_use_case_relation"":""일반"",""relation_rationale"":""민수 활용 중심이나 군 시설 관리와 교차 가능"",""official_defense_evidence"":""N"",""usage_note"":""탐색용 분류이며 기업의 방산업체 지정·군 납품을 의미하지 않음""},""duplicate_source_rows"":[]}"
d9074b4e9c018b7172c844c2,CMP0060,물류·운송·구조,일반,company_category_bridge,867,"{""original"":{""company_id"":""CMP0060"",""company_name_normalized"":""드로니아"",""business_category"":""물류·운송·구조"",""source_category_raw"":""감시.정찰.수색/인프라관리/물류·운송·구조/방역/방제/살포/다목적 H/W/취미·교육/통합솔루션/기타"",""source_file"":""항공안전기술원_드론정보포털_기업명_사업분야_20240424 (1).csv"",""as_of_date"":""2024-04-24"",""defense_use_case_relation"":""일반"",""relation_rationale"":""군수·수송 용례와 교차 가능"",""official_defense_evidence"":""N"",""usage_note"":""탐색용 분류이며 기업의 방산업체 지정·군 납품을 의미하지 않음""},""duplicate_source_rows"":[]}"
78434d9a686ecde512a64cba,CMP0060,방역/방제/살포,낮음,company_category_bridge,868,"{""original"":{""company_id"":""CMP0060"",""company_name_normalized"":""드로니아"",""business_category"":""방역/방제/살포"",""source_category_raw"":""감시.정찰.수색/인프라관리/물류·운송·구조/방역/방제/살포/다목적 H/W/취미·교육/통합솔루션/기타"",""source_file"":""항공안전기술원_드론정보포털_기업명_사업분야_20240424 (1).csv"",""as_of_date"":""2024-04-24"",""defense_use_case_relation"":""낮음"",""relation_rationale"":""주로 민수 활용"",""official_defense_evidence"":""N"",""usage_note"":""탐색용 분류이며 기업의 방산업체 지정·군 납품을 의미하지 않음""},""duplicate_source_rows"":[]}"
990c909097e0f9f3b44402fe,CMP0060,다목적 H/W,인접,company_category_bridge,869,"{""original"":{""company_id"":""CMP0060"",""company_name_normalized"":""드로니아"",""business_category"":""다목적 H/W"",""source_category_raw"":""감시.정찰.수색/인프라관리/물류·운송·구조/방역/방제/살포/다목적 H/W/취미·교육/통합솔루션/기타"",""source_file"":""항공안전기술원_드론정보포털_기업명_사업분야_20240424 (1).csv"",""as_of_date"":""2024-04-24"",""defense_use_case_relation"":""인접"",""relation_rationale"":""기체·전자·탑재체 하드웨어 공급망 후보"",""official_defense_evidence"":""N"",""usage_note"":""탐색용 분류이며 기업의 방산업체 지정·군 납품을 의미하지 않음""},""duplicate_source_rows"":[]}"
e4fe2b379ecbbd322e6cf43d,CMP0060,취미·교육,낮음,company_category_bridge,870,"{""original"":{""company_id"":""CMP0060"",""company_name_normalized"":""드로니아"",""business_category"":""취미·교육"",""source_category_raw"":""감시.정찰.수색/인프라관리/물류·운송·구조/방역/방제/살포/다목적 H/W/취미·교육/통합솔루션/기타"",""source_file"":""항공안전기술원_드론정보포털_기업명_사업분야_20240424 (1).csv"",""as_of_date"":""2024-04-24"",""defense_use_case_relation"":""낮음"",""relation_rationale"":""국방 연계 판단 근거로 사용하지 않음"",""official_defense_evidence"":""N"",""usage_note"":""탐색용 분류이며 기업의 방산업체 지정·군 납품을 의미하지 않음""},""duplicate_source_rows"":[]}"
0a6ec153f766378e70217f02,CMP0060,통합솔루션,인접,company_category_bridge,871,"{""original"":{""company_id"":""CMP0060"",""company_name_normalized"":""드로니아"",""business_category"":""통합솔루션"",""source_category_raw"":""감시.정찰.수색/인프라관리/물류·운송·구조/방역/방제/살포/다목적 H/W/취미·교육/통합솔루션/기타"",""source_file"":""항공안전기술원_드론정보포털_기업명_사업분야_20240424 (1).csv"",""as_of_date"":""2024-04-24"",""defense_use_case_relation"":""인접"",""relation_rationale"":""체계통합·운용 소프트웨어와 연결 가능"",""official_defense_evidence"":""N"",""usage_note"":""탐색용 분류이며 기업의 방산업체 지정·군 납품을 의미하지 않음""},""duplicate_source_rows"":[]}"
dc2a49ba9ec198811cae7c97,CMP0060,기타,미확인,company_category_bridge,872,"{""original"":{""company_id"":""CMP0060"",""company_name_normalized"":""드로니아"",""business_category"":""기타"",""source_category_raw"":""감시.정찰.수색/인프라관리/물류·운송·구조/방역/방제/살포/다목적 H/W/취미·교육/통합솔루션/기타"",""source_file"":""항공안전기술원_드론정보포털_기업명_사업분야_20240424 (1).csv"",""as_of_date"":""2024-04-24"",""defense_use_case_relation"":""미확인"",""relation_rationale"":""세부 내용 확인 필요"",""official_defense_evidence"":""N"",""usage_note"":""탐색용 분류이며 기업의 방산업체 지정·군 납품을 의미하지 않음""},""duplicate_source_rows"":[]}"
6155d1537fe9dc1461199b5f,CMP0061,공간정보,일반,company_category_bridge,873,"{""original"":{""company_id"":""CMP0061"",""company_name_normalized"":""드로미"",""business_category"":""공간정보"",""source_category_raw"":""공간정보/특수촬영/환경측량/다목적 H/W/임무장비/모듈/지상통제장비/통합솔루션"",""source_file"":""항공안전기술원_드론정보포털_기업명_사업분야_20240424 (1).csv"",""as_of_date"":""2024-04-24"",""defense_use_case_relation"":""일반"",""relation_rationale"":""군 지형·공간정보 용례와 교차 가능"",""official_defense_evidence"":""N"",""usage_note"":""탐색용 분류이며 기업의 방산업체 지정·군 납품을 의미하지 않음""},""duplicate_source_rows"":[]}"
9f6fdb8fb04445162590ab5c,CMP0061,특수촬영,일반,company_category_bridge,874,"{""original"":{""company_id"":""CMP0061"",""company_name_normalized"":""드로미"",""business_category"":""특수촬영"",""source_category_raw"":""공간정보/특수촬영/환경측량/다목적 H/W/임무장비/모듈/지상통제장비/통합솔루션"",""source_file"":""항공안전기술원_드론정보포털_기업명_사업분야_20240424 (1).csv"",""as_of_date"":""2024-04-24"",""defense_use_case_relation"":""일반"",""relation_rationale"":""정찰 영상과 기술적으로 인접할 수 있음"",""official_defense_evidence"":""N"",""usage_note"":""탐색용 분류이며 기업의 방산업체 지정·군 납품을 의미하지 않음""},""duplicate_source_rows"":[]}"
38576696d8acd2fd1c05baf2,CMP0061,환경측량,일반,company_category_bridge,875,"{""original"":{""company_id"":""CMP0061"",""company_name_normalized"":""드로미"",""business_category"":""환경측량"",""source_category_raw"":""공간정보/특수촬영/환경측량/다목적 H/W/임무장비/모듈/지상통제장비/통합솔루션"",""source_file"":""항공안전기술원_드론정보포털_기업명_사업분야_20240424 (1).csv"",""as_of_date"":""2024-04-24"",""defense_use_case_relation"":""일반"",""relation_rationale"":""군 환경·지형 조사와 교차 가능"",""official_defense_evidence"":""N"",""usage_note"":""탐색용 분류이며 기업의 방산업체 지정·군 납품을 의미하지 않음""},""duplicate_source_rows"":[]}"
d695bf813af1ddbaa8cbebea,CMP0061,다목적 H/W,인접,company_category_bridge,876,"{""original"":{""company_id"":""CMP0061"",""company_name_normalized"":""드로미"",""business_category"":""다목적 H/W"",""source_category_raw"":""공간정보/특수촬영/환경측량/다목적 H/W/임무장비/모듈/지상통제장비/통합솔루션"",""source_file"":""항공안전기술원_드론정보포털_기업명_사업분야_20240424 (1).csv"",""as_of_date"":""2024-04-24"",""defense_use_case_relation"":""인접"",""relation_rationale"":""기체·전자·탑재체 하드웨어 공급망 후보"",""official_defense_evidence"":""N"",""usage_note"":""탐색용 분류이며 기업의 방산업체 지정·군 납품을 의미하지 않음""},""duplicate_source_rows"":[]}"
6840d486183e6676fb07e79f,CMP0061,임무장비,직접,company_category_bridge,877,"{""original"":{""company_id"":""CMP0061"",""company_name_normalized"":""드로미"",""business_category"":""임무장비"",""source_category_raw"":""공간정보/특수촬영/환경측량/다목적 H/W/임무장비/모듈/지상통제장비/통합솔루션"",""source_file"":""항공안전기술원_드론정보포털_기업명_사업분야_20240424 (1).csv"",""as_of_date"":""2024-04-24"",""defense_use_case_relation"":""직접"",""relation_rationale"":""정찰·공격·지원 임무장비와 연결 가능"",""official_defense_evidence"":""N"",""usage_note"":""탐색용 분류이며 기업의 방산업체 지정·군 납품을 의미하지 않음""},""duplicate_source_rows"":[]}"
bcd05724c439b64df8576a0a,CMP0061,모듈,인접,company_category_bridge,878,"{""original"":{""company_id"":""CMP0061"",""company_name_normalized"":""드로미"",""business_category"":""모듈"",""source_category_raw"":""공간정보/특수촬영/환경측량/다목적 H/W/임무장비/모듈/지상통제장비/통합솔루션"",""source_file"":""항공안전기술원_드론정보포털_기업명_사업분야_20240424 (1).csv"",""as_of_date"":""2024-04-24"",""defense_use_case_relation"":""인접"",""relation_rationale"":""국방 드론 부품·모듈 공급망 후보"",""official_defense_evidence"":""N"",""usage_note"":""탐색용 분류이며 기업의 방산업체 지정·군 납품을 의미하지 않음""},""duplicate_source_rows"":[]}"
b40ffd3af4b24482e64b829a,CMP0061,지상통제장비,직접,company_category_bridge,879,"{""original"":{""company_id"":""CMP0061"",""company_name_normalized"":""드로미"",""business_category"":""지상통제장비"",""source_category_raw"":""공간정보/특수촬영/환경측량/다목적 H/W/임무장비/모듈/지상통제장비/통합솔루션"",""source_file"":""항공안전기술원_드론정보포털_기업명_사업분야_20240424 (1).csv"",""as_of_date"":""2024-04-24"",""defense_use_case_relation"":""직접"",""relation_rationale"":""GCS·임무통제와 연결 가능"",""official_defense_evidence"":""N"",""usage_note"":""탐색용 분류이며 기업의 방산업체 지정·군 납품을 의미하지 않음""},""duplicate_source_rows"":[]}"
96b59e35ac4db4ee81735639,CMP0061,통합솔루션,인접,company_category_bridge,880,"{""original"":{""company_id"":""CMP0061"",""company_name_normalized"":""드로미"",""business_category"":""통합솔루션"",""source_category_raw"":""공간정보/특수촬영/환경측량/다목적 H/W/임무장비/모듈/지상통제장비/통합솔루션"",""source_file"":""항공안전기술원_드론정보포털_기업명_사업분야_20240424 (1).csv"",""as_of_date"":""2024-04-24"",""defense_use_case_relation"":""인접"",""relation_rationale"":""체계통합·운용 소프트웨어와 연결 가능"",""official_defense_evidence"":""N"",""usage_note"":""탐색용 분류이며 기업의 방산업체 지정·군 납품을 의미하지 않음""},""duplicate_source_rows"":[]}"
73236c2feb9e86574e057efc,CMP0074,감시.정찰.수색,직접,company_category_bridge,881,"{""original"":{""company_id"":""CMP0074"",""company_name_normalized"":""드론프릭"",""business_category"":""감시.정찰.수색"",""source_category_raw"":""감시.정찰.수색/인프라관리/물류·운송·구조/공간정보/특수촬영/방역/방제/살포/다목적 H/W/방송·공연/취미·교육/임무장비/모듈/지상통제장비/앱"",""source_file"":""항공안전기술원_드론정보포털_기업명_사업분야_20240424 (1).csv"",""as_of_date"":""2024-04-24"",""defense_use_case_relation"":""직접"",""relation_rationale"":""군 감시·정찰 임무와 직접 연결 가능"",""official_defense_evidence"":""N"",""usage_note"":""탐색용 분류이며 기업의 방산업체 지정·군 납품을 의미하지 않음""},""duplicate_source_rows"":[]}"
20b45c08fc523412d1e1d2cf,CMP0074,인프라관리,일반,company_category_bridge,882,"{""original"":{""company_id"":""CMP0074"",""company_name_normalized"":""드론프릭"",""business_category"":""인프라관리"",""source_category_raw"":""감시.정찰.수색/인프라관리/물류·운송·구조/공간정보/특수촬영/방역/방제/살포/다목적 H/W/방송·공연/취미·교육/임무장비/모듈/지상통제장비/앱"",""source_file"":""항공안전기술원_드론정보포털_기업명_사업분야_20240424 (1).csv"",""as_of_date"":""2024-04-24"",""defense_use_case_relation"":""일반"",""relation_rationale"":""민수 활용 중심이나 군 시설 관리와 교차 가능"",""official_defense_evidence"":""N"",""usage_note"":""탐색용 분류이며 기업의 방산업체 지정·군 납품을 의미하지 않음""},""duplicate_source_rows"":[]}"
02dda9ab6393c10a809c5e8b,CMP0074,물류·운송·구조,일반,company_category_bridge,883,"{""original"":{""company_id"":""CMP0074"",""company_name_normalized"":""드론프릭"",""business_category"":""물류·운송·구조"",""source_category_raw"":""감시.정찰.수색/인프라관리/물류·운송·구조/공간정보/특수촬영/방역/방제/살포/다목적 H/W/방송·공연/취미·교육/임무장비/모듈/지상통제장비/앱"",""source_file"":""항공안전기술원_드론정보포털_기업명_사업분야_20240424 (1).csv"",""as_of_date"":""2024-04-24"",""defense_use_case_relation"":""일반"",""relation_rationale"":""군수·수송 용례와 교차 가능"",""official_defense_evidence"":""N"",""usage_note"":""탐색용 분류이며 기업의 방산업체 지정·군 납품을 의미하지 않음""},""duplicate_source_rows"":[]}"
b8b20025588d4478f8f68b2d,CMP0074,공간정보,일반,company_category_bridge,884,"{""original"":{""company_id"":""CMP0074"",""company_name_normalized"":""드론프릭"",""business_category"":""공간정보"",""source_category_raw"":""감시.정찰.수색/인프라관리/물류·운송·구조/공간정보/특수촬영/방역/방제/살포/다목적 H/W/방송·공연/취미·교육/임무장비/모듈/지상통제장비/앱"",""source_file"":""항공안전기술원_드론정보포털_기업명_사업분야_20240424 (1).csv"",""as_of_date"":""2024-04-24"",""defense_use_case_relation"":""일반"",""relation_rationale"":""군 지형·공간정보 용례와 교차 가능"",""official_defense_evidence"":""N"",""usage_note"":""탐색용 분류이며 기업의 방산업체 지정·군 납품을 의미하지 않음""},""duplicate_source_rows"":[]}"
126c498e02633942639305f7,CMP0074,특수촬영,일반,company_category_bridge,885,"{""original"":{""company_id"":""CMP0074"",""company_name_normalized"":""드론프릭"",""business_category"":""특수촬영"",""source_category_raw"":""감시.정찰.수색/인프라관리/물류·운송·구조/공간정보/특수촬영/방역/방제/살포/다목적 H/W/방송·공연/취미·교육/임무장비/모듈/지상통제장비/앱"",""source_file"":""항공안전기술원_드론정보포털_기업명_사업분야_20240424 (1).csv"",""as_of_date"":""2024-04-24"",""defense_use_case_relation"":""일반"",""relation_rationale"":""정찰 영상과 기술적으로 인접할 수 있음"",""official_defense_evidence"":""N"",""usage_note"":""탐색용 분류이며 기업의 방산업체 지정·군 납품을 의미하지 않음""},""duplicate_source_rows"":[]}"
ccbdaca50db1eddcbc77b389,CMP0074,방역/방제/살포,낮음,company_category_bridge,886,"{""original"":{""company_id"":""CMP0074"",""company_name_normalized"":""드론프릭"",""business_category"":""방역/방제/살포"",""source_category_raw"":""감시.정찰.수색/인프라관리/물류·운송·구조/공간정보/특수촬영/방역/방제/살포/다목적 H/W/방송·공연/취미·교육/임무장비/모듈/지상통제장비/앱"",""source_file"":""항공안전기술원_드론정보포털_기업명_사업분야_20240424 (1).csv"",""as_of_date"":""2024-04-24"",""defense_use_case_relation"":""낮음"",""relation_rationale"":""주로 민수 활용"",""official_defense_evidence"":""N"",""usage_note"":""탐색용 분류이며 기업의 방산업체 지정·군 납품을 의미하지 않음""},""duplicate_source_rows"":[]}"
b74ae485df26d213b181bd36,CMP0074,다목적 H/W,인접,company_category_bridge,887,"{""original"":{""company_id"":""CMP0074"",""company_name_normalized"":""드론프릭"",""business_category"":""다목적 H/W"",""source_category_raw"":""감시.정찰.수색/인프라관리/물류·운송·구조/공간정보/특수촬영/방역/방제/살포/다목적 H/W/방송·공연/취미·교육/임무장비/모듈/지상통제장비/앱"",""source_file"":""항공안전기술원_드론정보포털_기업명_사업분야_20240424 (1).csv"",""as_of_date"":""2024-04-24"",""defense_use_case_relation"":""인접"",""relation_rationale"":""기체·전자·탑재체 하드웨어 공급망 후보"",""official_defense_evidence"":""N"",""usage_note"":""탐색용 분류이며 기업의 방산업체 지정·군 납품을 의미하지 않음""},""duplicate_source_rows"":[]}"
88f1b710decf9b2b00fe906d,CMP0074,방송·공연,낮음,company_category_bridge,888,"{""original"":{""company_id"":""CMP0074"",""company_name_normalized"":""드론프릭"",""business_category"":""방송·공연"",""source_category_raw"":""감시.정찰.수색/인프라관리/물류·운송·구조/공간정보/특수촬영/방역/방제/살포/다목적 H/W/방송·공연/취미·교육/임무장비/모듈/지상통제장비/앱"",""source_file"":""항공안전기술원_드론정보포털_기업명_사업분야_20240424 (1).csv"",""as_of_date"":""2024-04-24"",""defense_use_case_relation"":""낮음"",""relation_rationale"":""국방 연계 판단 근거로 사용하지 않음"",""official_defense_evidence"":""N"",""usage_note"":""탐색용 분류이며 기업의 방산업체 지정·군 납품을 의미하지 않음""},""duplicate_source_rows"":[]}"
51f050bf92b6343dc5ba45a7,CMP0074,취미·교육,낮음,company_category_bridge,889,"{""original"":{""company_id"":""CMP0074"",""company_name_normalized"":""드론프릭"",""business_category"":""취미·교육"",""source_category_raw"":""감시.정찰.수색/인프라관리/물류·운송·구조/공간정보/특수촬영/방역/방제/살포/다목적 H/W/방송·공연/취미·교육/임무장비/모듈/지상통제장비/앱"",""source_file"":""항공안전기술원_드론정보포털_기업명_사업분야_20240424 (1).csv"",""as_of_date"":""2024-04-24"",""defense_use_case_relation"":""낮음"",""relation_rationale"":""국방 연계 판단 근거로 사용하지 않음"",""official_defense_evidence"":""N"",""usage_note"":""탐색용 분류이며 기업의 방산업체 지정·군 납품을 의미하지 않음""},""duplicate_source_rows"":[]}"
83cdce3c789feb16c4669f32,CMP0074,임무장비,직접,company_category_bridge,890,"{""original"":{""company_id"":""CMP0074"",""company_name_normalized"":""드론프릭"",""business_category"":""임무장비"",""source_category_raw"":""감시.정찰.수색/인프라관리/물류·운송·구조/공간정보/특수촬영/방역/방제/살포/다목적 H/W/방송·공연/취미·교육/임무장비/모듈/지상통제장비/앱"",""source_file"":""항공안전기술원_드론정보포털_기업명_사업분야_20240424 (1).csv"",""as_of_date"":""2024-04-24"",""defense_use_case_relation"":""직접"",""relation_rationale"":""정찰·공격·지원 임무장비와 연결 가능"",""official_defense_evidence"":""N"",""usage_note"":""탐색용 분류이며 기업의 방산업체 지정·군 납품을 의미하지 않음""},""duplicate_source_rows"":[]}"
335af1a2aa7e9ddb7ba5da44,CMP0074,모듈,인접,company_category_bridge,891,"{""original"":{""company_id"":""CMP0074"",""company_name_normalized"":""드론프릭"",""business_category"":""모듈"",""source_category_raw"":""감시.정찰.수색/인프라관리/물류·운송·구조/공간정보/특수촬영/방역/방제/살포/다목적 H/W/방송·공연/취미·교육/임무장비/모듈/지상통제장비/앱"",""source_file"":""항공안전기술원_드론정보포털_기업명_사업분야_20240424 (1).csv"",""as_of_date"":""2024-04-24"",""defense_use_case_relation"":""인접"",""relation_rationale"":""국방 드론 부품·모듈 공급망 후보"",""official_defense_evidence"":""N"",""usage_note"":""탐색용 분류이며 기업의 방산업체 지정·군 납품을 의미하지 않음""},""duplicate_source_rows"":[]}"
dc9838dfc0846fa499c48a86,CMP0074,지상통제장비,직접,company_category_bridge,892,"{""original"":{""company_id"":""CMP0074"",""company_name_normalized"":""드론프릭"",""business_category"":""지상통제장비"",""source_category_raw"":""감시.정찰.수색/인프라관리/물류·운송·구조/공간정보/특수촬영/방역/방제/살포/다목적 H/W/방송·공연/취미·교육/임무장비/모듈/지상통제장비/앱"",""source_file"":""항공안전기술원_드론정보포털_기업명_사업분야_20240424 (1).csv"",""as_of_date"":""2024-04-24"",""defense_use_case_relation"":""직접"",""relation_rationale"":""GCS·임무통제와 연결 가능"",""official_defense_evidence"":""N"",""usage_note"":""탐색용 분류이며 기업의 방산업체 지정·군 납품을 의미하지 않음""},""duplicate_source_rows"":[]}"
f990c09b57142856478bdfd2,CMP0074,앱,낮음,company_category_bridge,893,"{""original"":{""company_id"":""CMP0074"",""company_name_normalized"":""드론프릭"",""business_category"":""앱"",""source_category_raw"":""감시.정찰.수색/인프라관리/물류·운송·구조/공간정보/특수촬영/방역/방제/살포/다목적 H/W/방송·공연/취미·교육/임무장비/모듈/지상통제장비/앱"",""source_file"":""항공안전기술원_드론정보포털_기업명_사업분야_20240424 (1).csv"",""as_of_date"":""2024-04-24"",""defense_use_case_relation"":""낮음"",""relation_rationale"":""세부 기능 확인 전 국방 연계 판단 불가"",""official_defense_evidence"":""N"",""usage_note"":""탐색용 분류이며 기업의 방산업체 지정·군 납품을 의미하지 않음""},""duplicate_source_rows"":[]}"
d5ce49ce594bc4314e184202,CMP0081,감시.정찰.수색,직접,company_category_bridge,894,"{""original"":{""company_id"":""CMP0081"",""company_name_normalized"":""디에어"",""business_category"":""감시.정찰.수색"",""source_category_raw"":""감시.정찰.수색/인프라관리/물류·운송·구조/다목적 H/W/드론스테이션/임무장비/지상통제장비/통합솔루션"",""source_file"":""항공안전기술원_드론정보포털_기업명_사업분야_20240424 (1).csv"",""as_of_date"":""2024-04-24"",""defense_use_case_relation"":""직접"",""relation_rationale"":""군 감시·정찰 임무와 직접 연결 가능"",""official_defense_evidence"":""N"",""usage_note"":""탐색용 분류이며 기업의 방산업체 지정·군 납품을 의미하지 않음""},""duplicate_source_rows"":[]}"
c4c5be97d30203eda5d574a5,CMP0081,인프라관리,일반,company_category_bridge,895,"{""original"":{""company_id"":""CMP0081"",""company_name_normalized"":""디에어"",""business_category"":""인프라관리"",""source_category_raw"":""감시.정찰.수색/인프라관리/물류·운송·구조/다목적 H/W/드론스테이션/임무장비/지상통제장비/통합솔루션"",""source_file"":""항공안전기술원_드론정보포털_기업명_사업분야_20240424 (1).csv"",""as_of_date"":""2024-04-24"",""defense_use_case_relation"":""일반"",""relation_rationale"":""민수 활용 중심이나 군 시설 관리와 교차 가능"",""official_defense_evidence"":""N"",""usage_note"":""탐색용 분류이며 기업의 방산업체 지정·군 납품을 의미하지 않음""},""duplicate_source_rows"":[]}"
4fe81c00f775021e643f3a70,CMP0081,물류·운송·구조,일반,company_category_bridge,896,"{""original"":{""company_id"":""CMP0081"",""company_name_normalized"":""디에어"",""business_category"":""물류·운송·구조"",""source_category_raw"":""감시.정찰.수색/인프라관리/물류·운송·구조/다목적 H/W/드론스테이션/임무장비/지상통제장비/통합솔루션"",""source_file"":""항공안전기술원_드론정보포털_기업명_사업분야_20240424 (1).csv"",""as_of_date"":""2024-04-24"",""defense_use_case_relation"":""일반"",""relation_rationale"":""군수·수송 용례와 교차 가능"",""official_defense_evidence"":""N"",""usage_note"":""탐색용 분류이며 기업의 방산업체 지정·군 납품을 의미하지 않음""},""duplicate_source_rows"":[]}"
99ae27ced12f73302d3c0337,CMP0081,다목적 H/W,인접,company_category_bridge,897,"{""original"":{""company_id"":""CMP0081"",""company_name_normalized"":""디에어"",""business_category"":""다목적 H/W"",""source_category_raw"":""감시.정찰.수색/인프라관리/물류·운송·구조/다목적 H/W/드론스테이션/임무장비/지상통제장비/통합솔루션"",""source_file"":""항공안전기술원_드론정보포털_기업명_사업분야_20240424 (1).csv"",""as_of_date"":""2024-04-24"",""defense_use_case_relation"":""인접"",""relation_rationale"":""기체·전자·탑재체 하드웨어 공급망 후보"",""official_defense_evidence"":""N"",""usage_note"":""탐색용 분류이며 기업의 방산업체 지정·군 납품을 의미하지 않음""},""duplicate_source_rows"":[]}"
75fe9471a7465b9a26de1796,CMP0081,드론스테이션,인접,company_category_bridge,898,"{""original"":{""company_id"":""CMP0081"",""company_name_normalized"":""디에어"",""business_category"":""드론스테이션"",""source_category_raw"":""감시.정찰.수색/인프라관리/물류·운송·구조/다목적 H/W/드론스테이션/임무장비/지상통제장비/통합솔루션"",""source_file"":""항공안전기술원_드론정보포털_기업명_사업분야_20240424 (1).csv"",""as_of_date"":""2024-04-24"",""defense_use_case_relation"":""인접"",""relation_rationale"":""무인 운용·원격 통제 인프라 후보"",""official_defense_evidence"":""N"",""usage_note"":""탐색용 분류이며 기업의 방산업체 지정·군 납품을 의미하지 않음""},""duplicate_source_rows"":[]}"
420bc0c20abcafe739df8268,CMP0081,임무장비,직접,company_category_bridge,899,"{""original"":{""company_id"":""CMP0081"",""company_name_normalized"":""디에어"",""business_category"":""임무장비"",""source_category_raw"":""감시.정찰.수색/인프라관리/물류·운송·구조/다목적 H/W/드론스테이션/임무장비/지상통제장비/통합솔루션"",""source_file"":""항공안전기술원_드론정보포털_기업명_사업분야_20240424 (1).csv"",""as_of_date"":""2024-04-24"",""defense_use_case_relation"":""직접"",""relation_rationale"":""정찰·공격·지원 임무장비와 연결 가능"",""official_defense_evidence"":""N"",""usage_note"":""탐색용 분류이며 기업의 방산업체 지정·군 납품을 의미하지 않음""},""duplicate_source_rows"":[]}"
9713a2921a5ab7b91fc6c828,CMP0081,지상통제장비,직접,company_category_bridge,900,"{""original"":{""company_id"":""CMP0081"",""company_name_normalized"":""디에어"",""business_category"":""지상통제장비"",""source_category_raw"":""감시.정찰.수색/인프라관리/물류·운송·구조/다목적 H/W/드론스테이션/임무장비/지상통제장비/통합솔루션"",""source_file"":""항공안전기술원_드론정보포털_기업명_사업분야_20240424 (1).csv"",""as_of_date"":""2024-04-24"",""defense_use_case_relation"":""직접"",""relation_rationale"":""GCS·임무통제와 연결 가능"",""official_defense_evidence"":""N"",""usage_note"":""탐색용 분류이며 기업의 방산업체 지정·군 납품을 의미하지 않음""},""duplicate_source_rows"":[]}"
92d6adaebe1c17f8eed1f047,CMP0081,통합솔루션,인접,company_category_bridge,901,"{""original"":{""company_id"":""CMP0081"",""company_name_normalized"":""디에어"",""business_category"":""통합솔루션"",""source_category_raw"":""감시.정찰.수색/인프라관리/물류·운송·구조/다목적 H/W/드론스테이션/임무장비/지상통제장비/통합솔루션"",""source_file"":""항공안전기술원_드론정보포털_기업명_사업분야_20240424 (1).csv"",""as_of_date"":""2024-04-24"",""defense_use_case_relation"":""인접"",""relation_rationale"":""체계통합·운용 소프트웨어와 연결 가능"",""official_defense_evidence"":""N"",""usage_note"":""탐색용 분류이며 기업의 방산업체 지정·군 납품을 의미하지 않음""},""duplicate_source_rows"":[]}"
a80217afea0d6f329d1c5b92,CMP0088,감시.정찰.수색,직접,company_category_bridge,902,"{""original"":{""company_id"":""CMP0088"",""company_name_normalized"":""로텀"",""business_category"":""감시.정찰.수색"",""source_category_raw"":""감시.정찰.수색/인프라관리/다목적 H/W/모듈"",""source_file"":""항공안전기술원_드론정보포털_기업명_사업분야_20240424 (1).csv"",""as_of_date"":""2024-04-24"",""defense_use_case_relation"":""직접"",""relation_rationale"":""군 감시·정찰 임무와 직접 연결 가능"",""official_defense_evidence"":""N"",""usage_note"":""탐색용 분류이며 기업의 방산업체 지정·군 납품을 의미하지 않음""},""duplicate_source_rows"":[]}"
8736639bc378abb06b4c2aae,CMP0088,인프라관리,일반,company_category_bridge,903,"{""original"":{""company_id"":""CMP0088"",""company_name_normalized"":""로텀"",""business_category"":""인프라관리"",""source_category_raw"":""감시.정찰.수색/인프라관리/다목적 H/W/모듈"",""source_file"":""항공안전기술원_드론정보포털_기업명_사업분야_20240424 (1).csv"",""as_of_date"":""2024-04-24"",""defense_use_case_relation"":""일반"",""relation_rationale"":""민수 활용 중심이나 군 시설 관리와 교차 가능"",""official_defense_evidence"":""N"",""usage_note"":""탐색용 분류이며 기업의 방산업체 지정·군 납품을 의미하지 않음""},""duplicate_source_rows"":[]}"
2bb0a2baa89c91261ecbf6f0,CMP0088,다목적 H/W,인접,company_category_bridge,904,"{""original"":{""company_id"":""CMP0088"",""company_name_normalized"":""로텀"",""business_category"":""다목적 H/W"",""source_category_raw"":""감시.정찰.수색/인프라관리/다목적 H/W/모듈"",""source_file"":""항공안전기술원_드론정보포털_기업명_사업분야_20240424 (1).csv"",""as_of_date"":""2024-04-24"",""defense_use_case_relation"":""인접"",""relation_rationale"":""기체·전자·탑재체 하드웨어 공급망 후보"",""official_defense_evidence"":""N"",""usage_note"":""탐색용 분류이며 기업의 방산업체 지정·군 납품을 의미하지 않음""},""duplicate_source_rows"":[]}"
960cbfb5cce1e92a1dcae9fa,CMP0088,모듈,인접,company_category_bridge,905,"{""original"":{""company_id"":""CMP0088"",""company_name_normalized"":""로텀"",""business_category"":""모듈"",""source_category_raw"":""감시.정찰.수색/인프라관리/다목적 H/W/모듈"",""source_file"":""항공안전기술원_드론정보포털_기업명_사업분야_20240424 (1).csv"",""as_of_date"":""2024-04-24"",""defense_use_case_relation"":""인접"",""relation_rationale"":""국방 드론 부품·모듈 공급망 후보"",""official_defense_evidence"":""N"",""usage_note"":""탐색용 분류이며 기업의 방산업체 지정·군 납품을 의미하지 않음""},""duplicate_source_rows"":[]}"
cb837e1176a0c1a965f25cb2,CMP0089,안티드론,직접,company_category_bridge,906,"{""original"":{""company_id"":""CMP0089"",""company_name_normalized"":""루프"",""business_category"":""안티드론"",""source_category_raw"":""안티드론"",""source_file"":""항공안전기술원_드론정보포털_기업명_사업분야_20240424 (1).csv"",""as_of_date"":""2024-04-24"",""defense_use_case_relation"":""직접"",""relation_rationale"":""대드론·C-UAS 용례와 직접 연결되는 사업분야"",""official_defense_evidence"":""N"",""usage_note"":""탐색용 분류이며 기업의 방산업체 지정·군 납품을 의미하지 않음""},""duplicate_source_rows"":[]}"
fb14cc535d7db9ca2491c8ee,CMP0090,공간정보,일반,company_category_bridge,907,"{""original"":{""company_id"":""CMP0090"",""company_name_normalized"":""리맵"",""business_category"":""공간정보"",""source_category_raw"":""공간정보/특수촬영/환경측량"",""source_file"":""항공안전기술원_드론정보포털_기업명_사업분야_20240424 (1).csv"",""as_of_date"":""2024-04-24"",""defense_use_case_relation"":""일반"",""relation_rationale"":""군 지형·공간정보 용례와 교차 가능"",""official_defense_evidence"":""N"",""usage_note"":""탐색용 분류이며 기업의 방산업체 지정·군 납품을 의미하지 않음""},""duplicate_source_rows"":[]}"
b1329c91abea793474bd95e3,CMP0090,특수촬영,일반,company_category_bridge,908,"{""original"":{""company_id"":""CMP0090"",""company_name_normalized"":""리맵"",""business_category"":""특수촬영"",""source_category_raw"":""공간정보/특수촬영/환경측량"",""source_file"":""항공안전기술원_드론정보포털_기업명_사업분야_20240424 (1).csv"",""as_of_date"":""2024-04-24"",""defense_use_case_relation"":""일반"",""relation_rationale"":""정찰 영상과 기술적으로 인접할 수 있음"",""official_defense_evidence"":""N"",""usage_note"":""탐색용 분류이며 기업의 방산업체 지정·군 납품을 의미하지 않음""},""duplicate_source_rows"":[]}"
e66d03629f6da0e4d2cba5ef,CMP0090,환경측량,일반,company_category_bridge,909,"{""original"":{""company_id"":""CMP0090"",""company_name_normalized"":""리맵"",""business_category"":""환경측량"",""source_category_raw"":""공간정보/특수촬영/환경측량"",""source_file"":""항공안전기술원_드론정보포털_기업명_사업분야_20240424 (1).csv"",""as_of_date"":""2024-04-24"",""defense_use_case_relation"":""일반"",""relation_rationale"":""군 환경·지형 조사와 교차 가능"",""official_defense_evidence"":""N"",""usage_note"":""탐색용 분류이며 기업의 방산업체 지정·군 납품을 의미하지 않음""},""duplicate_source_rows"":[]}"
730433ab03d2b21cfcb38fb1,CMP0092,공간정보,일반,company_category_bridge,910,"{""original"":{""company_id"":""CMP0092"",""company_name_normalized"":""리하이"",""business_category"":""공간정보"",""source_category_raw"":""공간정보/특수촬영/방역/방제/살포/취미·교육"",""source_file"":""항공안전기술원_드론정보포털_기업명_사업분야_20240424 (1).csv"",""as_of_date"":""2024-04-24"",""defense_use_case_relation"":""일반"",""relation_rationale"":""군 지형·공간정보 용례와 교차 가능"",""official_defense_evidence"":""N"",""usage_note"":""탐색용 분류이며 기업의 방산업체 지정·군 납품을 의미하지 않음""},""duplicate_source_rows"":[]}"
cebfd9e1101f0218c4fa64e4,CMP0092,특수촬영,일반,company_category_bridge,911,"{""original"":{""company_id"":""CMP0092"",""company_name_normalized"":""리하이"",""business_category"":""특수촬영"",""source_category_raw"":""공간정보/특수촬영/방역/방제/살포/취미·교육"",""source_file"":""항공안전기술원_드론정보포털_기업명_사업분야_20240424 (1).csv"",""as_of_date"":""2024-04-24"",""defense_use_case_relation"":""일반"",""relation_rationale"":""정찰 영상과 기술적으로 인접할 수 있음"",""official_defense_evidence"":""N"",""usage_note"":""탐색용 분류이며 기업의 방산업체 지정·군 납품을 의미하지 않음""},""duplicate_source_rows"":[]}"
43d0a0083a88bf2505c7d3b1,CMP0092,방역/방제/살포,낮음,company_category_bridge,912,"{""original"":{""company_id"":""CMP0092"",""company_name_normalized"":""리하이"",""business_category"":""방역/방제/살포"",""source_category_raw"":""공간정보/특수촬영/방역/방제/살포/취미·교육"",""source_file"":""항공안전기술원_드론정보포털_기업명_사업분야_20240424 (1).csv"",""as_of_date"":""2024-04-24"",""defense_use_case_relation"":""낮음"",""relation_rationale"":""주로 민수 활용"",""official_defense_evidence"":""N"",""usage_note"":""탐색용 분류이며 기업의 방산업체 지정·군 납품을 의미하지 않음""},""duplicate_source_rows"":[]}"
61fb41a9b592ee71b45e8f7f,CMP0092,취미·교육,낮음,company_category_bridge,913,"{""original"":{""company_id"":""CMP0092"",""company_name_normalized"":""리하이"",""business_category"":""취미·교육"",""source_category_raw"":""공간정보/특수촬영/방역/방제/살포/취미·교육"",""source_file"":""항공안전기술원_드론정보포털_기업명_사업분야_20240424 (1).csv"",""as_of_date"":""2024-04-24"",""defense_use_case_relation"":""낮음"",""relation_rationale"":""국방 연계 판단 근거로 사용하지 않음"",""official_defense_evidence"":""N"",""usage_note"":""탐색용 분류이며 기업의 방산업체 지정·군 납품을 의미하지 않음""},""duplicate_source_rows"":[]}"
b652eb1f8da804e86189579a,CMP0095,공간정보,일반,company_category_bridge,914,"{""original"":{""company_id"":""CMP0095"",""company_name_normalized"":""메이사"",""business_category"":""공간정보"",""source_category_raw"":""공간정보/특수촬영/통합솔루션"",""source_file"":""항공안전기술원_드론정보포털_기업명_사업분야_20240424 (1).csv"",""as_of_date"":""2024-04-24"",""defense_use_case_relation"":""일반"",""relation_rationale"":""군 지형·공간정보 용례와 교차 가능"",""official_defense_evidence"":""N"",""usage_note"":""탐색용 분류이며 기업의 방산업체 지정·군 납품을 의미하지 않음""},""duplicate_source_rows"":[]}"
4b9ebc2b15147d1d01a4640a,CMP0095,특수촬영,일반,company_category_bridge,915,"{""original"":{""company_id"":""CMP0095"",""company_name_normalized"":""메이사"",""business_category"":""특수촬영"",""source_category_raw"":""공간정보/특수촬영/통합솔루션"",""source_file"":""항공안전기술원_드론정보포털_기업명_사업분야_20240424 (1).csv"",""as_of_date"":""2024-04-24"",""defense_use_case_relation"":""일반"",""relation_rationale"":""정찰 영상과 기술적으로 인접할 수 있음"",""official_defense_evidence"":""N"",""usage_note"":""탐색용 분류이며 기업의 방산업체 지정·군 납품을 의미하지 않음""},""duplicate_source_rows"":[]}"
2db12be0a0f6a9c8e287e2f5,CMP0095,통합솔루션,인접,company_category_bridge,916,"{""original"":{""company_id"":""CMP0095"",""company_name_normalized"":""메이사"",""business_category"":""통합솔루션"",""source_category_raw"":""공간정보/특수촬영/통합솔루션"",""source_file"":""항공안전기술원_드론정보포털_기업명_사업분야_20240424 (1).csv"",""as_of_date"":""2024-04-24"",""defense_use_case_relation"":""인접"",""relation_rationale"":""체계통합·운용 소프트웨어와 연결 가능"",""official_defense_evidence"":""N"",""usage_note"":""탐색용 분류이며 기업의 방산업체 지정·군 납품을 의미하지 않음""},""duplicate_source_rows"":[]}"
ec3595199d54648873073f4d,CMP0103,감시.정찰.수색,직접,company_category_bridge,917,"{""original"":{""company_id"":""CMP0103"",""company_name_normalized"":""무한정보기술"",""business_category"":""감시.정찰.수색"",""source_category_raw"":""감시.정찰.수색/인프라관리/공간정보/특수촬영/통합솔루션/기타"",""source_file"":""항공안전기술원_드론정보포털_기업명_사업분야_20240424 (1).csv"",""as_of_date"":""2024-04-24"",""defense_use_case_relation"":""직접"",""relation_rationale"":""군 감시·정찰 임무와 직접 연결 가능"",""official_defense_evidence"":""N"",""usage_note"":""탐색용 분류이며 기업의 방산업체 지정·군 납품을 의미하지 않음""},""duplicate_source_rows"":[]}"
22e27ec311854425b65cb980,CMP0103,인프라관리,일반,company_category_bridge,918,"{""original"":{""company_id"":""CMP0103"",""company_name_normalized"":""무한정보기술"",""business_category"":""인프라관리"",""source_category_raw"":""감시.정찰.수색/인프라관리/공간정보/특수촬영/통합솔루션/기타"",""source_file"":""항공안전기술원_드론정보포털_기업명_사업분야_20240424 (1).csv"",""as_of_date"":""2024-04-24"",""defense_use_case_relation"":""일반"",""relation_rationale"":""민수 활용 중심이나 군 시설 관리와 교차 가능"",""official_defense_evidence"":""N"",""usage_note"":""탐색용 분류이며 기업의 방산업체 지정·군 납품을 의미하지 않음""},""duplicate_source_rows"":[]}"
f6771b8720a4575718f8274a,CMP0103,공간정보,일반,company_category_bridge,919,"{""original"":{""company_id"":""CMP0103"",""company_name_normalized"":""무한정보기술"",""business_category"":""공간정보"",""source_category_raw"":""감시.정찰.수색/인프라관리/공간정보/특수촬영/통합솔루션/기타"",""source_file"":""항공안전기술원_드론정보포털_기업명_사업분야_20240424 (1).csv"",""as_of_date"":""2024-04-24"",""defense_use_case_relation"":""일반"",""relation_rationale"":""군 지형·공간정보 용례와 교차 가능"",""official_defense_evidence"":""N"",""usage_note"":""탐색용 분류이며 기업의 방산업체 지정·군 납품을 의미하지 않음""},""duplicate_source_rows"":[]}"
f30204dcf08ae424d2210870,CMP0103,특수촬영,일반,company_category_bridge,920,"{""original"":{""company_id"":""CMP0103"",""company_name_normalized"":""무한정보기술"",""business_category"":""특수촬영"",""source_category_raw"":""감시.정찰.수색/인프라관리/공간정보/특수촬영/통합솔루션/기타"",""source_file"":""항공안전기술원_드론정보포털_기업명_사업분야_20240424 (1).csv"",""as_of_date"":""2024-04-24"",""defense_use_case_relation"":""일반"",""relation_rationale"":""정찰 영상과 기술적으로 인접할 수 있음"",""official_defense_evidence"":""N"",""usage_note"":""탐색용 분류이며 기업의 방산업체 지정·군 납품을 의미하지 않음""},""duplicate_source_rows"":[]}"
7bdb6a397661ae5ba1145f09,CMP0103,통합솔루션,인접,company_category_bridge,921,"{""original"":{""company_id"":""CMP0103"",""company_name_normalized"":""무한정보기술"",""business_category"":""통합솔루션"",""source_category_raw"":""감시.정찰.수색/인프라관리/공간정보/특수촬영/통합솔루션/기타"",""source_file"":""항공안전기술원_드론정보포털_기업명_사업분야_20240424 (1).csv"",""as_of_date"":""2024-04-24"",""defense_use_case_relation"":""인접"",""relation_rationale"":""체계통합·운용 소프트웨어와 연결 가능"",""official_defense_evidence"":""N"",""usage_note"":""탐색용 분류이며 기업의 방산업체 지정·군 납품을 의미하지 않음""},""duplicate_source_rows"":[]}"
a8bbc6c999bbd039e3ecffbf,CMP0103,기타,미확인,company_category_bridge,922,"{""original"":{""company_id"":""CMP0103"",""company_name_normalized"":""무한정보기술"",""business_category"":""기타"",""source_category_raw"":""감시.정찰.수색/인프라관리/공간정보/특수촬영/통합솔루션/기타"",""source_file"":""항공안전기술원_드론정보포털_기업명_사업분야_20240424 (1).csv"",""as_of_date"":""2024-04-24"",""defense_use_case_relation"":""미확인"",""relation_rationale"":""세부 내용 확인 필요"",""official_defense_evidence"":""N"",""usage_note"":""탐색용 분류이며 기업의 방산업체 지정·군 납품을 의미하지 않음""},""duplicate_source_rows"":[]}"
e089453e5369c41c91b369e3,CMP0104,감시.정찰.수색,직접,company_category_bridge,923,"{""original"":{""company_id"":""CMP0104"",""company_name_normalized"":""미래도시정보"",""business_category"":""감시.정찰.수색"",""source_category_raw"":""감시.정찰.수색/인프라관리/물류·운송·구조/공간정보/특수촬영/방역/방제/살포/환경측량/취미·교육"",""source_file"":""항공안전기술원_드론정보포털_기업명_사업분야_20240424 (1).csv"",""as_of_date"":""2024-04-24"",""defense_use_case_relation"":""직접"",""relation_rationale"":""군 감시·정찰 임무와 직접 연결 가능"",""official_defense_evidence"":""N"",""usage_note"":""탐색용 분류이며 기업의 방산업체 지정·군 납품을 의미하지 않음""},""duplicate_source_rows"":[]}"
f54b915a57a3f73df7522864,CMP0104,인프라관리,일반,company_category_bridge,924,"{""original"":{""company_id"":""CMP0104"",""company_name_normalized"":""미래도시정보"",""business_category"":""인프라관리"",""source_category_raw"":""감시.정찰.수색/인프라관리/물류·운송·구조/공간정보/특수촬영/방역/방제/살포/환경측량/취미·교육"",""source_file"":""항공안전기술원_드론정보포털_기업명_사업분야_20240424 (1).csv"",""as_of_date"":""2024-04-24"",""defense_use_case_relation"":""일반"",""relation_rationale"":""민수 활용 중심이나 군 시설 관리와 교차 가능"",""official_defense_evidence"":""N"",""usage_note"":""탐색용 분류이며 기업의 방산업체 지정·군 납품을 의미하지 않음""},""duplicate_source_rows"":[]}"
f061cebfc6a26162995b7fea,CMP0104,물류·운송·구조,일반,company_category_bridge,925,"{""original"":{""company_id"":""CMP0104"",""company_name_normalized"":""미래도시정보"",""business_category"":""물류·운송·구조"",""source_category_raw"":""감시.정찰.수색/인프라관리/물류·운송·구조/공간정보/특수촬영/방역/방제/살포/환경측량/취미·교육"",""source_file"":""항공안전기술원_드론정보포털_기업명_사업분야_20240424 (1).csv"",""as_of_date"":""2024-04-24"",""defense_use_case_relation"":""일반"",""relation_rationale"":""군수·수송 용례와 교차 가능"",""official_defense_evidence"":""N"",""usage_note"":""탐색용 분류이며 기업의 방산업체 지정·군 납품을 의미하지 않음""},""duplicate_source_rows"":[]}"
3fc90c767b28e64b64e0e43e,CMP0104,공간정보,일반,company_category_bridge,926,"{""original"":{""company_id"":""CMP0104"",""company_name_normalized"":""미래도시정보"",""business_category"":""공간정보"",""source_category_raw"":""감시.정찰.수색/인프라관리/물류·운송·구조/공간정보/특수촬영/방역/방제/살포/환경측량/취미·교육"",""source_file"":""항공안전기술원_드론정보포털_기업명_사업분야_20240424 (1).csv"",""as_of_date"":""2024-04-24"",""defense_use_case_relation"":""일반"",""relation_rationale"":""군 지형·공간정보 용례와 교차 가능"",""official_defense_evidence"":""N"",""usage_note"":""탐색용 분류이며 기업의 방산업체 지정·군 납품을 의미하지 않음""},""duplicate_source_rows"":[]}"
0ea099bd96df8795090c2911,CMP0104,특수촬영,일반,company_category_bridge,927,"{""original"":{""company_id"":""CMP0104"",""company_name_normalized"":""미래도시정보"",""business_category"":""특수촬영"",""source_category_raw"":""감시.정찰.수색/인프라관리/물류·운송·구조/공간정보/특수촬영/방역/방제/살포/환경측량/취미·교육"",""source_file"":""항공안전기술원_드론정보포털_기업명_사업분야_20240424 (1).csv"",""as_of_date"":""2024-04-24"",""defense_use_case_relation"":""일반"",""relation_rationale"":""정찰 영상과 기술적으로 인접할 수 있음"",""official_defense_evidence"":""N"",""usage_note"":""탐색용 분류이며 기업의 방산업체 지정·군 납품을 의미하지 않음""},""duplicate_source_rows"":[]}"
55533d99771be70b0bf9b2df,CMP0104,방역/방제/살포,낮음,company_category_bridge,928,"{""original"":{""company_id"":""CMP0104"",""company_name_normalized"":""미래도시정보"",""business_category"":""방역/방제/살포"",""source_category_raw"":""감시.정찰.수색/인프라관리/물류·운송·구조/공간정보/특수촬영/방역/방제/살포/환경측량/취미·교육"",""source_file"":""항공안전기술원_드론정보포털_기업명_사업분야_20240424 (1).csv"",""as_of_date"":""2024-04-24"",""defense_use_case_relation"":""낮음"",""relation_rationale"":""주로 민수 활용"",""official_defense_evidence"":""N"",""usage_note"":""탐색용 분류이며 기업의 방산업체 지정·군 납품을 의미하지 않음""},""duplicate_source_rows"":[]}"
13badef46f7cb16e5ff5f66d,CMP0104,환경측량,일반,company_category_bridge,929,"{""original"":{""company_id"":""CMP0104"",""company_name_normalized"":""미래도시정보"",""business_category"":""환경측량"",""source_category_raw"":""감시.정찰.수색/인프라관리/물류·운송·구조/공간정보/특수촬영/방역/방제/살포/환경측량/취미·교육"",""source_file"":""항공안전기술원_드론정보포털_기업명_사업분야_20240424 (1).csv"",""as_of_date"":""2024-04-24"",""defense_use_case_relation"":""일반"",""relation_rationale"":""군 환경·지형 조사와 교차 가능"",""official_defense_evidence"":""N"",""usage_note"":""탐색용 분류이며 기업의 방산업체 지정·군 납품을 의미하지 않음""},""duplicate_source_rows"":[]}"
8adf773b92343b785f788b7e,CMP0104,취미·교육,낮음,company_category_bridge,930,"{""original"":{""company_id"":""CMP0104"",""company_name_normalized"":""미래도시정보"",""business_category"":""취미·교육"",""source_category_raw"":""감시.정찰.수색/인프라관리/물류·운송·구조/공간정보/특수촬영/방역/방제/살포/환경측량/취미·교육"",""source_file"":""항공안전기술원_드론정보포털_기업명_사업분야_20240424 (1).csv"",""as_of_date"":""2024-04-24"",""defense_use_case_relation"":""낮음"",""relation_rationale"":""국방 연계 판단 근거로 사용하지 않음"",""official_defense_evidence"":""N"",""usage_note"":""탐색용 분류이며 기업의 방산업체 지정·군 납품을 의미하지 않음""},""duplicate_source_rows"":[]}"
f108c5954b0f7ea1cd555286,CMP0107,감시.정찰.수색,직접,company_category_bridge,931,"{""original"":{""company_id"":""CMP0107"",""company_name_normalized"":""보다"",""business_category"":""감시.정찰.수색"",""source_category_raw"":""감시.정찰.수색/인프라관리/물류·운송·구조/공간정보/특수촬영/방역/방제/살포/취미·교육/통합솔루션/앱/기타"",""source_file"":""항공안전기술원_드론정보포털_기업명_사업분야_20240424 (1).csv"",""as_of_date"":""2024-04-24"",""defense_use_case_relation"":""직접"",""relation_rationale"":""군 감시·정찰 임무와 직접 연결 가능"",""official_defense_evidence"":""N"",""usage_note"":""탐색용 분류이며 기업의 방산업체 지정·군 납품을 의미하지 않음""},""duplicate_source_rows"":[]}"
2bad16fccdc466a605fb3dbb,CMP0107,인프라관리,일반,company_category_bridge,932,"{""original"":{""company_id"":""CMP0107"",""company_name_normalized"":""보다"",""business_category"":""인프라관리"",""source_category_raw"":""감시.정찰.수색/인프라관리/물류·운송·구조/공간정보/특수촬영/방역/방제/살포/취미·교육/통합솔루션/앱/기타"",""source_file"":""항공안전기술원_드론정보포털_기업명_사업분야_20240424 (1).csv"",""as_of_date"":""2024-04-24"",""defense_use_case_relation"":""일반"",""relation_rationale"":""민수 활용 중심이나 군 시설 관리와 교차 가능"",""official_defense_evidence"":""N"",""usage_note"":""탐색용 분류이며 기업의 방산업체 지정·군 납품을 의미하지 않음""},""duplicate_source_rows"":[]}"
dbc677bd795becb46dfac4cd,CMP0107,물류·운송·구조,일반,company_category_bridge,933,"{""original"":{""company_id"":""CMP0107"",""company_name_normalized"":""보다"",""business_category"":""물류·운송·구조"",""source_category_raw"":""감시.정찰.수색/인프라관리/물류·운송·구조/공간정보/특수촬영/방역/방제/살포/취미·교육/통합솔루션/앱/기타"",""source_file"":""항공안전기술원_드론정보포털_기업명_사업분야_20240424 (1).csv"",""as_of_date"":""2024-04-24"",""defense_use_case_relation"":""일반"",""relation_rationale"":""군수·수송 용례와 교차 가능"",""official_defense_evidence"":""N"",""usage_note"":""탐색용 분류이며 기업의 방산업체 지정·군 납품을 의미하지 않음""},""duplicate_source_rows"":[]}"
21868805102741f83cb30d49,CMP0107,공간정보,일반,company_category_bridge,934,"{""original"":{""company_id"":""CMP0107"",""company_name_normalized"":""보다"",""business_category"":""공간정보"",""source_category_raw"":""감시.정찰.수색/인프라관리/물류·운송·구조/공간정보/특수촬영/방역/방제/살포/취미·교육/통합솔루션/앱/기타"",""source_file"":""항공안전기술원_드론정보포털_기업명_사업분야_20240424 (1).csv"",""as_of_date"":""2024-04-24"",""defense_use_case_relation"":""일반"",""relation_rationale"":""군 지형·공간정보 용례와 교차 가능"",""official_defense_evidence"":""N"",""usage_note"":""탐색용 분류이며 기업의 방산업체 지정·군 납품을 의미하지 않음""},""duplicate_source_rows"":[]}"
d441f59ed9a546c8f96d391c,CMP0107,특수촬영,일반,company_category_bridge,935,"{""original"":{""company_id"":""CMP0107"",""company_name_normalized"":""보다"",""business_category"":""특수촬영"",""source_category_raw"":""감시.정찰.수색/인프라관리/물류·운송·구조/공간정보/특수촬영/방역/방제/살포/취미·교육/통합솔루션/앱/기타"",""source_file"":""항공안전기술원_드론정보포털_기업명_사업분야_20240424 (1).csv"",""as_of_date"":""2024-04-24"",""defense_use_case_relation"":""일반"",""relation_rationale"":""정찰 영상과 기술적으로 인접할 수 있음"",""official_defense_evidence"":""N"",""usage_note"":""탐색용 분류이며 기업의 방산업체 지정·군 납품을 의미하지 않음""},""duplicate_source_rows"":[]}"
98b182329b7a55a47bc498d3,CMP0107,방역/방제/살포,낮음,company_category_bridge,936,"{""original"":{""company_id"":""CMP0107"",""company_name_normalized"":""보다"",""business_category"":""방역/방제/살포"",""source_category_raw"":""감시.정찰.수색/인프라관리/물류·운송·구조/공간정보/특수촬영/방역/방제/살포/취미·교육/통합솔루션/앱/기타"",""source_file"":""항공안전기술원_드론정보포털_기업명_사업분야_20240424 (1).csv"",""as_of_date"":""2024-04-24"",""defense_use_case_relation"":""낮음"",""relation_rationale"":""주로 민수 활용"",""official_defense_evidence"":""N"",""usage_note"":""탐색용 분류이며 기업의 방산업체 지정·군 납품을 의미하지 않음""},""duplicate_source_rows"":[]}"
532d1572125128d84daa3726,CMP0107,취미·교육,낮음,company_category_bridge,937,"{""original"":{""company_id"":""CMP0107"",""company_name_normalized"":""보다"",""business_category"":""취미·교육"",""source_category_raw"":""감시.정찰.수색/인프라관리/물류·운송·구조/공간정보/특수촬영/방역/방제/살포/취미·교육/통합솔루션/앱/기타"",""source_file"":""항공안전기술원_드론정보포털_기업명_사업분야_20240424 (1).csv"",""as_of_date"":""2024-04-24"",""defense_use_case_relation"":""낮음"",""relation_rationale"":""국방 연계 판단 근거로 사용하지 않음"",""official_defense_evidence"":""N"",""usage_note"":""탐색용 분류이며 기업의 방산업체 지정·군 납품을 의미하지 않음""},""duplicate_source_rows"":[]}"
5c498316f2848a83d904ace9,CMP0107,통합솔루션,인접,company_category_bridge,938,"{""original"":{""company_id"":""CMP0107"",""company_name_normalized"":""보다"",""business_category"":""통합솔루션"",""source_category_raw"":""감시.정찰.수색/인프라관리/물류·운송·구조/공간정보/특수촬영/방역/방제/살포/취미·교육/통합솔루션/앱/기타"",""source_file"":""항공안전기술원_드론정보포털_기업명_사업분야_20240424 (1).csv"",""as_of_date"":""2024-04-24"",""defense_use_case_relation"":""인접"",""relation_rationale"":""체계통합·운용 소프트웨어와 연결 가능"",""official_defense_evidence"":""N"",""usage_note"":""탐색용 분류이며 기업의 방산업체 지정·군 납품을 의미하지 않음""},""duplicate_source_rows"":[]}"
0c12ec2d69ba7888b04b6fc8,CMP0107,앱,낮음,company_category_bridge,939,"{""original"":{""company_id"":""CMP0107"",""company_name_normalized"":""보다"",""business_category"":""앱"",""source_category_raw"":""감시.정찰.수색/인프라관리/물류·운송·구조/공간정보/특수촬영/방역/방제/살포/취미·교육/통합솔루션/앱/기타"",""source_file"":""항공안전기술원_드론정보포털_기업명_사업분야_20240424 (1).csv"",""as_of_date"":""2024-04-24"",""defense_use_case_relation"":""낮음"",""relation_rationale"":""세부 기능 확인 전 국방 연계 판단 불가"",""official_defense_evidence"":""N"",""usage_note"":""탐색용 분류이며 기업의 방산업체 지정·군 납품을 의미하지 않음""},""duplicate_source_rows"":[]}"
7a29fb9128365182f387e1cc,CMP0107,기타,미확인,company_category_bridge,940,"{""original"":{""company_id"":""CMP0107"",""company_name_normalized"":""보다"",""business_category"":""기타"",""source_category_raw"":""감시.정찰.수색/인프라관리/물류·운송·구조/공간정보/특수촬영/방역/방제/살포/취미·교육/통합솔루션/앱/기타"",""source_file"":""항공안전기술원_드론정보포털_기업명_사업분야_20240424 (1).csv"",""as_of_date"":""2024-04-24"",""defense_use_case_relation"":""미확인"",""relation_rationale"":""세부 내용 확인 필요"",""official_defense_evidence"":""N"",""usage_note"":""탐색용 분류이며 기업의 방산업체 지정·군 납품을 의미하지 않음""},""duplicate_source_rows"":[]}"
3598dd9f9ea7e334d55d5c40,CMP0114,공간정보,일반,company_category_bridge,941,"{""original"":{""company_id"":""CMP0114"",""company_name_normalized"":""뷰메진"",""business_category"":""공간정보"",""source_category_raw"":""공간정보/특수촬영/환경측량/드론스테이션/지상통제장비/통합솔루션"",""source_file"":""항공안전기술원_드론정보포털_기업명_사업분야_20240424 (1).csv"",""as_of_date"":""2024-04-24"",""defense_use_case_relation"":""일반"",""relation_rationale"":""군 지형·공간정보 용례와 교차 가능"",""official_defense_evidence"":""N"",""usage_note"":""탐색용 분류이며 기업의 방산업체 지정·군 납품을 의미하지 않음""},""duplicate_source_rows"":[]}"
b2de73d650f40941d513c338,CMP0114,특수촬영,일반,company_category_bridge,942,"{""original"":{""company_id"":""CMP0114"",""company_name_normalized"":""뷰메진"",""business_category"":""특수촬영"",""source_category_raw"":""공간정보/특수촬영/환경측량/드론스테이션/지상통제장비/통합솔루션"",""source_file"":""항공안전기술원_드론정보포털_기업명_사업분야_20240424 (1).csv"",""as_of_date"":""2024-04-24"",""defense_use_case_relation"":""일반"",""relation_rationale"":""정찰 영상과 기술적으로 인접할 수 있음"",""official_defense_evidence"":""N"",""usage_note"":""탐색용 분류이며 기업의 방산업체 지정·군 납품을 의미하지 않음""},""duplicate_source_rows"":[]}"
e01944dd6af100b75345cda5,CMP0114,환경측량,일반,company_category_bridge,943,"{""original"":{""company_id"":""CMP0114"",""company_name_normalized"":""뷰메진"",""business_category"":""환경측량"",""source_category_raw"":""공간정보/특수촬영/환경측량/드론스테이션/지상통제장비/통합솔루션"",""source_file"":""항공안전기술원_드론정보포털_기업명_사업분야_20240424 (1).csv"",""as_of_date"":""2024-04-24"",""defense_use_case_relation"":""일반"",""relation_rationale"":""군 환경·지형 조사와 교차 가능"",""official_defense_evidence"":""N"",""usage_note"":""탐색용 분류이며 기업의 방산업체 지정·군 납품을 의미하지 않음""},""duplicate_source_rows"":[]}"
41a2da63f6c2d3f3f2df6fb2,CMP0114,드론스테이션,인접,company_category_bridge,944,"{""original"":{""company_id"":""CMP0114"",""company_name_normalized"":""뷰메진"",""business_category"":""드론스테이션"",""source_category_raw"":""공간정보/특수촬영/환경측량/드론스테이션/지상통제장비/통합솔루션"",""source_file"":""항공안전기술원_드론정보포털_기업명_사업분야_20240424 (1).csv"",""as_of_date"":""2024-04-24"",""defense_use_case_relation"":""인접"",""relation_rationale"":""무인 운용·원격 통제 인프라 후보"",""official_defense_evidence"":""N"",""usage_note"":""탐색용 분류이며 기업의 방산업체 지정·군 납품을 의미하지 않음""},""duplicate_source_rows"":[]}"
c4217c1532da9d6a8c1962c9,CMP0114,지상통제장비,직접,company_category_bridge,945,"{""original"":{""company_id"":""CMP0114"",""company_name_normalized"":""뷰메진"",""business_category"":""지상통제장비"",""source_category_raw"":""공간정보/특수촬영/환경측량/드론스테이션/지상통제장비/통합솔루션"",""source_file"":""항공안전기술원_드론정보포털_기업명_사업분야_20240424 (1).csv"",""as_of_date"":""2024-04-24"",""defense_use_case_relation"":""직접"",""relation_rationale"":""GCS·임무통제와 연결 가능"",""official_defense_evidence"":""N"",""usage_note"":""탐색용 분류이며 기업의 방산업체 지정·군 납품을 의미하지 않음""},""duplicate_source_rows"":[]}"
98000672185d62756f2a91b1,CMP0114,통합솔루션,인접,company_category_bridge,946,"{""original"":{""company_id"":""CMP0114"",""company_name_normalized"":""뷰메진"",""business_category"":""통합솔루션"",""source_category_raw"":""공간정보/특수촬영/환경측량/드론스테이션/지상통제장비/통합솔루션"",""source_file"":""항공안전기술원_드론정보포털_기업명_사업분야_20240424 (1).csv"",""as_of_date"":""2024-04-24"",""defense_use_case_relation"":""인접"",""relation_rationale"":""체계통합·운용 소프트웨어와 연결 가능"",""official_defense_evidence"":""N"",""usage_note"":""탐색용 분류이며 기업의 방산업체 지정·군 납품을 의미하지 않음""},""duplicate_source_rows"":[]}"
bd1bd715eefc3742682aef72,CMP0139,감시.정찰.수색,직접,company_category_bridge,947,"{""original"":{""company_id"":""CMP0139"",""company_name_normalized"":""스카이엔터프라이즈"",""business_category"":""감시.정찰.수색"",""source_category_raw"":""감시.정찰.수색/인프라관리/방송·공연/취미·교육"",""source_file"":""항공안전기술원_드론정보포털_기업명_사업분야_20240424 (1).csv"",""as_of_date"":""2024-04-24"",""defense_use_case_relation"":""직접"",""relation_rationale"":""군 감시·정찰 임무와 직접 연결 가능"",""official_defense_evidence"":""N"",""usage_note"":""탐색용 분류이며 기업의 방산업체 지정·군 납품을 의미하지 않음""},""duplicate_source_rows"":[]}"
e3f9de535a977e0e1dcfa151,CMP0139,인프라관리,일반,company_category_bridge,948,"{""original"":{""company_id"":""CMP0139"",""company_name_normalized"":""스카이엔터프라이즈"",""business_category"":""인프라관리"",""source_category_raw"":""감시.정찰.수색/인프라관리/방송·공연/취미·교육"",""source_file"":""항공안전기술원_드론정보포털_기업명_사업분야_20240424 (1).csv"",""as_of_date"":""2024-04-24"",""defense_use_case_relation"":""일반"",""relation_rationale"":""민수 활용 중심이나 군 시설 관리와 교차 가능"",""official_defense_evidence"":""N"",""usage_note"":""탐색용 분류이며 기업의 방산업체 지정·군 납품을 의미하지 않음""},""duplicate_source_rows"":[]}"
d47478bdf8b4a3538d36f236,CMP0139,방송·공연,낮음,company_category_bridge,949,"{""original"":{""company_id"":""CMP0139"",""company_name_normalized"":""스카이엔터프라이즈"",""business_category"":""방송·공연"",""source_category_raw"":""감시.정찰.수색/인프라관리/방송·공연/취미·교육"",""source_file"":""항공안전기술원_드론정보포털_기업명_사업분야_20240424 (1).csv"",""as_of_date"":""2024-04-24"",""defense_use_case_relation"":""낮음"",""relation_rationale"":""국방 연계 판단 근거로 사용하지 않음"",""official_defense_evidence"":""N"",""usage_note"":""탐색용 분류이며 기업의 방산업체 지정·군 납품을 의미하지 않음""},""duplicate_source_rows"":[]}"
4a84b0e8a34d23c54538620b,CMP0139,취미·교육,낮음,company_category_bridge,950,"{""original"":{""company_id"":""CMP0139"",""company_name_normalized"":""스카이엔터프라이즈"",""business_category"":""취미·교육"",""source_category_raw"":""감시.정찰.수색/인프라관리/방송·공연/취미·교육"",""source_file"":""항공안전기술원_드론정보포털_기업명_사업분야_20240424 (1).csv"",""as_of_date"":""2024-04-24"",""defense_use_case_relation"":""낮음"",""relation_rationale"":""국방 연계 판단 근거로 사용하지 않음"",""official_defense_evidence"":""N"",""usage_note"":""탐색용 분류이며 기업의 방산업체 지정·군 납품을 의미하지 않음""},""duplicate_source_rows"":[]}"
bce1a46c94a5e5422970d39a,CMP0146,모듈,인접,company_category_bridge,951,"{""original"":{""company_id"":""CMP0146"",""company_name_normalized"":""씨너렉스"",""business_category"":""모듈"",""source_category_raw"":""모듈"",""source_file"":""항공안전기술원_드론정보포털_기업명_사업분야_20240424 (1).csv"",""as_of_date"":""2024-04-24"",""defense_use_case_relation"":""인접"",""relation_rationale"":""국방 드론 부품·모듈 공급망 후보"",""official_defense_evidence"":""N"",""usage_note"":""탐색용 분류이며 기업의 방산업체 지정·군 납품을 의미하지 않음""},""duplicate_source_rows"":[]}"
7517101f4c19eabb05f8a733,CMP0147,감시.정찰.수색,직접,company_category_bridge,952,"{""original"":{""company_id"":""CMP0147"",""company_name_normalized"":""아라레연구소"",""business_category"":""감시.정찰.수색"",""source_category_raw"":""감시.정찰.수색/인프라관리/환경측량"",""source_file"":""항공안전기술원_드론정보포털_기업명_사업분야_20240424 (1).csv"",""as_of_date"":""2024-04-24"",""defense_use_case_relation"":""직접"",""relation_rationale"":""군 감시·정찰 임무와 직접 연결 가능"",""official_defense_evidence"":""N"",""usage_note"":""탐색용 분류이며 기업의 방산업체 지정·군 납품을 의미하지 않음""},""duplicate_source_rows"":[]}"
94681f74fb21413555e5a4fb,CMP0147,인프라관리,일반,company_category_bridge,953,"{""original"":{""company_id"":""CMP0147"",""company_name_normalized"":""아라레연구소"",""business_category"":""인프라관리"",""source_category_raw"":""감시.정찰.수색/인프라관리/환경측량"",""source_file"":""항공안전기술원_드론정보포털_기업명_사업분야_20240424 (1).csv"",""as_of_date"":""2024-04-24"",""defense_use_case_relation"":""일반"",""relation_rationale"":""민수 활용 중심이나 군 시설 관리와 교차 가능"",""official_defense_evidence"":""N"",""usage_note"":""탐색용 분류이며 기업의 방산업체 지정·군 납품을 의미하지 않음""},""duplicate_source_rows"":[]}"
2d1b6380b50fc28e5383e7ce,CMP0147,환경측량,일반,company_category_bridge,954,"{""original"":{""company_id"":""CMP0147"",""company_name_normalized"":""아라레연구소"",""business_category"":""환경측량"",""source_category_raw"":""감시.정찰.수색/인프라관리/환경측량"",""source_file"":""항공안전기술원_드론정보포털_기업명_사업분야_20240424 (1).csv"",""as_of_date"":""2024-04-24"",""defense_use_case_relation"":""일반"",""relation_rationale"":""군 환경·지형 조사와 교차 가능"",""official_defense_evidence"":""N"",""usage_note"":""탐색용 분류이며 기업의 방산업체 지정·군 납품을 의미하지 않음""},""duplicate_source_rows"":[]}"
9a2ee6312362f64584835d06,CMP0149,감시.정찰.수색,직접,company_category_bridge,955,"{""original"":{""company_id"":""CMP0149"",""company_name_normalized"":""아소아"",""business_category"":""감시.정찰.수색"",""source_category_raw"":""감시.정찰.수색/인프라관리/물류·운송·구조/공간정보/특수촬영/다목적 H/W/드론스테이션/안티드론/임무장비/모듈/지상통제장비/통합솔루션"",""source_file"":""항공안전기술원_드론정보포털_기업명_사업분야_20240424 (1).csv"",""as_of_date"":""2024-04-24"",""defense_use_case_relation"":""직접"",""relation_rationale"":""군 감시·정찰 임무와 직접 연결 가능"",""official_defense_evidence"":""N"",""usage_note"":""탐색용 분류이며 기업의 방산업체 지정·군 납품을 의미하지 않음""},""duplicate_source_rows"":[]}"
fb2269a3673f0bd7370f7837,CMP0149,인프라관리,일반,company_category_bridge,956,"{""original"":{""company_id"":""CMP0149"",""company_name_normalized"":""아소아"",""business_category"":""인프라관리"",""source_category_raw"":""감시.정찰.수색/인프라관리/물류·운송·구조/공간정보/특수촬영/다목적 H/W/드론스테이션/안티드론/임무장비/모듈/지상통제장비/통합솔루션"",""source_file"":""항공안전기술원_드론정보포털_기업명_사업분야_20240424 (1).csv"",""as_of_date"":""2024-04-24"",""defense_use_case_relation"":""일반"",""relation_rationale"":""민수 활용 중심이나 군 시설 관리와 교차 가능"",""official_defense_evidence"":""N"",""usage_note"":""탐색용 분류이며 기업의 방산업체 지정·군 납품을 의미하지 않음""},""duplicate_source_rows"":[]}"
516c513842de9637c563a736,CMP0149,물류·운송·구조,일반,company_category_bridge,957,"{""original"":{""company_id"":""CMP0149"",""company_name_normalized"":""아소아"",""business_category"":""물류·운송·구조"",""source_category_raw"":""감시.정찰.수색/인프라관리/물류·운송·구조/공간정보/특수촬영/다목적 H/W/드론스테이션/안티드론/임무장비/모듈/지상통제장비/통합솔루션"",""source_file"":""항공안전기술원_드론정보포털_기업명_사업분야_20240424 (1).csv"",""as_of_date"":""2024-04-24"",""defense_use_case_relation"":""일반"",""relation_rationale"":""군수·수송 용례와 교차 가능"",""official_defense_evidence"":""N"",""usage_note"":""탐색용 분류이며 기업의 방산업체 지정·군 납품을 의미하지 않음""},""duplicate_source_rows"":[]}"
c17709bef1c3a0e74b118025,CMP0149,공간정보,일반,company_category_bridge,958,"{""original"":{""company_id"":""CMP0149"",""company_name_normalized"":""아소아"",""business_category"":""공간정보"",""source_category_raw"":""감시.정찰.수색/인프라관리/물류·운송·구조/공간정보/특수촬영/다목적 H/W/드론스테이션/안티드론/임무장비/모듈/지상통제장비/통합솔루션"",""source_file"":""항공안전기술원_드론정보포털_기업명_사업분야_20240424 (1).csv"",""as_of_date"":""2024-04-24"",""defense_use_case_relation"":""일반"",""relation_rationale"":""군 지형·공간정보 용례와 교차 가능"",""official_defense_evidence"":""N"",""usage_note"":""탐색용 분류이며 기업의 방산업체 지정·군 납품을 의미하지 않음""},""duplicate_source_rows"":[]}"
573b0f5becaa59247b098e6a,CMP0149,특수촬영,일반,company_category_bridge,959,"{""original"":{""company_id"":""CMP0149"",""company_name_normalized"":""아소아"",""business_category"":""특수촬영"",""source_category_raw"":""감시.정찰.수색/인프라관리/물류·운송·구조/공간정보/특수촬영/다목적 H/W/드론스테이션/안티드론/임무장비/모듈/지상통제장비/통합솔루션"",""source_file"":""항공안전기술원_드론정보포털_기업명_사업분야_20240424 (1).csv"",""as_of_date"":""2024-04-24"",""defense_use_case_relation"":""일반"",""relation_rationale"":""정찰 영상과 기술적으로 인접할 수 있음"",""official_defense_evidence"":""N"",""usage_note"":""탐색용 분류이며 기업의 방산업체 지정·군 납품을 의미하지 않음""},""duplicate_source_rows"":[]}"
88b5a30f66a9fa9cb53ad5bd,CMP0149,다목적 H/W,인접,company_category_bridge,960,"{""original"":{""company_id"":""CMP0149"",""company_name_normalized"":""아소아"",""business_category"":""다목적 H/W"",""source_category_raw"":""감시.정찰.수색/인프라관리/물류·운송·구조/공간정보/특수촬영/다목적 H/W/드론스테이션/안티드론/임무장비/모듈/지상통제장비/통합솔루션"",""source_file"":""항공안전기술원_드론정보포털_기업명_사업분야_20240424 (1).csv"",""as_of_date"":""2024-04-24"",""defense_use_case_relation"":""인접"",""relation_rationale"":""기체·전자·탑재체 하드웨어 공급망 후보"",""official_defense_evidence"":""N"",""usage_note"":""탐색용 분류이며 기업의 방산업체 지정·군 납품을 의미하지 않음""},""duplicate_source_rows"":[]}"
d5458de29be8bff4cd893bf2,CMP0149,드론스테이션,인접,company_category_bridge,961,"{""original"":{""company_id"":""CMP0149"",""company_name_normalized"":""아소아"",""business_category"":""드론스테이션"",""source_category_raw"":""감시.정찰.수색/인프라관리/물류·운송·구조/공간정보/특수촬영/다목적 H/W/드론스테이션/안티드론/임무장비/모듈/지상통제장비/통합솔루션"",""source_file"":""항공안전기술원_드론정보포털_기업명_사업분야_20240424 (1).csv"",""as_of_date"":""2024-04-24"",""defense_use_case_relation"":""인접"",""relation_rationale"":""무인 운용·원격 통제 인프라 후보"",""official_defense_evidence"":""N"",""usage_note"":""탐색용 분류이며 기업의 방산업체 지정·군 납품을 의미하지 않음""},""duplicate_source_rows"":[]}"
a4baca9d5cdf166339b82db1,CMP0149,안티드론,직접,company_category_bridge,962,"{""original"":{""company_id"":""CMP0149"",""company_name_normalized"":""아소아"",""business_category"":""안티드론"",""source_category_raw"":""감시.정찰.수색/인프라관리/물류·운송·구조/공간정보/특수촬영/다목적 H/W/드론스테이션/안티드론/임무장비/모듈/지상통제장비/통합솔루션"",""source_file"":""항공안전기술원_드론정보포털_기업명_사업분야_20240424 (1).csv"",""as_of_date"":""2024-04-24"",""defense_use_case_relation"":""직접"",""relation_rationale"":""대드론·C-UAS 용례와 직접 연결되는 사업분야"",""official_defense_evidence"":""N"",""usage_note"":""탐색용 분류이며 기업의 방산업체 지정·군 납품을 의미하지 않음""},""duplicate_source_rows"":[]}"
de3119eaa2f861e7f70140d1,CMP0149,임무장비,직접,company_category_bridge,963,"{""original"":{""company_id"":""CMP0149"",""company_name_normalized"":""아소아"",""business_category"":""임무장비"",""source_category_raw"":""감시.정찰.수색/인프라관리/물류·운송·구조/공간정보/특수촬영/다목적 H/W/드론스테이션/안티드론/임무장비/모듈/지상통제장비/통합솔루션"",""source_file"":""항공안전기술원_드론정보포털_기업명_사업분야_20240424 (1).csv"",""as_of_date"":""2024-04-24"",""defense_use_case_relation"":""직접"",""relation_rationale"":""정찰·공격·지원 임무장비와 연결 가능"",""official_defense_evidence"":""N"",""usage_note"":""탐색용 분류이며 기업의 방산업체 지정·군 납품을 의미하지 않음""},""duplicate_source_rows"":[]}"
0b078bcd150287af62d1a275,CMP0149,모듈,인접,company_category_bridge,964,"{""original"":{""company_id"":""CMP0149"",""company_name_normalized"":""아소아"",""business_category"":""모듈"",""source_category_raw"":""감시.정찰.수색/인프라관리/물류·운송·구조/공간정보/특수촬영/다목적 H/W/드론스테이션/안티드론/임무장비/모듈/지상통제장비/통합솔루션"",""source_file"":""항공안전기술원_드론정보포털_기업명_사업분야_20240424 (1).csv"",""as_of_date"":""2024-04-24"",""defense_use_case_relation"":""인접"",""relation_rationale"":""국방 드론 부품·모듈 공급망 후보"",""official_defense_evidence"":""N"",""usage_note"":""탐색용 분류이며 기업의 방산업체 지정·군 납품을 의미하지 않음""},""duplicate_source_rows"":[]}"
71ff67a0795aa0d7c54da590,CMP0149,지상통제장비,직접,company_category_bridge,965,"{""original"":{""company_id"":""CMP0149"",""company_name_normalized"":""아소아"",""business_category"":""지상통제장비"",""source_category_raw"":""감시.정찰.수색/인프라관리/물류·운송·구조/공간정보/특수촬영/다목적 H/W/드론스테이션/안티드론/임무장비/모듈/지상통제장비/통합솔루션"",""source_file"":""항공안전기술원_드론정보포털_기업명_사업분야_20240424 (1).csv"",""as_of_date"":""2024-04-24"",""defense_use_case_relation"":""직접"",""relation_rationale"":""GCS·임무통제와 연결 가능"",""official_defense_evidence"":""N"",""usage_note"":""탐색용 분류이며 기업의 방산업체 지정·군 납품을 의미하지 않음""},""duplicate_source_rows"":[]}"
e9f4fe68f14daa4b965d6e4d,CMP0149,통합솔루션,인접,company_category_bridge,966,"{""original"":{""company_id"":""CMP0149"",""company_name_normalized"":""아소아"",""business_category"":""통합솔루션"",""source_category_raw"":""감시.정찰.수색/인프라관리/물류·운송·구조/공간정보/특수촬영/다목적 H/W/드론스테이션/안티드론/임무장비/모듈/지상통제장비/통합솔루션"",""source_file"":""항공안전기술원_드론정보포털_기업명_사업분야_20240424 (1).csv"",""as_of_date"":""2024-04-24"",""defense_use_case_relation"":""인접"",""relation_rationale"":""체계통합·운용 소프트웨어와 연결 가능"",""official_defense_evidence"":""N"",""usage_note"":""탐색용 분류이며 기업의 방산업체 지정·군 납품을 의미하지 않음""},""duplicate_source_rows"":[]}"
31ace9597dbc475d96fe14f7,CMP0152,통합솔루션,인접,company_category_bridge,967,"{""original"":{""company_id"":""CMP0152"",""company_name_normalized"":""아이씨알 (ICR)"",""business_category"":""통합솔루션"",""source_category_raw"":""통합솔루션/기타"",""source_file"":""항공안전기술원_드론정보포털_기업명_사업분야_20240424 (1).csv"",""as_of_date"":""2024-04-24"",""defense_use_case_relation"":""인접"",""relation_rationale"":""체계통합·운용 소프트웨어와 연결 가능"",""official_defense_evidence"":""N"",""usage_note"":""탐색용 분류이며 기업의 방산업체 지정·군 납품을 의미하지 않음""},""duplicate_source_rows"":[]}"
1fa14fa126cadecc1438efd5,CMP0152,기타,미확인,company_category_bridge,968,"{""original"":{""company_id"":""CMP0152"",""company_name_normalized"":""아이씨알 (ICR)"",""business_category"":""기타"",""source_category_raw"":""통합솔루션/기타"",""source_file"":""항공안전기술원_드론정보포털_기업명_사업분야_20240424 (1).csv"",""as_of_date"":""2024-04-24"",""defense_use_case_relation"":""미확인"",""relation_rationale"":""세부 내용 확인 필요"",""official_defense_evidence"":""N"",""usage_note"":""탐색용 분류이며 기업의 방산업체 지정·군 납품을 의미하지 않음""},""duplicate_source_rows"":[]}"
4e041071d9e9518462bbc5f8,CMP0161,공간정보,일반,company_category_bridge,969,"{""original"":{""company_id"":""CMP0161"",""company_name_normalized"":""업사이트"",""business_category"":""공간정보"",""source_category_raw"":""공간정보/특수촬영/환경측량"",""source_file"":""항공안전기술원_드론정보포털_기업명_사업분야_20240424 (1).csv"",""as_of_date"":""2024-04-24"",""defense_use_case_relation"":""일반"",""relation_rationale"":""군 지형·공간정보 용례와 교차 가능"",""official_defense_evidence"":""N"",""usage_note"":""탐색용 분류이며 기업의 방산업체 지정·군 납품을 의미하지 않음""},""duplicate_source_rows"":[]}"
87affc59d9760e4934efd977,CMP0161,특수촬영,일반,company_category_bridge,970,"{""original"":{""company_id"":""CMP0161"",""company_name_normalized"":""업사이트"",""business_category"":""특수촬영"",""source_category_raw"":""공간정보/특수촬영/환경측량"",""source_file"":""항공안전기술원_드론정보포털_기업명_사업분야_20240424 (1).csv"",""as_of_date"":""2024-04-24"",""defense_use_case_relation"":""일반"",""relation_rationale"":""정찰 영상과 기술적으로 인접할 수 있음"",""official_defense_evidence"":""N"",""usage_note"":""탐색용 분류이며 기업의 방산업체 지정·군 납품을 의미하지 않음""},""duplicate_source_rows"":[]}"
4dbc4fc1d9436cd9738b9bed,CMP0161,환경측량,일반,company_category_bridge,971,"{""original"":{""company_id"":""CMP0161"",""company_name_normalized"":""업사이트"",""business_category"":""환경측량"",""source_category_raw"":""공간정보/특수촬영/환경측량"",""source_file"":""항공안전기술원_드론정보포털_기업명_사업분야_20240424 (1).csv"",""as_of_date"":""2024-04-24"",""defense_use_case_relation"":""일반"",""relation_rationale"":""군 환경·지형 조사와 교차 가능"",""official_defense_evidence"":""N"",""usage_note"":""탐색용 분류이며 기업의 방산업체 지정·군 납품을 의미하지 않음""},""duplicate_source_rows"":[]}"
67f60c8f0ca185f76ba190f5,CMP0169,감시.정찰.수색,직접,company_category_bridge,972,"{""original"":{""company_id"":""CMP0169"",""company_name_normalized"":""에어로리서치"",""business_category"":""감시.정찰.수색"",""source_category_raw"":""감시.정찰.수색/인프라관리/임무장비/통합솔루션"",""source_file"":""항공안전기술원_드론정보포털_기업명_사업분야_20240424 (1).csv"",""as_of_date"":""2024-04-24"",""defense_use_case_relation"":""직접"",""relation_rationale"":""군 감시·정찰 임무와 직접 연결 가능"",""official_defense_evidence"":""N"",""usage_note"":""탐색용 분류이며 기업의 방산업체 지정·군 납품을 의미하지 않음""},""duplicate_source_rows"":[]}"
7a0acecd04d1a9e37ac333c3,CMP0169,인프라관리,일반,company_category_bridge,973,"{""original"":{""company_id"":""CMP0169"",""company_name_normalized"":""에어로리서치"",""business_category"":""인프라관리"",""source_category_raw"":""감시.정찰.수색/인프라관리/임무장비/통합솔루션"",""source_file"":""항공안전기술원_드론정보포털_기업명_사업분야_20240424 (1).csv"",""as_of_date"":""2024-04-24"",""defense_use_case_relation"":""일반"",""relation_rationale"":""민수 활용 중심이나 군 시설 관리와 교차 가능"",""official_defense_evidence"":""N"",""usage_note"":""탐색용 분류이며 기업의 방산업체 지정·군 납품을 의미하지 않음""},""duplicate_source_rows"":[]}"
70438bf99bf152290c82eec1,CMP0169,임무장비,직접,company_category_bridge,974,"{""original"":{""company_id"":""CMP0169"",""company_name_normalized"":""에어로리서치"",""business_category"":""임무장비"",""source_category_raw"":""감시.정찰.수색/인프라관리/임무장비/통합솔루션"",""source_file"":""항공안전기술원_드론정보포털_기업명_사업분야_20240424 (1).csv"",""as_of_date"":""2024-04-24"",""defense_use_case_relation"":""직접"",""relation_rationale"":""정찰·공격·지원 임무장비와 연결 가능"",""official_defense_evidence"":""N"",""usage_note"":""탐색용 분류이며 기업의 방산업체 지정·군 납품을 의미하지 않음""},""duplicate_source_rows"":[]}"
f5efc8e4d34b5ae2faeb30d7,CMP0169,통합솔루션,인접,company_category_bridge,975,"{""original"":{""company_id"":""CMP0169"",""company_name_normalized"":""에어로리서치"",""business_category"":""통합솔루션"",""source_category_raw"":""감시.정찰.수색/인프라관리/임무장비/통합솔루션"",""source_file"":""항공안전기술원_드론정보포털_기업명_사업분야_20240424 (1).csv"",""as_of_date"":""2024-04-24"",""defense_use_case_relation"":""인접"",""relation_rationale"":""체계통합·운용 소프트웨어와 연결 가능"",""official_defense_evidence"":""N"",""usage_note"":""탐색용 분류이며 기업의 방산업체 지정·군 납품을 의미하지 않음""},""duplicate_source_rows"":[]}"
a7c99afdf306bb7e1bc67706,CMP0171,감시.정찰.수색,직접,company_category_bridge,976,"{""original"":{""company_id"":""CMP0171"",""company_name_normalized"":""에이디시스템"",""business_category"":""감시.정찰.수색"",""source_category_raw"":""감시.정찰.수색/인프라관리/물류·운송·구조/공간정보/특수촬영"",""source_file"":""항공안전기술원_드론정보포털_기업명_사업분야_20240424 (1).csv"",""as_of_date"":""2024-04-24"",""defense_use_case_relation"":""직접"",""relation_rationale"":""군 감시·정찰 임무와 직접 연결 가능"",""official_defense_evidence"":""N"",""usage_note"":""탐색용 분류이며 기업의 방산업체 지정·군 납품을 의미하지 않음""},""duplicate_source_rows"":[]}"
adfd5caf76f9da6209a44fa5,CMP0171,인프라관리,일반,company_category_bridge,977,"{""original"":{""company_id"":""CMP0171"",""company_name_normalized"":""에이디시스템"",""business_category"":""인프라관리"",""source_category_raw"":""감시.정찰.수색/인프라관리/물류·운송·구조/공간정보/특수촬영"",""source_file"":""항공안전기술원_드론정보포털_기업명_사업분야_20240424 (1).csv"",""as_of_date"":""2024-04-24"",""defense_use_case_relation"":""일반"",""relation_rationale"":""민수 활용 중심이나 군 시설 관리와 교차 가능"",""official_defense_evidence"":""N"",""usage_note"":""탐색용 분류이며 기업의 방산업체 지정·군 납품을 의미하지 않음""},""duplicate_source_rows"":[]}"
7d37dde31e30d0a513cefa9d,CMP0171,물류·운송·구조,일반,company_category_bridge,978,"{""original"":{""company_id"":""CMP0171"",""company_name_normalized"":""에이디시스템"",""business_category"":""물류·운송·구조"",""source_category_raw"":""감시.정찰.수색/인프라관리/물류·운송·구조/공간정보/특수촬영"",""source_file"":""항공안전기술원_드론정보포털_기업명_사업분야_20240424 (1).csv"",""as_of_date"":""2024-04-24"",""defense_use_case_relation"":""일반"",""relation_rationale"":""군수·수송 용례와 교차 가능"",""official_defense_evidence"":""N"",""usage_note"":""탐색용 분류이며 기업의 방산업체 지정·군 납품을 의미하지 않음""},""duplicate_source_rows"":[]}"
4b89c21d5e1f5c5a58b045a7,CMP0171,공간정보,일반,company_category_bridge,979,"{""original"":{""company_id"":""CMP0171"",""company_name_normalized"":""에이디시스템"",""business_category"":""공간정보"",""source_category_raw"":""감시.정찰.수색/인프라관리/물류·운송·구조/공간정보/특수촬영"",""source_file"":""항공안전기술원_드론정보포털_기업명_사업분야_20240424 (1).csv"",""as_of_date"":""2024-04-24"",""defense_use_case_relation"":""일반"",""relation_rationale"":""군 지형·공간정보 용례와 교차 가능"",""official_defense_evidence"":""N"",""usage_note"":""탐색용 분류이며 기업의 방산업체 지정·군 납품을 의미하지 않음""},""duplicate_source_rows"":[]}"
92653c4bf0a013665f874a21,CMP0171,특수촬영,일반,company_category_bridge,980,"{""original"":{""company_id"":""CMP0171"",""company_name_normalized"":""에이디시스템"",""business_category"":""특수촬영"",""source_category_raw"":""감시.정찰.수색/인프라관리/물류·운송·구조/공간정보/특수촬영"",""source_file"":""항공안전기술원_드론정보포털_기업명_사업분야_20240424 (1).csv"",""as_of_date"":""2024-04-24"",""defense_use_case_relation"":""일반"",""relation_rationale"":""정찰 영상과 기술적으로 인접할 수 있음"",""official_defense_evidence"":""N"",""usage_note"":""탐색용 분류이며 기업의 방산업체 지정·군 납품을 의미하지 않음""},""duplicate_source_rows"":[]}"
74c1f3c712483e56b5d6f622,CMP0172,감시.정찰.수색,직접,company_category_bridge,981,"{""original"":{""company_id"":""CMP0172"",""company_name_normalized"":""에이디티"",""business_category"":""감시.정찰.수색"",""source_category_raw"":""감시.정찰.수색/인프라관리"",""source_file"":""항공안전기술원_드론정보포털_기업명_사업분야_20240424 (1).csv"",""as_of_date"":""2024-04-24"",""defense_use_case_relation"":""직접"",""relation_rationale"":""군 감시·정찰 임무와 직접 연결 가능"",""official_defense_evidence"":""N"",""usage_note"":""탐색용 분류이며 기업의 방산업체 지정·군 납품을 의미하지 않음""},""duplicate_source_rows"":[]}"
c38e80a5287346c97c65509e,CMP0172,인프라관리,일반,company_category_bridge,982,"{""original"":{""company_id"":""CMP0172"",""company_name_normalized"":""에이디티"",""business_category"":""인프라관리"",""source_category_raw"":""감시.정찰.수색/인프라관리"",""source_file"":""항공안전기술원_드론정보포털_기업명_사업분야_20240424 (1).csv"",""as_of_date"":""2024-04-24"",""defense_use_case_relation"":""일반"",""relation_rationale"":""민수 활용 중심이나 군 시설 관리와 교차 가능"",""official_defense_evidence"":""N"",""usage_note"":""탐색용 분류이며 기업의 방산업체 지정·군 납품을 의미하지 않음""},""duplicate_source_rows"":[]}"
498faebcc70f513e01217ade,CMP0174,감시.정찰.수색,직접,company_category_bridge,983,"{""original"":{""company_id"":""CMP0174"",""company_name_normalized"":""에이스드론"",""business_category"":""감시.정찰.수색"",""source_category_raw"":""감시.정찰.수색/인프라관리/물류·운송·구조/공간정보/특수촬영/방역/방제/살포/환경측량/다목적 H/W/방송·공연/취미·교육/드론스테이션/안티드론/임무장비/모듈/지상통제장비/통합솔루션/앱"",""source_file"":""항공안전기술원_드론정보포털_기업명_사업분야_20240424 (1).csv"",""as_of_date"":""2024-04-24"",""defense_use_case_relation"":""직접"",""relation_rationale"":""군 감시·정찰 임무와 직접 연결 가능"",""official_defense_evidence"":""N"",""usage_note"":""탐색용 분류이며 기업의 방산업체 지정·군 납품을 의미하지 않음""},""duplicate_source_rows"":[]}"
67f075271b4a1a6c3d48dbd1,CMP0174,인프라관리,일반,company_category_bridge,984,"{""original"":{""company_id"":""CMP0174"",""company_name_normalized"":""에이스드론"",""business_category"":""인프라관리"",""source_category_raw"":""감시.정찰.수색/인프라관리/물류·운송·구조/공간정보/특수촬영/방역/방제/살포/환경측량/다목적 H/W/방송·공연/취미·교육/드론스테이션/안티드론/임무장비/모듈/지상통제장비/통합솔루션/앱"",""source_file"":""항공안전기술원_드론정보포털_기업명_사업분야_20240424 (1).csv"",""as_of_date"":""2024-04-24"",""defense_use_case_relation"":""일반"",""relation_rationale"":""민수 활용 중심이나 군 시설 관리와 교차 가능"",""official_defense_evidence"":""N"",""usage_note"":""탐색용 분류이며 기업의 방산업체 지정·군 납품을 의미하지 않음""},""duplicate_source_rows"":[]}"
d76df906345eb4d6f6a8ffae,CMP0174,물류·운송·구조,일반,company_category_bridge,985,"{""original"":{""company_id"":""CMP0174"",""company_name_normalized"":""에이스드론"",""business_category"":""물류·운송·구조"",""source_category_raw"":""감시.정찰.수색/인프라관리/물류·운송·구조/공간정보/특수촬영/방역/방제/살포/환경측량/다목적 H/W/방송·공연/취미·교육/드론스테이션/안티드론/임무장비/모듈/지상통제장비/통합솔루션/앱"",""source_file"":""항공안전기술원_드론정보포털_기업명_사업분야_20240424 (1).csv"",""as_of_date"":""2024-04-24"",""defense_use_case_relation"":""일반"",""relation_rationale"":""군수·수송 용례와 교차 가능"",""official_defense_evidence"":""N"",""usage_note"":""탐색용 분류이며 기업의 방산업체 지정·군 납품을 의미하지 않음""},""duplicate_source_rows"":[]}"
7a74345c48fd182818a6e849,CMP0174,공간정보,일반,company_category_bridge,986,"{""original"":{""company_id"":""CMP0174"",""company_name_normalized"":""에이스드론"",""business_category"":""공간정보"",""source_category_raw"":""감시.정찰.수색/인프라관리/물류·운송·구조/공간정보/특수촬영/방역/방제/살포/환경측량/다목적 H/W/방송·공연/취미·교육/드론스테이션/안티드론/임무장비/모듈/지상통제장비/통합솔루션/앱"",""source_file"":""항공안전기술원_드론정보포털_기업명_사업분야_20240424 (1).csv"",""as_of_date"":""2024-04-24"",""defense_use_case_relation"":""일반"",""relation_rationale"":""군 지형·공간정보 용례와 교차 가능"",""official_defense_evidence"":""N"",""usage_note"":""탐색용 분류이며 기업의 방산업체 지정·군 납품을 의미하지 않음""},""duplicate_source_rows"":[]}"
a9e198235ac2635d6fa8d3e2,CMP0174,특수촬영,일반,company_category_bridge,987,"{""original"":{""company_id"":""CMP0174"",""company_name_normalized"":""에이스드론"",""business_category"":""특수촬영"",""source_category_raw"":""감시.정찰.수색/인프라관리/물류·운송·구조/공간정보/특수촬영/방역/방제/살포/환경측량/다목적 H/W/방송·공연/취미·교육/드론스테이션/안티드론/임무장비/모듈/지상통제장비/통합솔루션/앱"",""source_file"":""항공안전기술원_드론정보포털_기업명_사업분야_20240424 (1).csv"",""as_of_date"":""2024-04-24"",""defense_use_case_relation"":""일반"",""relation_rationale"":""정찰 영상과 기술적으로 인접할 수 있음"",""official_defense_evidence"":""N"",""usage_note"":""탐색용 분류이며 기업의 방산업체 지정·군 납품을 의미하지 않음""},""duplicate_source_rows"":[]}"
927a9a4a92c6341a90c4f1e3,CMP0174,방역/방제/살포,낮음,company_category_bridge,988,"{""original"":{""company_id"":""CMP0174"",""company_name_normalized"":""에이스드론"",""business_category"":""방역/방제/살포"",""source_category_raw"":""감시.정찰.수색/인프라관리/물류·운송·구조/공간정보/특수촬영/방역/방제/살포/환경측량/다목적 H/W/방송·공연/취미·교육/드론스테이션/안티드론/임무장비/모듈/지상통제장비/통합솔루션/앱"",""source_file"":""항공안전기술원_드론정보포털_기업명_사업분야_20240424 (1).csv"",""as_of_date"":""2024-04-24"",""defense_use_case_relation"":""낮음"",""relation_rationale"":""주로 민수 활용"",""official_defense_evidence"":""N"",""usage_note"":""탐색용 분류이며 기업의 방산업체 지정·군 납품을 의미하지 않음""},""duplicate_source_rows"":[]}"
fb982da2d30c2d0b373a4883,CMP0174,환경측량,일반,company_category_bridge,989,"{""original"":{""company_id"":""CMP0174"",""company_name_normalized"":""에이스드론"",""business_category"":""환경측량"",""source_category_raw"":""감시.정찰.수색/인프라관리/물류·운송·구조/공간정보/특수촬영/방역/방제/살포/환경측량/다목적 H/W/방송·공연/취미·교육/드론스테이션/안티드론/임무장비/모듈/지상통제장비/통합솔루션/앱"",""source_file"":""항공안전기술원_드론정보포털_기업명_사업분야_20240424 (1).csv"",""as_of_date"":""2024-04-24"",""defense_use_case_relation"":""일반"",""relation_rationale"":""군 환경·지형 조사와 교차 가능"",""official_defense_evidence"":""N"",""usage_note"":""탐색용 분류이며 기업의 방산업체 지정·군 납품을 의미하지 않음""},""duplicate_source_rows"":[]}"
cb2fc9205a44e5e14137aa18,CMP0174,다목적 H/W,인접,company_category_bridge,990,"{""original"":{""company_id"":""CMP0174"",""company_name_normalized"":""에이스드론"",""business_category"":""다목적 H/W"",""source_category_raw"":""감시.정찰.수색/인프라관리/물류·운송·구조/공간정보/특수촬영/방역/방제/살포/환경측량/다목적 H/W/방송·공연/취미·교육/드론스테이션/안티드론/임무장비/모듈/지상통제장비/통합솔루션/앱"",""source_file"":""항공안전기술원_드론정보포털_기업명_사업분야_20240424 (1).csv"",""as_of_date"":""2024-04-24"",""defense_use_case_relation"":""인접"",""relation_rationale"":""기체·전자·탑재체 하드웨어 공급망 후보"",""official_defense_evidence"":""N"",""usage_note"":""탐색용 분류이며 기업의 방산업체 지정·군 납품을 의미하지 않음""},""duplicate_source_rows"":[]}"
87eab195cc68be545617c0b5,CMP0174,방송·공연,낮음,company_category_bridge,991,"{""original"":{""company_id"":""CMP0174"",""company_name_normalized"":""에이스드론"",""business_category"":""방송·공연"",""source_category_raw"":""감시.정찰.수색/인프라관리/물류·운송·구조/공간정보/특수촬영/방역/방제/살포/환경측량/다목적 H/W/방송·공연/취미·교육/드론스테이션/안티드론/임무장비/모듈/지상통제장비/통합솔루션/앱"",""source_file"":""항공안전기술원_드론정보포털_기업명_사업분야_20240424 (1).csv"",""as_of_date"":""2024-04-24"",""defense_use_case_relation"":""낮음"",""relation_rationale"":""국방 연계 판단 근거로 사용하지 않음"",""official_defense_evidence"":""N"",""usage_note"":""탐색용 분류이며 기업의 방산업체 지정·군 납품을 의미하지 않음""},""duplicate_source_rows"":[]}"
6804bc66921ad139a68b535e,CMP0174,취미·교육,낮음,company_category_bridge,992,"{""original"":{""company_id"":""CMP0174"",""company_name_normalized"":""에이스드론"",""business_category"":""취미·교육"",""source_category_raw"":""감시.정찰.수색/인프라관리/물류·운송·구조/공간정보/특수촬영/방역/방제/살포/환경측량/다목적 H/W/방송·공연/취미·교육/드론스테이션/안티드론/임무장비/모듈/지상통제장비/통합솔루션/앱"",""source_file"":""항공안전기술원_드론정보포털_기업명_사업분야_20240424 (1).csv"",""as_of_date"":""2024-04-24"",""defense_use_case_relation"":""낮음"",""relation_rationale"":""국방 연계 판단 근거로 사용하지 않음"",""official_defense_evidence"":""N"",""usage_note"":""탐색용 분류이며 기업의 방산업체 지정·군 납품을 의미하지 않음""},""duplicate_source_rows"":[]}"
787b405f1cb9ce2cf3924800,CMP0174,드론스테이션,인접,company_category_bridge,993,"{""original"":{""company_id"":""CMP0174"",""company_name_normalized"":""에이스드론"",""business_category"":""드론스테이션"",""source_category_raw"":""감시.정찰.수색/인프라관리/물류·운송·구조/공간정보/특수촬영/방역/방제/살포/환경측량/다목적 H/W/방송·공연/취미·교육/드론스테이션/안티드론/임무장비/모듈/지상통제장비/통합솔루션/앱"",""source_file"":""항공안전기술원_드론정보포털_기업명_사업분야_20240424 (1).csv"",""as_of_date"":""2024-04-24"",""defense_use_case_relation"":""인접"",""relation_rationale"":""무인 운용·원격 통제 인프라 후보"",""official_defense_evidence"":""N"",""usage_note"":""탐색용 분류이며 기업의 방산업체 지정·군 납품을 의미하지 않음""},""duplicate_source_rows"":[]}"
ce5c70717d93340f09e3defd,CMP0174,안티드론,직접,company_category_bridge,994,"{""original"":{""company_id"":""CMP0174"",""company_name_normalized"":""에이스드론"",""business_category"":""안티드론"",""source_category_raw"":""감시.정찰.수색/인프라관리/물류·운송·구조/공간정보/특수촬영/방역/방제/살포/환경측량/다목적 H/W/방송·공연/취미·교육/드론스테이션/안티드론/임무장비/모듈/지상통제장비/통합솔루션/앱"",""source_file"":""항공안전기술원_드론정보포털_기업명_사업분야_20240424 (1).csv"",""as_of_date"":""2024-04-24"",""defense_use_case_relation"":""직접"",""relation_rationale"":""대드론·C-UAS 용례와 직접 연결되는 사업분야"",""official_defense_evidence"":""N"",""usage_note"":""탐색용 분류이며 기업의 방산업체 지정·군 납품을 의미하지 않음""},""duplicate_source_rows"":[]}"
a32d97b6819d1d5861d0162b,CMP0174,임무장비,직접,company_category_bridge,995,"{""original"":{""company_id"":""CMP0174"",""company_name_normalized"":""에이스드론"",""business_category"":""임무장비"",""source_category_raw"":""감시.정찰.수색/인프라관리/물류·운송·구조/공간정보/특수촬영/방역/방제/살포/환경측량/다목적 H/W/방송·공연/취미·교육/드론스테이션/안티드론/임무장비/모듈/지상통제장비/통합솔루션/앱"",""source_file"":""항공안전기술원_드론정보포털_기업명_사업분야_20240424 (1).csv"",""as_of_date"":""2024-04-24"",""defense_use_case_relation"":""직접"",""relation_rationale"":""정찰·공격·지원 임무장비와 연결 가능"",""official_defense_evidence"":""N"",""usage_note"":""탐색용 분류이며 기업의 방산업체 지정·군 납품을 의미하지 않음""},""duplicate_source_rows"":[]}"
e07fffa3f262e233dc6a1b4b,CMP0174,모듈,인접,company_category_bridge,996,"{""original"":{""company_id"":""CMP0174"",""company_name_normalized"":""에이스드론"",""business_category"":""모듈"",""source_category_raw"":""감시.정찰.수색/인프라관리/물류·운송·구조/공간정보/특수촬영/방역/방제/살포/환경측량/다목적 H/W/방송·공연/취미·교육/드론스테이션/안티드론/임무장비/모듈/지상통제장비/통합솔루션/앱"",""source_file"":""항공안전기술원_드론정보포털_기업명_사업분야_20240424 (1).csv"",""as_of_date"":""2024-04-24"",""defense_use_case_relation"":""인접"",""relation_rationale"":""국방 드론 부품·모듈 공급망 후보"",""official_defense_evidence"":""N"",""usage_note"":""탐색용 분류이며 기업의 방산업체 지정·군 납품을 의미하지 않음""},""duplicate_source_rows"":[]}"
a7a17dac38cb2c764a47b2b1,CMP0174,지상통제장비,직접,company_category_bridge,997,"{""original"":{""company_id"":""CMP0174"",""company_name_normalized"":""에이스드론"",""business_category"":""지상통제장비"",""source_category_raw"":""감시.정찰.수색/인프라관리/물류·운송·구조/공간정보/특수촬영/방역/방제/살포/환경측량/다목적 H/W/방송·공연/취미·교육/드론스테이션/안티드론/임무장비/모듈/지상통제장비/통합솔루션/앱"",""source_file"":""항공안전기술원_드론정보포털_기업명_사업분야_20240424 (1).csv"",""as_of_date"":""2024-04-24"",""defense_use_case_relation"":""직접"",""relation_rationale"":""GCS·임무통제와 연결 가능"",""official_defense_evidence"":""N"",""usage_note"":""탐색용 분류이며 기업의 방산업체 지정·군 납품을 의미하지 않음""},""duplicate_source_rows"":[]}"
a642c6455794d12c10e5074a,CMP0174,통합솔루션,인접,company_category_bridge,998,"{""original"":{""company_id"":""CMP0174"",""company_name_normalized"":""에이스드론"",""business_category"":""통합솔루션"",""source_category_raw"":""감시.정찰.수색/인프라관리/물류·운송·구조/공간정보/특수촬영/방역/방제/살포/환경측량/다목적 H/W/방송·공연/취미·교육/드론스테이션/안티드론/임무장비/모듈/지상통제장비/통합솔루션/앱"",""source_file"":""항공안전기술원_드론정보포털_기업명_사업분야_20240424 (1).csv"",""as_of_date"":""2024-04-24"",""defense_use_case_relation"":""인접"",""relation_rationale"":""체계통합·운용 소프트웨어와 연결 가능"",""official_defense_evidence"":""N"",""usage_note"":""탐색용 분류이며 기업의 방산업체 지정·군 납품을 의미하지 않음""},""duplicate_source_rows"":[]}"
838dca37a81ef088261a9893,CMP0174,앱,낮음,company_category_bridge,999,"{""original"":{""company_id"":""CMP0174"",""company_name_normalized"":""에이스드론"",""business_category"":""앱"",""source_category_raw"":""감시.정찰.수색/인프라관리/물류·운송·구조/공간정보/특수촬영/방역/방제/살포/환경측량/다목적 H/W/방송·공연/취미·교육/드론스테이션/안티드론/임무장비/모듈/지상통제장비/통합솔루션/앱"",""source_file"":""항공안전기술원_드론정보포털_기업명_사업분야_20240424 (1).csv"",""as_of_date"":""2024-04-24"",""defense_use_case_relation"":""낮음"",""relation_rationale"":""세부 기능 확인 전 국방 연계 판단 불가"",""official_defense_evidence"":""N"",""usage_note"":""탐색용 분류이며 기업의 방산업체 지정·군 납품을 의미하지 않음""},""duplicate_source_rows"":[]}"
1272d285c4576fc038219470,CMP0175,방역/방제/살포,낮음,company_category_bridge,1000,"{""original"":{""company_id"":""CMP0175"",""company_name_normalized"":""에이알엑스"",""business_category"":""방역/방제/살포"",""source_category_raw"":""방역/방제/살포/환경측량/다목적 H/W/취미·교육/안티드론/임무장비/모듈/지상통제장비/물류·운송·구조/공간정보/특수촬영/감시.정찰.수색/인프라관리"",""source_file"":""항공안전기술원_드론정보포털_기업명_사업분야_20240424 (1).csv"",""as_of_date"":""2024-04-24"",""defense_use_case_relation"":""낮음"",""relation_rationale"":""주로 민수 활용"",""official_defense_evidence"":""N"",""usage_note"":""탐색용 분류이며 기업의 방산업체 지정·군 납품을 의미하지 않음""},""duplicate_source_rows"":[]}"
9632718f47f6ad2d668f0d30,CMP0175,환경측량,일반,company_category_bridge,1001,"{""original"":{""company_id"":""CMP0175"",""company_name_normalized"":""에이알엑스"",""business_category"":""환경측량"",""source_category_raw"":""방역/방제/살포/환경측량/다목적 H/W/취미·교육/안티드론/임무장비/모듈/지상통제장비/물류·운송·구조/공간정보/특수촬영/감시.정찰.수색/인프라관리"",""source_file"":""항공안전기술원_드론정보포털_기업명_사업분야_20240424 (1).csv"",""as_of_date"":""2024-04-24"",""defense_use_case_relation"":""일반"",""relation_rationale"":""군 환경·지형 조사와 교차 가능"",""official_defense_evidence"":""N"",""usage_note"":""탐색용 분류이며 기업의 방산업체 지정·군 납품을 의미하지 않음""},""duplicate_source_rows"":[]}"
aebf0bf6bdce4bd8255672f3,CMP0175,다목적 H/W,인접,company_category_bridge,1002,"{""original"":{""company_id"":""CMP0175"",""company_name_normalized"":""에이알엑스"",""business_category"":""다목적 H/W"",""source_category_raw"":""방역/방제/살포/환경측량/다목적 H/W/취미·교육/안티드론/임무장비/모듈/지상통제장비/물류·운송·구조/공간정보/특수촬영/감시.정찰.수색/인프라관리"",""source_file"":""항공안전기술원_드론정보포털_기업명_사업분야_20240424 (1).csv"",""as_of_date"":""2024-04-24"",""defense_use_case_relation"":""인접"",""relation_rationale"":""기체·전자·탑재체 하드웨어 공급망 후보"",""official_defense_evidence"":""N"",""usage_note"":""탐색용 분류이며 기업의 방산업체 지정·군 납품을 의미하지 않음""},""duplicate_source_rows"":[]}"
fcef72918b992a6dc6f49a5b,CMP0175,취미·교육,낮음,company_category_bridge,1003,"{""original"":{""company_id"":""CMP0175"",""company_name_normalized"":""에이알엑스"",""business_category"":""취미·교육"",""source_category_raw"":""방역/방제/살포/환경측량/다목적 H/W/취미·교육/안티드론/임무장비/모듈/지상통제장비/물류·운송·구조/공간정보/특수촬영/감시.정찰.수색/인프라관리"",""source_file"":""항공안전기술원_드론정보포털_기업명_사업분야_20240424 (1).csv"",""as_of_date"":""2024-04-24"",""defense_use_case_relation"":""낮음"",""relation_rationale"":""국방 연계 판단 근거로 사용하지 않음"",""official_defense_evidence"":""N"",""usage_note"":""탐색용 분류이며 기업의 방산업체 지정·군 납품을 의미하지 않음""},""duplicate_source_rows"":[]}"
6e90ce4d62850f8a488f2e80,CMP0175,안티드론,직접,company_category_bridge,1004,"{""original"":{""company_id"":""CMP0175"",""company_name_normalized"":""에이알엑스"",""business_category"":""안티드론"",""source_category_raw"":""방역/방제/살포/환경측량/다목적 H/W/취미·교육/안티드론/임무장비/모듈/지상통제장비/물류·운송·구조/공간정보/특수촬영/감시.정찰.수색/인프라관리"",""source_file"":""항공안전기술원_드론정보포털_기업명_사업분야_20240424 (1).csv"",""as_of_date"":""2024-04-24"",""defense_use_case_relation"":""직접"",""relation_rationale"":""대드론·C-UAS 용례와 직접 연결되는 사업분야"",""official_defense_evidence"":""N"",""usage_note"":""탐색용 분류이며 기업의 방산업체 지정·군 납품을 의미하지 않음""},""duplicate_source_rows"":[]}"
04b53b228fec647f877fab94,CMP0175,임무장비,직접,company_category_bridge,1005,"{""original"":{""company_id"":""CMP0175"",""company_name_normalized"":""에이알엑스"",""business_category"":""임무장비"",""source_category_raw"":""방역/방제/살포/환경측량/다목적 H/W/취미·교육/안티드론/임무장비/모듈/지상통제장비/물류·운송·구조/공간정보/특수촬영/감시.정찰.수색/인프라관리"",""source_file"":""항공안전기술원_드론정보포털_기업명_사업분야_20240424 (1).csv"",""as_of_date"":""2024-04-24"",""defense_use_case_relation"":""직접"",""relation_rationale"":""정찰·공격·지원 임무장비와 연결 가능"",""official_defense_evidence"":""N"",""usage_note"":""탐색용 분류이며 기업의 방산업체 지정·군 납품을 의미하지 않음""},""duplicate_source_rows"":[]}"
061d65c0c96dfad0f510af87,CMP0175,모듈,인접,company_category_bridge,1006,"{""original"":{""company_id"":""CMP0175"",""company_name_normalized"":""에이알엑스"",""business_category"":""모듈"",""source_category_raw"":""방역/방제/살포/환경측량/다목적 H/W/취미·교육/안티드론/임무장비/모듈/지상통제장비/물류·운송·구조/공간정보/특수촬영/감시.정찰.수색/인프라관리"",""source_file"":""항공안전기술원_드론정보포털_기업명_사업분야_20240424 (1).csv"",""as_of_date"":""2024-04-24"",""defense_use_case_relation"":""인접"",""relation_rationale"":""국방 드론 부품·모듈 공급망 후보"",""official_defense_evidence"":""N"",""usage_note"":""탐색용 분류이며 기업의 방산업체 지정·군 납품을 의미하지 않음""},""duplicate_source_rows"":[]}"
c53100ac779a2d87631cbd5f,CMP0175,지상통제장비,직접,company_category_bridge,1007,"{""original"":{""company_id"":""CMP0175"",""company_name_normalized"":""에이알엑스"",""business_category"":""지상통제장비"",""source_category_raw"":""방역/방제/살포/환경측량/다목적 H/W/취미·교육/안티드론/임무장비/모듈/지상통제장비/물류·운송·구조/공간정보/특수촬영/감시.정찰.수색/인프라관리"",""source_file"":""항공안전기술원_드론정보포털_기업명_사업분야_20240424 (1).csv"",""as_of_date"":""2024-04-24"",""defense_use_case_relation"":""직접"",""relation_rationale"":""GCS·임무통제와 연결 가능"",""official_defense_evidence"":""N"",""usage_note"":""탐색용 분류이며 기업의 방산업체 지정·군 납품을 의미하지 않음""},""duplicate_source_rows"":[]}"
f17c3e4e7d03411680cbfd26,CMP0175,물류·운송·구조,일반,company_category_bridge,1008,"{""original"":{""company_id"":""CMP0175"",""company_name_normalized"":""에이알엑스"",""business_category"":""물류·운송·구조"",""source_category_raw"":""방역/방제/살포/환경측량/다목적 H/W/취미·교육/안티드론/임무장비/모듈/지상통제장비/물류·운송·구조/공간정보/특수촬영/감시.정찰.수색/인프라관리"",""source_file"":""항공안전기술원_드론정보포털_기업명_사업분야_20240424 (1).csv"",""as_of_date"":""2024-04-24"",""defense_use_case_relation"":""일반"",""relation_rationale"":""군수·수송 용례와 교차 가능"",""official_defense_evidence"":""N"",""usage_note"":""탐색용 분류이며 기업의 방산업체 지정·군 납품을 의미하지 않음""},""duplicate_source_rows"":[]}"
38c0bd47abedaecd1e7bf29c,CMP0175,공간정보,일반,company_category_bridge,1009,"{""original"":{""company_id"":""CMP0175"",""company_name_normalized"":""에이알엑스"",""business_category"":""공간정보"",""source_category_raw"":""방역/방제/살포/환경측량/다목적 H/W/취미·교육/안티드론/임무장비/모듈/지상통제장비/물류·운송·구조/공간정보/특수촬영/감시.정찰.수색/인프라관리"",""source_file"":""항공안전기술원_드론정보포털_기업명_사업분야_20240424 (1).csv"",""as_of_date"":""2024-04-24"",""defense_use_case_relation"":""일반"",""relation_rationale"":""군 지형·공간정보 용례와 교차 가능"",""official_defense_evidence"":""N"",""usage_note"":""탐색용 분류이며 기업의 방산업체 지정·군 납품을 의미하지 않음""},""duplicate_source_rows"":[]}"
f09e084931c61449652dc00e,CMP0175,특수촬영,일반,company_category_bridge,1010,"{""original"":{""company_id"":""CMP0175"",""company_name_normalized"":""에이알엑스"",""business_category"":""특수촬영"",""source_category_raw"":""방역/방제/살포/환경측량/다목적 H/W/취미·교육/안티드론/임무장비/모듈/지상통제장비/물류·운송·구조/공간정보/특수촬영/감시.정찰.수색/인프라관리"",""source_file"":""항공안전기술원_드론정보포털_기업명_사업분야_20240424 (1).csv"",""as_of_date"":""2024-04-24"",""defense_use_case_relation"":""일반"",""relation_rationale"":""정찰 영상과 기술적으로 인접할 수 있음"",""official_defense_evidence"":""N"",""usage_note"":""탐색용 분류이며 기업의 방산업체 지정·군 납품을 의미하지 않음""},""duplicate_source_rows"":[]}"
1eb275c8c7baeb6b287612fb,CMP0175,감시.정찰.수색,직접,company_category_bridge,1011,"{""original"":{""company_id"":""CMP0175"",""company_name_normalized"":""에이알엑스"",""business_category"":""감시.정찰.수색"",""source_category_raw"":""방역/방제/살포/환경측량/다목적 H/W/취미·교육/안티드론/임무장비/모듈/지상통제장비/물류·운송·구조/공간정보/특수촬영/감시.정찰.수색/인프라관리"",""source_file"":""항공안전기술원_드론정보포털_기업명_사업분야_20240424 (1).csv"",""as_of_date"":""2024-04-24"",""defense_use_case_relation"":""직접"",""relation_rationale"":""군 감시·정찰 임무와 직접 연결 가능"",""official_defense_evidence"":""N"",""usage_note"":""탐색용 분류이며 기업의 방산업체 지정·군 납품을 의미하지 않음""},""duplicate_source_rows"":[]}"
0c16e78612d6122d1336b8e4,CMP0175,인프라관리,일반,company_category_bridge,1012,"{""original"":{""company_id"":""CMP0175"",""company_name_normalized"":""에이알엑스"",""business_category"":""인프라관리"",""source_category_raw"":""방역/방제/살포/환경측량/다목적 H/W/취미·교육/안티드론/임무장비/모듈/지상통제장비/물류·운송·구조/공간정보/특수촬영/감시.정찰.수색/인프라관리"",""source_file"":""항공안전기술원_드론정보포털_기업명_사업분야_20240424 (1).csv"",""as_of_date"":""2024-04-24"",""defense_use_case_relation"":""일반"",""relation_rationale"":""민수 활용 중심이나 군 시설 관리와 교차 가능"",""official_defense_evidence"":""N"",""usage_note"":""탐색용 분류이며 기업의 방산업체 지정·군 납품을 의미하지 않음""},""duplicate_source_rows"":[]}"
b7e39fe04695b28dd31461f8,CMP0179,감시.정찰.수색,직접,company_category_bridge,1013,"{""original"":{""company_id"":""CMP0179"",""company_name_normalized"":""에이엠피"",""business_category"":""감시.정찰.수색"",""source_category_raw"":""감시.정찰.수색/인프라관리/환경측량"",""source_file"":""항공안전기술원_드론정보포털_기업명_사업분야_20240424 (1).csv"",""as_of_date"":""2024-04-24"",""defense_use_case_relation"":""직접"",""relation_rationale"":""군 감시·정찰 임무와 직접 연결 가능"",""official_defense_evidence"":""N"",""usage_note"":""탐색용 분류이며 기업의 방산업체 지정·군 납품을 의미하지 않음""},""duplicate_source_rows"":[]}"
81c95f1c23c4f63fc32180b6,CMP0179,인프라관리,일반,company_category_bridge,1014,"{""original"":{""company_id"":""CMP0179"",""company_name_normalized"":""에이엠피"",""business_category"":""인프라관리"",""source_category_raw"":""감시.정찰.수색/인프라관리/환경측량"",""source_file"":""항공안전기술원_드론정보포털_기업명_사업분야_20240424 (1).csv"",""as_of_date"":""2024-04-24"",""defense_use_case_relation"":""일반"",""relation_rationale"":""민수 활용 중심이나 군 시설 관리와 교차 가능"",""official_defense_evidence"":""N"",""usage_note"":""탐색용 분류이며 기업의 방산업체 지정·군 납품을 의미하지 않음""},""duplicate_source_rows"":[]}"
57f0d71abd3306acb17ef61d,CMP0179,환경측량,일반,company_category_bridge,1015,"{""original"":{""company_id"":""CMP0179"",""company_name_normalized"":""에이엠피"",""business_category"":""환경측량"",""source_category_raw"":""감시.정찰.수색/인프라관리/환경측량"",""source_file"":""항공안전기술원_드론정보포털_기업명_사업분야_20240424 (1).csv"",""as_of_date"":""2024-04-24"",""defense_use_case_relation"":""일반"",""relation_rationale"":""군 환경·지형 조사와 교차 가능"",""official_defense_evidence"":""N"",""usage_note"":""탐색용 분류이며 기업의 방산업체 지정·군 납품을 의미하지 않음""},""duplicate_source_rows"":[]}"
d47c1fc575827ca3c6918390,CMP0183,감시.정찰.수색,직접,company_category_bridge,1016,"{""original"":{""company_id"":""CMP0183"",""company_name_normalized"":""에프엠웍스"",""business_category"":""감시.정찰.수색"",""source_category_raw"":""감시.정찰.수색/인프라관리/공간정보/특수촬영/방역/방제/살포/환경측량/다목적 H/W/임무장비/지상통제장비/통합솔루션/앱"",""source_file"":""항공안전기술원_드론정보포털_기업명_사업분야_20240424 (1).csv"",""as_of_date"":""2024-04-24"",""defense_use_case_relation"":""직접"",""relation_rationale"":""군 감시·정찰 임무와 직접 연결 가능"",""official_defense_evidence"":""N"",""usage_note"":""탐색용 분류이며 기업의 방산업체 지정·군 납품을 의미하지 않음""},""duplicate_source_rows"":[]}"
c3ec8a38309059e1e03ab68b,CMP0183,인프라관리,일반,company_category_bridge,1017,"{""original"":{""company_id"":""CMP0183"",""company_name_normalized"":""에프엠웍스"",""business_category"":""인프라관리"",""source_category_raw"":""감시.정찰.수색/인프라관리/공간정보/특수촬영/방역/방제/살포/환경측량/다목적 H/W/임무장비/지상통제장비/통합솔루션/앱"",""source_file"":""항공안전기술원_드론정보포털_기업명_사업분야_20240424 (1).csv"",""as_of_date"":""2024-04-24"",""defense_use_case_relation"":""일반"",""relation_rationale"":""민수 활용 중심이나 군 시설 관리와 교차 가능"",""official_defense_evidence"":""N"",""usage_note"":""탐색용 분류이며 기업의 방산업체 지정·군 납품을 의미하지 않음""},""duplicate_source_rows"":[]}"
214d36fd7a692e96d9b0a10b,CMP0183,공간정보,일반,company_category_bridge,1018,"{""original"":{""company_id"":""CMP0183"",""company_name_normalized"":""에프엠웍스"",""business_category"":""공간정보"",""source_category_raw"":""감시.정찰.수색/인프라관리/공간정보/특수촬영/방역/방제/살포/환경측량/다목적 H/W/임무장비/지상통제장비/통합솔루션/앱"",""source_file"":""항공안전기술원_드론정보포털_기업명_사업분야_20240424 (1).csv"",""as_of_date"":""2024-04-24"",""defense_use_case_relation"":""일반"",""relation_rationale"":""군 지형·공간정보 용례와 교차 가능"",""official_defense_evidence"":""N"",""usage_note"":""탐색용 분류이며 기업의 방산업체 지정·군 납품을 의미하지 않음""},""duplicate_source_rows"":[]}"
2c63278fe0ca38cc7a061a1c,CMP0183,특수촬영,일반,company_category_bridge,1019,"{""original"":{""company_id"":""CMP0183"",""company_name_normalized"":""에프엠웍스"",""business_category"":""특수촬영"",""source_category_raw"":""감시.정찰.수색/인프라관리/공간정보/특수촬영/방역/방제/살포/환경측량/다목적 H/W/임무장비/지상통제장비/통합솔루션/앱"",""source_file"":""항공안전기술원_드론정보포털_기업명_사업분야_20240424 (1).csv"",""as_of_date"":""2024-04-24"",""defense_use_case_relation"":""일반"",""relation_rationale"":""정찰 영상과 기술적으로 인접할 수 있음"",""official_defense_evidence"":""N"",""usage_note"":""탐색용 분류이며 기업의 방산업체 지정·군 납품을 의미하지 않음""},""duplicate_source_rows"":[]}"
119c40f32dd5fd409c880bc2,CMP0183,방역/방제/살포,낮음,company_category_bridge,1020,"{""original"":{""company_id"":""CMP0183"",""company_name_normalized"":""에프엠웍스"",""business_category"":""방역/방제/살포"",""source_category_raw"":""감시.정찰.수색/인프라관리/공간정보/특수촬영/방역/방제/살포/환경측량/다목적 H/W/임무장비/지상통제장비/통합솔루션/앱"",""source_file"":""항공안전기술원_드론정보포털_기업명_사업분야_20240424 (1).csv"",""as_of_date"":""2024-04-24"",""defense_use_case_relation"":""낮음"",""relation_rationale"":""주로 민수 활용"",""official_defense_evidence"":""N"",""usage_note"":""탐색용 분류이며 기업의 방산업체 지정·군 납품을 의미하지 않음""},""duplicate_source_rows"":[]}"
4e0a2f42ae516cd29d0ce2c5,CMP0183,환경측량,일반,company_category_bridge,1021,"{""original"":{""company_id"":""CMP0183"",""company_name_normalized"":""에프엠웍스"",""business_category"":""환경측량"",""source_category_raw"":""감시.정찰.수색/인프라관리/공간정보/특수촬영/방역/방제/살포/환경측량/다목적 H/W/임무장비/지상통제장비/통합솔루션/앱"",""source_file"":""항공안전기술원_드론정보포털_기업명_사업분야_20240424 (1).csv"",""as_of_date"":""2024-04-24"",""defense_use_case_relation"":""일반"",""relation_rationale"":""군 환경·지형 조사와 교차 가능"",""official_defense_evidence"":""N"",""usage_note"":""탐색용 분류이며 기업의 방산업체 지정·군 납품을 의미하지 않음""},""duplicate_source_rows"":[]}"
cb491fdc7ce077c0df426df4,CMP0183,다목적 H/W,인접,company_category_bridge,1022,"{""original"":{""company_id"":""CMP0183"",""company_name_normalized"":""에프엠웍스"",""business_category"":""다목적 H/W"",""source_category_raw"":""감시.정찰.수색/인프라관리/공간정보/특수촬영/방역/방제/살포/환경측량/다목적 H/W/임무장비/지상통제장비/통합솔루션/앱"",""source_file"":""항공안전기술원_드론정보포털_기업명_사업분야_20240424 (1).csv"",""as_of_date"":""2024-04-24"",""defense_use_case_relation"":""인접"",""relation_rationale"":""기체·전자·탑재체 하드웨어 공급망 후보"",""official_defense_evidence"":""N"",""usage_note"":""탐색용 분류이며 기업의 방산업체 지정·군 납품을 의미하지 않음""},""duplicate_source_rows"":[]}"
94cb2f85b11596dc8d2ace7c,CMP0183,임무장비,직접,company_category_bridge,1023,"{""original"":{""company_id"":""CMP0183"",""company_name_normalized"":""에프엠웍스"",""business_category"":""임무장비"",""source_category_raw"":""감시.정찰.수색/인프라관리/공간정보/특수촬영/방역/방제/살포/환경측량/다목적 H/W/임무장비/지상통제장비/통합솔루션/앱"",""source_file"":""항공안전기술원_드론정보포털_기업명_사업분야_20240424 (1).csv"",""as_of_date"":""2024-04-24"",""defense_use_case_relation"":""직접"",""relation_rationale"":""정찰·공격·지원 임무장비와 연결 가능"",""official_defense_evidence"":""N"",""usage_note"":""탐색용 분류이며 기업의 방산업체 지정·군 납품을 의미하지 않음""},""duplicate_source_rows"":[]}"
dbe4e306655b69e25bfcc091,CMP0183,지상통제장비,직접,company_category_bridge,1024,"{""original"":{""company_id"":""CMP0183"",""company_name_normalized"":""에프엠웍스"",""business_category"":""지상통제장비"",""source_category_raw"":""감시.정찰.수색/인프라관리/공간정보/특수촬영/방역/방제/살포/환경측량/다목적 H/W/임무장비/지상통제장비/통합솔루션/앱"",""source_file"":""항공안전기술원_드론정보포털_기업명_사업분야_20240424 (1).csv"",""as_of_date"":""2024-04-24"",""defense_use_case_relation"":""직접"",""relation_rationale"":""GCS·임무통제와 연결 가능"",""official_defense_evidence"":""N"",""usage_note"":""탐색용 분류이며 기업의 방산업체 지정·군 납품을 의미하지 않음""},""duplicate_source_rows"":[]}"
5a81c6102278699e7f036702,CMP0183,통합솔루션,인접,company_category_bridge,1025,"{""original"":{""company_id"":""CMP0183"",""company_name_normalized"":""에프엠웍스"",""business_category"":""통합솔루션"",""source_category_raw"":""감시.정찰.수색/인프라관리/공간정보/특수촬영/방역/방제/살포/환경측량/다목적 H/W/임무장비/지상통제장비/통합솔루션/앱"",""source_file"":""항공안전기술원_드론정보포털_기업명_사업분야_20240424 (1).csv"",""as_of_date"":""2024-04-24"",""defense_use_case_relation"":""인접"",""relation_rationale"":""체계통합·운용 소프트웨어와 연결 가능"",""official_defense_evidence"":""N"",""usage_note"":""탐색용 분류이며 기업의 방산업체 지정·군 납품을 의미하지 않음""},""duplicate_source_rows"":[]}"
5a3fd1f0f5929e3048e7678a,CMP0183,앱,낮음,company_category_bridge,1026,"{""original"":{""company_id"":""CMP0183"",""company_name_normalized"":""에프엠웍스"",""business_category"":""앱"",""source_category_raw"":""감시.정찰.수색/인프라관리/공간정보/특수촬영/방역/방제/살포/환경측량/다목적 H/W/임무장비/지상통제장비/통합솔루션/앱"",""source_file"":""항공안전기술원_드론정보포털_기업명_사업분야_20240424 (1).csv"",""as_of_date"":""2024-04-24"",""defense_use_case_relation"":""낮음"",""relation_rationale"":""세부 기능 확인 전 국방 연계 판단 불가"",""official_defense_evidence"":""N"",""usage_note"":""탐색용 분류이며 기업의 방산업체 지정·군 납품을 의미하지 않음""},""duplicate_source_rows"":[]}"
4bcbb003fc99179fda9d1989,CMP0191,공간정보,일반,company_category_bridge,1027,"{""original"":{""company_id"":""CMP0191"",""company_name_normalized"":""엠엠피"",""business_category"":""공간정보"",""source_category_raw"":""공간정보/특수촬영"",""source_file"":""항공안전기술원_드론정보포털_기업명_사업분야_20240424 (1).csv"",""as_of_date"":""2024-04-24"",""defense_use_case_relation"":""일반"",""relation_rationale"":""군 지형·공간정보 용례와 교차 가능"",""official_defense_evidence"":""N"",""usage_note"":""탐색용 분류이며 기업의 방산업체 지정·군 납품을 의미하지 않음""},""duplicate_source_rows"":[]}"
1bd30887a60fd6726813bf45,CMP0191,특수촬영,일반,company_category_bridge,1028,"{""original"":{""company_id"":""CMP0191"",""company_name_normalized"":""엠엠피"",""business_category"":""특수촬영"",""source_category_raw"":""공간정보/특수촬영"",""source_file"":""항공안전기술원_드론정보포털_기업명_사업분야_20240424 (1).csv"",""as_of_date"":""2024-04-24"",""defense_use_case_relation"":""일반"",""relation_rationale"":""정찰 영상과 기술적으로 인접할 수 있음"",""official_defense_evidence"":""N"",""usage_note"":""탐색용 분류이며 기업의 방산업체 지정·군 납품을 의미하지 않음""},""duplicate_source_rows"":[]}"
6723de5c756a92bc58b6d6f9,CMP0197,임무장비,직접,company_category_bridge,1029,"{""original"":{""company_id"":""CMP0197"",""company_name_normalized"":""우리아이오"",""business_category"":""임무장비"",""source_category_raw"":""임무장비/감시.정찰.수색/인프라관리/환경측량"",""source_file"":""항공안전기술원_드론정보포털_기업명_사업분야_20240424 (1).csv"",""as_of_date"":""2024-04-24"",""defense_use_case_relation"":""직접"",""relation_rationale"":""정찰·공격·지원 임무장비와 연결 가능"",""official_defense_evidence"":""N"",""usage_note"":""탐색용 분류이며 기업의 방산업체 지정·군 납품을 의미하지 않음""},""duplicate_source_rows"":[]}"
f298d36cc01c1afc9cb465f7,CMP0197,감시.정찰.수색,직접,company_category_bridge,1030,"{""original"":{""company_id"":""CMP0197"",""company_name_normalized"":""우리아이오"",""business_category"":""감시.정찰.수색"",""source_category_raw"":""임무장비/감시.정찰.수색/인프라관리/환경측량"",""source_file"":""항공안전기술원_드론정보포털_기업명_사업분야_20240424 (1).csv"",""as_of_date"":""2024-04-24"",""defense_use_case_relation"":""직접"",""relation_rationale"":""군 감시·정찰 임무와 직접 연결 가능"",""official_defense_evidence"":""N"",""usage_note"":""탐색용 분류이며 기업의 방산업체 지정·군 납품을 의미하지 않음""},""duplicate_source_rows"":[]}"
488a832a2e5e10a8aa129f63,CMP0197,인프라관리,일반,company_category_bridge,1031,"{""original"":{""company_id"":""CMP0197"",""company_name_normalized"":""우리아이오"",""business_category"":""인프라관리"",""source_category_raw"":""임무장비/감시.정찰.수색/인프라관리/환경측량"",""source_file"":""항공안전기술원_드론정보포털_기업명_사업분야_20240424 (1).csv"",""as_of_date"":""2024-04-24"",""defense_use_case_relation"":""일반"",""relation_rationale"":""민수 활용 중심이나 군 시설 관리와 교차 가능"",""official_defense_evidence"":""N"",""usage_note"":""탐색용 분류이며 기업의 방산업체 지정·군 납품을 의미하지 않음""},""duplicate_source_rows"":[]}"
29443208f891d670b5c00c39,CMP0197,환경측량,일반,company_category_bridge,1032,"{""original"":{""company_id"":""CMP0197"",""company_name_normalized"":""우리아이오"",""business_category"":""환경측량"",""source_category_raw"":""임무장비/감시.정찰.수색/인프라관리/환경측량"",""source_file"":""항공안전기술원_드론정보포털_기업명_사업분야_20240424 (1).csv"",""as_of_date"":""2024-04-24"",""defense_use_case_relation"":""일반"",""relation_rationale"":""군 환경·지형 조사와 교차 가능"",""official_defense_evidence"":""N"",""usage_note"":""탐색용 분류이며 기업의 방산업체 지정·군 납품을 의미하지 않음""},""duplicate_source_rows"":[]}"
a53e88770d03f012e3a5f069,CMP0204,감시.정찰.수색,직접,company_category_bridge,1033,"{""original"":{""company_id"":""CMP0204"",""company_name_normalized"":""유인프라"",""business_category"":""감시.정찰.수색"",""source_category_raw"":""감시.정찰.수색/인프라관리/공간정보/특수촬영/환경측량/드론스테이션/임무장비/지상통제장비/통합솔루션/기타"",""source_file"":""항공안전기술원_드론정보포털_기업명_사업분야_20240424 (1).csv"",""as_of_date"":""2024-04-24"",""defense_use_case_relation"":""직접"",""relation_rationale"":""군 감시·정찰 임무와 직접 연결 가능"",""official_defense_evidence"":""N"",""usage_note"":""탐색용 분류이며 기업의 방산업체 지정·군 납품을 의미하지 않음""},""duplicate_source_rows"":[]}"
ab7fd13539b93a50e6dd2c04,CMP0204,인프라관리,일반,company_category_bridge,1034,"{""original"":{""company_id"":""CMP0204"",""company_name_normalized"":""유인프라"",""business_category"":""인프라관리"",""source_category_raw"":""감시.정찰.수색/인프라관리/공간정보/특수촬영/환경측량/드론스테이션/임무장비/지상통제장비/통합솔루션/기타"",""source_file"":""항공안전기술원_드론정보포털_기업명_사업분야_20240424 (1).csv"",""as_of_date"":""2024-04-24"",""defense_use_case_relation"":""일반"",""relation_rationale"":""민수 활용 중심이나 군 시설 관리와 교차 가능"",""official_defense_evidence"":""N"",""usage_note"":""탐색용 분류이며 기업의 방산업체 지정·군 납품을 의미하지 않음""},""duplicate_source_rows"":[]}"
e69ad111e6f7b11afc767c9e,CMP0204,공간정보,일반,company_category_bridge,1035,"{""original"":{""company_id"":""CMP0204"",""company_name_normalized"":""유인프라"",""business_category"":""공간정보"",""source_category_raw"":""감시.정찰.수색/인프라관리/공간정보/특수촬영/환경측량/드론스테이션/임무장비/지상통제장비/통합솔루션/기타"",""source_file"":""항공안전기술원_드론정보포털_기업명_사업분야_20240424 (1).csv"",""as_of_date"":""2024-04-24"",""defense_use_case_relation"":""일반"",""relation_rationale"":""군 지형·공간정보 용례와 교차 가능"",""official_defense_evidence"":""N"",""usage_note"":""탐색용 분류이며 기업의 방산업체 지정·군 납품을 의미하지 않음""},""duplicate_source_rows"":[]}"
99dba8e75766ba7b33b6366b,CMP0204,특수촬영,일반,company_category_bridge,1036,"{""original"":{""company_id"":""CMP0204"",""company_name_normalized"":""유인프라"",""business_category"":""특수촬영"",""source_category_raw"":""감시.정찰.수색/인프라관리/공간정보/특수촬영/환경측량/드론스테이션/임무장비/지상통제장비/통합솔루션/기타"",""source_file"":""항공안전기술원_드론정보포털_기업명_사업분야_20240424 (1).csv"",""as_of_date"":""2024-04-24"",""defense_use_case_relation"":""일반"",""relation_rationale"":""정찰 영상과 기술적으로 인접할 수 있음"",""official_defense_evidence"":""N"",""usage_note"":""탐색용 분류이며 기업의 방산업체 지정·군 납품을 의미하지 않음""},""duplicate_source_rows"":[]}"
d7168d8c6f82b91d06163d52,CMP0204,환경측량,일반,company_category_bridge,1037,"{""original"":{""company_id"":""CMP0204"",""company_name_normalized"":""유인프라"",""business_category"":""환경측량"",""source_category_raw"":""감시.정찰.수색/인프라관리/공간정보/특수촬영/환경측량/드론스테이션/임무장비/지상통제장비/통합솔루션/기타"",""source_file"":""항공안전기술원_드론정보포털_기업명_사업분야_20240424 (1).csv"",""as_of_date"":""2024-04-24"",""defense_use_case_relation"":""일반"",""relation_rationale"":""군 환경·지형 조사와 교차 가능"",""official_defense_evidence"":""N"",""usage_note"":""탐색용 분류이며 기업의 방산업체 지정·군 납품을 의미하지 않음""},""duplicate_source_rows"":[]}"
2c345564cf85ecf9631988fb,CMP0204,드론스테이션,인접,company_category_bridge,1038,"{""original"":{""company_id"":""CMP0204"",""company_name_normalized"":""유인프라"",""business_category"":""드론스테이션"",""source_category_raw"":""감시.정찰.수색/인프라관리/공간정보/특수촬영/환경측량/드론스테이션/임무장비/지상통제장비/통합솔루션/기타"",""source_file"":""항공안전기술원_드론정보포털_기업명_사업분야_20240424 (1).csv"",""as_of_date"":""2024-04-24"",""defense_use_case_relation"":""인접"",""relation_rationale"":""무인 운용·원격 통제 인프라 후보"",""official_defense_evidence"":""N"",""usage_note"":""탐색용 분류이며 기업의 방산업체 지정·군 납품을 의미하지 않음""},""duplicate_source_rows"":[]}"
4f362bc5441afd8aa9a8671e,CMP0204,임무장비,직접,company_category_bridge,1039,"{""original"":{""company_id"":""CMP0204"",""company_name_normalized"":""유인프라"",""business_category"":""임무장비"",""source_category_raw"":""감시.정찰.수색/인프라관리/공간정보/특수촬영/환경측량/드론스테이션/임무장비/지상통제장비/통합솔루션/기타"",""source_file"":""항공안전기술원_드론정보포털_기업명_사업분야_20240424 (1).csv"",""as_of_date"":""2024-04-24"",""defense_use_case_relation"":""직접"",""relation_rationale"":""정찰·공격·지원 임무장비와 연결 가능"",""official_defense_evidence"":""N"",""usage_note"":""탐색용 분류이며 기업의 방산업체 지정·군 납품을 의미하지 않음""},""duplicate_source_rows"":[]}"
79bbd3217107c9b908ddb386,CMP0204,지상통제장비,직접,company_category_bridge,1040,"{""original"":{""company_id"":""CMP0204"",""company_name_normalized"":""유인프라"",""business_category"":""지상통제장비"",""source_category_raw"":""감시.정찰.수색/인프라관리/공간정보/특수촬영/환경측량/드론스테이션/임무장비/지상통제장비/통합솔루션/기타"",""source_file"":""항공안전기술원_드론정보포털_기업명_사업분야_20240424 (1).csv"",""as_of_date"":""2024-04-24"",""defense_use_case_relation"":""직접"",""relation_rationale"":""GCS·임무통제와 연결 가능"",""official_defense_evidence"":""N"",""usage_note"":""탐색용 분류이며 기업의 방산업체 지정·군 납품을 의미하지 않음""},""duplicate_source_rows"":[]}"
c6ff457d549d1451c54eea49,CMP0204,통합솔루션,인접,company_category_bridge,1041,"{""original"":{""company_id"":""CMP0204"",""company_name_normalized"":""유인프라"",""business_category"":""통합솔루션"",""source_category_raw"":""감시.정찰.수색/인프라관리/공간정보/특수촬영/환경측량/드론스테이션/임무장비/지상통제장비/통합솔루션/기타"",""source_file"":""항공안전기술원_드론정보포털_기업명_사업분야_20240424 (1).csv"",""as_of_date"":""2024-04-24"",""defense_use_case_relation"":""인접"",""relation_rationale"":""체계통합·운용 소프트웨어와 연결 가능"",""official_defense_evidence"":""N"",""usage_note"":""탐색용 분류이며 기업의 방산업체 지정·군 납품을 의미하지 않음""},""duplicate_source_rows"":[]}"
c2313427a2c65bf3fc15f4ff,CMP0204,기타,미확인,company_category_bridge,1042,"{""original"":{""company_id"":""CMP0204"",""company_name_normalized"":""유인프라"",""business_category"":""기타"",""source_category_raw"":""감시.정찰.수색/인프라관리/공간정보/특수촬영/환경측량/드론스테이션/임무장비/지상통제장비/통합솔루션/기타"",""source_file"":""항공안전기술원_드론정보포털_기업명_사업분야_20240424 (1).csv"",""as_of_date"":""2024-04-24"",""defense_use_case_relation"":""미확인"",""relation_rationale"":""세부 내용 확인 필요"",""official_defense_evidence"":""N"",""usage_note"":""탐색용 분류이며 기업의 방산업체 지정·군 납품을 의미하지 않음""},""duplicate_source_rows"":[]}"
d49efc2cc2da4abaf2ea2226,CMP0210,통합솔루션,인접,company_category_bridge,1043,"{""original"":{""company_id"":""CMP0210"",""company_name_normalized"":""이스온"",""business_category"":""통합솔루션"",""source_category_raw"":""통합솔루션/기타/다목적 H/W/드론스테이션/임무장비/감시.정찰.수색/인프라관리/환경측량"",""source_file"":""항공안전기술원_드론정보포털_기업명_사업분야_20240424 (1).csv"",""as_of_date"":""2024-04-24"",""defense_use_case_relation"":""인접"",""relation_rationale"":""체계통합·운용 소프트웨어와 연결 가능"",""official_defense_evidence"":""N"",""usage_note"":""탐색용 분류이며 기업의 방산업체 지정·군 납품을 의미하지 않음""},""duplicate_source_rows"":[]}"
3378541b33d8bded118d9a2b,CMP0210,기타,미확인,company_category_bridge,1044,"{""original"":{""company_id"":""CMP0210"",""company_name_normalized"":""이스온"",""business_category"":""기타"",""source_category_raw"":""통합솔루션/기타/다목적 H/W/드론스테이션/임무장비/감시.정찰.수색/인프라관리/환경측량"",""source_file"":""항공안전기술원_드론정보포털_기업명_사업분야_20240424 (1).csv"",""as_of_date"":""2024-04-24"",""defense_use_case_relation"":""미확인"",""relation_rationale"":""세부 내용 확인 필요"",""official_defense_evidence"":""N"",""usage_note"":""탐색용 분류이며 기업의 방산업체 지정·군 납품을 의미하지 않음""},""duplicate_source_rows"":[]}"
0aba6813e117de5c364afc2e,CMP0210,다목적 H/W,인접,company_category_bridge,1045,"{""original"":{""company_id"":""CMP0210"",""company_name_normalized"":""이스온"",""business_category"":""다목적 H/W"",""source_category_raw"":""통합솔루션/기타/다목적 H/W/드론스테이션/임무장비/감시.정찰.수색/인프라관리/환경측량"",""source_file"":""항공안전기술원_드론정보포털_기업명_사업분야_20240424 (1).csv"",""as_of_date"":""2024-04-24"",""defense_use_case_relation"":""인접"",""relation_rationale"":""기체·전자·탑재체 하드웨어 공급망 후보"",""official_defense_evidence"":""N"",""usage_note"":""탐색용 분류이며 기업의 방산업체 지정·군 납품을 의미하지 않음""},""duplicate_source_rows"":[]}"
3953230c471c9e7e36dc67a8,CMP0210,드론스테이션,인접,company_category_bridge,1046,"{""original"":{""company_id"":""CMP0210"",""company_name_normalized"":""이스온"",""business_category"":""드론스테이션"",""source_category_raw"":""통합솔루션/기타/다목적 H/W/드론스테이션/임무장비/감시.정찰.수색/인프라관리/환경측량"",""source_file"":""항공안전기술원_드론정보포털_기업명_사업분야_20240424 (1).csv"",""as_of_date"":""2024-04-24"",""defense_use_case_relation"":""인접"",""relation_rationale"":""무인 운용·원격 통제 인프라 후보"",""official_defense_evidence"":""N"",""usage_note"":""탐색용 분류이며 기업의 방산업체 지정·군 납품을 의미하지 않음""},""duplicate_source_rows"":[]}"
0691b1c8681d9e2f6fb206eb,CMP0210,임무장비,직접,company_category_bridge,1047,"{""original"":{""company_id"":""CMP0210"",""company_name_normalized"":""이스온"",""business_category"":""임무장비"",""source_category_raw"":""통합솔루션/기타/다목적 H/W/드론스테이션/임무장비/감시.정찰.수색/인프라관리/환경측량"",""source_file"":""항공안전기술원_드론정보포털_기업명_사업분야_20240424 (1).csv"",""as_of_date"":""2024-04-24"",""defense_use_case_relation"":""직접"",""relation_rationale"":""정찰·공격·지원 임무장비와 연결 가능"",""official_defense_evidence"":""N"",""usage_note"":""탐색용 분류이며 기업의 방산업체 지정·군 납품을 의미하지 않음""},""duplicate_source_rows"":[]}"
68632f7d41a282457df36693,CMP0210,감시.정찰.수색,직접,company_category_bridge,1048,"{""original"":{""company_id"":""CMP0210"",""company_name_normalized"":""이스온"",""business_category"":""감시.정찰.수색"",""source_category_raw"":""통합솔루션/기타/다목적 H/W/드론스테이션/임무장비/감시.정찰.수색/인프라관리/환경측량"",""source_file"":""항공안전기술원_드론정보포털_기업명_사업분야_20240424 (1).csv"",""as_of_date"":""2024-04-24"",""defense_use_case_relation"":""직접"",""relation_rationale"":""군 감시·정찰 임무와 직접 연결 가능"",""official_defense_evidence"":""N"",""usage_note"":""탐색용 분류이며 기업의 방산업체 지정·군 납품을 의미하지 않음""},""duplicate_source_rows"":[]}"
7f69a64dd552bcbe4d65b457,CMP0210,인프라관리,일반,company_category_bridge,1049,"{""original"":{""company_id"":""CMP0210"",""company_name_normalized"":""이스온"",""business_category"":""인프라관리"",""source_category_raw"":""통합솔루션/기타/다목적 H/W/드론스테이션/임무장비/감시.정찰.수색/인프라관리/환경측량"",""source_file"":""항공안전기술원_드론정보포털_기업명_사업분야_20240424 (1).csv"",""as_of_date"":""2024-04-24"",""defense_use_case_relation"":""일반"",""relation_rationale"":""민수 활용 중심이나 군 시설 관리와 교차 가능"",""official_defense_evidence"":""N"",""usage_note"":""탐색용 분류이며 기업의 방산업체 지정·군 납품을 의미하지 않음""},""duplicate_source_rows"":[]}"
582f73a97823fd197f9f675d,CMP0210,환경측량,일반,company_category_bridge,1050,"{""original"":{""company_id"":""CMP0210"",""company_name_normalized"":""이스온"",""business_category"":""환경측량"",""source_category_raw"":""통합솔루션/기타/다목적 H/W/드론스테이션/임무장비/감시.정찰.수색/인프라관리/환경측량"",""source_file"":""항공안전기술원_드론정보포털_기업명_사업분야_20240424 (1).csv"",""as_of_date"":""2024-04-24"",""defense_use_case_relation"":""일반"",""relation_rationale"":""군 환경·지형 조사와 교차 가능"",""official_defense_evidence"":""N"",""usage_note"":""탐색용 분류이며 기업의 방산업체 지정·군 납품을 의미하지 않음""},""duplicate_source_rows"":[]}"
dde58ab27cccbe1b77cc3804,CMP0236,감시.정찰.수색,직접,company_category_bridge,1051,"{""original"":{""company_id"":""CMP0236"",""company_name_normalized"":""코코드론"",""business_category"":""감시.정찰.수색"",""source_category_raw"":""감시.정찰.수색/인프라관리/공간정보/특수촬영/취미·교육/드론스테이션"",""source_file"":""항공안전기술원_드론정보포털_기업명_사업분야_20240424 (1).csv"",""as_of_date"":""2024-04-24"",""defense_use_case_relation"":""직접"",""relation_rationale"":""군 감시·정찰 임무와 직접 연결 가능"",""official_defense_evidence"":""N"",""usage_note"":""탐색용 분류이며 기업의 방산업체 지정·군 납품을 의미하지 않음""},""duplicate_source_rows"":[]}"
1408c2f4e519d379dea5d082,CMP0236,인프라관리,일반,company_category_bridge,1052,"{""original"":{""company_id"":""CMP0236"",""company_name_normalized"":""코코드론"",""business_category"":""인프라관리"",""source_category_raw"":""감시.정찰.수색/인프라관리/공간정보/특수촬영/취미·교육/드론스테이션"",""source_file"":""항공안전기술원_드론정보포털_기업명_사업분야_20240424 (1).csv"",""as_of_date"":""2024-04-24"",""defense_use_case_relation"":""일반"",""relation_rationale"":""민수 활용 중심이나 군 시설 관리와 교차 가능"",""official_defense_evidence"":""N"",""usage_note"":""탐색용 분류이며 기업의 방산업체 지정·군 납품을 의미하지 않음""},""duplicate_source_rows"":[]}"
02e4ba62fbbebebe57bfbf6a,CMP0236,공간정보,일반,company_category_bridge,1053,"{""original"":{""company_id"":""CMP0236"",""company_name_normalized"":""코코드론"",""business_category"":""공간정보"",""source_category_raw"":""감시.정찰.수색/인프라관리/공간정보/특수촬영/취미·교육/드론스테이션"",""source_file"":""항공안전기술원_드론정보포털_기업명_사업분야_20240424 (1).csv"",""as_of_date"":""2024-04-24"",""defense_use_case_relation"":""일반"",""relation_rationale"":""군 지형·공간정보 용례와 교차 가능"",""official_defense_evidence"":""N"",""usage_note"":""탐색용 분류이며 기업의 방산업체 지정·군 납품을 의미하지 않음""},""duplicate_source_rows"":[]}"
737c5dd3604c831ca0594979,CMP0236,특수촬영,일반,company_category_bridge,1054,"{""original"":{""company_id"":""CMP0236"",""company_name_normalized"":""코코드론"",""business_category"":""특수촬영"",""source_category_raw"":""감시.정찰.수색/인프라관리/공간정보/특수촬영/취미·교육/드론스테이션"",""source_file"":""항공안전기술원_드론정보포털_기업명_사업분야_20240424 (1).csv"",""as_of_date"":""2024-04-24"",""defense_use_case_relation"":""일반"",""relation_rationale"":""정찰 영상과 기술적으로 인접할 수 있음"",""official_defense_evidence"":""N"",""usage_note"":""탐색용 분류이며 기업의 방산업체 지정·군 납품을 의미하지 않음""},""duplicate_source_rows"":[]}"
efbf0ff9bae96eb201c432d8,CMP0236,취미·교육,낮음,company_category_bridge,1055,"{""original"":{""company_id"":""CMP0236"",""company_name_normalized"":""코코드론"",""business_category"":""취미·교육"",""source_category_raw"":""감시.정찰.수색/인프라관리/공간정보/특수촬영/취미·교육/드론스테이션"",""source_file"":""항공안전기술원_드론정보포털_기업명_사업분야_20240424 (1).csv"",""as_of_date"":""2024-04-24"",""defense_use_case_relation"":""낮음"",""relation_rationale"":""국방 연계 판단 근거로 사용하지 않음"",""official_defense_evidence"":""N"",""usage_note"":""탐색용 분류이며 기업의 방산업체 지정·군 납품을 의미하지 않음""},""duplicate_source_rows"":[]}"
068edc5bcf889f3c010a5d3e,CMP0236,드론스테이션,인접,company_category_bridge,1056,"{""original"":{""company_id"":""CMP0236"",""company_name_normalized"":""코코드론"",""business_category"":""드론스테이션"",""source_category_raw"":""감시.정찰.수색/인프라관리/공간정보/특수촬영/취미·교육/드론스테이션"",""source_file"":""항공안전기술원_드론정보포털_기업명_사업분야_20240424 (1).csv"",""as_of_date"":""2024-04-24"",""defense_use_case_relation"":""인접"",""relation_rationale"":""무인 운용·원격 통제 인프라 후보"",""official_defense_evidence"":""N"",""usage_note"":""탐색용 분류이며 기업의 방산업체 지정·군 납품을 의미하지 않음""},""duplicate_source_rows"":[]}"
92827f058ee4f36527321e1e,CMP0237,지상통제장비,직접,company_category_bridge,1057,"{""original"":{""company_id"":""CMP0237"",""company_name_normalized"":""클로버스튜디오"",""business_category"":""지상통제장비"",""source_category_raw"":""지상통제장비/통합솔루션/앱"",""source_file"":""항공안전기술원_드론정보포털_기업명_사업분야_20240424 (1).csv"",""as_of_date"":""2024-04-24"",""defense_use_case_relation"":""직접"",""relation_rationale"":""GCS·임무통제와 연결 가능"",""official_defense_evidence"":""N"",""usage_note"":""탐색용 분류이며 기업의 방산업체 지정·군 납품을 의미하지 않음""},""duplicate_source_rows"":[]}"
c523822bc368ff85f3af63b7,CMP0237,통합솔루션,인접,company_category_bridge,1058,"{""original"":{""company_id"":""CMP0237"",""company_name_normalized"":""클로버스튜디오"",""business_category"":""통합솔루션"",""source_category_raw"":""지상통제장비/통합솔루션/앱"",""source_file"":""항공안전기술원_드론정보포털_기업명_사업분야_20240424 (1).csv"",""as_of_date"":""2024-04-24"",""defense_use_case_relation"":""인접"",""relation_rationale"":""체계통합·운용 소프트웨어와 연결 가능"",""official_defense_evidence"":""N"",""usage_note"":""탐색용 분류이며 기업의 방산업체 지정·군 납품을 의미하지 않음""},""duplicate_source_rows"":[1185]}"
8a318d222d0a42add4784278,CMP0237,앱,낮음,company_category_bridge,1059,"{""original"":{""company_id"":""CMP0237"",""company_name_normalized"":""클로버스튜디오"",""business_category"":""앱"",""source_category_raw"":""지상통제장비/통합솔루션/앱"",""source_file"":""항공안전기술원_드론정보포털_기업명_사업분야_20240424 (1).csv"",""as_of_date"":""2024-04-24"",""defense_use_case_relation"":""낮음"",""relation_rationale"":""세부 기능 확인 전 국방 연계 판단 불가"",""official_defense_evidence"":""N"",""usage_note"":""탐색용 분류이며 기업의 방산업체 지정·군 납품을 의미하지 않음""},""duplicate_source_rows"":[]}"
c660fea8570ee604b994a04e,CMP0247,감시.정찰.수색,직접,company_category_bridge,1060,"{""original"":{""company_id"":""CMP0247"",""company_name_normalized"":""팰콘샵"",""business_category"":""감시.정찰.수색"",""source_category_raw"":""감시.정찰.수색/인프라관리/물류·운송·구조/취미·교육/임무장비/모듈/통합솔루션"",""source_file"":""항공안전기술원_드론정보포털_기업명_사업분야_20240424 (1).csv"",""as_of_date"":""2024-04-24"",""defense_use_case_relation"":""직접"",""relation_rationale"":""군 감시·정찰 임무와 직접 연결 가능"",""official_defense_evidence"":""N"",""usage_note"":""탐색용 분류이며 기업의 방산업체 지정·군 납품을 의미하지 않음""},""duplicate_source_rows"":[]}"
0f8b3741d215632381271014,CMP0247,인프라관리,일반,company_category_bridge,1061,"{""original"":{""company_id"":""CMP0247"",""company_name_normalized"":""팰콘샵"",""business_category"":""인프라관리"",""source_category_raw"":""감시.정찰.수색/인프라관리/물류·운송·구조/취미·교육/임무장비/모듈/통합솔루션"",""source_file"":""항공안전기술원_드론정보포털_기업명_사업분야_20240424 (1).csv"",""as_of_date"":""2024-04-24"",""defense_use_case_relation"":""일반"",""relation_rationale"":""민수 활용 중심이나 군 시설 관리와 교차 가능"",""official_defense_evidence"":""N"",""usage_note"":""탐색용 분류이며 기업의 방산업체 지정·군 납품을 의미하지 않음""},""duplicate_source_rows"":[]}"
a2253e6628dee90ac3306e91,CMP0247,물류·운송·구조,일반,company_category_bridge,1062,"{""original"":{""company_id"":""CMP0247"",""company_name_normalized"":""팰콘샵"",""business_category"":""물류·운송·구조"",""source_category_raw"":""감시.정찰.수색/인프라관리/물류·운송·구조/취미·교육/임무장비/모듈/통합솔루션"",""source_file"":""항공안전기술원_드론정보포털_기업명_사업분야_20240424 (1).csv"",""as_of_date"":""2024-04-24"",""defense_use_case_relation"":""일반"",""relation_rationale"":""군수·수송 용례와 교차 가능"",""official_defense_evidence"":""N"",""usage_note"":""탐색용 분류이며 기업의 방산업체 지정·군 납품을 의미하지 않음""},""duplicate_source_rows"":[]}"
677460a1813dfcb85ff6b743,CMP0247,취미·교육,낮음,company_category_bridge,1063,"{""original"":{""company_id"":""CMP0247"",""company_name_normalized"":""팰콘샵"",""business_category"":""취미·교육"",""source_category_raw"":""감시.정찰.수색/인프라관리/물류·운송·구조/취미·교육/임무장비/모듈/통합솔루션"",""source_file"":""항공안전기술원_드론정보포털_기업명_사업분야_20240424 (1).csv"",""as_of_date"":""2024-04-24"",""defense_use_case_relation"":""낮음"",""relation_rationale"":""국방 연계 판단 근거로 사용하지 않음"",""official_defense_evidence"":""N"",""usage_note"":""탐색용 분류이며 기업의 방산업체 지정·군 납품을 의미하지 않음""},""duplicate_source_rows"":[]}"
76b12fbdfc99b6ce0de44d2e,CMP0247,임무장비,직접,company_category_bridge,1064,"{""original"":{""company_id"":""CMP0247"",""company_name_normalized"":""팰콘샵"",""business_category"":""임무장비"",""source_category_raw"":""감시.정찰.수색/인프라관리/물류·운송·구조/취미·교육/임무장비/모듈/통합솔루션"",""source_file"":""항공안전기술원_드론정보포털_기업명_사업분야_20240424 (1).csv"",""as_of_date"":""2024-04-24"",""defense_use_case_relation"":""직접"",""relation_rationale"":""정찰·공격·지원 임무장비와 연결 가능"",""official_defense_evidence"":""N"",""usage_note"":""탐색용 분류이며 기업의 방산업체 지정·군 납품을 의미하지 않음""},""duplicate_source_rows"":[]}"
c3fc49e7114e5f4b36660f47,CMP0247,모듈,인접,company_category_bridge,1065,"{""original"":{""company_id"":""CMP0247"",""company_name_normalized"":""팰콘샵"",""business_category"":""모듈"",""source_category_raw"":""감시.정찰.수색/인프라관리/물류·운송·구조/취미·교육/임무장비/모듈/통합솔루션"",""source_file"":""항공안전기술원_드론정보포털_기업명_사업분야_20240424 (1).csv"",""as_of_date"":""2024-04-24"",""defense_use_case_relation"":""인접"",""relation_rationale"":""국방 드론 부품·모듈 공급망 후보"",""official_defense_evidence"":""N"",""usage_note"":""탐색용 분류이며 기업의 방산업체 지정·군 납품을 의미하지 않음""},""duplicate_source_rows"":[]}"
29ba144cb22c6778b02cba23,CMP0247,통합솔루션,인접,company_category_bridge,1066,"{""original"":{""company_id"":""CMP0247"",""company_name_normalized"":""팰콘샵"",""business_category"":""통합솔루션"",""source_category_raw"":""감시.정찰.수색/인프라관리/물류·운송·구조/취미·교육/임무장비/모듈/통합솔루션"",""source_file"":""항공안전기술원_드론정보포털_기업명_사업분야_20240424 (1).csv"",""as_of_date"":""2024-04-24"",""defense_use_case_relation"":""인접"",""relation_rationale"":""체계통합·운용 소프트웨어와 연결 가능"",""official_defense_evidence"":""N"",""usage_note"":""탐색용 분류이며 기업의 방산업체 지정·군 납품을 의미하지 않음""},""duplicate_source_rows"":[]}"
110efdcb3bcec7453365fd82,CMP0253,감시.정찰.수색,직접,company_category_bridge,1067,"{""original"":{""company_id"":""CMP0253"",""company_name_normalized"":""프로펠"",""business_category"":""감시.정찰.수색"",""source_category_raw"":""감시.정찰.수색/인프라관리/물류·운송·구조/공간정보/특수촬영/환경측량/다목적 H/W/드론스테이션/임무장비"",""source_file"":""항공안전기술원_드론정보포털_기업명_사업분야_20240424 (1).csv"",""as_of_date"":""2024-04-24"",""defense_use_case_relation"":""직접"",""relation_rationale"":""군 감시·정찰 임무와 직접 연결 가능"",""official_defense_evidence"":""N"",""usage_note"":""탐색용 분류이며 기업의 방산업체 지정·군 납품을 의미하지 않음""},""duplicate_source_rows"":[]}"
42ffd71e1834d871315a16bb,CMP0253,인프라관리,일반,company_category_bridge,1068,"{""original"":{""company_id"":""CMP0253"",""company_name_normalized"":""프로펠"",""business_category"":""인프라관리"",""source_category_raw"":""감시.정찰.수색/인프라관리/물류·운송·구조/공간정보/특수촬영/환경측량/다목적 H/W/드론스테이션/임무장비"",""source_file"":""항공안전기술원_드론정보포털_기업명_사업분야_20240424 (1).csv"",""as_of_date"":""2024-04-24"",""defense_use_case_relation"":""일반"",""relation_rationale"":""민수 활용 중심이나 군 시설 관리와 교차 가능"",""official_defense_evidence"":""N"",""usage_note"":""탐색용 분류이며 기업의 방산업체 지정·군 납품을 의미하지 않음""},""duplicate_source_rows"":[]}"
b85154ed190c47088def67a5,CMP0253,물류·운송·구조,일반,company_category_bridge,1069,"{""original"":{""company_id"":""CMP0253"",""company_name_normalized"":""프로펠"",""business_category"":""물류·운송·구조"",""source_category_raw"":""감시.정찰.수색/인프라관리/물류·운송·구조/공간정보/특수촬영/환경측량/다목적 H/W/드론스테이션/임무장비"",""source_file"":""항공안전기술원_드론정보포털_기업명_사업분야_20240424 (1).csv"",""as_of_date"":""2024-04-24"",""defense_use_case_relation"":""일반"",""relation_rationale"":""군수·수송 용례와 교차 가능"",""official_defense_evidence"":""N"",""usage_note"":""탐색용 분류이며 기업의 방산업체 지정·군 납품을 의미하지 않음""},""duplicate_source_rows"":[]}"
9e9c77ac3d754f1420ef7772,CMP0253,공간정보,일반,company_category_bridge,1070,"{""original"":{""company_id"":""CMP0253"",""company_name_normalized"":""프로펠"",""business_category"":""공간정보"",""source_category_raw"":""감시.정찰.수색/인프라관리/물류·운송·구조/공간정보/특수촬영/환경측량/다목적 H/W/드론스테이션/임무장비"",""source_file"":""항공안전기술원_드론정보포털_기업명_사업분야_20240424 (1).csv"",""as_of_date"":""2024-04-24"",""defense_use_case_relation"":""일반"",""relation_rationale"":""군 지형·공간정보 용례와 교차 가능"",""official_defense_evidence"":""N"",""usage_note"":""탐색용 분류이며 기업의 방산업체 지정·군 납품을 의미하지 않음""},""duplicate_source_rows"":[]}"
a917386972153f5fb2458d1d,CMP0253,특수촬영,일반,company_category_bridge,1071,"{""original"":{""company_id"":""CMP0253"",""company_name_normalized"":""프로펠"",""business_category"":""특수촬영"",""source_category_raw"":""감시.정찰.수색/인프라관리/물류·운송·구조/공간정보/특수촬영/환경측량/다목적 H/W/드론스테이션/임무장비"",""source_file"":""항공안전기술원_드론정보포털_기업명_사업분야_20240424 (1).csv"",""as_of_date"":""2024-04-24"",""defense_use_case_relation"":""일반"",""relation_rationale"":""정찰 영상과 기술적으로 인접할 수 있음"",""official_defense_evidence"":""N"",""usage_note"":""탐색용 분류이며 기업의 방산업체 지정·군 납품을 의미하지 않음""},""duplicate_source_rows"":[]}"
9c6a239ec8ae201b73f29a9c,CMP0253,환경측량,일반,company_category_bridge,1072,"{""original"":{""company_id"":""CMP0253"",""company_name_normalized"":""프로펠"",""business_category"":""환경측량"",""source_category_raw"":""감시.정찰.수색/인프라관리/물류·운송·구조/공간정보/특수촬영/환경측량/다목적 H/W/드론스테이션/임무장비"",""source_file"":""항공안전기술원_드론정보포털_기업명_사업분야_20240424 (1).csv"",""as_of_date"":""2024-04-24"",""defense_use_case_relation"":""일반"",""relation_rationale"":""군 환경·지형 조사와 교차 가능"",""official_defense_evidence"":""N"",""usage_note"":""탐색용 분류이며 기업의 방산업체 지정·군 납품을 의미하지 않음""},""duplicate_source_rows"":[]}"
572f52f99e855b405edf72aa,CMP0253,다목적 H/W,인접,company_category_bridge,1073,"{""original"":{""company_id"":""CMP0253"",""company_name_normalized"":""프로펠"",""business_category"":""다목적 H/W"",""source_category_raw"":""감시.정찰.수색/인프라관리/물류·운송·구조/공간정보/특수촬영/환경측량/다목적 H/W/드론스테이션/임무장비"",""source_file"":""항공안전기술원_드론정보포털_기업명_사업분야_20240424 (1).csv"",""as_of_date"":""2024-04-24"",""defense_use_case_relation"":""인접"",""relation_rationale"":""기체·전자·탑재체 하드웨어 공급망 후보"",""official_defense_evidence"":""N"",""usage_note"":""탐색용 분류이며 기업의 방산업체 지정·군 납품을 의미하지 않음""},""duplicate_source_rows"":[]}"
a740780151b173199e3be435,CMP0253,드론스테이션,인접,company_category_bridge,1074,"{""original"":{""company_id"":""CMP0253"",""company_name_normalized"":""프로펠"",""business_category"":""드론스테이션"",""source_category_raw"":""감시.정찰.수색/인프라관리/물류·운송·구조/공간정보/특수촬영/환경측량/다목적 H/W/드론스테이션/임무장비"",""source_file"":""항공안전기술원_드론정보포털_기업명_사업분야_20240424 (1).csv"",""as_of_date"":""2024-04-24"",""defense_use_case_relation"":""인접"",""relation_rationale"":""무인 운용·원격 통제 인프라 후보"",""official_defense_evidence"":""N"",""usage_note"":""탐색용 분류이며 기업의 방산업체 지정·군 납품을 의미하지 않음""},""duplicate_source_rows"":[]}"
4384921a5020778400b2f8e2,CMP0253,임무장비,직접,company_category_bridge,1075,"{""original"":{""company_id"":""CMP0253"",""company_name_normalized"":""프로펠"",""business_category"":""임무장비"",""source_category_raw"":""감시.정찰.수색/인프라관리/물류·운송·구조/공간정보/특수촬영/환경측량/다목적 H/W/드론스테이션/임무장비"",""source_file"":""항공안전기술원_드론정보포털_기업명_사업분야_20240424 (1).csv"",""as_of_date"":""2024-04-24"",""defense_use_case_relation"":""직접"",""relation_rationale"":""정찰·공격·지원 임무장비와 연결 가능"",""official_defense_evidence"":""N"",""usage_note"":""탐색용 분류이며 기업의 방산업체 지정·군 납품을 의미하지 않음""},""duplicate_source_rows"":[]}"
96bf8c63405a0bd073fe2df1,CMP0259,지상통제장비,직접,company_category_bridge,1076,"{""original"":{""company_id"":""CMP0259"",""company_name_normalized"":""하늘로"",""business_category"":""지상통제장비"",""source_category_raw"":""지상통제장비/기타"",""source_file"":""항공안전기술원_드론정보포털_기업명_사업분야_20240424 (1).csv"",""as_of_date"":""2024-04-24"",""defense_use_case_relation"":""직접"",""relation_rationale"":""GCS·임무통제와 연결 가능"",""official_defense_evidence"":""N"",""usage_note"":""탐색용 분류이며 기업의 방산업체 지정·군 납품을 의미하지 않음""},""duplicate_source_rows"":[]}"
20bbcdd210d65bd7f54c6d21,CMP0259,기타,미확인,company_category_bridge,1077,"{""original"":{""company_id"":""CMP0259"",""company_name_normalized"":""하늘로"",""business_category"":""기타"",""source_category_raw"":""지상통제장비/기타"",""source_file"":""항공안전기술원_드론정보포털_기업명_사업분야_20240424 (1).csv"",""as_of_date"":""2024-04-24"",""defense_use_case_relation"":""미확인"",""relation_rationale"":""세부 내용 확인 필요"",""official_defense_evidence"":""N"",""usage_note"":""탐색용 분류이며 기업의 방산업체 지정·군 납품을 의미하지 않음""},""duplicate_source_rows"":[]}"
67143b94137c09b00a656ee9,CMP0280,감시.정찰.수색,직접,company_category_bridge,1078,"{""original"":{""company_id"":""CMP0280"",""company_name_normalized"":""한울드론"",""business_category"":""감시.정찰.수색"",""source_category_raw"":""감시.정찰.수색/인프라관리/물류·운송·구조/임무장비/모듈"",""source_file"":""항공안전기술원_드론정보포털_기업명_사업분야_20240424 (1).csv"",""as_of_date"":""2024-04-24"",""defense_use_case_relation"":""직접"",""relation_rationale"":""군 감시·정찰 임무와 직접 연결 가능"",""official_defense_evidence"":""N"",""usage_note"":""탐색용 분류이며 기업의 방산업체 지정·군 납품을 의미하지 않음""},""duplicate_source_rows"":[]}"
2058e04a36ab14f5e5ccad88,CMP0280,인프라관리,일반,company_category_bridge,1079,"{""original"":{""company_id"":""CMP0280"",""company_name_normalized"":""한울드론"",""business_category"":""인프라관리"",""source_category_raw"":""감시.정찰.수색/인프라관리/물류·운송·구조/임무장비/모듈"",""source_file"":""항공안전기술원_드론정보포털_기업명_사업분야_20240424 (1).csv"",""as_of_date"":""2024-04-24"",""defense_use_case_relation"":""일반"",""relation_rationale"":""민수 활용 중심이나 군 시설 관리와 교차 가능"",""official_defense_evidence"":""N"",""usage_note"":""탐색용 분류이며 기업의 방산업체 지정·군 납품을 의미하지 않음""},""duplicate_source_rows"":[]}"
d9ecd9b0e7a0c23ea82f788a,CMP0280,물류·운송·구조,일반,company_category_bridge,1080,"{""original"":{""company_id"":""CMP0280"",""company_name_normalized"":""한울드론"",""business_category"":""물류·운송·구조"",""source_category_raw"":""감시.정찰.수색/인프라관리/물류·운송·구조/임무장비/모듈"",""source_file"":""항공안전기술원_드론정보포털_기업명_사업분야_20240424 (1).csv"",""as_of_date"":""2024-04-24"",""defense_use_case_relation"":""일반"",""relation_rationale"":""군수·수송 용례와 교차 가능"",""official_defense_evidence"":""N"",""usage_note"":""탐색용 분류이며 기업의 방산업체 지정·군 납품을 의미하지 않음""},""duplicate_source_rows"":[]}"
ae19d98acf95bf7588354e82,CMP0280,임무장비,직접,company_category_bridge,1081,"{""original"":{""company_id"":""CMP0280"",""company_name_normalized"":""한울드론"",""business_category"":""임무장비"",""source_category_raw"":""감시.정찰.수색/인프라관리/물류·운송·구조/임무장비/모듈"",""source_file"":""항공안전기술원_드론정보포털_기업명_사업분야_20240424 (1).csv"",""as_of_date"":""2024-04-24"",""defense_use_case_relation"":""직접"",""relation_rationale"":""정찰·공격·지원 임무장비와 연결 가능"",""official_defense_evidence"":""N"",""usage_note"":""탐색용 분류이며 기업의 방산업체 지정·군 납품을 의미하지 않음""},""duplicate_source_rows"":[]}"
1215d34a975ffb0cc4ef17bf,CMP0280,모듈,인접,company_category_bridge,1082,"{""original"":{""company_id"":""CMP0280"",""company_name_normalized"":""한울드론"",""business_category"":""모듈"",""source_category_raw"":""감시.정찰.수색/인프라관리/물류·운송·구조/임무장비/모듈"",""source_file"":""항공안전기술원_드론정보포털_기업명_사업분야_20240424 (1).csv"",""as_of_date"":""2024-04-24"",""defense_use_case_relation"":""인접"",""relation_rationale"":""국방 드론 부품·모듈 공급망 후보"",""official_defense_evidence"":""N"",""usage_note"":""탐색용 분류이며 기업의 방산업체 지정·군 납품을 의미하지 않음""},""duplicate_source_rows"":[]}"
213135f118ed16bb6f49afc9,CMP0288,감시.정찰.수색,직접,company_category_bridge,1083,"{""original"":{""company_id"":""CMP0288"",""company_name_normalized"":""헤디"",""business_category"":""감시.정찰.수색"",""source_category_raw"":""감시.정찰.수색/인프라관리/물류·운송·구조/방역/방제/살포/다목적 H/W/드론스테이션/임무장비/모듈/지상통제장비/앱/기타"",""source_file"":""항공안전기술원_드론정보포털_기업명_사업분야_20240424 (1).csv"",""as_of_date"":""2024-04-24"",""defense_use_case_relation"":""직접"",""relation_rationale"":""군 감시·정찰 임무와 직접 연결 가능"",""official_defense_evidence"":""N"",""usage_note"":""탐색용 분류이며 기업의 방산업체 지정·군 납품을 의미하지 않음""},""duplicate_source_rows"":[]}"
0bc70532fe8d228244910858,CMP0288,인프라관리,일반,company_category_bridge,1084,"{""original"":{""company_id"":""CMP0288"",""company_name_normalized"":""헤디"",""business_category"":""인프라관리"",""source_category_raw"":""감시.정찰.수색/인프라관리/물류·운송·구조/방역/방제/살포/다목적 H/W/드론스테이션/임무장비/모듈/지상통제장비/앱/기타"",""source_file"":""항공안전기술원_드론정보포털_기업명_사업분야_20240424 (1).csv"",""as_of_date"":""2024-04-24"",""defense_use_case_relation"":""일반"",""relation_rationale"":""민수 활용 중심이나 군 시설 관리와 교차 가능"",""official_defense_evidence"":""N"",""usage_note"":""탐색용 분류이며 기업의 방산업체 지정·군 납품을 의미하지 않음""},""duplicate_source_rows"":[]}"
d3a4d6bd5c91dd0e1979aacb,CMP0288,물류·운송·구조,일반,company_category_bridge,1085,"{""original"":{""company_id"":""CMP0288"",""company_name_normalized"":""헤디"",""business_category"":""물류·운송·구조"",""source_category_raw"":""감시.정찰.수색/인프라관리/물류·운송·구조/방역/방제/살포/다목적 H/W/드론스테이션/임무장비/모듈/지상통제장비/앱/기타"",""source_file"":""항공안전기술원_드론정보포털_기업명_사업분야_20240424 (1).csv"",""as_of_date"":""2024-04-24"",""defense_use_case_relation"":""일반"",""relation_rationale"":""군수·수송 용례와 교차 가능"",""official_defense_evidence"":""N"",""usage_note"":""탐색용 분류이며 기업의 방산업체 지정·군 납품을 의미하지 않음""},""duplicate_source_rows"":[]}"
e024c3caa58cd3ea86cb3aae,CMP0288,방역/방제/살포,낮음,company_category_bridge,1086,"{""original"":{""company_id"":""CMP0288"",""company_name_normalized"":""헤디"",""business_category"":""방역/방제/살포"",""source_category_raw"":""감시.정찰.수색/인프라관리/물류·운송·구조/방역/방제/살포/다목적 H/W/드론스테이션/임무장비/모듈/지상통제장비/앱/기타"",""source_file"":""항공안전기술원_드론정보포털_기업명_사업분야_20240424 (1).csv"",""as_of_date"":""2024-04-24"",""defense_use_case_relation"":""낮음"",""relation_rationale"":""주로 민수 활용"",""official_defense_evidence"":""N"",""usage_note"":""탐색용 분류이며 기업의 방산업체 지정·군 납품을 의미하지 않음""},""duplicate_source_rows"":[]}"
c964f464bc858c7677326b39,CMP0288,다목적 H/W,인접,company_category_bridge,1087,"{""original"":{""company_id"":""CMP0288"",""company_name_normalized"":""헤디"",""business_category"":""다목적 H/W"",""source_category_raw"":""감시.정찰.수색/인프라관리/물류·운송·구조/방역/방제/살포/다목적 H/W/드론스테이션/임무장비/모듈/지상통제장비/앱/기타"",""source_file"":""항공안전기술원_드론정보포털_기업명_사업분야_20240424 (1).csv"",""as_of_date"":""2024-04-24"",""defense_use_case_relation"":""인접"",""relation_rationale"":""기체·전자·탑재체 하드웨어 공급망 후보"",""official_defense_evidence"":""N"",""usage_note"":""탐색용 분류이며 기업의 방산업체 지정·군 납품을 의미하지 않음""},""duplicate_source_rows"":[]}"
0daea55b13daed045743ecbc,CMP0288,드론스테이션,인접,company_category_bridge,1088,"{""original"":{""company_id"":""CMP0288"",""company_name_normalized"":""헤디"",""business_category"":""드론스테이션"",""source_category_raw"":""감시.정찰.수색/인프라관리/물류·운송·구조/방역/방제/살포/다목적 H/W/드론스테이션/임무장비/모듈/지상통제장비/앱/기타"",""source_file"":""항공안전기술원_드론정보포털_기업명_사업분야_20240424 (1).csv"",""as_of_date"":""2024-04-24"",""defense_use_case_relation"":""인접"",""relation_rationale"":""무인 운용·원격 통제 인프라 후보"",""official_defense_evidence"":""N"",""usage_note"":""탐색용 분류이며 기업의 방산업체 지정·군 납품을 의미하지 않음""},""duplicate_source_rows"":[]}"
2af5b1bfb658126a2a3f12dd,CMP0288,임무장비,직접,company_category_bridge,1089,"{""original"":{""company_id"":""CMP0288"",""company_name_normalized"":""헤디"",""business_category"":""임무장비"",""source_category_raw"":""감시.정찰.수색/인프라관리/물류·운송·구조/방역/방제/살포/다목적 H/W/드론스테이션/임무장비/모듈/지상통제장비/앱/기타"",""source_file"":""항공안전기술원_드론정보포털_기업명_사업분야_20240424 (1).csv"",""as_of_date"":""2024-04-24"",""defense_use_case_relation"":""직접"",""relation_rationale"":""정찰·공격·지원 임무장비와 연결 가능"",""official_defense_evidence"":""N"",""usage_note"":""탐색용 분류이며 기업의 방산업체 지정·군 납품을 의미하지 않음""},""duplicate_source_rows"":[]}"
83bb407faeb746ce7df56064,CMP0288,모듈,인접,company_category_bridge,1090,"{""original"":{""company_id"":""CMP0288"",""company_name_normalized"":""헤디"",""business_category"":""모듈"",""source_category_raw"":""감시.정찰.수색/인프라관리/물류·운송·구조/방역/방제/살포/다목적 H/W/드론스테이션/임무장비/모듈/지상통제장비/앱/기타"",""source_file"":""항공안전기술원_드론정보포털_기업명_사업분야_20240424 (1).csv"",""as_of_date"":""2024-04-24"",""defense_use_case_relation"":""인접"",""relation_rationale"":""국방 드론 부품·모듈 공급망 후보"",""official_defense_evidence"":""N"",""usage_note"":""탐색용 분류이며 기업의 방산업체 지정·군 납품을 의미하지 않음""},""duplicate_source_rows"":[]}"
cdad25bc26b613ff226c1541,CMP0288,지상통제장비,직접,company_category_bridge,1091,"{""original"":{""company_id"":""CMP0288"",""company_name_normalized"":""헤디"",""business_category"":""지상통제장비"",""source_category_raw"":""감시.정찰.수색/인프라관리/물류·운송·구조/방역/방제/살포/다목적 H/W/드론스테이션/임무장비/모듈/지상통제장비/앱/기타"",""source_file"":""항공안전기술원_드론정보포털_기업명_사업분야_20240424 (1).csv"",""as_of_date"":""2024-04-24"",""defense_use_case_relation"":""직접"",""relation_rationale"":""GCS·임무통제와 연결 가능"",""official_defense_evidence"":""N"",""usage_note"":""탐색용 분류이며 기업의 방산업체 지정·군 납품을 의미하지 않음""},""duplicate_source_rows"":[]}"
df7f538c1724265ddc2beaa2,CMP0288,앱,낮음,company_category_bridge,1092,"{""original"":{""company_id"":""CMP0288"",""company_name_normalized"":""헤디"",""business_category"":""앱"",""source_category_raw"":""감시.정찰.수색/인프라관리/물류·운송·구조/방역/방제/살포/다목적 H/W/드론스테이션/임무장비/모듈/지상통제장비/앱/기타"",""source_file"":""항공안전기술원_드론정보포털_기업명_사업분야_20240424 (1).csv"",""as_of_date"":""2024-04-24"",""defense_use_case_relation"":""낮음"",""relation_rationale"":""세부 기능 확인 전 국방 연계 판단 불가"",""official_defense_evidence"":""N"",""usage_note"":""탐색용 분류이며 기업의 방산업체 지정·군 납품을 의미하지 않음""},""duplicate_source_rows"":[]}"
ffff666f3f222c00af4e2f5e,CMP0288,기타,미확인,company_category_bridge,1093,"{""original"":{""company_id"":""CMP0288"",""company_name_normalized"":""헤디"",""business_category"":""기타"",""source_category_raw"":""감시.정찰.수색/인프라관리/물류·운송·구조/방역/방제/살포/다목적 H/W/드론스테이션/임무장비/모듈/지상통제장비/앱/기타"",""source_file"":""항공안전기술원_드론정보포털_기업명_사업분야_20240424 (1).csv"",""as_of_date"":""2024-04-24"",""defense_use_case_relation"":""미확인"",""relation_rationale"":""세부 내용 확인 필요"",""official_defense_evidence"":""N"",""usage_note"":""탐색용 분류이며 기업의 방산업체 지정·군 납품을 의미하지 않음""},""duplicate_source_rows"":[]}"
496d43605567e0f7ac6a3f17,CMP0290,통합솔루션,인접,company_category_bridge,1094,"{""original"":{""company_id"":""CMP0290"",""company_name_normalized"":""헬셀"",""business_category"":""통합솔루션"",""source_category_raw"":""통합솔루션/드론스테이션/임무장비/감시.정찰.수색/인프라관리/물류·운송·구조/공간정보/특수촬영/방역/방제/살포/환경측량/다목적 H/W/방송·공연/취미·교육"",""source_file"":""항공안전기술원_드론정보포털_기업명_사업분야_20240424 (1).csv"",""as_of_date"":""2024-04-24"",""defense_use_case_relation"":""인접"",""relation_rationale"":""체계통합·운용 소프트웨어와 연결 가능"",""official_defense_evidence"":""N"",""usage_note"":""탐색용 분류이며 기업의 방산업체 지정·군 납품을 의미하지 않음""},""duplicate_source_rows"":[]}"
2039c2cf1dd5794eabebd5c3,CMP0290,드론스테이션,인접,company_category_bridge,1095,"{""original"":{""company_id"":""CMP0290"",""company_name_normalized"":""헬셀"",""business_category"":""드론스테이션"",""source_category_raw"":""통합솔루션/드론스테이션/임무장비/감시.정찰.수색/인프라관리/물류·운송·구조/공간정보/특수촬영/방역/방제/살포/환경측량/다목적 H/W/방송·공연/취미·교육"",""source_file"":""항공안전기술원_드론정보포털_기업명_사업분야_20240424 (1).csv"",""as_of_date"":""2024-04-24"",""defense_use_case_relation"":""인접"",""relation_rationale"":""무인 운용·원격 통제 인프라 후보"",""official_defense_evidence"":""N"",""usage_note"":""탐색용 분류이며 기업의 방산업체 지정·군 납품을 의미하지 않음""},""duplicate_source_rows"":[]}"
ea05999bca99c6796b2aee13,CMP0290,임무장비,직접,company_category_bridge,1096,"{""original"":{""company_id"":""CMP0290"",""company_name_normalized"":""헬셀"",""business_category"":""임무장비"",""source_category_raw"":""통합솔루션/드론스테이션/임무장비/감시.정찰.수색/인프라관리/물류·운송·구조/공간정보/특수촬영/방역/방제/살포/환경측량/다목적 H/W/방송·공연/취미·교육"",""source_file"":""항공안전기술원_드론정보포털_기업명_사업분야_20240424 (1).csv"",""as_of_date"":""2024-04-24"",""defense_use_case_relation"":""직접"",""relation_rationale"":""정찰·공격·지원 임무장비와 연결 가능"",""official_defense_evidence"":""N"",""usage_note"":""탐색용 분류이며 기업의 방산업체 지정·군 납품을 의미하지 않음""},""duplicate_source_rows"":[]}"
d99de4c38dba4e40d9cd8d6e,CMP0290,감시.정찰.수색,직접,company_category_bridge,1097,"{""original"":{""company_id"":""CMP0290"",""company_name_normalized"":""헬셀"",""business_category"":""감시.정찰.수색"",""source_category_raw"":""통합솔루션/드론스테이션/임무장비/감시.정찰.수색/인프라관리/물류·운송·구조/공간정보/특수촬영/방역/방제/살포/환경측량/다목적 H/W/방송·공연/취미·교육"",""source_file"":""항공안전기술원_드론정보포털_기업명_사업분야_20240424 (1).csv"",""as_of_date"":""2024-04-24"",""defense_use_case_relation"":""직접"",""relation_rationale"":""군 감시·정찰 임무와 직접 연결 가능"",""official_defense_evidence"":""N"",""usage_note"":""탐색용 분류이며 기업의 방산업체 지정·군 납품을 의미하지 않음""},""duplicate_source_rows"":[]}"
b824941fff475f233faf6f97,CMP0290,인프라관리,일반,company_category_bridge,1098,"{""original"":{""company_id"":""CMP0290"",""company_name_normalized"":""헬셀"",""business_category"":""인프라관리"",""source_category_raw"":""통합솔루션/드론스테이션/임무장비/감시.정찰.수색/인프라관리/물류·운송·구조/공간정보/특수촬영/방역/방제/살포/환경측량/다목적 H/W/방송·공연/취미·교육"",""source_file"":""항공안전기술원_드론정보포털_기업명_사업분야_20240424 (1).csv"",""as_of_date"":""2024-04-24"",""defense_use_case_relation"":""일반"",""relation_rationale"":""민수 활용 중심이나 군 시설 관리와 교차 가능"",""official_defense_evidence"":""N"",""usage_note"":""탐색용 분류이며 기업의 방산업체 지정·군 납품을 의미하지 않음""},""duplicate_source_rows"":[]}"
15210ce984d837cc1cc19d17,CMP0290,물류·운송·구조,일반,company_category_bridge,1099,"{""original"":{""company_id"":""CMP0290"",""company_name_normalized"":""헬셀"",""business_category"":""물류·운송·구조"",""source_category_raw"":""통합솔루션/드론스테이션/임무장비/감시.정찰.수색/인프라관리/물류·운송·구조/공간정보/특수촬영/방역/방제/살포/환경측량/다목적 H/W/방송·공연/취미·교육"",""source_file"":""항공안전기술원_드론정보포털_기업명_사업분야_20240424 (1).csv"",""as_of_date"":""2024-04-24"",""defense_use_case_relation"":""일반"",""relation_rationale"":""군수·수송 용례와 교차 가능"",""official_defense_evidence"":""N"",""usage_note"":""탐색용 분류이며 기업의 방산업체 지정·군 납품을 의미하지 않음""},""duplicate_source_rows"":[]}"
1b23bf06bb86c76a40a9ae76,CMP0290,공간정보,일반,company_category_bridge,1100,"{""original"":{""company_id"":""CMP0290"",""company_name_normalized"":""헬셀"",""business_category"":""공간정보"",""source_category_raw"":""통합솔루션/드론스테이션/임무장비/감시.정찰.수색/인프라관리/물류·운송·구조/공간정보/특수촬영/방역/방제/살포/환경측량/다목적 H/W/방송·공연/취미·교육"",""source_file"":""항공안전기술원_드론정보포털_기업명_사업분야_20240424 (1).csv"",""as_of_date"":""2024-04-24"",""defense_use_case_relation"":""일반"",""relation_rationale"":""군 지형·공간정보 용례와 교차 가능"",""official_defense_evidence"":""N"",""usage_note"":""탐색용 분류이며 기업의 방산업체 지정·군 납품을 의미하지 않음""},""duplicate_source_rows"":[]}"
6bd3662f2ac2136e76c9d34d,CMP0290,특수촬영,일반,company_category_bridge,1101,"{""original"":{""company_id"":""CMP0290"",""company_name_normalized"":""헬셀"",""business_category"":""특수촬영"",""source_category_raw"":""통합솔루션/드론스테이션/임무장비/감시.정찰.수색/인프라관리/물류·운송·구조/공간정보/특수촬영/방역/방제/살포/환경측량/다목적 H/W/방송·공연/취미·교육"",""source_file"":""항공안전기술원_드론정보포털_기업명_사업분야_20240424 (1).csv"",""as_of_date"":""2024-04-24"",""defense_use_case_relation"":""일반"",""relation_rationale"":""정찰 영상과 기술적으로 인접할 수 있음"",""official_defense_evidence"":""N"",""usage_note"":""탐색용 분류이며 기업의 방산업체 지정·군 납품을 의미하지 않음""},""duplicate_source_rows"":[]}"
6b7911cd1bfb8ae6e334a245,CMP0290,방역/방제/살포,낮음,company_category_bridge,1102,"{""original"":{""company_id"":""CMP0290"",""company_name_normalized"":""헬셀"",""business_category"":""방역/방제/살포"",""source_category_raw"":""통합솔루션/드론스테이션/임무장비/감시.정찰.수색/인프라관리/물류·운송·구조/공간정보/특수촬영/방역/방제/살포/환경측량/다목적 H/W/방송·공연/취미·교육"",""source_file"":""항공안전기술원_드론정보포털_기업명_사업분야_20240424 (1).csv"",""as_of_date"":""2024-04-24"",""defense_use_case_relation"":""낮음"",""relation_rationale"":""주로 민수 활용"",""official_defense_evidence"":""N"",""usage_note"":""탐색용 분류이며 기업의 방산업체 지정·군 납품을 의미하지 않음""},""duplicate_source_rows"":[]}"
c5e878c1221fe372abc2c2a8,CMP0290,환경측량,일반,company_category_bridge,1103,"{""original"":{""company_id"":""CMP0290"",""company_name_normalized"":""헬셀"",""business_category"":""환경측량"",""source_category_raw"":""통합솔루션/드론스테이션/임무장비/감시.정찰.수색/인프라관리/물류·운송·구조/공간정보/특수촬영/방역/방제/살포/환경측량/다목적 H/W/방송·공연/취미·교육"",""source_file"":""항공안전기술원_드론정보포털_기업명_사업분야_20240424 (1).csv"",""as_of_date"":""2024-04-24"",""defense_use_case_relation"":""일반"",""relation_rationale"":""군 환경·지형 조사와 교차 가능"",""official_defense_evidence"":""N"",""usage_note"":""탐색용 분류이며 기업의 방산업체 지정·군 납품을 의미하지 않음""},""duplicate_source_rows"":[]}"
354a5e8a5fd68f83e72bf553,CMP0290,다목적 H/W,인접,company_category_bridge,1104,"{""original"":{""company_id"":""CMP0290"",""company_name_normalized"":""헬셀"",""business_category"":""다목적 H/W"",""source_category_raw"":""통합솔루션/드론스테이션/임무장비/감시.정찰.수색/인프라관리/물류·운송·구조/공간정보/특수촬영/방역/방제/살포/환경측량/다목적 H/W/방송·공연/취미·교육"",""source_file"":""항공안전기술원_드론정보포털_기업명_사업분야_20240424 (1).csv"",""as_of_date"":""2024-04-24"",""defense_use_case_relation"":""인접"",""relation_rationale"":""기체·전자·탑재체 하드웨어 공급망 후보"",""official_defense_evidence"":""N"",""usage_note"":""탐색용 분류이며 기업의 방산업체 지정·군 납품을 의미하지 않음""},""duplicate_source_rows"":[]}"
73ca5aec4e588ed6c71edd0b,CMP0290,방송·공연,낮음,company_category_bridge,1105,"{""original"":{""company_id"":""CMP0290"",""company_name_normalized"":""헬셀"",""business_category"":""방송·공연"",""source_category_raw"":""통합솔루션/드론스테이션/임무장비/감시.정찰.수색/인프라관리/물류·운송·구조/공간정보/특수촬영/방역/방제/살포/환경측량/다목적 H/W/방송·공연/취미·교육"",""source_file"":""항공안전기술원_드론정보포털_기업명_사업분야_20240424 (1).csv"",""as_of_date"":""2024-04-24"",""defense_use_case_relation"":""낮음"",""relation_rationale"":""국방 연계 판단 근거로 사용하지 않음"",""official_defense_evidence"":""N"",""usage_note"":""탐색용 분류이며 기업의 방산업체 지정·군 납품을 의미하지 않음""},""duplicate_source_rows"":[]}"
257f88b80471a820dd5d3813,CMP0290,취미·교육,낮음,company_category_bridge,1106,"{""original"":{""company_id"":""CMP0290"",""company_name_normalized"":""헬셀"",""business_category"":""취미·교육"",""source_category_raw"":""통합솔루션/드론스테이션/임무장비/감시.정찰.수색/인프라관리/물류·운송·구조/공간정보/특수촬영/방역/방제/살포/환경측량/다목적 H/W/방송·공연/취미·교육"",""source_file"":""항공안전기술원_드론정보포털_기업명_사업분야_20240424 (1).csv"",""as_of_date"":""2024-04-24"",""defense_use_case_relation"":""낮음"",""relation_rationale"":""국방 연계 판단 근거로 사용하지 않음"",""official_defense_evidence"":""N"",""usage_note"":""탐색용 분류이며 기업의 방산업체 지정·군 납품을 의미하지 않음""},""duplicate_source_rows"":[]}"
baf5b1a0dc92576703be1c06,CMP0297,환경측량,일반,company_category_bridge,1107,"{""original"":{""company_id"":""CMP0297"",""company_name_normalized"":""휴론네트워크"",""business_category"":""환경측량"",""source_category_raw"":""환경측량"",""source_file"":""항공안전기술원_드론정보포털_기업명_사업분야_20240424 (1).csv"",""as_of_date"":""2024-04-24"",""defense_use_case_relation"":""일반"",""relation_rationale"":""군 환경·지형 조사와 교차 가능"",""official_defense_evidence"":""N"",""usage_note"":""탐색용 분류이며 기업의 방산업체 지정·군 납품을 의미하지 않음""},""duplicate_source_rows"":[]}"
63f4548a254401faf0868394,CMP0298,감시.정찰.수색,직접,company_category_bridge,1108,"{""original"":{""company_id"":""CMP0298"",""company_name_normalized"":""휴머놀러지"",""business_category"":""감시.정찰.수색"",""source_category_raw"":""감시.정찰.수색/인프라관리/지상통제장비/앱"",""source_file"":""항공안전기술원_드론정보포털_기업명_사업분야_20240424 (1).csv"",""as_of_date"":""2024-04-24"",""defense_use_case_relation"":""직접"",""relation_rationale"":""군 감시·정찰 임무와 직접 연결 가능"",""official_defense_evidence"":""N"",""usage_note"":""탐색용 분류이며 기업의 방산업체 지정·군 납품을 의미하지 않음""},""duplicate_source_rows"":[]}"
75a991fb89d9046f5553c3fc,CMP0298,인프라관리,일반,company_category_bridge,1109,"{""original"":{""company_id"":""CMP0298"",""company_name_normalized"":""휴머놀러지"",""business_category"":""인프라관리"",""source_category_raw"":""감시.정찰.수색/인프라관리/지상통제장비/앱"",""source_file"":""항공안전기술원_드론정보포털_기업명_사업분야_20240424 (1).csv"",""as_of_date"":""2024-04-24"",""defense_use_case_relation"":""일반"",""relation_rationale"":""민수 활용 중심이나 군 시설 관리와 교차 가능"",""official_defense_evidence"":""N"",""usage_note"":""탐색용 분류이며 기업의 방산업체 지정·군 납품을 의미하지 않음""},""duplicate_source_rows"":[]}"
d9a6925466368a7f22610734,CMP0298,지상통제장비,직접,company_category_bridge,1110,"{""original"":{""company_id"":""CMP0298"",""company_name_normalized"":""휴머놀러지"",""business_category"":""지상통제장비"",""source_category_raw"":""감시.정찰.수색/인프라관리/지상통제장비/앱"",""source_file"":""항공안전기술원_드론정보포털_기업명_사업분야_20240424 (1).csv"",""as_of_date"":""2024-04-24"",""defense_use_case_relation"":""직접"",""relation_rationale"":""GCS·임무통제와 연결 가능"",""official_defense_evidence"":""N"",""usage_note"":""탐색용 분류이며 기업의 방산업체 지정·군 납품을 의미하지 않음""},""duplicate_source_rows"":[]}"
50ded7a49c2445f38213662e,CMP0298,앱,낮음,company_category_bridge,1111,"{""original"":{""company_id"":""CMP0298"",""company_name_normalized"":""휴머놀러지"",""business_category"":""앱"",""source_category_raw"":""감시.정찰.수색/인프라관리/지상통제장비/앱"",""source_file"":""항공안전기술원_드론정보포털_기업명_사업분야_20240424 (1).csv"",""as_of_date"":""2024-04-24"",""defense_use_case_relation"":""낮음"",""relation_rationale"":""세부 기능 확인 전 국방 연계 판단 불가"",""official_defense_evidence"":""N"",""usage_note"":""탐색용 분류이며 기업의 방산업체 지정·군 납품을 의미하지 않음""},""duplicate_source_rows"":[]}"
538bb56f5884681d55bfef4c,CMP0115,감시.정찰.수색,직접,company_category_bridge,1112,"{""original"":{""company_id"":""CMP0115"",""company_name_normalized"":""비거텍코리아"",""business_category"":""감시.정찰.수색"",""source_category_raw"":""감시.정찰.수색/인프라관리/물류·운송·구조/다목적 H/W/통합솔루션"",""source_file"":""항공안전기술원_드론정보포털_기업명_사업분야_20240424 (1).csv"",""as_of_date"":""2024-04-24"",""defense_use_case_relation"":""직접"",""relation_rationale"":""군 감시·정찰 임무와 직접 연결 가능"",""official_defense_evidence"":""N"",""usage_note"":""탐색용 분류이며 기업의 방산업체 지정·군 납품을 의미하지 않음""},""duplicate_source_rows"":[]}"
c52dcf93e0cfe06a77c30fcc,CMP0115,인프라관리,일반,company_category_bridge,1113,"{""original"":{""company_id"":""CMP0115"",""company_name_normalized"":""비거텍코리아"",""business_category"":""인프라관리"",""source_category_raw"":""감시.정찰.수색/인프라관리/물류·운송·구조/다목적 H/W/통합솔루션"",""source_file"":""항공안전기술원_드론정보포털_기업명_사업분야_20240424 (1).csv"",""as_of_date"":""2024-04-24"",""defense_use_case_relation"":""일반"",""relation_rationale"":""민수 활용 중심이나 군 시설 관리와 교차 가능"",""official_defense_evidence"":""N"",""usage_note"":""탐색용 분류이며 기업의 방산업체 지정·군 납품을 의미하지 않음""},""duplicate_source_rows"":[]}"
7166e83f718adfa98fffda90,CMP0115,물류·운송·구조,일반,company_category_bridge,1114,"{""original"":{""company_id"":""CMP0115"",""company_name_normalized"":""비거텍코리아"",""business_category"":""물류·운송·구조"",""source_category_raw"":""감시.정찰.수색/인프라관리/물류·운송·구조/다목적 H/W/통합솔루션"",""source_file"":""항공안전기술원_드론정보포털_기업명_사업분야_20240424 (1).csv"",""as_of_date"":""2024-04-24"",""defense_use_case_relation"":""일반"",""relation_rationale"":""군수·수송 용례와 교차 가능"",""official_defense_evidence"":""N"",""usage_note"":""탐색용 분류이며 기업의 방산업체 지정·군 납품을 의미하지 않음""},""duplicate_source_rows"":[]}"
9cb8e8ee8d6e2f686060c8b8,CMP0115,다목적 H/W,인접,company_category_bridge,1115,"{""original"":{""company_id"":""CMP0115"",""company_name_normalized"":""비거텍코리아"",""business_category"":""다목적 H/W"",""source_category_raw"":""감시.정찰.수색/인프라관리/물류·운송·구조/다목적 H/W/통합솔루션"",""source_file"":""항공안전기술원_드론정보포털_기업명_사업분야_20240424 (1).csv"",""as_of_date"":""2024-04-24"",""defense_use_case_relation"":""인접"",""relation_rationale"":""기체·전자·탑재체 하드웨어 공급망 후보"",""official_defense_evidence"":""N"",""usage_note"":""탐색용 분류이며 기업의 방산업체 지정·군 납품을 의미하지 않음""},""duplicate_source_rows"":[]}"
00ede2a46a32aa99bbfdec2c,CMP0115,통합솔루션,인접,company_category_bridge,1116,"{""original"":{""company_id"":""CMP0115"",""company_name_normalized"":""비거텍코리아"",""business_category"":""통합솔루션"",""source_category_raw"":""감시.정찰.수색/인프라관리/물류·운송·구조/다목적 H/W/통합솔루션"",""source_file"":""항공안전기술원_드론정보포털_기업명_사업분야_20240424 (1).csv"",""as_of_date"":""2024-04-24"",""defense_use_case_relation"":""인접"",""relation_rationale"":""체계통합·운용 소프트웨어와 연결 가능"",""official_defense_evidence"":""N"",""usage_note"":""탐색용 분류이며 기업의 방산업체 지정·군 납품을 의미하지 않음""},""duplicate_source_rows"":[]}"
a04ccc19a433ad6d59fc85b5,CMP0177,공간정보,일반,company_category_bridge,1117,"{""original"":{""company_id"":""CMP0177"",""company_name_normalized"":""에이엔에이치시스템즈"",""business_category"":""공간정보"",""source_category_raw"":""공간정보/특수촬영/다목적 H/W/드론스테이션/지상통제장비/통합솔루션"",""source_file"":""항공안전기술원_드론정보포털_기업명_사업분야_20240424 (1).csv"",""as_of_date"":""2024-04-24"",""defense_use_case_relation"":""일반"",""relation_rationale"":""군 지형·공간정보 용례와 교차 가능"",""official_defense_evidence"":""N"",""usage_note"":""탐색용 분류이며 기업의 방산업체 지정·군 납품을 의미하지 않음""},""duplicate_source_rows"":[]}"
80e4f3e0c969aedf64ba1416,CMP0177,특수촬영,일반,company_category_bridge,1118,"{""original"":{""company_id"":""CMP0177"",""company_name_normalized"":""에이엔에이치시스템즈"",""business_category"":""특수촬영"",""source_category_raw"":""공간정보/특수촬영/다목적 H/W/드론스테이션/지상통제장비/통합솔루션"",""source_file"":""항공안전기술원_드론정보포털_기업명_사업분야_20240424 (1).csv"",""as_of_date"":""2024-04-24"",""defense_use_case_relation"":""일반"",""relation_rationale"":""정찰 영상과 기술적으로 인접할 수 있음"",""official_defense_evidence"":""N"",""usage_note"":""탐색용 분류이며 기업의 방산업체 지정·군 납품을 의미하지 않음""},""duplicate_source_rows"":[]}"
a9b073bf754e93dc34a75026,CMP0177,다목적 H/W,인접,company_category_bridge,1119,"{""original"":{""company_id"":""CMP0177"",""company_name_normalized"":""에이엔에이치시스템즈"",""business_category"":""다목적 H/W"",""source_category_raw"":""공간정보/특수촬영/다목적 H/W/드론스테이션/지상통제장비/통합솔루션"",""source_file"":""항공안전기술원_드론정보포털_기업명_사업분야_20240424 (1).csv"",""as_of_date"":""2024-04-24"",""defense_use_case_relation"":""인접"",""relation_rationale"":""기체·전자·탑재체 하드웨어 공급망 후보"",""official_defense_evidence"":""N"",""usage_note"":""탐색용 분류이며 기업의 방산업체 지정·군 납품을 의미하지 않음""},""duplicate_source_rows"":[]}"
4014f03db07b8ad301c7bad3,CMP0177,드론스테이션,인접,company_category_bridge,1120,"{""original"":{""company_id"":""CMP0177"",""company_name_normalized"":""에이엔에이치시스템즈"",""business_category"":""드론스테이션"",""source_category_raw"":""공간정보/특수촬영/다목적 H/W/드론스테이션/지상통제장비/통합솔루션"",""source_file"":""항공안전기술원_드론정보포털_기업명_사업분야_20240424 (1).csv"",""as_of_date"":""2024-04-24"",""defense_use_case_relation"":""인접"",""relation_rationale"":""무인 운용·원격 통제 인프라 후보"",""official_defense_evidence"":""N"",""usage_note"":""탐색용 분류이며 기업의 방산업체 지정·군 납품을 의미하지 않음""},""duplicate_source_rows"":[]}"
46bf555b0a99e980085ea42e,CMP0177,지상통제장비,직접,company_category_bridge,1121,"{""original"":{""company_id"":""CMP0177"",""company_name_normalized"":""에이엔에이치시스템즈"",""business_category"":""지상통제장비"",""source_category_raw"":""공간정보/특수촬영/다목적 H/W/드론스테이션/지상통제장비/통합솔루션"",""source_file"":""항공안전기술원_드론정보포털_기업명_사업분야_20240424 (1).csv"",""as_of_date"":""2024-04-24"",""defense_use_case_relation"":""직접"",""relation_rationale"":""GCS·임무통제와 연결 가능"",""official_defense_evidence"":""N"",""usage_note"":""탐색용 분류이며 기업의 방산업체 지정·군 납품을 의미하지 않음""},""duplicate_source_rows"":[]}"
f46b16f27835d8eb64769c05,CMP0177,통합솔루션,인접,company_category_bridge,1122,"{""original"":{""company_id"":""CMP0177"",""company_name_normalized"":""에이엔에이치시스템즈"",""business_category"":""통합솔루션"",""source_category_raw"":""공간정보/특수촬영/다목적 H/W/드론스테이션/지상통제장비/통합솔루션"",""source_file"":""항공안전기술원_드론정보포털_기업명_사업분야_20240424 (1).csv"",""as_of_date"":""2024-04-24"",""defense_use_case_relation"":""인접"",""relation_rationale"":""체계통합·운용 소프트웨어와 연결 가능"",""official_defense_evidence"":""N"",""usage_note"":""탐색용 분류이며 기업의 방산업체 지정·군 납품을 의미하지 않음""},""duplicate_source_rows"":[]}"
07dd31e5a2b75efd7dfeec35,CMP0187,감시.정찰.수색,직접,company_category_bridge,1123,"{""original"":{""company_id"":""CMP0187"",""company_name_normalized"":""엔클라우드"",""business_category"":""감시.정찰.수색"",""source_category_raw"":""감시.정찰.수색/인프라관리/통합솔루션"",""source_file"":""항공안전기술원_드론정보포털_기업명_사업분야_20240424 (1).csv"",""as_of_date"":""2024-04-24"",""defense_use_case_relation"":""직접"",""relation_rationale"":""군 감시·정찰 임무와 직접 연결 가능"",""official_defense_evidence"":""N"",""usage_note"":""탐색용 분류이며 기업의 방산업체 지정·군 납품을 의미하지 않음""},""duplicate_source_rows"":[]}"
345c6ac26f206b367803a6d2,CMP0187,인프라관리,일반,company_category_bridge,1124,"{""original"":{""company_id"":""CMP0187"",""company_name_normalized"":""엔클라우드"",""business_category"":""인프라관리"",""source_category_raw"":""감시.정찰.수색/인프라관리/통합솔루션"",""source_file"":""항공안전기술원_드론정보포털_기업명_사업분야_20240424 (1).csv"",""as_of_date"":""2024-04-24"",""defense_use_case_relation"":""일반"",""relation_rationale"":""민수 활용 중심이나 군 시설 관리와 교차 가능"",""official_defense_evidence"":""N"",""usage_note"":""탐색용 분류이며 기업의 방산업체 지정·군 납품을 의미하지 않음""},""duplicate_source_rows"":[]}"
5454bc1077c328796a017aa9,CMP0187,통합솔루션,인접,company_category_bridge,1125,"{""original"":{""company_id"":""CMP0187"",""company_name_normalized"":""엔클라우드"",""business_category"":""통합솔루션"",""source_category_raw"":""감시.정찰.수색/인프라관리/통합솔루션"",""source_file"":""항공안전기술원_드론정보포털_기업명_사업분야_20240424 (1).csv"",""as_of_date"":""2024-04-24"",""defense_use_case_relation"":""인접"",""relation_rationale"":""체계통합·운용 소프트웨어와 연결 가능"",""official_defense_evidence"":""N"",""usage_note"":""탐색용 분류이며 기업의 방산업체 지정·군 납품을 의미하지 않음""},""duplicate_source_rows"":[]}"
20c3853a7a413f07533f9125,CMP0231,모듈,인접,company_category_bridge,1126,"{""original"":{""company_id"":""CMP0231"",""company_name_normalized"":""케이프로시스템"",""business_category"":""모듈"",""source_category_raw"":""모듈/지상통제장비/통합솔루션/앱/기타/감시.정찰.수색/인프라관리/물류·운송·구조/공간정보/특수촬영/방역/방제/살포/환경측량/다목적 H/W/방송·공연/취미·교육/드론스테이션/안티드론/임무장비"",""source_file"":""항공안전기술원_드론정보포털_기업명_사업분야_20240424 (1).csv"",""as_of_date"":""2024-04-24"",""defense_use_case_relation"":""인접"",""relation_rationale"":""국방 드론 부품·모듈 공급망 후보"",""official_defense_evidence"":""N"",""usage_note"":""탐색용 분류이며 기업의 방산업체 지정·군 납품을 의미하지 않음""},""duplicate_source_rows"":[]}"
7a3bd5575082fa4252326cd3,CMP0231,지상통제장비,직접,company_category_bridge,1127,"{""original"":{""company_id"":""CMP0231"",""company_name_normalized"":""케이프로시스템"",""business_category"":""지상통제장비"",""source_category_raw"":""모듈/지상통제장비/통합솔루션/앱/기타/감시.정찰.수색/인프라관리/물류·운송·구조/공간정보/특수촬영/방역/방제/살포/환경측량/다목적 H/W/방송·공연/취미·교육/드론스테이션/안티드론/임무장비"",""source_file"":""항공안전기술원_드론정보포털_기업명_사업분야_20240424 (1).csv"",""as_of_date"":""2024-04-24"",""defense_use_case_relation"":""직접"",""relation_rationale"":""GCS·임무통제와 연결 가능"",""official_defense_evidence"":""N"",""usage_note"":""탐색용 분류이며 기업의 방산업체 지정·군 납품을 의미하지 않음""},""duplicate_source_rows"":[]}"
f30540bd8b6b7f887964743a,CMP0231,통합솔루션,인접,company_category_bridge,1128,"{""original"":{""company_id"":""CMP0231"",""company_name_normalized"":""케이프로시스템"",""business_category"":""통합솔루션"",""source_category_raw"":""모듈/지상통제장비/통합솔루션/앱/기타/감시.정찰.수색/인프라관리/물류·운송·구조/공간정보/특수촬영/방역/방제/살포/환경측량/다목적 H/W/방송·공연/취미·교육/드론스테이션/안티드론/임무장비"",""source_file"":""항공안전기술원_드론정보포털_기업명_사업분야_20240424 (1).csv"",""as_of_date"":""2024-04-24"",""defense_use_case_relation"":""인접"",""relation_rationale"":""체계통합·운용 소프트웨어와 연결 가능"",""official_defense_evidence"":""N"",""usage_note"":""탐색용 분류이며 기업의 방산업체 지정·군 납품을 의미하지 않음""},""duplicate_source_rows"":[]}"
2776ace0c34ca5aeeac8da5f,CMP0231,앱,낮음,company_category_bridge,1129,"{""original"":{""company_id"":""CMP0231"",""company_name_normalized"":""케이프로시스템"",""business_category"":""앱"",""source_category_raw"":""모듈/지상통제장비/통합솔루션/앱/기타/감시.정찰.수색/인프라관리/물류·운송·구조/공간정보/특수촬영/방역/방제/살포/환경측량/다목적 H/W/방송·공연/취미·교육/드론스테이션/안티드론/임무장비"",""source_file"":""항공안전기술원_드론정보포털_기업명_사업분야_20240424 (1).csv"",""as_of_date"":""2024-04-24"",""defense_use_case_relation"":""낮음"",""relation_rationale"":""세부 기능 확인 전 국방 연계 판단 불가"",""official_defense_evidence"":""N"",""usage_note"":""탐색용 분류이며 기업의 방산업체 지정·군 납품을 의미하지 않음""},""duplicate_source_rows"":[]}"
9e110a63a275955abc0ba63d,CMP0231,기타,미확인,company_category_bridge,1130,"{""original"":{""company_id"":""CMP0231"",""company_name_normalized"":""케이프로시스템"",""business_category"":""기타"",""source_category_raw"":""모듈/지상통제장비/통합솔루션/앱/기타/감시.정찰.수색/인프라관리/물류·운송·구조/공간정보/특수촬영/방역/방제/살포/환경측량/다목적 H/W/방송·공연/취미·교육/드론스테이션/안티드론/임무장비"",""source_file"":""항공안전기술원_드론정보포털_기업명_사업분야_20240424 (1).csv"",""as_of_date"":""2024-04-24"",""defense_use_case_relation"":""미확인"",""relation_rationale"":""세부 내용 확인 필요"",""official_defense_evidence"":""N"",""usage_note"":""탐색용 분류이며 기업의 방산업체 지정·군 납품을 의미하지 않음""},""duplicate_source_rows"":[]}"
1db82a86bd566b0baa174751,CMP0231,감시.정찰.수색,직접,company_category_bridge,1131,"{""original"":{""company_id"":""CMP0231"",""company_name_normalized"":""케이프로시스템"",""business_category"":""감시.정찰.수색"",""source_category_raw"":""모듈/지상통제장비/통합솔루션/앱/기타/감시.정찰.수색/인프라관리/물류·운송·구조/공간정보/특수촬영/방역/방제/살포/환경측량/다목적 H/W/방송·공연/취미·교육/드론스테이션/안티드론/임무장비"",""source_file"":""항공안전기술원_드론정보포털_기업명_사업분야_20240424 (1).csv"",""as_of_date"":""2024-04-24"",""defense_use_case_relation"":""직접"",""relation_rationale"":""군 감시·정찰 임무와 직접 연결 가능"",""official_defense_evidence"":""N"",""usage_note"":""탐색용 분류이며 기업의 방산업체 지정·군 납품을 의미하지 않음""},""duplicate_source_rows"":[]}"
c7ec685b26f8d5c1b464831c,CMP0231,인프라관리,일반,company_category_bridge,1132,"{""original"":{""company_id"":""CMP0231"",""company_name_normalized"":""케이프로시스템"",""business_category"":""인프라관리"",""source_category_raw"":""모듈/지상통제장비/통합솔루션/앱/기타/감시.정찰.수색/인프라관리/물류·운송·구조/공간정보/특수촬영/방역/방제/살포/환경측량/다목적 H/W/방송·공연/취미·교육/드론스테이션/안티드론/임무장비"",""source_file"":""항공안전기술원_드론정보포털_기업명_사업분야_20240424 (1).csv"",""as_of_date"":""2024-04-24"",""defense_use_case_relation"":""일반"",""relation_rationale"":""민수 활용 중심이나 군 시설 관리와 교차 가능"",""official_defense_evidence"":""N"",""usage_note"":""탐색용 분류이며 기업의 방산업체 지정·군 납품을 의미하지 않음""},""duplicate_source_rows"":[]}"
2d07545f35432550f2326554,CMP0231,물류·운송·구조,일반,company_category_bridge,1133,"{""original"":{""company_id"":""CMP0231"",""company_name_normalized"":""케이프로시스템"",""business_category"":""물류·운송·구조"",""source_category_raw"":""모듈/지상통제장비/통합솔루션/앱/기타/감시.정찰.수색/인프라관리/물류·운송·구조/공간정보/특수촬영/방역/방제/살포/환경측량/다목적 H/W/방송·공연/취미·교육/드론스테이션/안티드론/임무장비"",""source_file"":""항공안전기술원_드론정보포털_기업명_사업분야_20240424 (1).csv"",""as_of_date"":""2024-04-24"",""defense_use_case_relation"":""일반"",""relation_rationale"":""군수·수송 용례와 교차 가능"",""official_defense_evidence"":""N"",""usage_note"":""탐색용 분류이며 기업의 방산업체 지정·군 납품을 의미하지 않음""},""duplicate_source_rows"":[]}"
1cb86175042c57b400fd1fa0,CMP0231,공간정보,일반,company_category_bridge,1134,"{""original"":{""company_id"":""CMP0231"",""company_name_normalized"":""케이프로시스템"",""business_category"":""공간정보"",""source_category_raw"":""모듈/지상통제장비/통합솔루션/앱/기타/감시.정찰.수색/인프라관리/물류·운송·구조/공간정보/특수촬영/방역/방제/살포/환경측량/다목적 H/W/방송·공연/취미·교육/드론스테이션/안티드론/임무장비"",""source_file"":""항공안전기술원_드론정보포털_기업명_사업분야_20240424 (1).csv"",""as_of_date"":""2024-04-24"",""defense_use_case_relation"":""일반"",""relation_rationale"":""군 지형·공간정보 용례와 교차 가능"",""official_defense_evidence"":""N"",""usage_note"":""탐색용 분류이며 기업의 방산업체 지정·군 납품을 의미하지 않음""},""duplicate_source_rows"":[]}"
ce16a7435d479598298fbf9f,CMP0231,특수촬영,일반,company_category_bridge,1135,"{""original"":{""company_id"":""CMP0231"",""company_name_normalized"":""케이프로시스템"",""business_category"":""특수촬영"",""source_category_raw"":""모듈/지상통제장비/통합솔루션/앱/기타/감시.정찰.수색/인프라관리/물류·운송·구조/공간정보/특수촬영/방역/방제/살포/환경측량/다목적 H/W/방송·공연/취미·교육/드론스테이션/안티드론/임무장비"",""source_file"":""항공안전기술원_드론정보포털_기업명_사업분야_20240424 (1).csv"",""as_of_date"":""2024-04-24"",""defense_use_case_relation"":""일반"",""relation_rationale"":""정찰 영상과 기술적으로 인접할 수 있음"",""official_defense_evidence"":""N"",""usage_note"":""탐색용 분류이며 기업의 방산업체 지정·군 납품을 의미하지 않음""},""duplicate_source_rows"":[]}"
11d332eebdc44e747688d8da,CMP0231,방역/방제/살포,낮음,company_category_bridge,1136,"{""original"":{""company_id"":""CMP0231"",""company_name_normalized"":""케이프로시스템"",""business_category"":""방역/방제/살포"",""source_category_raw"":""모듈/지상통제장비/통합솔루션/앱/기타/감시.정찰.수색/인프라관리/물류·운송·구조/공간정보/특수촬영/방역/방제/살포/환경측량/다목적 H/W/방송·공연/취미·교육/드론스테이션/안티드론/임무장비"",""source_file"":""항공안전기술원_드론정보포털_기업명_사업분야_20240424 (1).csv"",""as_of_date"":""2024-04-24"",""defense_use_case_relation"":""낮음"",""relation_rationale"":""주로 민수 활용"",""official_defense_evidence"":""N"",""usage_note"":""탐색용 분류이며 기업의 방산업체 지정·군 납품을 의미하지 않음""},""duplicate_source_rows"":[]}"
7415d77b93dc685746f1aa2c,CMP0231,환경측량,일반,company_category_bridge,1137,"{""original"":{""company_id"":""CMP0231"",""company_name_normalized"":""케이프로시스템"",""business_category"":""환경측량"",""source_category_raw"":""모듈/지상통제장비/통합솔루션/앱/기타/감시.정찰.수색/인프라관리/물류·운송·구조/공간정보/특수촬영/방역/방제/살포/환경측량/다목적 H/W/방송·공연/취미·교육/드론스테이션/안티드론/임무장비"",""source_file"":""항공안전기술원_드론정보포털_기업명_사업분야_20240424 (1).csv"",""as_of_date"":""2024-04-24"",""defense_use_case_relation"":""일반"",""relation_rationale"":""군 환경·지형 조사와 교차 가능"",""official_defense_evidence"":""N"",""usage_note"":""탐색용 분류이며 기업의 방산업체 지정·군 납품을 의미하지 않음""},""duplicate_source_rows"":[]}"
20c659d7d04b5020ba8cb8bd,CMP0231,다목적 H/W,인접,company_category_bridge,1138,"{""original"":{""company_id"":""CMP0231"",""company_name_normalized"":""케이프로시스템"",""business_category"":""다목적 H/W"",""source_category_raw"":""모듈/지상통제장비/통합솔루션/앱/기타/감시.정찰.수색/인프라관리/물류·운송·구조/공간정보/특수촬영/방역/방제/살포/환경측량/다목적 H/W/방송·공연/취미·교육/드론스테이션/안티드론/임무장비"",""source_file"":""항공안전기술원_드론정보포털_기업명_사업분야_20240424 (1).csv"",""as_of_date"":""2024-04-24"",""defense_use_case_relation"":""인접"",""relation_rationale"":""기체·전자·탑재체 하드웨어 공급망 후보"",""official_defense_evidence"":""N"",""usage_note"":""탐색용 분류이며 기업의 방산업체 지정·군 납품을 의미하지 않음""},""duplicate_source_rows"":[]}"
acc9cee49ad912cd16a435d2,CMP0231,방송·공연,낮음,company_category_bridge,1139,"{""original"":{""company_id"":""CMP0231"",""company_name_normalized"":""케이프로시스템"",""business_category"":""방송·공연"",""source_category_raw"":""모듈/지상통제장비/통합솔루션/앱/기타/감시.정찰.수색/인프라관리/물류·운송·구조/공간정보/특수촬영/방역/방제/살포/환경측량/다목적 H/W/방송·공연/취미·교육/드론스테이션/안티드론/임무장비"",""source_file"":""항공안전기술원_드론정보포털_기업명_사업분야_20240424 (1).csv"",""as_of_date"":""2024-04-24"",""defense_use_case_relation"":""낮음"",""relation_rationale"":""국방 연계 판단 근거로 사용하지 않음"",""official_defense_evidence"":""N"",""usage_note"":""탐색용 분류이며 기업의 방산업체 지정·군 납품을 의미하지 않음""},""duplicate_source_rows"":[]}"
5def077cba887a78d3b6831e,CMP0231,취미·교육,낮음,company_category_bridge,1140,"{""original"":{""company_id"":""CMP0231"",""company_name_normalized"":""케이프로시스템"",""business_category"":""취미·교육"",""source_category_raw"":""모듈/지상통제장비/통합솔루션/앱/기타/감시.정찰.수색/인프라관리/물류·운송·구조/공간정보/특수촬영/방역/방제/살포/환경측량/다목적 H/W/방송·공연/취미·교육/드론스테이션/안티드론/임무장비"",""source_file"":""항공안전기술원_드론정보포털_기업명_사업분야_20240424 (1).csv"",""as_of_date"":""2024-04-24"",""defense_use_case_relation"":""낮음"",""relation_rationale"":""국방 연계 판단 근거로 사용하지 않음"",""official_defense_evidence"":""N"",""usage_note"":""탐색용 분류이며 기업의 방산업체 지정·군 납품을 의미하지 않음""},""duplicate_source_rows"":[]}"
2f6c70860afbe044d673a0da,CMP0231,드론스테이션,인접,company_category_bridge,1141,"{""original"":{""company_id"":""CMP0231"",""company_name_normalized"":""케이프로시스템"",""business_category"":""드론스테이션"",""source_category_raw"":""모듈/지상통제장비/통합솔루션/앱/기타/감시.정찰.수색/인프라관리/물류·운송·구조/공간정보/특수촬영/방역/방제/살포/환경측량/다목적 H/W/방송·공연/취미·교육/드론스테이션/안티드론/임무장비"",""source_file"":""항공안전기술원_드론정보포털_기업명_사업분야_20240424 (1).csv"",""as_of_date"":""2024-04-24"",""defense_use_case_relation"":""인접"",""relation_rationale"":""무인 운용·원격 통제 인프라 후보"",""official_defense_evidence"":""N"",""usage_note"":""탐색용 분류이며 기업의 방산업체 지정·군 납품을 의미하지 않음""},""duplicate_source_rows"":[]}"
d420f7eb0d8c0e334e64f8ee,CMP0231,안티드론,직접,company_category_bridge,1142,"{""original"":{""company_id"":""CMP0231"",""company_name_normalized"":""케이프로시스템"",""business_category"":""안티드론"",""source_category_raw"":""모듈/지상통제장비/통합솔루션/앱/기타/감시.정찰.수색/인프라관리/물류·운송·구조/공간정보/특수촬영/방역/방제/살포/환경측량/다목적 H/W/방송·공연/취미·교육/드론스테이션/안티드론/임무장비"",""source_file"":""항공안전기술원_드론정보포털_기업명_사업분야_20240424 (1).csv"",""as_of_date"":""2024-04-24"",""defense_use_case_relation"":""직접"",""relation_rationale"":""대드론·C-UAS 용례와 직접 연결되는 사업분야"",""official_defense_evidence"":""N"",""usage_note"":""탐색용 분류이며 기업의 방산업체 지정·군 납품을 의미하지 않음""},""duplicate_source_rows"":[]}"
f989b73bb306a1c81ffef3f0,CMP0231,임무장비,직접,company_category_bridge,1143,"{""original"":{""company_id"":""CMP0231"",""company_name_normalized"":""케이프로시스템"",""business_category"":""임무장비"",""source_category_raw"":""모듈/지상통제장비/통합솔루션/앱/기타/감시.정찰.수색/인프라관리/물류·운송·구조/공간정보/특수촬영/방역/방제/살포/환경측량/다목적 H/W/방송·공연/취미·교육/드론스테이션/안티드론/임무장비"",""source_file"":""항공안전기술원_드론정보포털_기업명_사업분야_20240424 (1).csv"",""as_of_date"":""2024-04-24"",""defense_use_case_relation"":""직접"",""relation_rationale"":""정찰·공격·지원 임무장비와 연결 가능"",""official_defense_evidence"":""N"",""usage_note"":""탐색용 분류이며 기업의 방산업체 지정·군 납품을 의미하지 않음""},""duplicate_source_rows"":[]}"
f0ac21af14d89bdb8ff3a0b7,CMP0287,방역/방제/살포,낮음,company_category_bridge,1144,"{""original"":{""company_id"":""CMP0287"",""company_name_normalized"":""허니"",""business_category"":""방역/방제/살포"",""source_category_raw"":""방역/방제/살포/취미·교육"",""source_file"":""항공안전기술원_드론정보포털_기업명_사업분야_20240424 (1).csv"",""as_of_date"":""2024-04-24"",""defense_use_case_relation"":""낮음"",""relation_rationale"":""주로 민수 활용"",""official_defense_evidence"":""N"",""usage_note"":""탐색용 분류이며 기업의 방산업체 지정·군 납품을 의미하지 않음""},""duplicate_source_rows"":[]}"
b01b0202f2bd856545d97f9c,CMP0287,취미·교육,낮음,company_category_bridge,1145,"{""original"":{""company_id"":""CMP0287"",""company_name_normalized"":""허니"",""business_category"":""취미·교육"",""source_category_raw"":""방역/방제/살포/취미·교육"",""source_file"":""항공안전기술원_드론정보포털_기업명_사업분야_20240424 (1).csv"",""as_of_date"":""2024-04-24"",""defense_use_case_relation"":""낮음"",""relation_rationale"":""국방 연계 판단 근거로 사용하지 않음"",""official_defense_evidence"":""N"",""usage_note"":""탐색용 분류이며 기업의 방산업체 지정·군 납품을 의미하지 않음""},""duplicate_source_rows"":[]}"
b58c1b47840eb5c77dcbe2b9,CMP0224,공간정보,일반,company_category_bridge,1146,"{""original"":{""company_id"":""CMP0224"",""company_name_normalized"":""지오랩스(주)"",""business_category"":""공간정보"",""source_category_raw"":""공간정보/특수촬영/환경측량"",""source_file"":""항공안전기술원_드론정보포털_기업명_사업분야_20240424 (1).csv"",""as_of_date"":""2024-04-24"",""defense_use_case_relation"":""일반"",""relation_rationale"":""군 지형·공간정보 용례와 교차 가능"",""official_defense_evidence"":""N"",""usage_note"":""탐색용 분류이며 기업의 방산업체 지정·군 납품을 의미하지 않음""},""duplicate_source_rows"":[]}"
446afabaf8052cef79ae6fb5,CMP0224,특수촬영,일반,company_category_bridge,1147,"{""original"":{""company_id"":""CMP0224"",""company_name_normalized"":""지오랩스(주)"",""business_category"":""특수촬영"",""source_category_raw"":""공간정보/특수촬영/환경측량"",""source_file"":""항공안전기술원_드론정보포털_기업명_사업분야_20240424 (1).csv"",""as_of_date"":""2024-04-24"",""defense_use_case_relation"":""일반"",""relation_rationale"":""정찰 영상과 기술적으로 인접할 수 있음"",""official_defense_evidence"":""N"",""usage_note"":""탐색용 분류이며 기업의 방산업체 지정·군 납품을 의미하지 않음""},""duplicate_source_rows"":[]}"
998a3dd8652d94391382e834,CMP0224,환경측량,일반,company_category_bridge,1148,"{""original"":{""company_id"":""CMP0224"",""company_name_normalized"":""지오랩스(주)"",""business_category"":""환경측량"",""source_category_raw"":""공간정보/특수촬영/환경측량"",""source_file"":""항공안전기술원_드론정보포털_기업명_사업분야_20240424 (1).csv"",""as_of_date"":""2024-04-24"",""defense_use_case_relation"":""일반"",""relation_rationale"":""군 환경·지형 조사와 교차 가능"",""official_defense_evidence"":""N"",""usage_note"":""탐색용 분류이며 기업의 방산업체 지정·군 납품을 의미하지 않음""},""duplicate_source_rows"":[]}"
db40d697e4d76feb6fe0e765,CMP0225,방역/방제/살포,낮음,company_category_bridge,1149,"{""original"":{""company_id"":""CMP0225"",""company_name_normalized"":""진항공시스템"",""business_category"":""방역/방제/살포"",""source_category_raw"":""방역/방제/살포/취미·교육"",""source_file"":""항공안전기술원_드론정보포털_기업명_사업분야_20240424 (1).csv"",""as_of_date"":""2024-04-24"",""defense_use_case_relation"":""낮음"",""relation_rationale"":""주로 민수 활용"",""official_defense_evidence"":""N"",""usage_note"":""탐색용 분류이며 기업의 방산업체 지정·군 납품을 의미하지 않음""},""duplicate_source_rows"":[]}"
49b4ef334be55274e7ec5dc2,CMP0225,취미·교육,낮음,company_category_bridge,1150,"{""original"":{""company_id"":""CMP0225"",""company_name_normalized"":""진항공시스템"",""business_category"":""취미·교육"",""source_category_raw"":""방역/방제/살포/취미·교육"",""source_file"":""항공안전기술원_드론정보포털_기업명_사업분야_20240424 (1).csv"",""as_of_date"":""2024-04-24"",""defense_use_case_relation"":""낮음"",""relation_rationale"":""국방 연계 판단 근거로 사용하지 않음"",""official_defense_evidence"":""N"",""usage_note"":""탐색용 분류이며 기업의 방산업체 지정·군 납품을 의미하지 않음""},""duplicate_source_rows"":[]}"
056ffc63892999bac75a2ba2,CMP0226,방역/방제/살포,낮음,company_category_bridge,1151,"{""original"":{""company_id"":""CMP0226"",""company_name_normalized"":""천풍"",""business_category"":""방역/방제/살포"",""source_category_raw"":""방역/방제/살포"",""source_file"":""항공안전기술원_드론정보포털_기업명_사업분야_20240424 (1).csv"",""as_of_date"":""2024-04-24"",""defense_use_case_relation"":""낮음"",""relation_rationale"":""주로 민수 활용"",""official_defense_evidence"":""N"",""usage_note"":""탐색용 분류이며 기업의 방산업체 지정·군 납품을 의미하지 않음""},""duplicate_source_rows"":[]}"
fff101dd05a70c6a9acb787e,CMP0228,감시.정찰.수색,직접,company_category_bridge,1152,"{""original"":{""company_id"":""CMP0228"",""company_name_normalized"":""케바드론"",""business_category"":""감시.정찰.수색"",""source_category_raw"":""감시.정찰.수색/인프라관리/공간정보/특수촬영"",""source_file"":""항공안전기술원_드론정보포털_기업명_사업분야_20240424 (1).csv"",""as_of_date"":""2024-04-24"",""defense_use_case_relation"":""직접"",""relation_rationale"":""군 감시·정찰 임무와 직접 연결 가능"",""official_defense_evidence"":""N"",""usage_note"":""탐색용 분류이며 기업의 방산업체 지정·군 납품을 의미하지 않음""},""duplicate_source_rows"":[]}"
810da2a8a2518e356f203f7c,CMP0228,인프라관리,일반,company_category_bridge,1153,"{""original"":{""company_id"":""CMP0228"",""company_name_normalized"":""케바드론"",""business_category"":""인프라관리"",""source_category_raw"":""감시.정찰.수색/인프라관리/공간정보/특수촬영"",""source_file"":""항공안전기술원_드론정보포털_기업명_사업분야_20240424 (1).csv"",""as_of_date"":""2024-04-24"",""defense_use_case_relation"":""일반"",""relation_rationale"":""민수 활용 중심이나 군 시설 관리와 교차 가능"",""official_defense_evidence"":""N"",""usage_note"":""탐색용 분류이며 기업의 방산업체 지정·군 납품을 의미하지 않음""},""duplicate_source_rows"":[]}"
bb13df1e2448f31d42459d7e,CMP0228,공간정보,일반,company_category_bridge,1154,"{""original"":{""company_id"":""CMP0228"",""company_name_normalized"":""케바드론"",""business_category"":""공간정보"",""source_category_raw"":""감시.정찰.수색/인프라관리/공간정보/특수촬영"",""source_file"":""항공안전기술원_드론정보포털_기업명_사업분야_20240424 (1).csv"",""as_of_date"":""2024-04-24"",""defense_use_case_relation"":""일반"",""relation_rationale"":""군 지형·공간정보 용례와 교차 가능"",""official_defense_evidence"":""N"",""usage_note"":""탐색용 분류이며 기업의 방산업체 지정·군 납품을 의미하지 않음""},""duplicate_source_rows"":[]}"
e6f91ad4b00fd8cf9c026f29,CMP0228,특수촬영,일반,company_category_bridge,1155,"{""original"":{""company_id"":""CMP0228"",""company_name_normalized"":""케바드론"",""business_category"":""특수촬영"",""source_category_raw"":""감시.정찰.수색/인프라관리/공간정보/특수촬영"",""source_file"":""항공안전기술원_드론정보포털_기업명_사업분야_20240424 (1).csv"",""as_of_date"":""2024-04-24"",""defense_use_case_relation"":""일반"",""relation_rationale"":""정찰 영상과 기술적으로 인접할 수 있음"",""official_defense_evidence"":""N"",""usage_note"":""탐색용 분류이며 기업의 방산업체 지정·군 납품을 의미하지 않음""},""duplicate_source_rows"":[]}"
c818a5ab9592153f4345e188,CMP0229,방역/방제/살포,낮음,company_category_bridge,1156,"{""original"":{""company_id"":""CMP0229"",""company_name_normalized"":""케이드론"",""business_category"":""방역/방제/살포"",""source_category_raw"":""방역/방제/살포"",""source_file"":""항공안전기술원_드론정보포털_기업명_사업분야_20240424 (1).csv"",""as_of_date"":""2024-04-24"",""defense_use_case_relation"":""낮음"",""relation_rationale"":""주로 민수 활용"",""official_defense_evidence"":""N"",""usage_note"":""탐색용 분류이며 기업의 방산업체 지정·군 납품을 의미하지 않음""},""duplicate_source_rows"":[]}"
794ce932ca28d069a7c71d95,CMP0230,감시.정찰.수색,직접,company_category_bridge,1157,"{""original"":{""company_id"":""CMP0230"",""company_name_normalized"":""케이텍"",""business_category"":""감시.정찰.수색"",""source_category_raw"":""감시.정찰.수색/인프라관리/물류·운송·구조/환경측량/다목적 H/W/임무장비"",""source_file"":""항공안전기술원_드론정보포털_기업명_사업분야_20240424 (1).csv"",""as_of_date"":""2024-04-24"",""defense_use_case_relation"":""직접"",""relation_rationale"":""군 감시·정찰 임무와 직접 연결 가능"",""official_defense_evidence"":""N"",""usage_note"":""탐색용 분류이며 기업의 방산업체 지정·군 납품을 의미하지 않음""},""duplicate_source_rows"":[]}"
786cf0b47f8ea6bf8f78917d,CMP0230,인프라관리,일반,company_category_bridge,1158,"{""original"":{""company_id"":""CMP0230"",""company_name_normalized"":""케이텍"",""business_category"":""인프라관리"",""source_category_raw"":""감시.정찰.수색/인프라관리/물류·운송·구조/환경측량/다목적 H/W/임무장비"",""source_file"":""항공안전기술원_드론정보포털_기업명_사업분야_20240424 (1).csv"",""as_of_date"":""2024-04-24"",""defense_use_case_relation"":""일반"",""relation_rationale"":""민수 활용 중심이나 군 시설 관리와 교차 가능"",""official_defense_evidence"":""N"",""usage_note"":""탐색용 분류이며 기업의 방산업체 지정·군 납품을 의미하지 않음""},""duplicate_source_rows"":[]}"
5d5379d4056f0f3d0d03b195,CMP0230,물류·운송·구조,일반,company_category_bridge,1159,"{""original"":{""company_id"":""CMP0230"",""company_name_normalized"":""케이텍"",""business_category"":""물류·운송·구조"",""source_category_raw"":""감시.정찰.수색/인프라관리/물류·운송·구조/환경측량/다목적 H/W/임무장비"",""source_file"":""항공안전기술원_드론정보포털_기업명_사업분야_20240424 (1).csv"",""as_of_date"":""2024-04-24"",""defense_use_case_relation"":""일반"",""relation_rationale"":""군수·수송 용례와 교차 가능"",""official_defense_evidence"":""N"",""usage_note"":""탐색용 분류이며 기업의 방산업체 지정·군 납품을 의미하지 않음""},""duplicate_source_rows"":[]}"
c0a64203ce65793986e4b76c,CMP0230,환경측량,일반,company_category_bridge,1160,"{""original"":{""company_id"":""CMP0230"",""company_name_normalized"":""케이텍"",""business_category"":""환경측량"",""source_category_raw"":""감시.정찰.수색/인프라관리/물류·운송·구조/환경측량/다목적 H/W/임무장비"",""source_file"":""항공안전기술원_드론정보포털_기업명_사업분야_20240424 (1).csv"",""as_of_date"":""2024-04-24"",""defense_use_case_relation"":""일반"",""relation_rationale"":""군 환경·지형 조사와 교차 가능"",""official_defense_evidence"":""N"",""usage_note"":""탐색용 분류이며 기업의 방산업체 지정·군 납품을 의미하지 않음""},""duplicate_source_rows"":[]}"
1c0b494c2e8337cdadf4a5a0,CMP0230,다목적 H/W,인접,company_category_bridge,1161,"{""original"":{""company_id"":""CMP0230"",""company_name_normalized"":""케이텍"",""business_category"":""다목적 H/W"",""source_category_raw"":""감시.정찰.수색/인프라관리/물류·운송·구조/환경측량/다목적 H/W/임무장비"",""source_file"":""항공안전기술원_드론정보포털_기업명_사업분야_20240424 (1).csv"",""as_of_date"":""2024-04-24"",""defense_use_case_relation"":""인접"",""relation_rationale"":""기체·전자·탑재체 하드웨어 공급망 후보"",""official_defense_evidence"":""N"",""usage_note"":""탐색용 분류이며 기업의 방산업체 지정·군 납품을 의미하지 않음""},""duplicate_source_rows"":[]}"
7b7d84386ab9cce08aff60c7,CMP0230,임무장비,직접,company_category_bridge,1162,"{""original"":{""company_id"":""CMP0230"",""company_name_normalized"":""케이텍"",""business_category"":""임무장비"",""source_category_raw"":""감시.정찰.수색/인프라관리/물류·운송·구조/환경측량/다목적 H/W/임무장비"",""source_file"":""항공안전기술원_드론정보포털_기업명_사업분야_20240424 (1).csv"",""as_of_date"":""2024-04-24"",""defense_use_case_relation"":""직접"",""relation_rationale"":""정찰·공격·지원 임무장비와 연결 가능"",""official_defense_evidence"":""N"",""usage_note"":""탐색용 분류이며 기업의 방산업체 지정·군 납품을 의미하지 않음""},""duplicate_source_rows"":[]}"
d26ac50d4ac8db9e9123410a,CMP0233,감시.정찰.수색,직접,company_category_bridge,1163,"{""original"":{""company_id"":""CMP0233"",""company_name_normalized"":""코리아드론(주)"",""business_category"":""감시.정찰.수색"",""source_category_raw"":""감시.정찰.수색/인프라관리/물류·운송·구조/방역/방제/살포/취미·교육/임무장비"",""source_file"":""항공안전기술원_드론정보포털_기업명_사업분야_20240424 (1).csv"",""as_of_date"":""2024-04-24"",""defense_use_case_relation"":""직접"",""relation_rationale"":""군 감시·정찰 임무와 직접 연결 가능"",""official_defense_evidence"":""N"",""usage_note"":""탐색용 분류이며 기업의 방산업체 지정·군 납품을 의미하지 않음""},""duplicate_source_rows"":[]}"
db6f20bb9775390e9afc95dc,CMP0233,인프라관리,일반,company_category_bridge,1164,"{""original"":{""company_id"":""CMP0233"",""company_name_normalized"":""코리아드론(주)"",""business_category"":""인프라관리"",""source_category_raw"":""감시.정찰.수색/인프라관리/물류·운송·구조/방역/방제/살포/취미·교육/임무장비"",""source_file"":""항공안전기술원_드론정보포털_기업명_사업분야_20240424 (1).csv"",""as_of_date"":""2024-04-24"",""defense_use_case_relation"":""일반"",""relation_rationale"":""민수 활용 중심이나 군 시설 관리와 교차 가능"",""official_defense_evidence"":""N"",""usage_note"":""탐색용 분류이며 기업의 방산업체 지정·군 납품을 의미하지 않음""},""duplicate_source_rows"":[]}"
b59fe4d4209ec74c99ae9f64,CMP0233,물류·운송·구조,일반,company_category_bridge,1165,"{""original"":{""company_id"":""CMP0233"",""company_name_normalized"":""코리아드론(주)"",""business_category"":""물류·운송·구조"",""source_category_raw"":""감시.정찰.수색/인프라관리/물류·운송·구조/방역/방제/살포/취미·교육/임무장비"",""source_file"":""항공안전기술원_드론정보포털_기업명_사업분야_20240424 (1).csv"",""as_of_date"":""2024-04-24"",""defense_use_case_relation"":""일반"",""relation_rationale"":""군수·수송 용례와 교차 가능"",""official_defense_evidence"":""N"",""usage_note"":""탐색용 분류이며 기업의 방산업체 지정·군 납품을 의미하지 않음""},""duplicate_source_rows"":[]}"
dc64f1a8085e32a8f152e23f,CMP0233,방역/방제/살포,낮음,company_category_bridge,1166,"{""original"":{""company_id"":""CMP0233"",""company_name_normalized"":""코리아드론(주)"",""business_category"":""방역/방제/살포"",""source_category_raw"":""감시.정찰.수색/인프라관리/물류·운송·구조/방역/방제/살포/취미·교육/임무장비"",""source_file"":""항공안전기술원_드론정보포털_기업명_사업분야_20240424 (1).csv"",""as_of_date"":""2024-04-24"",""defense_use_case_relation"":""낮음"",""relation_rationale"":""주로 민수 활용"",""official_defense_evidence"":""N"",""usage_note"":""탐색용 분류이며 기업의 방산업체 지정·군 납품을 의미하지 않음""},""duplicate_source_rows"":[]}"
7ea3d645418873db3d57e5b9,CMP0233,취미·교육,낮음,company_category_bridge,1167,"{""original"":{""company_id"":""CMP0233"",""company_name_normalized"":""코리아드론(주)"",""business_category"":""취미·교육"",""source_category_raw"":""감시.정찰.수색/인프라관리/물류·운송·구조/방역/방제/살포/취미·교육/임무장비"",""source_file"":""항공안전기술원_드론정보포털_기업명_사업분야_20240424 (1).csv"",""as_of_date"":""2024-04-24"",""defense_use_case_relation"":""낮음"",""relation_rationale"":""국방 연계 판단 근거로 사용하지 않음"",""official_defense_evidence"":""N"",""usage_note"":""탐색용 분류이며 기업의 방산업체 지정·군 납품을 의미하지 않음""},""duplicate_source_rows"":[]}"
c91a48c1d511d5a850c764ec,CMP0233,임무장비,직접,company_category_bridge,1168,"{""original"":{""company_id"":""CMP0233"",""company_name_normalized"":""코리아드론(주)"",""business_category"":""임무장비"",""source_category_raw"":""감시.정찰.수색/인프라관리/물류·운송·구조/방역/방제/살포/취미·교육/임무장비"",""source_file"":""항공안전기술원_드론정보포털_기업명_사업분야_20240424 (1).csv"",""as_of_date"":""2024-04-24"",""defense_use_case_relation"":""직접"",""relation_rationale"":""정찰·공격·지원 임무장비와 연결 가능"",""official_defense_evidence"":""N"",""usage_note"":""탐색용 분류이며 기업의 방산업체 지정·군 납품을 의미하지 않음""},""duplicate_source_rows"":[]}"
10c5948e534840eeea0d6fed,CMP0232,감시.정찰.수색,직접,company_category_bridge,1169,"{""original"":{""company_id"":""CMP0232"",""company_name_normalized"":""코리아드론안전시스템"",""business_category"":""감시.정찰.수색"",""source_category_raw"":""감시.정찰.수색/인프라관리/물류·운송·구조/공간정보/특수촬영/방역/방제/살포/환경측량/다목적 H/W/방송·공연/취미·교육/드론스테이션/임무장비/모듈/지상통제장비/통합솔루션/기타"",""source_file"":""항공안전기술원_드론정보포털_기업명_사업분야_20240424 (1).csv"",""as_of_date"":""2024-04-24"",""defense_use_case_relation"":""직접"",""relation_rationale"":""군 감시·정찰 임무와 직접 연결 가능"",""official_defense_evidence"":""N"",""usage_note"":""탐색용 분류이며 기업의 방산업체 지정·군 납품을 의미하지 않음""},""duplicate_source_rows"":[]}"
bc2e40fff115708cebc1701c,CMP0232,인프라관리,일반,company_category_bridge,1170,"{""original"":{""company_id"":""CMP0232"",""company_name_normalized"":""코리아드론안전시스템"",""business_category"":""인프라관리"",""source_category_raw"":""감시.정찰.수색/인프라관리/물류·운송·구조/공간정보/특수촬영/방역/방제/살포/환경측량/다목적 H/W/방송·공연/취미·교육/드론스테이션/임무장비/모듈/지상통제장비/통합솔루션/기타"",""source_file"":""항공안전기술원_드론정보포털_기업명_사업분야_20240424 (1).csv"",""as_of_date"":""2024-04-24"",""defense_use_case_relation"":""일반"",""relation_rationale"":""민수 활용 중심이나 군 시설 관리와 교차 가능"",""official_defense_evidence"":""N"",""usage_note"":""탐색용 분류이며 기업의 방산업체 지정·군 납품을 의미하지 않음""},""duplicate_source_rows"":[]}"
bac4c3185917999ad7866719,CMP0232,물류·운송·구조,일반,company_category_bridge,1171,"{""original"":{""company_id"":""CMP0232"",""company_name_normalized"":""코리아드론안전시스템"",""business_category"":""물류·운송·구조"",""source_category_raw"":""감시.정찰.수색/인프라관리/물류·운송·구조/공간정보/특수촬영/방역/방제/살포/환경측량/다목적 H/W/방송·공연/취미·교육/드론스테이션/임무장비/모듈/지상통제장비/통합솔루션/기타"",""source_file"":""항공안전기술원_드론정보포털_기업명_사업분야_20240424 (1).csv"",""as_of_date"":""2024-04-24"",""defense_use_case_relation"":""일반"",""relation_rationale"":""군수·수송 용례와 교차 가능"",""official_defense_evidence"":""N"",""usage_note"":""탐색용 분류이며 기업의 방산업체 지정·군 납품을 의미하지 않음""},""duplicate_source_rows"":[]}"
cace3c878c4532514eed340a,CMP0232,공간정보,일반,company_category_bridge,1172,"{""original"":{""company_id"":""CMP0232"",""company_name_normalized"":""코리아드론안전시스템"",""business_category"":""공간정보"",""source_category_raw"":""감시.정찰.수색/인프라관리/물류·운송·구조/공간정보/특수촬영/방역/방제/살포/환경측량/다목적 H/W/방송·공연/취미·교육/드론스테이션/임무장비/모듈/지상통제장비/통합솔루션/기타"",""source_file"":""항공안전기술원_드론정보포털_기업명_사업분야_20240424 (1).csv"",""as_of_date"":""2024-04-24"",""defense_use_case_relation"":""일반"",""relation_rationale"":""군 지형·공간정보 용례와 교차 가능"",""official_defense_evidence"":""N"",""usage_note"":""탐색용 분류이며 기업의 방산업체 지정·군 납품을 의미하지 않음""},""duplicate_source_rows"":[]}"
ce16d9207523279902a17122,CMP0232,특수촬영,일반,company_category_bridge,1173,"{""original"":{""company_id"":""CMP0232"",""company_name_normalized"":""코리아드론안전시스템"",""business_category"":""특수촬영"",""source_category_raw"":""감시.정찰.수색/인프라관리/물류·운송·구조/공간정보/특수촬영/방역/방제/살포/환경측량/다목적 H/W/방송·공연/취미·교육/드론스테이션/임무장비/모듈/지상통제장비/통합솔루션/기타"",""source_file"":""항공안전기술원_드론정보포털_기업명_사업분야_20240424 (1).csv"",""as_of_date"":""2024-04-24"",""defense_use_case_relation"":""일반"",""relation_rationale"":""정찰 영상과 기술적으로 인접할 수 있음"",""official_defense_evidence"":""N"",""usage_note"":""탐색용 분류이며 기업의 방산업체 지정·군 납품을 의미하지 않음""},""duplicate_source_rows"":[]}"
56c615006b8d9c69450482a3,CMP0232,방역/방제/살포,낮음,company_category_bridge,1174,"{""original"":{""company_id"":""CMP0232"",""company_name_normalized"":""코리아드론안전시스템"",""business_category"":""방역/방제/살포"",""source_category_raw"":""감시.정찰.수색/인프라관리/물류·운송·구조/공간정보/특수촬영/방역/방제/살포/환경측량/다목적 H/W/방송·공연/취미·교육/드론스테이션/임무장비/모듈/지상통제장비/통합솔루션/기타"",""source_file"":""항공안전기술원_드론정보포털_기업명_사업분야_20240424 (1).csv"",""as_of_date"":""2024-04-24"",""defense_use_case_relation"":""낮음"",""relation_rationale"":""주로 민수 활용"",""official_defense_evidence"":""N"",""usage_note"":""탐색용 분류이며 기업의 방산업체 지정·군 납품을 의미하지 않음""},""duplicate_source_rows"":[]}"
04492b403022a658010ace51,CMP0232,환경측량,일반,company_category_bridge,1175,"{""original"":{""company_id"":""CMP0232"",""company_name_normalized"":""코리아드론안전시스템"",""business_category"":""환경측량"",""source_category_raw"":""감시.정찰.수색/인프라관리/물류·운송·구조/공간정보/특수촬영/방역/방제/살포/환경측량/다목적 H/W/방송·공연/취미·교육/드론스테이션/임무장비/모듈/지상통제장비/통합솔루션/기타"",""source_file"":""항공안전기술원_드론정보포털_기업명_사업분야_20240424 (1).csv"",""as_of_date"":""2024-04-24"",""defense_use_case_relation"":""일반"",""relation_rationale"":""군 환경·지형 조사와 교차 가능"",""official_defense_evidence"":""N"",""usage_note"":""탐색용 분류이며 기업의 방산업체 지정·군 납품을 의미하지 않음""},""duplicate_source_rows"":[]}"
b61068fd2e104a5bcbd838cb,CMP0232,다목적 H/W,인접,company_category_bridge,1176,"{""original"":{""company_id"":""CMP0232"",""company_name_normalized"":""코리아드론안전시스템"",""business_category"":""다목적 H/W"",""source_category_raw"":""감시.정찰.수색/인프라관리/물류·운송·구조/공간정보/특수촬영/방역/방제/살포/환경측량/다목적 H/W/방송·공연/취미·교육/드론스테이션/임무장비/모듈/지상통제장비/통합솔루션/기타"",""source_file"":""항공안전기술원_드론정보포털_기업명_사업분야_20240424 (1).csv"",""as_of_date"":""2024-04-24"",""defense_use_case_relation"":""인접"",""relation_rationale"":""기체·전자·탑재체 하드웨어 공급망 후보"",""official_defense_evidence"":""N"",""usage_note"":""탐색용 분류이며 기업의 방산업체 지정·군 납품을 의미하지 않음""},""duplicate_source_rows"":[]}"
47dfaa97b7712ad9717470ca,CMP0232,방송·공연,낮음,company_category_bridge,1177,"{""original"":{""company_id"":""CMP0232"",""company_name_normalized"":""코리아드론안전시스템"",""business_category"":""방송·공연"",""source_category_raw"":""감시.정찰.수색/인프라관리/물류·운송·구조/공간정보/특수촬영/방역/방제/살포/환경측량/다목적 H/W/방송·공연/취미·교육/드론스테이션/임무장비/모듈/지상통제장비/통합솔루션/기타"",""source_file"":""항공안전기술원_드론정보포털_기업명_사업분야_20240424 (1).csv"",""as_of_date"":""2024-04-24"",""defense_use_case_relation"":""낮음"",""relation_rationale"":""국방 연계 판단 근거로 사용하지 않음"",""official_defense_evidence"":""N"",""usage_note"":""탐색용 분류이며 기업의 방산업체 지정·군 납품을 의미하지 않음""},""duplicate_source_rows"":[]}"
5b52fcca4a85f744e0bae986,CMP0232,취미·교육,낮음,company_category_bridge,1178,"{""original"":{""company_id"":""CMP0232"",""company_name_normalized"":""코리아드론안전시스템"",""business_category"":""취미·교육"",""source_category_raw"":""감시.정찰.수색/인프라관리/물류·운송·구조/공간정보/특수촬영/방역/방제/살포/환경측량/다목적 H/W/방송·공연/취미·교육/드론스테이션/임무장비/모듈/지상통제장비/통합솔루션/기타"",""source_file"":""항공안전기술원_드론정보포털_기업명_사업분야_20240424 (1).csv"",""as_of_date"":""2024-04-24"",""defense_use_case_relation"":""낮음"",""relation_rationale"":""국방 연계 판단 근거로 사용하지 않음"",""official_defense_evidence"":""N"",""usage_note"":""탐색용 분류이며 기업의 방산업체 지정·군 납품을 의미하지 않음""},""duplicate_source_rows"":[]}"
05fc96f4aed365a367b31dcf,CMP0232,드론스테이션,인접,company_category_bridge,1179,"{""original"":{""company_id"":""CMP0232"",""company_name_normalized"":""코리아드론안전시스템"",""business_category"":""드론스테이션"",""source_category_raw"":""감시.정찰.수색/인프라관리/물류·운송·구조/공간정보/특수촬영/방역/방제/살포/환경측량/다목적 H/W/방송·공연/취미·교육/드론스테이션/임무장비/모듈/지상통제장비/통합솔루션/기타"",""source_file"":""항공안전기술원_드론정보포털_기업명_사업분야_20240424 (1).csv"",""as_of_date"":""2024-04-24"",""defense_use_case_relation"":""인접"",""relation_rationale"":""무인 운용·원격 통제 인프라 후보"",""official_defense_evidence"":""N"",""usage_note"":""탐색용 분류이며 기업의 방산업체 지정·군 납품을 의미하지 않음""},""duplicate_source_rows"":[]}"
59f262d02aa5e8a5f3aa0463,CMP0232,임무장비,직접,company_category_bridge,1180,"{""original"":{""company_id"":""CMP0232"",""company_name_normalized"":""코리아드론안전시스템"",""business_category"":""임무장비"",""source_category_raw"":""감시.정찰.수색/인프라관리/물류·운송·구조/공간정보/특수촬영/방역/방제/살포/환경측량/다목적 H/W/방송·공연/취미·교육/드론스테이션/임무장비/모듈/지상통제장비/통합솔루션/기타"",""source_file"":""항공안전기술원_드론정보포털_기업명_사업분야_20240424 (1).csv"",""as_of_date"":""2024-04-24"",""defense_use_case_relation"":""직접"",""relation_rationale"":""정찰·공격·지원 임무장비와 연결 가능"",""official_defense_evidence"":""N"",""usage_note"":""탐색용 분류이며 기업의 방산업체 지정·군 납품을 의미하지 않음""},""duplicate_source_rows"":[]}"
330bd429b99ac69a42710f27,CMP0232,모듈,인접,company_category_bridge,1181,"{""original"":{""company_id"":""CMP0232"",""company_name_normalized"":""코리아드론안전시스템"",""business_category"":""모듈"",""source_category_raw"":""감시.정찰.수색/인프라관리/물류·운송·구조/공간정보/특수촬영/방역/방제/살포/환경측량/다목적 H/W/방송·공연/취미·교육/드론스테이션/임무장비/모듈/지상통제장비/통합솔루션/기타"",""source_file"":""항공안전기술원_드론정보포털_기업명_사업분야_20240424 (1).csv"",""as_of_date"":""2024-04-24"",""defense_use_case_relation"":""인접"",""relation_rationale"":""국방 드론 부품·모듈 공급망 후보"",""official_defense_evidence"":""N"",""usage_note"":""탐색용 분류이며 기업의 방산업체 지정·군 납품을 의미하지 않음""},""duplicate_source_rows"":[]}"
f4e22c300f12ef364a514af7,CMP0232,지상통제장비,직접,company_category_bridge,1182,"{""original"":{""company_id"":""CMP0232"",""company_name_normalized"":""코리아드론안전시스템"",""business_category"":""지상통제장비"",""source_category_raw"":""감시.정찰.수색/인프라관리/물류·운송·구조/공간정보/특수촬영/방역/방제/살포/환경측량/다목적 H/W/방송·공연/취미·교육/드론스테이션/임무장비/모듈/지상통제장비/통합솔루션/기타"",""source_file"":""항공안전기술원_드론정보포털_기업명_사업분야_20240424 (1).csv"",""as_of_date"":""2024-04-24"",""defense_use_case_relation"":""직접"",""relation_rationale"":""GCS·임무통제와 연결 가능"",""official_defense_evidence"":""N"",""usage_note"":""탐색용 분류이며 기업의 방산업체 지정·군 납품을 의미하지 않음""},""duplicate_source_rows"":[]}"
8e6f78c07e5d35a718cb3549,CMP0232,통합솔루션,인접,company_category_bridge,1183,"{""original"":{""company_id"":""CMP0232"",""company_name_normalized"":""코리아드론안전시스템"",""business_category"":""통합솔루션"",""source_category_raw"":""감시.정찰.수색/인프라관리/물류·운송·구조/공간정보/특수촬영/방역/방제/살포/환경측량/다목적 H/W/방송·공연/취미·교육/드론스테이션/임무장비/모듈/지상통제장비/통합솔루션/기타"",""source_file"":""항공안전기술원_드론정보포털_기업명_사업분야_20240424 (1).csv"",""as_of_date"":""2024-04-24"",""defense_use_case_relation"":""인접"",""relation_rationale"":""체계통합·운용 소프트웨어와 연결 가능"",""official_defense_evidence"":""N"",""usage_note"":""탐색용 분류이며 기업의 방산업체 지정·군 납품을 의미하지 않음""},""duplicate_source_rows"":[]}"
dc022dcb1492bf142fec7a03,CMP0232,기타,미확인,company_category_bridge,1184,"{""original"":{""company_id"":""CMP0232"",""company_name_normalized"":""코리아드론안전시스템"",""business_category"":""기타"",""source_category_raw"":""감시.정찰.수색/인프라관리/물류·운송·구조/공간정보/특수촬영/방역/방제/살포/환경측량/다목적 H/W/방송·공연/취미·교육/드론스테이션/임무장비/모듈/지상통제장비/통합솔루션/기타"",""source_file"":""항공안전기술원_드론정보포털_기업명_사업분야_20240424 (1).csv"",""as_of_date"":""2024-04-24"",""defense_use_case_relation"":""미확인"",""relation_rationale"":""세부 내용 확인 필요"",""official_defense_evidence"":""N"",""usage_note"":""탐색용 분류이며 기업의 방산업체 지정·군 납품을 의미하지 않음""},""duplicate_source_rows"":[]}"
528f6bf75fbbc33f94161134,CMP0239,감시.정찰.수색,직접,company_category_bridge,1186,"{""original"":{""company_id"":""CMP0239"",""company_name_normalized"":""태경전자"",""business_category"":""감시.정찰.수색"",""source_category_raw"":""감시.정찰.수색/인프라관리/임무장비/모듈/지상통제장비/기타"",""source_file"":""항공안전기술원_드론정보포털_기업명_사업분야_20240424 (1).csv"",""as_of_date"":""2024-04-24"",""defense_use_case_relation"":""직접"",""relation_rationale"":""군 감시·정찰 임무와 직접 연결 가능"",""official_defense_evidence"":""N"",""usage_note"":""탐색용 분류이며 기업의 방산업체 지정·군 납품을 의미하지 않음""},""duplicate_source_rows"":[]}"
87bf6aa2ee8662aff64903cc,CMP0239,인프라관리,일반,company_category_bridge,1187,"{""original"":{""company_id"":""CMP0239"",""company_name_normalized"":""태경전자"",""business_category"":""인프라관리"",""source_category_raw"":""감시.정찰.수색/인프라관리/임무장비/모듈/지상통제장비/기타"",""source_file"":""항공안전기술원_드론정보포털_기업명_사업분야_20240424 (1).csv"",""as_of_date"":""2024-04-24"",""defense_use_case_relation"":""일반"",""relation_rationale"":""민수 활용 중심이나 군 시설 관리와 교차 가능"",""official_defense_evidence"":""N"",""usage_note"":""탐색용 분류이며 기업의 방산업체 지정·군 납품을 의미하지 않음""},""duplicate_source_rows"":[]}"
c35a73dcdbe86e421120bc3c,CMP0239,임무장비,직접,company_category_bridge,1188,"{""original"":{""company_id"":""CMP0239"",""company_name_normalized"":""태경전자"",""business_category"":""임무장비"",""source_category_raw"":""감시.정찰.수색/인프라관리/임무장비/모듈/지상통제장비/기타"",""source_file"":""항공안전기술원_드론정보포털_기업명_사업분야_20240424 (1).csv"",""as_of_date"":""2024-04-24"",""defense_use_case_relation"":""직접"",""relation_rationale"":""정찰·공격·지원 임무장비와 연결 가능"",""official_defense_evidence"":""N"",""usage_note"":""탐색용 분류이며 기업의 방산업체 지정·군 납품을 의미하지 않음""},""duplicate_source_rows"":[]}"
fd2802b0c4b64b8e2c5f2894,CMP0239,모듈,인접,company_category_bridge,1189,"{""original"":{""company_id"":""CMP0239"",""company_name_normalized"":""태경전자"",""business_category"":""모듈"",""source_category_raw"":""감시.정찰.수색/인프라관리/임무장비/모듈/지상통제장비/기타"",""source_file"":""항공안전기술원_드론정보포털_기업명_사업분야_20240424 (1).csv"",""as_of_date"":""2024-04-24"",""defense_use_case_relation"":""인접"",""relation_rationale"":""국방 드론 부품·모듈 공급망 후보"",""official_defense_evidence"":""N"",""usage_note"":""탐색용 분류이며 기업의 방산업체 지정·군 납품을 의미하지 않음""},""duplicate_source_rows"":[]}"
33af0285da05b21d36cea4ac,CMP0239,지상통제장비,직접,company_category_bridge,1190,"{""original"":{""company_id"":""CMP0239"",""company_name_normalized"":""태경전자"",""business_category"":""지상통제장비"",""source_category_raw"":""감시.정찰.수색/인프라관리/임무장비/모듈/지상통제장비/기타"",""source_file"":""항공안전기술원_드론정보포털_기업명_사업분야_20240424 (1).csv"",""as_of_date"":""2024-04-24"",""defense_use_case_relation"":""직접"",""relation_rationale"":""GCS·임무통제와 연결 가능"",""official_defense_evidence"":""N"",""usage_note"":""탐색용 분류이며 기업의 방산업체 지정·군 납품을 의미하지 않음""},""duplicate_source_rows"":[]}"
38d3e4403974f5c952fb21cd,CMP0239,기타,미확인,company_category_bridge,1191,"{""original"":{""company_id"":""CMP0239"",""company_name_normalized"":""태경전자"",""business_category"":""기타"",""source_category_raw"":""감시.정찰.수색/인프라관리/임무장비/모듈/지상통제장비/기타"",""source_file"":""항공안전기술원_드론정보포털_기업명_사업분야_20240424 (1).csv"",""as_of_date"":""2024-04-24"",""defense_use_case_relation"":""미확인"",""relation_rationale"":""세부 내용 확인 필요"",""official_defense_evidence"":""N"",""usage_note"":""탐색용 분류이며 기업의 방산업체 지정·군 납품을 의미하지 않음""},""duplicate_source_rows"":[]}"
dceae52f92c3ddac85b2f56d,CMP0241,감시.정찰.수색,직접,company_category_bridge,1192,"{""original"":{""company_id"":""CMP0241"",""company_name_normalized"":""트라이셀인터내셔널"",""business_category"":""감시.정찰.수색"",""source_category_raw"":""감시.정찰.수색/인프라관리/물류·운송·구조/공간정보/특수촬영/방역/방제/살포/임무장비"",""source_file"":""항공안전기술원_드론정보포털_기업명_사업분야_20240424 (1).csv"",""as_of_date"":""2024-04-24"",""defense_use_case_relation"":""직접"",""relation_rationale"":""군 감시·정찰 임무와 직접 연결 가능"",""official_defense_evidence"":""N"",""usage_note"":""탐색용 분류이며 기업의 방산업체 지정·군 납품을 의미하지 않음""},""duplicate_source_rows"":[]}"
2aa10f2dfd1d1958f457e09b,CMP0241,인프라관리,일반,company_category_bridge,1193,"{""original"":{""company_id"":""CMP0241"",""company_name_normalized"":""트라이셀인터내셔널"",""business_category"":""인프라관리"",""source_category_raw"":""감시.정찰.수색/인프라관리/물류·운송·구조/공간정보/특수촬영/방역/방제/살포/임무장비"",""source_file"":""항공안전기술원_드론정보포털_기업명_사업분야_20240424 (1).csv"",""as_of_date"":""2024-04-24"",""defense_use_case_relation"":""일반"",""relation_rationale"":""민수 활용 중심이나 군 시설 관리와 교차 가능"",""official_defense_evidence"":""N"",""usage_note"":""탐색용 분류이며 기업의 방산업체 지정·군 납품을 의미하지 않음""},""duplicate_source_rows"":[]}"
e97a583e65b478e27a7803e4,CMP0241,물류·운송·구조,일반,company_category_bridge,1194,"{""original"":{""company_id"":""CMP0241"",""company_name_normalized"":""트라이셀인터내셔널"",""business_category"":""물류·운송·구조"",""source_category_raw"":""감시.정찰.수색/인프라관리/물류·운송·구조/공간정보/특수촬영/방역/방제/살포/임무장비"",""source_file"":""항공안전기술원_드론정보포털_기업명_사업분야_20240424 (1).csv"",""as_of_date"":""2024-04-24"",""defense_use_case_relation"":""일반"",""relation_rationale"":""군수·수송 용례와 교차 가능"",""official_defense_evidence"":""N"",""usage_note"":""탐색용 분류이며 기업의 방산업체 지정·군 납품을 의미하지 않음""},""duplicate_source_rows"":[]}"
bcc884745afb780f9b1ae63e,CMP0241,공간정보,일반,company_category_bridge,1195,"{""original"":{""company_id"":""CMP0241"",""company_name_normalized"":""트라이셀인터내셔널"",""business_category"":""공간정보"",""source_category_raw"":""감시.정찰.수색/인프라관리/물류·운송·구조/공간정보/특수촬영/방역/방제/살포/임무장비"",""source_file"":""항공안전기술원_드론정보포털_기업명_사업분야_20240424 (1).csv"",""as_of_date"":""2024-04-24"",""defense_use_case_relation"":""일반"",""relation_rationale"":""군 지형·공간정보 용례와 교차 가능"",""official_defense_evidence"":""N"",""usage_note"":""탐색용 분류이며 기업의 방산업체 지정·군 납품을 의미하지 않음""},""duplicate_source_rows"":[]}"
f3998109f12f5027b2dfe568,CMP0241,특수촬영,일반,company_category_bridge,1196,"{""original"":{""company_id"":""CMP0241"",""company_name_normalized"":""트라이셀인터내셔널"",""business_category"":""특수촬영"",""source_category_raw"":""감시.정찰.수색/인프라관리/물류·운송·구조/공간정보/특수촬영/방역/방제/살포/임무장비"",""source_file"":""항공안전기술원_드론정보포털_기업명_사업분야_20240424 (1).csv"",""as_of_date"":""2024-04-24"",""defense_use_case_relation"":""일반"",""relation_rationale"":""정찰 영상과 기술적으로 인접할 수 있음"",""official_defense_evidence"":""N"",""usage_note"":""탐색용 분류이며 기업의 방산업체 지정·군 납품을 의미하지 않음""},""duplicate_source_rows"":[]}"
59952a55ed4659a8026386ab,CMP0241,방역/방제/살포,낮음,company_category_bridge,1197,"{""original"":{""company_id"":""CMP0241"",""company_name_normalized"":""트라이셀인터내셔널"",""business_category"":""방역/방제/살포"",""source_category_raw"":""감시.정찰.수색/인프라관리/물류·운송·구조/공간정보/특수촬영/방역/방제/살포/임무장비"",""source_file"":""항공안전기술원_드론정보포털_기업명_사업분야_20240424 (1).csv"",""as_of_date"":""2024-04-24"",""defense_use_case_relation"":""낮음"",""relation_rationale"":""주로 민수 활용"",""official_defense_evidence"":""N"",""usage_note"":""탐색용 분류이며 기업의 방산업체 지정·군 납품을 의미하지 않음""},""duplicate_source_rows"":[]}"
88b318ed3bb9cabd93854b74,CMP0241,임무장비,직접,company_category_bridge,1198,"{""original"":{""company_id"":""CMP0241"",""company_name_normalized"":""트라이셀인터내셔널"",""business_category"":""임무장비"",""source_category_raw"":""감시.정찰.수색/인프라관리/물류·운송·구조/공간정보/특수촬영/방역/방제/살포/임무장비"",""source_file"":""항공안전기술원_드론정보포털_기업명_사업분야_20240424 (1).csv"",""as_of_date"":""2024-04-24"",""defense_use_case_relation"":""직접"",""relation_rationale"":""정찰·공격·지원 임무장비와 연결 가능"",""official_defense_evidence"":""N"",""usage_note"":""탐색용 분류이며 기업의 방산업체 지정·군 납품을 의미하지 않음""},""duplicate_source_rows"":[]}"
eea9cea22e4030226edbb425,CMP0242,물류·운송·구조,일반,company_category_bridge,1199,"{""original"":{""company_id"":""CMP0242"",""company_name_normalized"":""파블로항공"",""business_category"":""물류·운송·구조"",""source_category_raw"":""물류·운송·구조/환경측량/방송·공연/모듈"",""source_file"":""항공안전기술원_드론정보포털_기업명_사업분야_20240424 (1).csv"",""as_of_date"":""2024-04-24"",""defense_use_case_relation"":""일반"",""relation_rationale"":""군수·수송 용례와 교차 가능"",""official_defense_evidence"":""N"",""usage_note"":""탐색용 분류이며 기업의 방산업체 지정·군 납품을 의미하지 않음""},""duplicate_source_rows"":[]}"
3b32b67cd709af446068e5aa,CMP0242,환경측량,일반,company_category_bridge,1200,"{""original"":{""company_id"":""CMP0242"",""company_name_normalized"":""파블로항공"",""business_category"":""환경측량"",""source_category_raw"":""물류·운송·구조/환경측량/방송·공연/모듈"",""source_file"":""항공안전기술원_드론정보포털_기업명_사업분야_20240424 (1).csv"",""as_of_date"":""2024-04-24"",""defense_use_case_relation"":""일반"",""relation_rationale"":""군 환경·지형 조사와 교차 가능"",""official_defense_evidence"":""N"",""usage_note"":""탐색용 분류이며 기업의 방산업체 지정·군 납품을 의미하지 않음""},""duplicate_source_rows"":[]}"
b4d4a194d35e85635d6541f9,CMP0242,방송·공연,낮음,company_category_bridge,1201,"{""original"":{""company_id"":""CMP0242"",""company_name_normalized"":""파블로항공"",""business_category"":""방송·공연"",""source_category_raw"":""물류·운송·구조/환경측량/방송·공연/모듈"",""source_file"":""항공안전기술원_드론정보포털_기업명_사업분야_20240424 (1).csv"",""as_of_date"":""2024-04-24"",""defense_use_case_relation"":""낮음"",""relation_rationale"":""국방 연계 판단 근거로 사용하지 않음"",""official_defense_evidence"":""N"",""usage_note"":""탐색용 분류이며 기업의 방산업체 지정·군 납품을 의미하지 않음""},""duplicate_source_rows"":[]}"
5099c5f3872c63efe3b6dcfd,CMP0242,모듈,인접,company_category_bridge,1202,"{""original"":{""company_id"":""CMP0242"",""company_name_normalized"":""파블로항공"",""business_category"":""모듈"",""source_category_raw"":""물류·운송·구조/환경측량/방송·공연/모듈"",""source_file"":""항공안전기술원_드론정보포털_기업명_사업분야_20240424 (1).csv"",""as_of_date"":""2024-04-24"",""defense_use_case_relation"":""인접"",""relation_rationale"":""국방 드론 부품·모듈 공급망 후보"",""official_defense_evidence"":""N"",""usage_note"":""탐색용 분류이며 기업의 방산업체 지정·군 납품을 의미하지 않음""},""duplicate_source_rows"":[]}"
d084f2b5876e4ac861e53ed5,CMP0243,안티드론,직접,company_category_bridge,1203,"{""original"":{""company_id"":""CMP0243"",""company_name_normalized"":""파이온시스템즈"",""business_category"":""안티드론"",""source_category_raw"":""안티드론/임무장비/모듈"",""source_file"":""항공안전기술원_드론정보포털_기업명_사업분야_20240424 (1).csv"",""as_of_date"":""2024-04-24"",""defense_use_case_relation"":""직접"",""relation_rationale"":""대드론·C-UAS 용례와 직접 연결되는 사업분야"",""official_defense_evidence"":""N"",""usage_note"":""탐색용 분류이며 기업의 방산업체 지정·군 납품을 의미하지 않음""},""duplicate_source_rows"":[]}"
a82d76f3ae8e2e2bce353105,CMP0243,임무장비,직접,company_category_bridge,1204,"{""original"":{""company_id"":""CMP0243"",""company_name_normalized"":""파이온시스템즈"",""business_category"":""임무장비"",""source_category_raw"":""안티드론/임무장비/모듈"",""source_file"":""항공안전기술원_드론정보포털_기업명_사업분야_20240424 (1).csv"",""as_of_date"":""2024-04-24"",""defense_use_case_relation"":""직접"",""relation_rationale"":""정찰·공격·지원 임무장비와 연결 가능"",""official_defense_evidence"":""N"",""usage_note"":""탐색용 분류이며 기업의 방산업체 지정·군 납품을 의미하지 않음""},""duplicate_source_rows"":[]}"
93ba3cf1197d8aeb635e5274,CMP0243,모듈,인접,company_category_bridge,1205,"{""original"":{""company_id"":""CMP0243"",""company_name_normalized"":""파이온시스템즈"",""business_category"":""모듈"",""source_category_raw"":""안티드론/임무장비/모듈"",""source_file"":""항공안전기술원_드론정보포털_기업명_사업분야_20240424 (1).csv"",""as_of_date"":""2024-04-24"",""defense_use_case_relation"":""인접"",""relation_rationale"":""국방 드론 부품·모듈 공급망 후보"",""official_defense_evidence"":""N"",""usage_note"":""탐색용 분류이며 기업의 방산업체 지정·군 납품을 의미하지 않음""},""duplicate_source_rows"":[]}"
4c76dfc6fae3e81f9493d24d,CMP0244,감시.정찰.수색,직접,company_category_bridge,1206,"{""original"":{""company_id"":""CMP0244"",""company_name_normalized"":""파인ADS"",""business_category"":""감시.정찰.수색"",""source_category_raw"":""감시.정찰.수색/인프라관리/공간정보/특수촬영"",""source_file"":""항공안전기술원_드론정보포털_기업명_사업분야_20240424 (1).csv"",""as_of_date"":""2024-04-24"",""defense_use_case_relation"":""직접"",""relation_rationale"":""군 감시·정찰 임무와 직접 연결 가능"",""official_defense_evidence"":""N"",""usage_note"":""탐색용 분류이며 기업의 방산업체 지정·군 납품을 의미하지 않음""},""duplicate_source_rows"":[]}"
afcba4a2c8fe718794eb5726,CMP0244,인프라관리,일반,company_category_bridge,1207,"{""original"":{""company_id"":""CMP0244"",""company_name_normalized"":""파인ADS"",""business_category"":""인프라관리"",""source_category_raw"":""감시.정찰.수색/인프라관리/공간정보/특수촬영"",""source_file"":""항공안전기술원_드론정보포털_기업명_사업분야_20240424 (1).csv"",""as_of_date"":""2024-04-24"",""defense_use_case_relation"":""일반"",""relation_rationale"":""민수 활용 중심이나 군 시설 관리와 교차 가능"",""official_defense_evidence"":""N"",""usage_note"":""탐색용 분류이며 기업의 방산업체 지정·군 납품을 의미하지 않음""},""duplicate_source_rows"":[]}"
9080327d24d005cc47f95dd0,CMP0244,공간정보,일반,company_category_bridge,1208,"{""original"":{""company_id"":""CMP0244"",""company_name_normalized"":""파인ADS"",""business_category"":""공간정보"",""source_category_raw"":""감시.정찰.수색/인프라관리/공간정보/특수촬영"",""source_file"":""항공안전기술원_드론정보포털_기업명_사업분야_20240424 (1).csv"",""as_of_date"":""2024-04-24"",""defense_use_case_relation"":""일반"",""relation_rationale"":""군 지형·공간정보 용례와 교차 가능"",""official_defense_evidence"":""N"",""usage_note"":""탐색용 분류이며 기업의 방산업체 지정·군 납품을 의미하지 않음""},""duplicate_source_rows"":[]}"
2e894820bb66a60e158be3e7,CMP0244,특수촬영,일반,company_category_bridge,1209,"{""original"":{""company_id"":""CMP0244"",""company_name_normalized"":""파인ADS"",""business_category"":""특수촬영"",""source_category_raw"":""감시.정찰.수색/인프라관리/공간정보/특수촬영"",""source_file"":""항공안전기술원_드론정보포털_기업명_사업분야_20240424 (1).csv"",""as_of_date"":""2024-04-24"",""defense_use_case_relation"":""일반"",""relation_rationale"":""정찰 영상과 기술적으로 인접할 수 있음"",""official_defense_evidence"":""N"",""usage_note"":""탐색용 분류이며 기업의 방산업체 지정·군 납품을 의미하지 않음""},""duplicate_source_rows"":[]}"
90d0a7c309154e6dccdad97b,CMP0245,감시.정찰.수색,직접,company_category_bridge,1210,"{""original"":{""company_id"":""CMP0245"",""company_name_normalized"":""파인브이티"",""business_category"":""감시.정찰.수색"",""source_category_raw"":""감시.정찰.수색/인프라관리/물류·운송·구조/공간정보/특수촬영/방역/방제/살포/환경측량/다목적 H/W/드론스테이션/안티드론/임무장비/모듈/지상통제장비/통합솔루션/앱"",""source_file"":""항공안전기술원_드론정보포털_기업명_사업분야_20240424 (1).csv"",""as_of_date"":""2024-04-24"",""defense_use_case_relation"":""직접"",""relation_rationale"":""군 감시·정찰 임무와 직접 연결 가능"",""official_defense_evidence"":""N"",""usage_note"":""탐색용 분류이며 기업의 방산업체 지정·군 납품을 의미하지 않음""},""duplicate_source_rows"":[]}"
ec5d956dee6ed64a74137b0b,CMP0245,인프라관리,일반,company_category_bridge,1211,"{""original"":{""company_id"":""CMP0245"",""company_name_normalized"":""파인브이티"",""business_category"":""인프라관리"",""source_category_raw"":""감시.정찰.수색/인프라관리/물류·운송·구조/공간정보/특수촬영/방역/방제/살포/환경측량/다목적 H/W/드론스테이션/안티드론/임무장비/모듈/지상통제장비/통합솔루션/앱"",""source_file"":""항공안전기술원_드론정보포털_기업명_사업분야_20240424 (1).csv"",""as_of_date"":""2024-04-24"",""defense_use_case_relation"":""일반"",""relation_rationale"":""민수 활용 중심이나 군 시설 관리와 교차 가능"",""official_defense_evidence"":""N"",""usage_note"":""탐색용 분류이며 기업의 방산업체 지정·군 납품을 의미하지 않음""},""duplicate_source_rows"":[]}"
ea801dcf54f449dce4781a48,CMP0245,물류·운송·구조,일반,company_category_bridge,1212,"{""original"":{""company_id"":""CMP0245"",""company_name_normalized"":""파인브이티"",""business_category"":""물류·운송·구조"",""source_category_raw"":""감시.정찰.수색/인프라관리/물류·운송·구조/공간정보/특수촬영/방역/방제/살포/환경측량/다목적 H/W/드론스테이션/안티드론/임무장비/모듈/지상통제장비/통합솔루션/앱"",""source_file"":""항공안전기술원_드론정보포털_기업명_사업분야_20240424 (1).csv"",""as_of_date"":""2024-04-24"",""defense_use_case_relation"":""일반"",""relation_rationale"":""군수·수송 용례와 교차 가능"",""official_defense_evidence"":""N"",""usage_note"":""탐색용 분류이며 기업의 방산업체 지정·군 납품을 의미하지 않음""},""duplicate_source_rows"":[]}"
a15ebdf282f5c1d8ed615fa4,CMP0245,공간정보,일반,company_category_bridge,1213,"{""original"":{""company_id"":""CMP0245"",""company_name_normalized"":""파인브이티"",""business_category"":""공간정보"",""source_category_raw"":""감시.정찰.수색/인프라관리/물류·운송·구조/공간정보/특수촬영/방역/방제/살포/환경측량/다목적 H/W/드론스테이션/안티드론/임무장비/모듈/지상통제장비/통합솔루션/앱"",""source_file"":""항공안전기술원_드론정보포털_기업명_사업분야_20240424 (1).csv"",""as_of_date"":""2024-04-24"",""defense_use_case_relation"":""일반"",""relation_rationale"":""군 지형·공간정보 용례와 교차 가능"",""official_defense_evidence"":""N"",""usage_note"":""탐색용 분류이며 기업의 방산업체 지정·군 납품을 의미하지 않음""},""duplicate_source_rows"":[]}"
bfc96721951a7a9515cb7ce9,CMP0245,특수촬영,일반,company_category_bridge,1214,"{""original"":{""company_id"":""CMP0245"",""company_name_normalized"":""파인브이티"",""business_category"":""특수촬영"",""source_category_raw"":""감시.정찰.수색/인프라관리/물류·운송·구조/공간정보/특수촬영/방역/방제/살포/환경측량/다목적 H/W/드론스테이션/안티드론/임무장비/모듈/지상통제장비/통합솔루션/앱"",""source_file"":""항공안전기술원_드론정보포털_기업명_사업분야_20240424 (1).csv"",""as_of_date"":""2024-04-24"",""defense_use_case_relation"":""일반"",""relation_rationale"":""정찰 영상과 기술적으로 인접할 수 있음"",""official_defense_evidence"":""N"",""usage_note"":""탐색용 분류이며 기업의 방산업체 지정·군 납품을 의미하지 않음""},""duplicate_source_rows"":[]}"
6c000a04e6f25d82ab5405f4,CMP0245,방역/방제/살포,낮음,company_category_bridge,1215,"{""original"":{""company_id"":""CMP0245"",""company_name_normalized"":""파인브이티"",""business_category"":""방역/방제/살포"",""source_category_raw"":""감시.정찰.수색/인프라관리/물류·운송·구조/공간정보/특수촬영/방역/방제/살포/환경측량/다목적 H/W/드론스테이션/안티드론/임무장비/모듈/지상통제장비/통합솔루션/앱"",""source_file"":""항공안전기술원_드론정보포털_기업명_사업분야_20240424 (1).csv"",""as_of_date"":""2024-04-24"",""defense_use_case_relation"":""낮음"",""relation_rationale"":""주로 민수 활용"",""official_defense_evidence"":""N"",""usage_note"":""탐색용 분류이며 기업의 방산업체 지정·군 납품을 의미하지 않음""},""duplicate_source_rows"":[]}"
b2ce47e08342754c65d15e4e,CMP0245,환경측량,일반,company_category_bridge,1216,"{""original"":{""company_id"":""CMP0245"",""company_name_normalized"":""파인브이티"",""business_category"":""환경측량"",""source_category_raw"":""감시.정찰.수색/인프라관리/물류·운송·구조/공간정보/특수촬영/방역/방제/살포/환경측량/다목적 H/W/드론스테이션/안티드론/임무장비/모듈/지상통제장비/통합솔루션/앱"",""source_file"":""항공안전기술원_드론정보포털_기업명_사업분야_20240424 (1).csv"",""as_of_date"":""2024-04-24"",""defense_use_case_relation"":""일반"",""relation_rationale"":""군 환경·지형 조사와 교차 가능"",""official_defense_evidence"":""N"",""usage_note"":""탐색용 분류이며 기업의 방산업체 지정·군 납품을 의미하지 않음""},""duplicate_source_rows"":[]}"
e01aff8a8876afdb6cc9c70b,CMP0245,다목적 H/W,인접,company_category_bridge,1217,"{""original"":{""company_id"":""CMP0245"",""company_name_normalized"":""파인브이티"",""business_category"":""다목적 H/W"",""source_category_raw"":""감시.정찰.수색/인프라관리/물류·운송·구조/공간정보/특수촬영/방역/방제/살포/환경측량/다목적 H/W/드론스테이션/안티드론/임무장비/모듈/지상통제장비/통합솔루션/앱"",""source_file"":""항공안전기술원_드론정보포털_기업명_사업분야_20240424 (1).csv"",""as_of_date"":""2024-04-24"",""defense_use_case_relation"":""인접"",""relation_rationale"":""기체·전자·탑재체 하드웨어 공급망 후보"",""official_defense_evidence"":""N"",""usage_note"":""탐색용 분류이며 기업의 방산업체 지정·군 납품을 의미하지 않음""},""duplicate_source_rows"":[]}"
6632bd35075a87473b14d0a2,CMP0245,드론스테이션,인접,company_category_bridge,1218,"{""original"":{""company_id"":""CMP0245"",""company_name_normalized"":""파인브이티"",""business_category"":""드론스테이션"",""source_category_raw"":""감시.정찰.수색/인프라관리/물류·운송·구조/공간정보/특수촬영/방역/방제/살포/환경측량/다목적 H/W/드론스테이션/안티드론/임무장비/모듈/지상통제장비/통합솔루션/앱"",""source_file"":""항공안전기술원_드론정보포털_기업명_사업분야_20240424 (1).csv"",""as_of_date"":""2024-04-24"",""defense_use_case_relation"":""인접"",""relation_rationale"":""무인 운용·원격 통제 인프라 후보"",""official_defense_evidence"":""N"",""usage_note"":""탐색용 분류이며 기업의 방산업체 지정·군 납품을 의미하지 않음""},""duplicate_source_rows"":[]}"
c01452598cbd4d274ae2b585,CMP0245,안티드론,직접,company_category_bridge,1219,"{""original"":{""company_id"":""CMP0245"",""company_name_normalized"":""파인브이티"",""business_category"":""안티드론"",""source_category_raw"":""감시.정찰.수색/인프라관리/물류·운송·구조/공간정보/특수촬영/방역/방제/살포/환경측량/다목적 H/W/드론스테이션/안티드론/임무장비/모듈/지상통제장비/통합솔루션/앱"",""source_file"":""항공안전기술원_드론정보포털_기업명_사업분야_20240424 (1).csv"",""as_of_date"":""2024-04-24"",""defense_use_case_relation"":""직접"",""relation_rationale"":""대드론·C-UAS 용례와 직접 연결되는 사업분야"",""official_defense_evidence"":""N"",""usage_note"":""탐색용 분류이며 기업의 방산업체 지정·군 납품을 의미하지 않음""},""duplicate_source_rows"":[]}"
b974bea7c4fa5dd8ff9515d9,CMP0245,임무장비,직접,company_category_bridge,1220,"{""original"":{""company_id"":""CMP0245"",""company_name_normalized"":""파인브이티"",""business_category"":""임무장비"",""source_category_raw"":""감시.정찰.수색/인프라관리/물류·운송·구조/공간정보/특수촬영/방역/방제/살포/환경측량/다목적 H/W/드론스테이션/안티드론/임무장비/모듈/지상통제장비/통합솔루션/앱"",""source_file"":""항공안전기술원_드론정보포털_기업명_사업분야_20240424 (1).csv"",""as_of_date"":""2024-04-24"",""defense_use_case_relation"":""직접"",""relation_rationale"":""정찰·공격·지원 임무장비와 연결 가능"",""official_defense_evidence"":""N"",""usage_note"":""탐색용 분류이며 기업의 방산업체 지정·군 납품을 의미하지 않음""},""duplicate_source_rows"":[]}"
9a69d8f11e88472059cc09aa,CMP0245,모듈,인접,company_category_bridge,1221,"{""original"":{""company_id"":""CMP0245"",""company_name_normalized"":""파인브이티"",""business_category"":""모듈"",""source_category_raw"":""감시.정찰.수색/인프라관리/물류·운송·구조/공간정보/특수촬영/방역/방제/살포/환경측량/다목적 H/W/드론스테이션/안티드론/임무장비/모듈/지상통제장비/통합솔루션/앱"",""source_file"":""항공안전기술원_드론정보포털_기업명_사업분야_20240424 (1).csv"",""as_of_date"":""2024-04-24"",""defense_use_case_relation"":""인접"",""relation_rationale"":""국방 드론 부품·모듈 공급망 후보"",""official_defense_evidence"":""N"",""usage_note"":""탐색용 분류이며 기업의 방산업체 지정·군 납품을 의미하지 않음""},""duplicate_source_rows"":[]}"
e4d00f5e6d18887079d64122,CMP0245,지상통제장비,직접,company_category_bridge,1222,"{""original"":{""company_id"":""CMP0245"",""company_name_normalized"":""파인브이티"",""business_category"":""지상통제장비"",""source_category_raw"":""감시.정찰.수색/인프라관리/물류·운송·구조/공간정보/특수촬영/방역/방제/살포/환경측량/다목적 H/W/드론스테이션/안티드론/임무장비/모듈/지상통제장비/통합솔루션/앱"",""source_file"":""항공안전기술원_드론정보포털_기업명_사업분야_20240424 (1).csv"",""as_of_date"":""2024-04-24"",""defense_use_case_relation"":""직접"",""relation_rationale"":""GCS·임무통제와 연결 가능"",""official_defense_evidence"":""N"",""usage_note"":""탐색용 분류이며 기업의 방산업체 지정·군 납품을 의미하지 않음""},""duplicate_source_rows"":[]}"
f40b436da69ff03228d5f362,CMP0245,통합솔루션,인접,company_category_bridge,1223,"{""original"":{""company_id"":""CMP0245"",""company_name_normalized"":""파인브이티"",""business_category"":""통합솔루션"",""source_category_raw"":""감시.정찰.수색/인프라관리/물류·운송·구조/공간정보/특수촬영/방역/방제/살포/환경측량/다목적 H/W/드론스테이션/안티드론/임무장비/모듈/지상통제장비/통합솔루션/앱"",""source_file"":""항공안전기술원_드론정보포털_기업명_사업분야_20240424 (1).csv"",""as_of_date"":""2024-04-24"",""defense_use_case_relation"":""인접"",""relation_rationale"":""체계통합·운용 소프트웨어와 연결 가능"",""official_defense_evidence"":""N"",""usage_note"":""탐색용 분류이며 기업의 방산업체 지정·군 납품을 의미하지 않음""},""duplicate_source_rows"":[]}"
a6917963b37af8d248f6843f,CMP0245,앱,낮음,company_category_bridge,1224,"{""original"":{""company_id"":""CMP0245"",""company_name_normalized"":""파인브이티"",""business_category"":""앱"",""source_category_raw"":""감시.정찰.수색/인프라관리/물류·운송·구조/공간정보/특수촬영/방역/방제/살포/환경측량/다목적 H/W/드론스테이션/안티드론/임무장비/모듈/지상통제장비/통합솔루션/앱"",""source_file"":""항공안전기술원_드론정보포털_기업명_사업분야_20240424 (1).csv"",""as_of_date"":""2024-04-24"",""defense_use_case_relation"":""낮음"",""relation_rationale"":""세부 기능 확인 전 국방 연계 판단 불가"",""official_defense_evidence"":""N"",""usage_note"":""탐색용 분류이며 기업의 방산업체 지정·군 납품을 의미하지 않음""},""duplicate_source_rows"":[]}"
07139549a953097829b94067,CMP0246,방송·공연,낮음,company_category_bridge,1225,"{""original"":{""company_id"":""CMP0246"",""company_name_normalized"":""팝코즈(popcoz)"",""business_category"":""방송·공연"",""source_category_raw"":""방송·공연/취미·교육/드론스테이션/통합솔루션/앱"",""source_file"":""항공안전기술원_드론정보포털_기업명_사업분야_20240424 (1).csv"",""as_of_date"":""2024-04-24"",""defense_use_case_relation"":""낮음"",""relation_rationale"":""국방 연계 판단 근거로 사용하지 않음"",""official_defense_evidence"":""N"",""usage_note"":""탐색용 분류이며 기업의 방산업체 지정·군 납품을 의미하지 않음""},""duplicate_source_rows"":[]}"
9be98d4e0284b26d9d4dde4e,CMP0246,취미·교육,낮음,company_category_bridge,1226,"{""original"":{""company_id"":""CMP0246"",""company_name_normalized"":""팝코즈(popcoz)"",""business_category"":""취미·교육"",""source_category_raw"":""방송·공연/취미·교육/드론스테이션/통합솔루션/앱"",""source_file"":""항공안전기술원_드론정보포털_기업명_사업분야_20240424 (1).csv"",""as_of_date"":""2024-04-24"",""defense_use_case_relation"":""낮음"",""relation_rationale"":""국방 연계 판단 근거로 사용하지 않음"",""official_defense_evidence"":""N"",""usage_note"":""탐색용 분류이며 기업의 방산업체 지정·군 납품을 의미하지 않음""},""duplicate_source_rows"":[]}"
1f04fa5e3310b062af6e9ac4,CMP0246,드론스테이션,인접,company_category_bridge,1227,"{""original"":{""company_id"":""CMP0246"",""company_name_normalized"":""팝코즈(popcoz)"",""business_category"":""드론스테이션"",""source_category_raw"":""방송·공연/취미·교육/드론스테이션/통합솔루션/앱"",""source_file"":""항공안전기술원_드론정보포털_기업명_사업분야_20240424 (1).csv"",""as_of_date"":""2024-04-24"",""defense_use_case_relation"":""인접"",""relation_rationale"":""무인 운용·원격 통제 인프라 후보"",""official_defense_evidence"":""N"",""usage_note"":""탐색용 분류이며 기업의 방산업체 지정·군 납품을 의미하지 않음""},""duplicate_source_rows"":[]}"
fff5248703f05d92c50e2dcc,CMP0246,통합솔루션,인접,company_category_bridge,1228,"{""original"":{""company_id"":""CMP0246"",""company_name_normalized"":""팝코즈(popcoz)"",""business_category"":""통합솔루션"",""source_category_raw"":""방송·공연/취미·교육/드론스테이션/통합솔루션/앱"",""source_file"":""항공안전기술원_드론정보포털_기업명_사업분야_20240424 (1).csv"",""as_of_date"":""2024-04-24"",""defense_use_case_relation"":""인접"",""relation_rationale"":""체계통합·운용 소프트웨어와 연결 가능"",""official_defense_evidence"":""N"",""usage_note"":""탐색용 분류이며 기업의 방산업체 지정·군 납품을 의미하지 않음""},""duplicate_source_rows"":[]}"
68e2ecc8fcdcc9c0afd0d020,CMP0246,앱,낮음,company_category_bridge,1229,"{""original"":{""company_id"":""CMP0246"",""company_name_normalized"":""팝코즈(popcoz)"",""business_category"":""앱"",""source_category_raw"":""방송·공연/취미·교육/드론스테이션/통합솔루션/앱"",""source_file"":""항공안전기술원_드론정보포털_기업명_사업분야_20240424 (1).csv"",""as_of_date"":""2024-04-24"",""defense_use_case_relation"":""낮음"",""relation_rationale"":""세부 기능 확인 전 국방 연계 판단 불가"",""official_defense_evidence"":""N"",""usage_note"":""탐색용 분류이며 기업의 방산업체 지정·군 납품을 의미하지 않음""},""duplicate_source_rows"":[]}"
8bb3fcb39e92158e50899092,CMP0250,감시.정찰.수색,직접,company_category_bridge,1230,"{""original"":{""company_id"":""CMP0250"",""company_name_normalized"":""포토플랫폼"",""business_category"":""감시.정찰.수색"",""source_category_raw"":""감시.정찰.수색/인프라관리/다목적 H/W/방송·공연/임무장비"",""source_file"":""항공안전기술원_드론정보포털_기업명_사업분야_20240424 (1).csv"",""as_of_date"":""2024-04-24"",""defense_use_case_relation"":""직접"",""relation_rationale"":""군 감시·정찰 임무와 직접 연결 가능"",""official_defense_evidence"":""N"",""usage_note"":""탐색용 분류이며 기업의 방산업체 지정·군 납품을 의미하지 않음""},""duplicate_source_rows"":[]}"
7e99e7e6b1a5dcd41cd5940a,CMP0250,인프라관리,일반,company_category_bridge,1231,"{""original"":{""company_id"":""CMP0250"",""company_name_normalized"":""포토플랫폼"",""business_category"":""인프라관리"",""source_category_raw"":""감시.정찰.수색/인프라관리/다목적 H/W/방송·공연/임무장비"",""source_file"":""항공안전기술원_드론정보포털_기업명_사업분야_20240424 (1).csv"",""as_of_date"":""2024-04-24"",""defense_use_case_relation"":""일반"",""relation_rationale"":""민수 활용 중심이나 군 시설 관리와 교차 가능"",""official_defense_evidence"":""N"",""usage_note"":""탐색용 분류이며 기업의 방산업체 지정·군 납품을 의미하지 않음""},""duplicate_source_rows"":[]}"
ff04f245f431b5d96e2de397,CMP0250,다목적 H/W,인접,company_category_bridge,1232,"{""original"":{""company_id"":""CMP0250"",""company_name_normalized"":""포토플랫폼"",""business_category"":""다목적 H/W"",""source_category_raw"":""감시.정찰.수색/인프라관리/다목적 H/W/방송·공연/임무장비"",""source_file"":""항공안전기술원_드론정보포털_기업명_사업분야_20240424 (1).csv"",""as_of_date"":""2024-04-24"",""defense_use_case_relation"":""인접"",""relation_rationale"":""기체·전자·탑재체 하드웨어 공급망 후보"",""official_defense_evidence"":""N"",""usage_note"":""탐색용 분류이며 기업의 방산업체 지정·군 납품을 의미하지 않음""},""duplicate_source_rows"":[]}"
19eb550ae74878f982b4cb87,CMP0250,방송·공연,낮음,company_category_bridge,1233,"{""original"":{""company_id"":""CMP0250"",""company_name_normalized"":""포토플랫폼"",""business_category"":""방송·공연"",""source_category_raw"":""감시.정찰.수색/인프라관리/다목적 H/W/방송·공연/임무장비"",""source_file"":""항공안전기술원_드론정보포털_기업명_사업분야_20240424 (1).csv"",""as_of_date"":""2024-04-24"",""defense_use_case_relation"":""낮음"",""relation_rationale"":""국방 연계 판단 근거로 사용하지 않음"",""official_defense_evidence"":""N"",""usage_note"":""탐색용 분류이며 기업의 방산업체 지정·군 납품을 의미하지 않음""},""duplicate_source_rows"":[]}"
cc74c0e184751d5996475020,CMP0250,임무장비,직접,company_category_bridge,1234,"{""original"":{""company_id"":""CMP0250"",""company_name_normalized"":""포토플랫폼"",""business_category"":""임무장비"",""source_category_raw"":""감시.정찰.수색/인프라관리/다목적 H/W/방송·공연/임무장비"",""source_file"":""항공안전기술원_드론정보포털_기업명_사업분야_20240424 (1).csv"",""as_of_date"":""2024-04-24"",""defense_use_case_relation"":""직접"",""relation_rationale"":""정찰·공격·지원 임무장비와 연결 가능"",""official_defense_evidence"":""N"",""usage_note"":""탐색용 분류이며 기업의 방산업체 지정·군 납품을 의미하지 않음""},""duplicate_source_rows"":[]}"
2bdecca16225d3b0e72a3ef6,CMP0254,드론스테이션,인접,company_category_bridge,1235,"{""original"":{""company_id"":""CMP0254"",""company_name_normalized"":""프리뉴"",""business_category"":""드론스테이션"",""source_category_raw"":""드론스테이션/안티드론/모듈/공간정보/특수촬영/방역/방제/살포/환경측량/다목적 H/W/방송·공연/취미·교육/감시.정찰.수색/인프라관리/물류·운송·구조/지상통제장비/통합솔루션"",""source_file"":""항공안전기술원_드론정보포털_기업명_사업분야_20240424 (1).csv"",""as_of_date"":""2024-04-24"",""defense_use_case_relation"":""인접"",""relation_rationale"":""무인 운용·원격 통제 인프라 후보"",""official_defense_evidence"":""N"",""usage_note"":""탐색용 분류이며 기업의 방산업체 지정·군 납품을 의미하지 않음""},""duplicate_source_rows"":[]}"
6a67c729daee9e317c774490,CMP0254,안티드론,직접,company_category_bridge,1236,"{""original"":{""company_id"":""CMP0254"",""company_name_normalized"":""프리뉴"",""business_category"":""안티드론"",""source_category_raw"":""드론스테이션/안티드론/모듈/공간정보/특수촬영/방역/방제/살포/환경측량/다목적 H/W/방송·공연/취미·교육/감시.정찰.수색/인프라관리/물류·운송·구조/지상통제장비/통합솔루션"",""source_file"":""항공안전기술원_드론정보포털_기업명_사업분야_20240424 (1).csv"",""as_of_date"":""2024-04-24"",""defense_use_case_relation"":""직접"",""relation_rationale"":""대드론·C-UAS 용례와 직접 연결되는 사업분야"",""official_defense_evidence"":""N"",""usage_note"":""탐색용 분류이며 기업의 방산업체 지정·군 납품을 의미하지 않음""},""duplicate_source_rows"":[]}"
7c8d3358134fcb97f3f47345,CMP0254,모듈,인접,company_category_bridge,1237,"{""original"":{""company_id"":""CMP0254"",""company_name_normalized"":""프리뉴"",""business_category"":""모듈"",""source_category_raw"":""드론스테이션/안티드론/모듈/공간정보/특수촬영/방역/방제/살포/환경측량/다목적 H/W/방송·공연/취미·교육/감시.정찰.수색/인프라관리/물류·운송·구조/지상통제장비/통합솔루션"",""source_file"":""항공안전기술원_드론정보포털_기업명_사업분야_20240424 (1).csv"",""as_of_date"":""2024-04-24"",""defense_use_case_relation"":""인접"",""relation_rationale"":""국방 드론 부품·모듈 공급망 후보"",""official_defense_evidence"":""N"",""usage_note"":""탐색용 분류이며 기업의 방산업체 지정·군 납품을 의미하지 않음""},""duplicate_source_rows"":[]}"
5f2fec34a0de4ea3e557706d,CMP0254,공간정보,일반,company_category_bridge,1238,"{""original"":{""company_id"":""CMP0254"",""company_name_normalized"":""프리뉴"",""business_category"":""공간정보"",""source_category_raw"":""드론스테이션/안티드론/모듈/공간정보/특수촬영/방역/방제/살포/환경측량/다목적 H/W/방송·공연/취미·교육/감시.정찰.수색/인프라관리/물류·운송·구조/지상통제장비/통합솔루션"",""source_file"":""항공안전기술원_드론정보포털_기업명_사업분야_20240424 (1).csv"",""as_of_date"":""2024-04-24"",""defense_use_case_relation"":""일반"",""relation_rationale"":""군 지형·공간정보 용례와 교차 가능"",""official_defense_evidence"":""N"",""usage_note"":""탐색용 분류이며 기업의 방산업체 지정·군 납품을 의미하지 않음""},""duplicate_source_rows"":[]}"
cf28150743dbe0d6620340b8,CMP0254,특수촬영,일반,company_category_bridge,1239,"{""original"":{""company_id"":""CMP0254"",""company_name_normalized"":""프리뉴"",""business_category"":""특수촬영"",""source_category_raw"":""드론스테이션/안티드론/모듈/공간정보/특수촬영/방역/방제/살포/환경측량/다목적 H/W/방송·공연/취미·교육/감시.정찰.수색/인프라관리/물류·운송·구조/지상통제장비/통합솔루션"",""source_file"":""항공안전기술원_드론정보포털_기업명_사업분야_20240424 (1).csv"",""as_of_date"":""2024-04-24"",""defense_use_case_relation"":""일반"",""relation_rationale"":""정찰 영상과 기술적으로 인접할 수 있음"",""official_defense_evidence"":""N"",""usage_note"":""탐색용 분류이며 기업의 방산업체 지정·군 납품을 의미하지 않음""},""duplicate_source_rows"":[]}"
ca510138b798f7fd00e4eb49,CMP0254,방역/방제/살포,낮음,company_category_bridge,1240,"{""original"":{""company_id"":""CMP0254"",""company_name_normalized"":""프리뉴"",""business_category"":""방역/방제/살포"",""source_category_raw"":""드론스테이션/안티드론/모듈/공간정보/특수촬영/방역/방제/살포/환경측량/다목적 H/W/방송·공연/취미·교육/감시.정찰.수색/인프라관리/물류·운송·구조/지상통제장비/통합솔루션"",""source_file"":""항공안전기술원_드론정보포털_기업명_사업분야_20240424 (1).csv"",""as_of_date"":""2024-04-24"",""defense_use_case_relation"":""낮음"",""relation_rationale"":""주로 민수 활용"",""official_defense_evidence"":""N"",""usage_note"":""탐색용 분류이며 기업의 방산업체 지정·군 납품을 의미하지 않음""},""duplicate_source_rows"":[]}"
80dce1731aeb17f8bafeeae5,CMP0254,환경측량,일반,company_category_bridge,1241,"{""original"":{""company_id"":""CMP0254"",""company_name_normalized"":""프리뉴"",""business_category"":""환경측량"",""source_category_raw"":""드론스테이션/안티드론/모듈/공간정보/특수촬영/방역/방제/살포/환경측량/다목적 H/W/방송·공연/취미·교육/감시.정찰.수색/인프라관리/물류·운송·구조/지상통제장비/통합솔루션"",""source_file"":""항공안전기술원_드론정보포털_기업명_사업분야_20240424 (1).csv"",""as_of_date"":""2024-04-24"",""defense_use_case_relation"":""일반"",""relation_rationale"":""군 환경·지형 조사와 교차 가능"",""official_defense_evidence"":""N"",""usage_note"":""탐색용 분류이며 기업의 방산업체 지정·군 납품을 의미하지 않음""},""duplicate_source_rows"":[]}"
95cc4f302484641f06873321,CMP0254,다목적 H/W,인접,company_category_bridge,1242,"{""original"":{""company_id"":""CMP0254"",""company_name_normalized"":""프리뉴"",""business_category"":""다목적 H/W"",""source_category_raw"":""드론스테이션/안티드론/모듈/공간정보/특수촬영/방역/방제/살포/환경측량/다목적 H/W/방송·공연/취미·교육/감시.정찰.수색/인프라관리/물류·운송·구조/지상통제장비/통합솔루션"",""source_file"":""항공안전기술원_드론정보포털_기업명_사업분야_20240424 (1).csv"",""as_of_date"":""2024-04-24"",""defense_use_case_relation"":""인접"",""relation_rationale"":""기체·전자·탑재체 하드웨어 공급망 후보"",""official_defense_evidence"":""N"",""usage_note"":""탐색용 분류이며 기업의 방산업체 지정·군 납품을 의미하지 않음""},""duplicate_source_rows"":[]}"
e727c66f7b9b75e8e59d0463,CMP0254,방송·공연,낮음,company_category_bridge,1243,"{""original"":{""company_id"":""CMP0254"",""company_name_normalized"":""프리뉴"",""business_category"":""방송·공연"",""source_category_raw"":""드론스테이션/안티드론/모듈/공간정보/특수촬영/방역/방제/살포/환경측량/다목적 H/W/방송·공연/취미·교육/감시.정찰.수색/인프라관리/물류·운송·구조/지상통제장비/통합솔루션"",""source_file"":""항공안전기술원_드론정보포털_기업명_사업분야_20240424 (1).csv"",""as_of_date"":""2024-04-24"",""defense_use_case_relation"":""낮음"",""relation_rationale"":""국방 연계 판단 근거로 사용하지 않음"",""official_defense_evidence"":""N"",""usage_note"":""탐색용 분류이며 기업의 방산업체 지정·군 납품을 의미하지 않음""},""duplicate_source_rows"":[]}"
25a3933f72051279ed3e81ed,CMP0254,취미·교육,낮음,company_category_bridge,1244,"{""original"":{""company_id"":""CMP0254"",""company_name_normalized"":""프리뉴"",""business_category"":""취미·교육"",""source_category_raw"":""드론스테이션/안티드론/모듈/공간정보/특수촬영/방역/방제/살포/환경측량/다목적 H/W/방송·공연/취미·교육/감시.정찰.수색/인프라관리/물류·운송·구조/지상통제장비/통합솔루션"",""source_file"":""항공안전기술원_드론정보포털_기업명_사업분야_20240424 (1).csv"",""as_of_date"":""2024-04-24"",""defense_use_case_relation"":""낮음"",""relation_rationale"":""국방 연계 판단 근거로 사용하지 않음"",""official_defense_evidence"":""N"",""usage_note"":""탐색용 분류이며 기업의 방산업체 지정·군 납품을 의미하지 않음""},""duplicate_source_rows"":[]}"
be3097dfb770a18f106b8594,CMP0254,감시.정찰.수색,직접,company_category_bridge,1245,"{""original"":{""company_id"":""CMP0254"",""company_name_normalized"":""프리뉴"",""business_category"":""감시.정찰.수색"",""source_category_raw"":""드론스테이션/안티드론/모듈/공간정보/특수촬영/방역/방제/살포/환경측량/다목적 H/W/방송·공연/취미·교육/감시.정찰.수색/인프라관리/물류·운송·구조/지상통제장비/통합솔루션"",""source_file"":""항공안전기술원_드론정보포털_기업명_사업분야_20240424 (1).csv"",""as_of_date"":""2024-04-24"",""defense_use_case_relation"":""직접"",""relation_rationale"":""군 감시·정찰 임무와 직접 연결 가능"",""official_defense_evidence"":""N"",""usage_note"":""탐색용 분류이며 기업의 방산업체 지정·군 납품을 의미하지 않음""},""duplicate_source_rows"":[]}"
b3e94bc12f405cc3f6633037,CMP0254,인프라관리,일반,company_category_bridge,1246,"{""original"":{""company_id"":""CMP0254"",""company_name_normalized"":""프리뉴"",""business_category"":""인프라관리"",""source_category_raw"":""드론스테이션/안티드론/모듈/공간정보/특수촬영/방역/방제/살포/환경측량/다목적 H/W/방송·공연/취미·교육/감시.정찰.수색/인프라관리/물류·운송·구조/지상통제장비/통합솔루션"",""source_file"":""항공안전기술원_드론정보포털_기업명_사업분야_20240424 (1).csv"",""as_of_date"":""2024-04-24"",""defense_use_case_relation"":""일반"",""relation_rationale"":""민수 활용 중심이나 군 시설 관리와 교차 가능"",""official_defense_evidence"":""N"",""usage_note"":""탐색용 분류이며 기업의 방산업체 지정·군 납품을 의미하지 않음""},""duplicate_source_rows"":[]}"
ffe67c855e067832a03ab45a,CMP0254,물류·운송·구조,일반,company_category_bridge,1247,"{""original"":{""company_id"":""CMP0254"",""company_name_normalized"":""프리뉴"",""business_category"":""물류·운송·구조"",""source_category_raw"":""드론스테이션/안티드론/모듈/공간정보/특수촬영/방역/방제/살포/환경측량/다목적 H/W/방송·공연/취미·교육/감시.정찰.수색/인프라관리/물류·운송·구조/지상통제장비/통합솔루션"",""source_file"":""항공안전기술원_드론정보포털_기업명_사업분야_20240424 (1).csv"",""as_of_date"":""2024-04-24"",""defense_use_case_relation"":""일반"",""relation_rationale"":""군수·수송 용례와 교차 가능"",""official_defense_evidence"":""N"",""usage_note"":""탐색용 분류이며 기업의 방산업체 지정·군 납품을 의미하지 않음""},""duplicate_source_rows"":[]}"
4c6a4ee50a6de01f3d33b049,CMP0254,지상통제장비,직접,company_category_bridge,1248,"{""original"":{""company_id"":""CMP0254"",""company_name_normalized"":""프리뉴"",""business_category"":""지상통제장비"",""source_category_raw"":""드론스테이션/안티드론/모듈/공간정보/특수촬영/방역/방제/살포/환경측량/다목적 H/W/방송·공연/취미·교육/감시.정찰.수색/인프라관리/물류·운송·구조/지상통제장비/통합솔루션"",""source_file"":""항공안전기술원_드론정보포털_기업명_사업분야_20240424 (1).csv"",""as_of_date"":""2024-04-24"",""defense_use_case_relation"":""직접"",""relation_rationale"":""GCS·임무통제와 연결 가능"",""official_defense_evidence"":""N"",""usage_note"":""탐색용 분류이며 기업의 방산업체 지정·군 납품을 의미하지 않음""},""duplicate_source_rows"":[]}"
e852c013658b44828670cbcb,CMP0254,통합솔루션,인접,company_category_bridge,1249,"{""original"":{""company_id"":""CMP0254"",""company_name_normalized"":""프리뉴"",""business_category"":""통합솔루션"",""source_category_raw"":""드론스테이션/안티드론/모듈/공간정보/특수촬영/방역/방제/살포/환경측량/다목적 H/W/방송·공연/취미·교육/감시.정찰.수색/인프라관리/물류·운송·구조/지상통제장비/통합솔루션"",""source_file"":""항공안전기술원_드론정보포털_기업명_사업분야_20240424 (1).csv"",""as_of_date"":""2024-04-24"",""defense_use_case_relation"":""인접"",""relation_rationale"":""체계통합·운용 소프트웨어와 연결 가능"",""official_defense_evidence"":""N"",""usage_note"":""탐색용 분류이며 기업의 방산업체 지정·군 납품을 의미하지 않음""},""duplicate_source_rows"":[]}"
7c718f61fb94914e4cc917b4,CMP0256,감시.정찰.수색,직접,company_category_bridge,1250,"{""original"":{""company_id"":""CMP0256"",""company_name_normalized"":""피앤유드론"",""business_category"":""감시.정찰.수색"",""source_category_raw"":""감시.정찰.수색/인프라관리/통합솔루션"",""source_file"":""항공안전기술원_드론정보포털_기업명_사업분야_20240424 (1).csv"",""as_of_date"":""2024-04-24"",""defense_use_case_relation"":""직접"",""relation_rationale"":""군 감시·정찰 임무와 직접 연결 가능"",""official_defense_evidence"":""N"",""usage_note"":""탐색용 분류이며 기업의 방산업체 지정·군 납품을 의미하지 않음""},""duplicate_source_rows"":[]}"
2cfb25e3839357b2d708915b,CMP0256,인프라관리,일반,company_category_bridge,1251,"{""original"":{""company_id"":""CMP0256"",""company_name_normalized"":""피앤유드론"",""business_category"":""인프라관리"",""source_category_raw"":""감시.정찰.수색/인프라관리/통합솔루션"",""source_file"":""항공안전기술원_드론정보포털_기업명_사업분야_20240424 (1).csv"",""as_of_date"":""2024-04-24"",""defense_use_case_relation"":""일반"",""relation_rationale"":""민수 활용 중심이나 군 시설 관리와 교차 가능"",""official_defense_evidence"":""N"",""usage_note"":""탐색용 분류이며 기업의 방산업체 지정·군 납품을 의미하지 않음""},""duplicate_source_rows"":[]}"
500839e03fb01fc6e6ce6e50,CMP0256,통합솔루션,인접,company_category_bridge,1252,"{""original"":{""company_id"":""CMP0256"",""company_name_normalized"":""피앤유드론"",""business_category"":""통합솔루션"",""source_category_raw"":""감시.정찰.수색/인프라관리/통합솔루션"",""source_file"":""항공안전기술원_드론정보포털_기업명_사업분야_20240424 (1).csv"",""as_of_date"":""2024-04-24"",""defense_use_case_relation"":""인접"",""relation_rationale"":""체계통합·운용 소프트웨어와 연결 가능"",""official_defense_evidence"":""N"",""usage_note"":""탐색용 분류이며 기업의 방산업체 지정·군 납품을 의미하지 않음""},""duplicate_source_rows"":[]}"
4586d239fe83e29b3d90bffb,CMP0258,안티드론,직접,company_category_bridge,1253,"{""original"":{""company_id"":""CMP0258"",""company_name_normalized"":""필라넷"",""business_category"":""안티드론"",""source_category_raw"":""안티드론/지상통제장비"",""source_file"":""항공안전기술원_드론정보포털_기업명_사업분야_20240424 (1).csv"",""as_of_date"":""2024-04-24"",""defense_use_case_relation"":""직접"",""relation_rationale"":""대드론·C-UAS 용례와 직접 연결되는 사업분야"",""official_defense_evidence"":""N"",""usage_note"":""탐색용 분류이며 기업의 방산업체 지정·군 납품을 의미하지 않음""},""duplicate_source_rows"":[]}"
a5fd6c8ce892150692a33acf,CMP0258,지상통제장비,직접,company_category_bridge,1254,"{""original"":{""company_id"":""CMP0258"",""company_name_normalized"":""필라넷"",""business_category"":""지상통제장비"",""source_category_raw"":""안티드론/지상통제장비"",""source_file"":""항공안전기술원_드론정보포털_기업명_사업분야_20240424 (1).csv"",""as_of_date"":""2024-04-24"",""defense_use_case_relation"":""직접"",""relation_rationale"":""GCS·임무통제와 연결 가능"",""official_defense_evidence"":""N"",""usage_note"":""탐색용 분류이며 기업의 방산업체 지정·군 납품을 의미하지 않음""},""duplicate_source_rows"":[]}"
2689bbf268e9db4289b4135e,CMP0261,물류·운송·구조,일반,company_category_bridge,1255,"{""original"":{""company_id"":""CMP0261"",""company_name_normalized"":""하늘항공"",""business_category"":""물류·운송·구조"",""source_category_raw"":""물류·운송·구조/방역/방제/살포"",""source_file"":""항공안전기술원_드론정보포털_기업명_사업분야_20240424 (1).csv"",""as_of_date"":""2024-04-24"",""defense_use_case_relation"":""일반"",""relation_rationale"":""군수·수송 용례와 교차 가능"",""official_defense_evidence"":""N"",""usage_note"":""탐색용 분류이며 기업의 방산업체 지정·군 납품을 의미하지 않음""},""duplicate_source_rows"":[]}"
003ff8b4e46e27a70b8a23ed,CMP0261,방역/방제/살포,낮음,company_category_bridge,1256,"{""original"":{""company_id"":""CMP0261"",""company_name_normalized"":""하늘항공"",""business_category"":""방역/방제/살포"",""source_category_raw"":""물류·운송·구조/방역/방제/살포"",""source_file"":""항공안전기술원_드론정보포털_기업명_사업분야_20240424 (1).csv"",""as_of_date"":""2024-04-24"",""defense_use_case_relation"":""낮음"",""relation_rationale"":""주로 민수 활용"",""official_defense_evidence"":""N"",""usage_note"":""탐색용 분류이며 기업의 방산업체 지정·군 납품을 의미하지 않음""},""duplicate_source_rows"":[]}"
a86dda17309051f7a708794c,CMP0262,감시.정찰.수색,직접,company_category_bridge,1257,"{""original"":{""company_id"":""CMP0262"",""company_name_normalized"":""하이즈복합재산업(주)"",""business_category"":""감시.정찰.수색"",""source_category_raw"":""감시.정찰.수색/인프라관리/물류·운송·구조/다목적 H/W"",""source_file"":""항공안전기술원_드론정보포털_기업명_사업분야_20240424 (1).csv"",""as_of_date"":""2024-04-24"",""defense_use_case_relation"":""직접"",""relation_rationale"":""군 감시·정찰 임무와 직접 연결 가능"",""official_defense_evidence"":""N"",""usage_note"":""탐색용 분류이며 기업의 방산업체 지정·군 납품을 의미하지 않음""},""duplicate_source_rows"":[]}"
3571ab763563db7e8346a6c8,CMP0262,인프라관리,일반,company_category_bridge,1258,"{""original"":{""company_id"":""CMP0262"",""company_name_normalized"":""하이즈복합재산업(주)"",""business_category"":""인프라관리"",""source_category_raw"":""감시.정찰.수색/인프라관리/물류·운송·구조/다목적 H/W"",""source_file"":""항공안전기술원_드론정보포털_기업명_사업분야_20240424 (1).csv"",""as_of_date"":""2024-04-24"",""defense_use_case_relation"":""일반"",""relation_rationale"":""민수 활용 중심이나 군 시설 관리와 교차 가능"",""official_defense_evidence"":""N"",""usage_note"":""탐색용 분류이며 기업의 방산업체 지정·군 납품을 의미하지 않음""},""duplicate_source_rows"":[]}"
4559d06a48f8cc738bb1d9b0,CMP0262,물류·운송·구조,일반,company_category_bridge,1259,"{""original"":{""company_id"":""CMP0262"",""company_name_normalized"":""하이즈복합재산업(주)"",""business_category"":""물류·운송·구조"",""source_category_raw"":""감시.정찰.수색/인프라관리/물류·운송·구조/다목적 H/W"",""source_file"":""항공안전기술원_드론정보포털_기업명_사업분야_20240424 (1).csv"",""as_of_date"":""2024-04-24"",""defense_use_case_relation"":""일반"",""relation_rationale"":""군수·수송 용례와 교차 가능"",""official_defense_evidence"":""N"",""usage_note"":""탐색용 분류이며 기업의 방산업체 지정·군 납품을 의미하지 않음""},""duplicate_source_rows"":[]}"
863f5c76f781f057e1c71ec1,CMP0262,다목적 H/W,인접,company_category_bridge,1260,"{""original"":{""company_id"":""CMP0262"",""company_name_normalized"":""하이즈복합재산업(주)"",""business_category"":""다목적 H/W"",""source_category_raw"":""감시.정찰.수색/인프라관리/물류·운송·구조/다목적 H/W"",""source_file"":""항공안전기술원_드론정보포털_기업명_사업분야_20240424 (1).csv"",""as_of_date"":""2024-04-24"",""defense_use_case_relation"":""인접"",""relation_rationale"":""기체·전자·탑재체 하드웨어 공급망 후보"",""official_defense_evidence"":""N"",""usage_note"":""탐색용 분류이며 기업의 방산업체 지정·군 납품을 의미하지 않음""},""duplicate_source_rows"":[]}"
e69e4de119afda758eec845f,CMP0263,취미·교육,낮음,company_category_bridge,1261,"{""original"":{""company_id"":""CMP0263"",""company_name_normalized"":""한강드론교육원"",""business_category"":""취미·교육"",""source_category_raw"":""취미·교육"",""source_file"":""항공안전기술원_드론정보포털_기업명_사업분야_20240424 (1).csv"",""as_of_date"":""2024-04-24"",""defense_use_case_relation"":""낮음"",""relation_rationale"":""국방 연계 판단 근거로 사용하지 않음"",""official_defense_evidence"":""N"",""usage_note"":""탐색용 분류이며 기업의 방산업체 지정·군 납품을 의미하지 않음""},""duplicate_source_rows"":[]}"
ee6d9340d894608432acf6b2,CMP0268,감시.정찰.수색,직접,company_category_bridge,1262,"{""original"":{""company_id"":""CMP0268"",""company_name_normalized"":""한국사업관리연구원"",""business_category"":""감시.정찰.수색"",""source_category_raw"":""감시.정찰.수색/인프라관리/공간정보/특수촬영/방역/방제/살포/환경측량/취미·교육/드론스테이션/지상통제장비/통합솔루션"",""source_file"":""항공안전기술원_드론정보포털_기업명_사업분야_20240424 (1).csv"",""as_of_date"":""2024-04-24"",""defense_use_case_relation"":""직접"",""relation_rationale"":""군 감시·정찰 임무와 직접 연결 가능"",""official_defense_evidence"":""N"",""usage_note"":""탐색용 분류이며 기업의 방산업체 지정·군 납품을 의미하지 않음""},""duplicate_source_rows"":[]}"
51d2c690c8a638d60a4e173f,CMP0268,인프라관리,일반,company_category_bridge,1263,"{""original"":{""company_id"":""CMP0268"",""company_name_normalized"":""한국사업관리연구원"",""business_category"":""인프라관리"",""source_category_raw"":""감시.정찰.수색/인프라관리/공간정보/특수촬영/방역/방제/살포/환경측량/취미·교육/드론스테이션/지상통제장비/통합솔루션"",""source_file"":""항공안전기술원_드론정보포털_기업명_사업분야_20240424 (1).csv"",""as_of_date"":""2024-04-24"",""defense_use_case_relation"":""일반"",""relation_rationale"":""민수 활용 중심이나 군 시설 관리와 교차 가능"",""official_defense_evidence"":""N"",""usage_note"":""탐색용 분류이며 기업의 방산업체 지정·군 납품을 의미하지 않음""},""duplicate_source_rows"":[]}"
1e48f8bbc3650659eeccb68c,CMP0268,공간정보,일반,company_category_bridge,1264,"{""original"":{""company_id"":""CMP0268"",""company_name_normalized"":""한국사업관리연구원"",""business_category"":""공간정보"",""source_category_raw"":""감시.정찰.수색/인프라관리/공간정보/특수촬영/방역/방제/살포/환경측량/취미·교육/드론스테이션/지상통제장비/통합솔루션"",""source_file"":""항공안전기술원_드론정보포털_기업명_사업분야_20240424 (1).csv"",""as_of_date"":""2024-04-24"",""defense_use_case_relation"":""일반"",""relation_rationale"":""군 지형·공간정보 용례와 교차 가능"",""official_defense_evidence"":""N"",""usage_note"":""탐색용 분류이며 기업의 방산업체 지정·군 납품을 의미하지 않음""},""duplicate_source_rows"":[]}"
454aa1f06c5bc0037a9c4955,CMP0268,특수촬영,일반,company_category_bridge,1265,"{""original"":{""company_id"":""CMP0268"",""company_name_normalized"":""한국사업관리연구원"",""business_category"":""특수촬영"",""source_category_raw"":""감시.정찰.수색/인프라관리/공간정보/특수촬영/방역/방제/살포/환경측량/취미·교육/드론스테이션/지상통제장비/통합솔루션"",""source_file"":""항공안전기술원_드론정보포털_기업명_사업분야_20240424 (1).csv"",""as_of_date"":""2024-04-24"",""defense_use_case_relation"":""일반"",""relation_rationale"":""정찰 영상과 기술적으로 인접할 수 있음"",""official_defense_evidence"":""N"",""usage_note"":""탐색용 분류이며 기업의 방산업체 지정·군 납품을 의미하지 않음""},""duplicate_source_rows"":[]}"
62db21c7b4f5fc002881e9bb,CMP0268,방역/방제/살포,낮음,company_category_bridge,1266,"{""original"":{""company_id"":""CMP0268"",""company_name_normalized"":""한국사업관리연구원"",""business_category"":""방역/방제/살포"",""source_category_raw"":""감시.정찰.수색/인프라관리/공간정보/특수촬영/방역/방제/살포/환경측량/취미·교육/드론스테이션/지상통제장비/통합솔루션"",""source_file"":""항공안전기술원_드론정보포털_기업명_사업분야_20240424 (1).csv"",""as_of_date"":""2024-04-24"",""defense_use_case_relation"":""낮음"",""relation_rationale"":""주로 민수 활용"",""official_defense_evidence"":""N"",""usage_note"":""탐색용 분류이며 기업의 방산업체 지정·군 납품을 의미하지 않음""},""duplicate_source_rows"":[]}"
a3dd15daaae1a270cf52ce6e,CMP0268,환경측량,일반,company_category_bridge,1267,"{""original"":{""company_id"":""CMP0268"",""company_name_normalized"":""한국사업관리연구원"",""business_category"":""환경측량"",""source_category_raw"":""감시.정찰.수색/인프라관리/공간정보/특수촬영/방역/방제/살포/환경측량/취미·교육/드론스테이션/지상통제장비/통합솔루션"",""source_file"":""항공안전기술원_드론정보포털_기업명_사업분야_20240424 (1).csv"",""as_of_date"":""2024-04-24"",""defense_use_case_relation"":""일반"",""relation_rationale"":""군 환경·지형 조사와 교차 가능"",""official_defense_evidence"":""N"",""usage_note"":""탐색용 분류이며 기업의 방산업체 지정·군 납품을 의미하지 않음""},""duplicate_source_rows"":[]}"
63ce69f9b4ae33d32b5856be,CMP0268,취미·교육,낮음,company_category_bridge,1268,"{""original"":{""company_id"":""CMP0268"",""company_name_normalized"":""한국사업관리연구원"",""business_category"":""취미·교육"",""source_category_raw"":""감시.정찰.수색/인프라관리/공간정보/특수촬영/방역/방제/살포/환경측량/취미·교육/드론스테이션/지상통제장비/통합솔루션"",""source_file"":""항공안전기술원_드론정보포털_기업명_사업분야_20240424 (1).csv"",""as_of_date"":""2024-04-24"",""defense_use_case_relation"":""낮음"",""relation_rationale"":""국방 연계 판단 근거로 사용하지 않음"",""official_defense_evidence"":""N"",""usage_note"":""탐색용 분류이며 기업의 방산업체 지정·군 납품을 의미하지 않음""},""duplicate_source_rows"":[]}"
edc92b72c5248eae62b5b1fd,CMP0268,드론스테이션,인접,company_category_bridge,1269,"{""original"":{""company_id"":""CMP0268"",""company_name_normalized"":""한국사업관리연구원"",""business_category"":""드론스테이션"",""source_category_raw"":""감시.정찰.수색/인프라관리/공간정보/특수촬영/방역/방제/살포/환경측량/취미·교육/드론스테이션/지상통제장비/통합솔루션"",""source_file"":""항공안전기술원_드론정보포털_기업명_사업분야_20240424 (1).csv"",""as_of_date"":""2024-04-24"",""defense_use_case_relation"":""인접"",""relation_rationale"":""무인 운용·원격 통제 인프라 후보"",""official_defense_evidence"":""N"",""usage_note"":""탐색용 분류이며 기업의 방산업체 지정·군 납품을 의미하지 않음""},""duplicate_source_rows"":[]}"
f732aa74771ad5ea23860deb,CMP0268,지상통제장비,직접,company_category_bridge,1270,"{""original"":{""company_id"":""CMP0268"",""company_name_normalized"":""한국사업관리연구원"",""business_category"":""지상통제장비"",""source_category_raw"":""감시.정찰.수색/인프라관리/공간정보/특수촬영/방역/방제/살포/환경측량/취미·교육/드론스테이션/지상통제장비/통합솔루션"",""source_file"":""항공안전기술원_드론정보포털_기업명_사업분야_20240424 (1).csv"",""as_of_date"":""2024-04-24"",""defense_use_case_relation"":""직접"",""relation_rationale"":""GCS·임무통제와 연결 가능"",""official_defense_evidence"":""N"",""usage_note"":""탐색용 분류이며 기업의 방산업체 지정·군 납품을 의미하지 않음""},""duplicate_source_rows"":[]}"
99dc28d8568c80504a0330d0,CMP0268,통합솔루션,인접,company_category_bridge,1271,"{""original"":{""company_id"":""CMP0268"",""company_name_normalized"":""한국사업관리연구원"",""business_category"":""통합솔루션"",""source_category_raw"":""감시.정찰.수색/인프라관리/공간정보/특수촬영/방역/방제/살포/환경측량/취미·교육/드론스테이션/지상통제장비/통합솔루션"",""source_file"":""항공안전기술원_드론정보포털_기업명_사업분야_20240424 (1).csv"",""as_of_date"":""2024-04-24"",""defense_use_case_relation"":""인접"",""relation_rationale"":""체계통합·운용 소프트웨어와 연결 가능"",""official_defense_evidence"":""N"",""usage_note"":""탐색용 분류이며 기업의 방산업체 지정·군 납품을 의미하지 않음""},""duplicate_source_rows"":[]}"
9ce7b094d775b91ea065be34,CMP0269,방역/방제/살포,낮음,company_category_bridge,1272,"{""original"":{""company_id"":""CMP0269"",""company_name_normalized"":""한국유에이브이"",""business_category"":""방역/방제/살포"",""source_category_raw"":""방역/방제/살포"",""source_file"":""항공안전기술원_드론정보포털_기업명_사업분야_20240424 (1).csv"",""as_of_date"":""2024-04-24"",""defense_use_case_relation"":""낮음"",""relation_rationale"":""주로 민수 활용"",""official_defense_evidence"":""N"",""usage_note"":""탐색용 분류이며 기업의 방산업체 지정·군 납품을 의미하지 않음""},""duplicate_source_rows"":[]}"
a76170acfb44f50f086cd62c,CMP0274,감시.정찰.수색,직접,company_category_bridge,1273,"{""original"":{""company_id"":""CMP0274"",""company_name_normalized"":""한국항공기술케이에이티"",""business_category"":""감시.정찰.수색"",""source_category_raw"":""감시.정찰.수색/인프라관리"",""source_file"":""항공안전기술원_드론정보포털_기업명_사업분야_20240424 (1).csv"",""as_of_date"":""2024-04-24"",""defense_use_case_relation"":""직접"",""relation_rationale"":""군 감시·정찰 임무와 직접 연결 가능"",""official_defense_evidence"":""N"",""usage_note"":""탐색용 분류이며 기업의 방산업체 지정·군 납품을 의미하지 않음""},""duplicate_source_rows"":[]}"
1a3a2c5ced23ad8649846bb9,CMP0274,인프라관리,일반,company_category_bridge,1274,"{""original"":{""company_id"":""CMP0274"",""company_name_normalized"":""한국항공기술케이에이티"",""business_category"":""인프라관리"",""source_category_raw"":""감시.정찰.수색/인프라관리"",""source_file"":""항공안전기술원_드론정보포털_기업명_사업분야_20240424 (1).csv"",""as_of_date"":""2024-04-24"",""defense_use_case_relation"":""일반"",""relation_rationale"":""민수 활용 중심이나 군 시설 관리와 교차 가능"",""official_defense_evidence"":""N"",""usage_note"":""탐색용 분류이며 기업의 방산업체 지정·군 납품을 의미하지 않음""},""duplicate_source_rows"":[]}"
8b63b3adec132a920eb67eef,CMP0276,감시.정찰.수색,직접,company_category_bridge,1275,"{""original"":{""company_id"":""CMP0276"",""company_name_normalized"":""한국항공우주산업"",""business_category"":""감시.정찰.수색"",""source_category_raw"":""감시.정찰.수색/인프라관리"",""source_file"":""항공안전기술원_드론정보포털_기업명_사업분야_20240424 (1).csv"",""as_of_date"":""2024-04-24"",""defense_use_case_relation"":""직접"",""relation_rationale"":""군 감시·정찰 임무와 직접 연결 가능"",""official_defense_evidence"":""N"",""usage_note"":""탐색용 분류이며 기업의 방산업체 지정·군 납품을 의미하지 않음""},""duplicate_source_rows"":[]}"
9333b2d80e5bf71dcafcf2ed,CMP0276,인프라관리,일반,company_category_bridge,1276,"{""original"":{""company_id"":""CMP0276"",""company_name_normalized"":""한국항공우주산업"",""business_category"":""인프라관리"",""source_category_raw"":""감시.정찰.수색/인프라관리"",""source_file"":""항공안전기술원_드론정보포털_기업명_사업분야_20240424 (1).csv"",""as_of_date"":""2024-04-24"",""defense_use_case_relation"":""일반"",""relation_rationale"":""민수 활용 중심이나 군 시설 관리와 교차 가능"",""official_defense_evidence"":""N"",""usage_note"":""탐색용 분류이며 기업의 방산업체 지정·군 납품을 의미하지 않음""},""duplicate_source_rows"":[]}"
5989f532656339f0db0e015f,CMP0279,다목적 H/W,인접,company_category_bridge,1277,"{""original"":{""company_id"":""CMP0279"",""company_name_normalized"":""한빛드론"",""business_category"":""다목적 H/W"",""source_category_raw"":""다목적 H/W/안티드론/감시.정찰.수색/인프라관리/환경측량/임무장비/통합솔루션"",""source_file"":""항공안전기술원_드론정보포털_기업명_사업분야_20240424 (1).csv"",""as_of_date"":""2024-04-24"",""defense_use_case_relation"":""인접"",""relation_rationale"":""기체·전자·탑재체 하드웨어 공급망 후보"",""official_defense_evidence"":""N"",""usage_note"":""탐색용 분류이며 기업의 방산업체 지정·군 납품을 의미하지 않음""},""duplicate_source_rows"":[]}"
3ca7edc2759dcbf2d60c465e,CMP0279,안티드론,직접,company_category_bridge,1278,"{""original"":{""company_id"":""CMP0279"",""company_name_normalized"":""한빛드론"",""business_category"":""안티드론"",""source_category_raw"":""다목적 H/W/안티드론/감시.정찰.수색/인프라관리/환경측량/임무장비/통합솔루션"",""source_file"":""항공안전기술원_드론정보포털_기업명_사업분야_20240424 (1).csv"",""as_of_date"":""2024-04-24"",""defense_use_case_relation"":""직접"",""relation_rationale"":""대드론·C-UAS 용례와 직접 연결되는 사업분야"",""official_defense_evidence"":""N"",""usage_note"":""탐색용 분류이며 기업의 방산업체 지정·군 납품을 의미하지 않음""},""duplicate_source_rows"":[]}"
e397f9193f50a44338f5cbbe,CMP0279,감시.정찰.수색,직접,company_category_bridge,1279,"{""original"":{""company_id"":""CMP0279"",""company_name_normalized"":""한빛드론"",""business_category"":""감시.정찰.수색"",""source_category_raw"":""다목적 H/W/안티드론/감시.정찰.수색/인프라관리/환경측량/임무장비/통합솔루션"",""source_file"":""항공안전기술원_드론정보포털_기업명_사업분야_20240424 (1).csv"",""as_of_date"":""2024-04-24"",""defense_use_case_relation"":""직접"",""relation_rationale"":""군 감시·정찰 임무와 직접 연결 가능"",""official_defense_evidence"":""N"",""usage_note"":""탐색용 분류이며 기업의 방산업체 지정·군 납품을 의미하지 않음""},""duplicate_source_rows"":[]}"
a1cb8eaafa5155eaaba92a82,CMP0279,인프라관리,일반,company_category_bridge,1280,"{""original"":{""company_id"":""CMP0279"",""company_name_normalized"":""한빛드론"",""business_category"":""인프라관리"",""source_category_raw"":""다목적 H/W/안티드론/감시.정찰.수색/인프라관리/환경측량/임무장비/통합솔루션"",""source_file"":""항공안전기술원_드론정보포털_기업명_사업분야_20240424 (1).csv"",""as_of_date"":""2024-04-24"",""defense_use_case_relation"":""일반"",""relation_rationale"":""민수 활용 중심이나 군 시설 관리와 교차 가능"",""official_defense_evidence"":""N"",""usage_note"":""탐색용 분류이며 기업의 방산업체 지정·군 납품을 의미하지 않음""},""duplicate_source_rows"":[]}"
8acc098a949db0c5a9f2910b,CMP0279,환경측량,일반,company_category_bridge,1281,"{""original"":{""company_id"":""CMP0279"",""company_name_normalized"":""한빛드론"",""business_category"":""환경측량"",""source_category_raw"":""다목적 H/W/안티드론/감시.정찰.수색/인프라관리/환경측량/임무장비/통합솔루션"",""source_file"":""항공안전기술원_드론정보포털_기업명_사업분야_20240424 (1).csv"",""as_of_date"":""2024-04-24"",""defense_use_case_relation"":""일반"",""relation_rationale"":""군 환경·지형 조사와 교차 가능"",""official_defense_evidence"":""N"",""usage_note"":""탐색용 분류이며 기업의 방산업체 지정·군 납품을 의미하지 않음""},""duplicate_source_rows"":[]}"
06b3983cf9eaebb9639b1e23,CMP0279,임무장비,직접,company_category_bridge,1282,"{""original"":{""company_id"":""CMP0279"",""company_name_normalized"":""한빛드론"",""business_category"":""임무장비"",""source_category_raw"":""다목적 H/W/안티드론/감시.정찰.수색/인프라관리/환경측량/임무장비/통합솔루션"",""source_file"":""항공안전기술원_드론정보포털_기업명_사업분야_20240424 (1).csv"",""as_of_date"":""2024-04-24"",""defense_use_case_relation"":""직접"",""relation_rationale"":""정찰·공격·지원 임무장비와 연결 가능"",""official_defense_evidence"":""N"",""usage_note"":""탐색용 분류이며 기업의 방산업체 지정·군 납품을 의미하지 않음""},""duplicate_source_rows"":[]}"
267c66d02c896f0806c2a5e4,CMP0279,통합솔루션,인접,company_category_bridge,1283,"{""original"":{""company_id"":""CMP0279"",""company_name_normalized"":""한빛드론"",""business_category"":""통합솔루션"",""source_category_raw"":""다목적 H/W/안티드론/감시.정찰.수색/인프라관리/환경측량/임무장비/통합솔루션"",""source_file"":""항공안전기술원_드론정보포털_기업명_사업분야_20240424 (1).csv"",""as_of_date"":""2024-04-24"",""defense_use_case_relation"":""인접"",""relation_rationale"":""체계통합·운용 소프트웨어와 연결 가능"",""official_defense_evidence"":""N"",""usage_note"":""탐색용 분류이며 기업의 방산업체 지정·군 납품을 의미하지 않음""},""duplicate_source_rows"":[]}"
7177628995d67e14c2be85d3,CMP0285,물류·운송·구조,일반,company_category_bridge,1284,"{""original"":{""company_id"":""CMP0285"",""company_name_normalized"":""해양드론기술"",""business_category"":""물류·운송·구조"",""source_category_raw"":""물류·운송·구조/모듈/감시.정찰.수색/인프라관리"",""source_file"":""항공안전기술원_드론정보포털_기업명_사업분야_20240424 (1).csv"",""as_of_date"":""2024-04-24"",""defense_use_case_relation"":""일반"",""relation_rationale"":""군수·수송 용례와 교차 가능"",""official_defense_evidence"":""N"",""usage_note"":""탐색용 분류이며 기업의 방산업체 지정·군 납품을 의미하지 않음""},""duplicate_source_rows"":[]}"
d3179fdc75a439eeeca80faa,CMP0285,모듈,인접,company_category_bridge,1285,"{""original"":{""company_id"":""CMP0285"",""company_name_normalized"":""해양드론기술"",""business_category"":""모듈"",""source_category_raw"":""물류·운송·구조/모듈/감시.정찰.수색/인프라관리"",""source_file"":""항공안전기술원_드론정보포털_기업명_사업분야_20240424 (1).csv"",""as_of_date"":""2024-04-24"",""defense_use_case_relation"":""인접"",""relation_rationale"":""국방 드론 부품·모듈 공급망 후보"",""official_defense_evidence"":""N"",""usage_note"":""탐색용 분류이며 기업의 방산업체 지정·군 납품을 의미하지 않음""},""duplicate_source_rows"":[]}"
3c5ab6fe1e2aacc134246a7f,CMP0285,감시.정찰.수색,직접,company_category_bridge,1286,"{""original"":{""company_id"":""CMP0285"",""company_name_normalized"":""해양드론기술"",""business_category"":""감시.정찰.수색"",""source_category_raw"":""물류·운송·구조/모듈/감시.정찰.수색/인프라관리"",""source_file"":""항공안전기술원_드론정보포털_기업명_사업분야_20240424 (1).csv"",""as_of_date"":""2024-04-24"",""defense_use_case_relation"":""직접"",""relation_rationale"":""군 감시·정찰 임무와 직접 연결 가능"",""official_defense_evidence"":""N"",""usage_note"":""탐색용 분류이며 기업의 방산업체 지정·군 납품을 의미하지 않음""},""duplicate_source_rows"":[]}"
f1c44ee5a9107633871b4f1d,CMP0285,인프라관리,일반,company_category_bridge,1287,"{""original"":{""company_id"":""CMP0285"",""company_name_normalized"":""해양드론기술"",""business_category"":""인프라관리"",""source_category_raw"":""물류·운송·구조/모듈/감시.정찰.수색/인프라관리"",""source_file"":""항공안전기술원_드론정보포털_기업명_사업분야_20240424 (1).csv"",""as_of_date"":""2024-04-24"",""defense_use_case_relation"":""일반"",""relation_rationale"":""민수 활용 중심이나 군 시설 관리와 교차 가능"",""official_defense_evidence"":""N"",""usage_note"":""탐색용 분류이며 기업의 방산업체 지정·군 납품을 의미하지 않음""},""duplicate_source_rows"":[]}"
2c2118b88db493463b63a1da,CMP0289,감시.정찰.수색,직접,company_category_bridge,1288,"{""original"":{""company_id"":""CMP0289"",""company_name_normalized"":""헥사팩토리"",""business_category"":""감시.정찰.수색"",""source_category_raw"":""감시.정찰.수색/인프라관리/물류·운송·구조/공간정보/특수촬영/환경측량/다목적 H/W/방송·공연/취미·교육/드론스테이션/임무장비/모듈/지상통제장비/통합솔루션/앱"",""source_file"":""항공안전기술원_드론정보포털_기업명_사업분야_20240424 (1).csv"",""as_of_date"":""2024-04-24"",""defense_use_case_relation"":""직접"",""relation_rationale"":""군 감시·정찰 임무와 직접 연결 가능"",""official_defense_evidence"":""N"",""usage_note"":""탐색용 분류이며 기업의 방산업체 지정·군 납품을 의미하지 않음""},""duplicate_source_rows"":[]}"
1ed8afb7588caf503b1ac0a2,CMP0289,인프라관리,일반,company_category_bridge,1289,"{""original"":{""company_id"":""CMP0289"",""company_name_normalized"":""헥사팩토리"",""business_category"":""인프라관리"",""source_category_raw"":""감시.정찰.수색/인프라관리/물류·운송·구조/공간정보/특수촬영/환경측량/다목적 H/W/방송·공연/취미·교육/드론스테이션/임무장비/모듈/지상통제장비/통합솔루션/앱"",""source_file"":""항공안전기술원_드론정보포털_기업명_사업분야_20240424 (1).csv"",""as_of_date"":""2024-04-24"",""defense_use_case_relation"":""일반"",""relation_rationale"":""민수 활용 중심이나 군 시설 관리와 교차 가능"",""official_defense_evidence"":""N"",""usage_note"":""탐색용 분류이며 기업의 방산업체 지정·군 납품을 의미하지 않음""},""duplicate_source_rows"":[]}"
0bc915e6e70e184523c51d85,CMP0289,물류·운송·구조,일반,company_category_bridge,1290,"{""original"":{""company_id"":""CMP0289"",""company_name_normalized"":""헥사팩토리"",""business_category"":""물류·운송·구조"",""source_category_raw"":""감시.정찰.수색/인프라관리/물류·운송·구조/공간정보/특수촬영/환경측량/다목적 H/W/방송·공연/취미·교육/드론스테이션/임무장비/모듈/지상통제장비/통합솔루션/앱"",""source_file"":""항공안전기술원_드론정보포털_기업명_사업분야_20240424 (1).csv"",""as_of_date"":""2024-04-24"",""defense_use_case_relation"":""일반"",""relation_rationale"":""군수·수송 용례와 교차 가능"",""official_defense_evidence"":""N"",""usage_note"":""탐색용 분류이며 기업의 방산업체 지정·군 납품을 의미하지 않음""},""duplicate_source_rows"":[]}"
caca92af308b79a9cf91219f,CMP0289,공간정보,일반,company_category_bridge,1291,"{""original"":{""company_id"":""CMP0289"",""company_name_normalized"":""헥사팩토리"",""business_category"":""공간정보"",""source_category_raw"":""감시.정찰.수색/인프라관리/물류·운송·구조/공간정보/특수촬영/환경측량/다목적 H/W/방송·공연/취미·교육/드론스테이션/임무장비/모듈/지상통제장비/통합솔루션/앱"",""source_file"":""항공안전기술원_드론정보포털_기업명_사업분야_20240424 (1).csv"",""as_of_date"":""2024-04-24"",""defense_use_case_relation"":""일반"",""relation_rationale"":""군 지형·공간정보 용례와 교차 가능"",""official_defense_evidence"":""N"",""usage_note"":""탐색용 분류이며 기업의 방산업체 지정·군 납품을 의미하지 않음""},""duplicate_source_rows"":[]}"
18b8e1eb6f126e1a0d6d93b2,CMP0289,특수촬영,일반,company_category_bridge,1292,"{""original"":{""company_id"":""CMP0289"",""company_name_normalized"":""헥사팩토리"",""business_category"":""특수촬영"",""source_category_raw"":""감시.정찰.수색/인프라관리/물류·운송·구조/공간정보/특수촬영/환경측량/다목적 H/W/방송·공연/취미·교육/드론스테이션/임무장비/모듈/지상통제장비/통합솔루션/앱"",""source_file"":""항공안전기술원_드론정보포털_기업명_사업분야_20240424 (1).csv"",""as_of_date"":""2024-04-24"",""defense_use_case_relation"":""일반"",""relation_rationale"":""정찰 영상과 기술적으로 인접할 수 있음"",""official_defense_evidence"":""N"",""usage_note"":""탐색용 분류이며 기업의 방산업체 지정·군 납품을 의미하지 않음""},""duplicate_source_rows"":[]}"
f22fe0d0c2831a8c2ef89067,CMP0289,환경측량,일반,company_category_bridge,1293,"{""original"":{""company_id"":""CMP0289"",""company_name_normalized"":""헥사팩토리"",""business_category"":""환경측량"",""source_category_raw"":""감시.정찰.수색/인프라관리/물류·운송·구조/공간정보/특수촬영/환경측량/다목적 H/W/방송·공연/취미·교육/드론스테이션/임무장비/모듈/지상통제장비/통합솔루션/앱"",""source_file"":""항공안전기술원_드론정보포털_기업명_사업분야_20240424 (1).csv"",""as_of_date"":""2024-04-24"",""defense_use_case_relation"":""일반"",""relation_rationale"":""군 환경·지형 조사와 교차 가능"",""official_defense_evidence"":""N"",""usage_note"":""탐색용 분류이며 기업의 방산업체 지정·군 납품을 의미하지 않음""},""duplicate_source_rows"":[]}"
21bbc47cdbcadb05f4d088ea,CMP0289,다목적 H/W,인접,company_category_bridge,1294,"{""original"":{""company_id"":""CMP0289"",""company_name_normalized"":""헥사팩토리"",""business_category"":""다목적 H/W"",""source_category_raw"":""감시.정찰.수색/인프라관리/물류·운송·구조/공간정보/특수촬영/환경측량/다목적 H/W/방송·공연/취미·교육/드론스테이션/임무장비/모듈/지상통제장비/통합솔루션/앱"",""source_file"":""항공안전기술원_드론정보포털_기업명_사업분야_20240424 (1).csv"",""as_of_date"":""2024-04-24"",""defense_use_case_relation"":""인접"",""relation_rationale"":""기체·전자·탑재체 하드웨어 공급망 후보"",""official_defense_evidence"":""N"",""usage_note"":""탐색용 분류이며 기업의 방산업체 지정·군 납품을 의미하지 않음""},""duplicate_source_rows"":[]}"
2f251b42adc8853183dc1fb1,CMP0289,방송·공연,낮음,company_category_bridge,1295,"{""original"":{""company_id"":""CMP0289"",""company_name_normalized"":""헥사팩토리"",""business_category"":""방송·공연"",""source_category_raw"":""감시.정찰.수색/인프라관리/물류·운송·구조/공간정보/특수촬영/환경측량/다목적 H/W/방송·공연/취미·교육/드론스테이션/임무장비/모듈/지상통제장비/통합솔루션/앱"",""source_file"":""항공안전기술원_드론정보포털_기업명_사업분야_20240424 (1).csv"",""as_of_date"":""2024-04-24"",""defense_use_case_relation"":""낮음"",""relation_rationale"":""국방 연계 판단 근거로 사용하지 않음"",""official_defense_evidence"":""N"",""usage_note"":""탐색용 분류이며 기업의 방산업체 지정·군 납품을 의미하지 않음""},""duplicate_source_rows"":[]}"
053be683a35926cc3028aff4,CMP0289,취미·교육,낮음,company_category_bridge,1296,"{""original"":{""company_id"":""CMP0289"",""company_name_normalized"":""헥사팩토리"",""business_category"":""취미·교육"",""source_category_raw"":""감시.정찰.수색/인프라관리/물류·운송·구조/공간정보/특수촬영/환경측량/다목적 H/W/방송·공연/취미·교육/드론스테이션/임무장비/모듈/지상통제장비/통합솔루션/앱"",""source_file"":""항공안전기술원_드론정보포털_기업명_사업분야_20240424 (1).csv"",""as_of_date"":""2024-04-24"",""defense_use_case_relation"":""낮음"",""relation_rationale"":""국방 연계 판단 근거로 사용하지 않음"",""official_defense_evidence"":""N"",""usage_note"":""탐색용 분류이며 기업의 방산업체 지정·군 납품을 의미하지 않음""},""duplicate_source_rows"":[]}"
42c11453ace91e45cd0c3bb1,CMP0289,드론스테이션,인접,company_category_bridge,1297,"{""original"":{""company_id"":""CMP0289"",""company_name_normalized"":""헥사팩토리"",""business_category"":""드론스테이션"",""source_category_raw"":""감시.정찰.수색/인프라관리/물류·운송·구조/공간정보/특수촬영/환경측량/다목적 H/W/방송·공연/취미·교육/드론스테이션/임무장비/모듈/지상통제장비/통합솔루션/앱"",""source_file"":""항공안전기술원_드론정보포털_기업명_사업분야_20240424 (1).csv"",""as_of_date"":""2024-04-24"",""defense_use_case_relation"":""인접"",""relation_rationale"":""무인 운용·원격 통제 인프라 후보"",""official_defense_evidence"":""N"",""usage_note"":""탐색용 분류이며 기업의 방산업체 지정·군 납품을 의미하지 않음""},""duplicate_source_rows"":[]}"
c210936c011739ae9e9c735f,CMP0289,임무장비,직접,company_category_bridge,1298,"{""original"":{""company_id"":""CMP0289"",""company_name_normalized"":""헥사팩토리"",""business_category"":""임무장비"",""source_category_raw"":""감시.정찰.수색/인프라관리/물류·운송·구조/공간정보/특수촬영/환경측량/다목적 H/W/방송·공연/취미·교육/드론스테이션/임무장비/모듈/지상통제장비/통합솔루션/앱"",""source_file"":""항공안전기술원_드론정보포털_기업명_사업분야_20240424 (1).csv"",""as_of_date"":""2024-04-24"",""defense_use_case_relation"":""직접"",""relation_rationale"":""정찰·공격·지원 임무장비와 연결 가능"",""official_defense_evidence"":""N"",""usage_note"":""탐색용 분류이며 기업의 방산업체 지정·군 납품을 의미하지 않음""},""duplicate_source_rows"":[]}"
0021fdeb9da3b0ee4ab364a2,CMP0289,모듈,인접,company_category_bridge,1299,"{""original"":{""company_id"":""CMP0289"",""company_name_normalized"":""헥사팩토리"",""business_category"":""모듈"",""source_category_raw"":""감시.정찰.수색/인프라관리/물류·운송·구조/공간정보/특수촬영/환경측량/다목적 H/W/방송·공연/취미·교육/드론스테이션/임무장비/모듈/지상통제장비/통합솔루션/앱"",""source_file"":""항공안전기술원_드론정보포털_기업명_사업분야_20240424 (1).csv"",""as_of_date"":""2024-04-24"",""defense_use_case_relation"":""인접"",""relation_rationale"":""국방 드론 부품·모듈 공급망 후보"",""official_defense_evidence"":""N"",""usage_note"":""탐색용 분류이며 기업의 방산업체 지정·군 납품을 의미하지 않음""},""duplicate_source_rows"":[]}"
b1c40d09666f98b9f5142503,CMP0289,지상통제장비,직접,company_category_bridge,1300,"{""original"":{""company_id"":""CMP0289"",""company_name_normalized"":""헥사팩토리"",""business_category"":""지상통제장비"",""source_category_raw"":""감시.정찰.수색/인프라관리/물류·운송·구조/공간정보/특수촬영/환경측량/다목적 H/W/방송·공연/취미·교육/드론스테이션/임무장비/모듈/지상통제장비/통합솔루션/앱"",""source_file"":""항공안전기술원_드론정보포털_기업명_사업분야_20240424 (1).csv"",""as_of_date"":""2024-04-24"",""defense_use_case_relation"":""직접"",""relation_rationale"":""GCS·임무통제와 연결 가능"",""official_defense_evidence"":""N"",""usage_note"":""탐색용 분류이며 기업의 방산업체 지정·군 납품을 의미하지 않음""},""duplicate_source_rows"":[]}"
9bb7b415d696630db1c3a20c,CMP0289,통합솔루션,인접,company_category_bridge,1301,"{""original"":{""company_id"":""CMP0289"",""company_name_normalized"":""헥사팩토리"",""business_category"":""통합솔루션"",""source_category_raw"":""감시.정찰.수색/인프라관리/물류·운송·구조/공간정보/특수촬영/환경측량/다목적 H/W/방송·공연/취미·교육/드론스테이션/임무장비/모듈/지상통제장비/통합솔루션/앱"",""source_file"":""항공안전기술원_드론정보포털_기업명_사업분야_20240424 (1).csv"",""as_of_date"":""2024-04-24"",""defense_use_case_relation"":""인접"",""relation_rationale"":""체계통합·운용 소프트웨어와 연결 가능"",""official_defense_evidence"":""N"",""usage_note"":""탐색용 분류이며 기업의 방산업체 지정·군 납품을 의미하지 않음""},""duplicate_source_rows"":[]}"
980d4ef19ee305345e5533e9,CMP0289,앱,낮음,company_category_bridge,1302,"{""original"":{""company_id"":""CMP0289"",""company_name_normalized"":""헥사팩토리"",""business_category"":""앱"",""source_category_raw"":""감시.정찰.수색/인프라관리/물류·운송·구조/공간정보/특수촬영/환경측량/다목적 H/W/방송·공연/취미·교육/드론스테이션/임무장비/모듈/지상통제장비/통합솔루션/앱"",""source_file"":""항공안전기술원_드론정보포털_기업명_사업분야_20240424 (1).csv"",""as_of_date"":""2024-04-24"",""defense_use_case_relation"":""낮음"",""relation_rationale"":""세부 기능 확인 전 국방 연계 판단 불가"",""official_defense_evidence"":""N"",""usage_note"":""탐색용 분류이며 기업의 방산업체 지정·군 납품을 의미하지 않음""},""duplicate_source_rows"":[]}"
3065b3013d27db2ca777647d,CMP0294,방역/방제/살포,낮음,company_category_bridge,1303,"{""original"":{""company_id"":""CMP0294"",""company_name_normalized"":""호그린에어"",""business_category"":""방역/방제/살포"",""source_category_raw"":""방역/방제/살포/임무장비/모듈"",""source_file"":""항공안전기술원_드론정보포털_기업명_사업분야_20240424 (1).csv"",""as_of_date"":""2024-04-24"",""defense_use_case_relation"":""낮음"",""relation_rationale"":""주로 민수 활용"",""official_defense_evidence"":""N"",""usage_note"":""탐색용 분류이며 기업의 방산업체 지정·군 납품을 의미하지 않음""},""duplicate_source_rows"":[]}"
58cbc983a42c5de1700ea83b,CMP0294,임무장비,직접,company_category_bridge,1304,"{""original"":{""company_id"":""CMP0294"",""company_name_normalized"":""호그린에어"",""business_category"":""임무장비"",""source_category_raw"":""방역/방제/살포/임무장비/모듈"",""source_file"":""항공안전기술원_드론정보포털_기업명_사업분야_20240424 (1).csv"",""as_of_date"":""2024-04-24"",""defense_use_case_relation"":""직접"",""relation_rationale"":""정찰·공격·지원 임무장비와 연결 가능"",""official_defense_evidence"":""N"",""usage_note"":""탐색용 분류이며 기업의 방산업체 지정·군 납품을 의미하지 않음""},""duplicate_source_rows"":[]}"
5ebef28efeb0b7a8b2e49243,CMP0294,모듈,인접,company_category_bridge,1305,"{""original"":{""company_id"":""CMP0294"",""company_name_normalized"":""호그린에어"",""business_category"":""모듈"",""source_category_raw"":""방역/방제/살포/임무장비/모듈"",""source_file"":""항공안전기술원_드론정보포털_기업명_사업분야_20240424 (1).csv"",""as_of_date"":""2024-04-24"",""defense_use_case_relation"":""인접"",""relation_rationale"":""국방 드론 부품·모듈 공급망 후보"",""official_defense_evidence"":""N"",""usage_note"":""탐색용 분류이며 기업의 방산업체 지정·군 납품을 의미하지 않음""},""duplicate_source_rows"":[]}"
a52b843c7d9c4106ccfa68f4,CMP0295,감시.정찰.수색,직접,company_category_bridge,1306,"{""original"":{""company_id"":""CMP0295"",""company_name_normalized"":""훈검항업"",""business_category"":""감시.정찰.수색"",""source_category_raw"":""감시.정찰.수색/인프라관리/공간정보/특수촬영/환경측량/다목적 H/W/취미·교육/임무장비/모듈"",""source_file"":""항공안전기술원_드론정보포털_기업명_사업분야_20240424 (1).csv"",""as_of_date"":""2024-04-24"",""defense_use_case_relation"":""직접"",""relation_rationale"":""군 감시·정찰 임무와 직접 연결 가능"",""official_defense_evidence"":""N"",""usage_note"":""탐색용 분류이며 기업의 방산업체 지정·군 납품을 의미하지 않음""},""duplicate_source_rows"":[]}"
03366afb2ac5500dd573440b,CMP0295,인프라관리,일반,company_category_bridge,1307,"{""original"":{""company_id"":""CMP0295"",""company_name_normalized"":""훈검항업"",""business_category"":""인프라관리"",""source_category_raw"":""감시.정찰.수색/인프라관리/공간정보/특수촬영/환경측량/다목적 H/W/취미·교육/임무장비/모듈"",""source_file"":""항공안전기술원_드론정보포털_기업명_사업분야_20240424 (1).csv"",""as_of_date"":""2024-04-24"",""defense_use_case_relation"":""일반"",""relation_rationale"":""민수 활용 중심이나 군 시설 관리와 교차 가능"",""official_defense_evidence"":""N"",""usage_note"":""탐색용 분류이며 기업의 방산업체 지정·군 납품을 의미하지 않음""},""duplicate_source_rows"":[]}"
b018e4de845322772934fdfe,CMP0295,공간정보,일반,company_category_bridge,1308,"{""original"":{""company_id"":""CMP0295"",""company_name_normalized"":""훈검항업"",""business_category"":""공간정보"",""source_category_raw"":""감시.정찰.수색/인프라관리/공간정보/특수촬영/환경측량/다목적 H/W/취미·교육/임무장비/모듈"",""source_file"":""항공안전기술원_드론정보포털_기업명_사업분야_20240424 (1).csv"",""as_of_date"":""2024-04-24"",""defense_use_case_relation"":""일반"",""relation_rationale"":""군 지형·공간정보 용례와 교차 가능"",""official_defense_evidence"":""N"",""usage_note"":""탐색용 분류이며 기업의 방산업체 지정·군 납품을 의미하지 않음""},""duplicate_source_rows"":[]}"
44a57f90edd4bb66199b22ff,CMP0295,특수촬영,일반,company_category_bridge,1309,"{""original"":{""company_id"":""CMP0295"",""company_name_normalized"":""훈검항업"",""business_category"":""특수촬영"",""source_category_raw"":""감시.정찰.수색/인프라관리/공간정보/특수촬영/환경측량/다목적 H/W/취미·교육/임무장비/모듈"",""source_file"":""항공안전기술원_드론정보포털_기업명_사업분야_20240424 (1).csv"",""as_of_date"":""2024-04-24"",""defense_use_case_relation"":""일반"",""relation_rationale"":""정찰 영상과 기술적으로 인접할 수 있음"",""official_defense_evidence"":""N"",""usage_note"":""탐색용 분류이며 기업의 방산업체 지정·군 납품을 의미하지 않음""},""duplicate_source_rows"":[]}"
38311efd82dc4ae950780e6e,CMP0295,환경측량,일반,company_category_bridge,1310,"{""original"":{""company_id"":""CMP0295"",""company_name_normalized"":""훈검항업"",""business_category"":""환경측량"",""source_category_raw"":""감시.정찰.수색/인프라관리/공간정보/특수촬영/환경측량/다목적 H/W/취미·교육/임무장비/모듈"",""source_file"":""항공안전기술원_드론정보포털_기업명_사업분야_20240424 (1).csv"",""as_of_date"":""2024-04-24"",""defense_use_case_relation"":""일반"",""relation_rationale"":""군 환경·지형 조사와 교차 가능"",""official_defense_evidence"":""N"",""usage_note"":""탐색용 분류이며 기업의 방산업체 지정·군 납품을 의미하지 않음""},""duplicate_source_rows"":[]}"
2da3ecdb6f7ce9357f9d78b0,CMP0295,다목적 H/W,인접,company_category_bridge,1311,"{""original"":{""company_id"":""CMP0295"",""company_name_normalized"":""훈검항업"",""business_category"":""다목적 H/W"",""source_category_raw"":""감시.정찰.수색/인프라관리/공간정보/특수촬영/환경측량/다목적 H/W/취미·교육/임무장비/모듈"",""source_file"":""항공안전기술원_드론정보포털_기업명_사업분야_20240424 (1).csv"",""as_of_date"":""2024-04-24"",""defense_use_case_relation"":""인접"",""relation_rationale"":""기체·전자·탑재체 하드웨어 공급망 후보"",""official_defense_evidence"":""N"",""usage_note"":""탐색용 분류이며 기업의 방산업체 지정·군 납품을 의미하지 않음""},""duplicate_source_rows"":[]}"
f137cc923974bac8811f722b,CMP0295,취미·교육,낮음,company_category_bridge,1312,"{""original"":{""company_id"":""CMP0295"",""company_name_normalized"":""훈검항업"",""business_category"":""취미·교육"",""source_category_raw"":""감시.정찰.수색/인프라관리/공간정보/특수촬영/환경측량/다목적 H/W/취미·교육/임무장비/모듈"",""source_file"":""항공안전기술원_드론정보포털_기업명_사업분야_20240424 (1).csv"",""as_of_date"":""2024-04-24"",""defense_use_case_relation"":""낮음"",""relation_rationale"":""국방 연계 판단 근거로 사용하지 않음"",""official_defense_evidence"":""N"",""usage_note"":""탐색용 분류이며 기업의 방산업체 지정·군 납품을 의미하지 않음""},""duplicate_source_rows"":[]}"
f35322a91862fcbcb24683a3,CMP0295,임무장비,직접,company_category_bridge,1313,"{""original"":{""company_id"":""CMP0295"",""company_name_normalized"":""훈검항업"",""business_category"":""임무장비"",""source_category_raw"":""감시.정찰.수색/인프라관리/공간정보/특수촬영/환경측량/다목적 H/W/취미·교육/임무장비/모듈"",""source_file"":""항공안전기술원_드론정보포털_기업명_사업분야_20240424 (1).csv"",""as_of_date"":""2024-04-24"",""defense_use_case_relation"":""직접"",""relation_rationale"":""정찰·공격·지원 임무장비와 연결 가능"",""official_defense_evidence"":""N"",""usage_note"":""탐색용 분류이며 기업의 방산업체 지정·군 납품을 의미하지 않음""},""duplicate_source_rows"":[]}"
a71dbbc4b72200004ff6ad81,CMP0295,모듈,인접,company_category_bridge,1314,"{""original"":{""company_id"":""CMP0295"",""company_name_normalized"":""훈검항업"",""business_category"":""모듈"",""source_category_raw"":""감시.정찰.수색/인프라관리/공간정보/특수촬영/환경측량/다목적 H/W/취미·교육/임무장비/모듈"",""source_file"":""항공안전기술원_드론정보포털_기업명_사업분야_20240424 (1).csv"",""as_of_date"":""2024-04-24"",""defense_use_case_relation"":""인접"",""relation_rationale"":""국방 드론 부품·모듈 공급망 후보"",""official_defense_evidence"":""N"",""usage_note"":""탐색용 분류이며 기업의 방산업체 지정·군 납품을 의미하지 않음""},""duplicate_source_rows"":[]}"
cf7dae65f9d5ce9ac6a586f3,CMP0299,감시.정찰.수색,직접,company_category_bridge,1315,"{""original"":{""company_id"":""CMP0299"",""company_name_normalized"":""휴먼드론개발"",""business_category"":""감시.정찰.수색"",""source_category_raw"":""감시.정찰.수색/인프라관리/물류·운송·구조/방역/방제/살포/환경측량/임무장비"",""source_file"":""항공안전기술원_드론정보포털_기업명_사업분야_20240424 (1).csv"",""as_of_date"":""2024-04-24"",""defense_use_case_relation"":""직접"",""relation_rationale"":""군 감시·정찰 임무와 직접 연결 가능"",""official_defense_evidence"":""N"",""usage_note"":""탐색용 분류이며 기업의 방산업체 지정·군 납품을 의미하지 않음""},""duplicate_source_rows"":[]}"
b8d4d0bcba1ad0c11c84d644,CMP0299,인프라관리,일반,company_category_bridge,1316,"{""original"":{""company_id"":""CMP0299"",""company_name_normalized"":""휴먼드론개발"",""business_category"":""인프라관리"",""source_category_raw"":""감시.정찰.수색/인프라관리/물류·운송·구조/방역/방제/살포/환경측량/임무장비"",""source_file"":""항공안전기술원_드론정보포털_기업명_사업분야_20240424 (1).csv"",""as_of_date"":""2024-04-24"",""defense_use_case_relation"":""일반"",""relation_rationale"":""민수 활용 중심이나 군 시설 관리와 교차 가능"",""official_defense_evidence"":""N"",""usage_note"":""탐색용 분류이며 기업의 방산업체 지정·군 납품을 의미하지 않음""},""duplicate_source_rows"":[]}"
ace76a03f81b78f3bdf21015,CMP0299,물류·운송·구조,일반,company_category_bridge,1317,"{""original"":{""company_id"":""CMP0299"",""company_name_normalized"":""휴먼드론개발"",""business_category"":""물류·운송·구조"",""source_category_raw"":""감시.정찰.수색/인프라관리/물류·운송·구조/방역/방제/살포/환경측량/임무장비"",""source_file"":""항공안전기술원_드론정보포털_기업명_사업분야_20240424 (1).csv"",""as_of_date"":""2024-04-24"",""defense_use_case_relation"":""일반"",""relation_rationale"":""군수·수송 용례와 교차 가능"",""official_defense_evidence"":""N"",""usage_note"":""탐색용 분류이며 기업의 방산업체 지정·군 납품을 의미하지 않음""},""duplicate_source_rows"":[]}"
1133aa928b573c4d99d7b5e2,CMP0299,방역/방제/살포,낮음,company_category_bridge,1318,"{""original"":{""company_id"":""CMP0299"",""company_name_normalized"":""휴먼드론개발"",""business_category"":""방역/방제/살포"",""source_category_raw"":""감시.정찰.수색/인프라관리/물류·운송·구조/방역/방제/살포/환경측량/임무장비"",""source_file"":""항공안전기술원_드론정보포털_기업명_사업분야_20240424 (1).csv"",""as_of_date"":""2024-04-24"",""defense_use_case_relation"":""낮음"",""relation_rationale"":""주로 민수 활용"",""official_defense_evidence"":""N"",""usage_note"":""탐색용 분류이며 기업의 방산업체 지정·군 납품을 의미하지 않음""},""duplicate_source_rows"":[]}"
8cb359a0ff3512078bafda32,CMP0299,환경측량,일반,company_category_bridge,1319,"{""original"":{""company_id"":""CMP0299"",""company_name_normalized"":""휴먼드론개발"",""business_category"":""환경측량"",""source_category_raw"":""감시.정찰.수색/인프라관리/물류·운송·구조/방역/방제/살포/환경측량/임무장비"",""source_file"":""항공안전기술원_드론정보포털_기업명_사업분야_20240424 (1).csv"",""as_of_date"":""2024-04-24"",""defense_use_case_relation"":""일반"",""relation_rationale"":""군 환경·지형 조사와 교차 가능"",""official_defense_evidence"":""N"",""usage_note"":""탐색용 분류이며 기업의 방산업체 지정·군 납품을 의미하지 않음""},""duplicate_source_rows"":[]}"
52edc8cf99b1648ab8d09c25,CMP0299,임무장비,직접,company_category_bridge,1320,"{""original"":{""company_id"":""CMP0299"",""company_name_normalized"":""휴먼드론개발"",""business_category"":""임무장비"",""source_category_raw"":""감시.정찰.수색/인프라관리/물류·운송·구조/방역/방제/살포/환경측량/임무장비"",""source_file"":""항공안전기술원_드론정보포털_기업명_사업분야_20240424 (1).csv"",""as_of_date"":""2024-04-24"",""defense_use_case_relation"":""직접"",""relation_rationale"":""정찰·공격·지원 임무장비와 연결 가능"",""official_defense_evidence"":""N"",""usage_note"":""탐색용 분류이며 기업의 방산업체 지정·군 납품을 의미하지 않음""},""duplicate_source_rows"":[]}"
345a9532ab09b96994b61471,CMP0300,감시.정찰.수색,직접,company_category_bridge,1321,"{""original"":{""company_id"":""CMP0300"",""company_name_normalized"":""휴인스"",""business_category"":""감시.정찰.수색"",""source_category_raw"":""감시.정찰.수색/인프라관리/드론스테이션/지상통제장비"",""source_file"":""항공안전기술원_드론정보포털_기업명_사업분야_20240424 (1).csv"",""as_of_date"":""2024-04-24"",""defense_use_case_relation"":""직접"",""relation_rationale"":""군 감시·정찰 임무와 직접 연결 가능"",""official_defense_evidence"":""N"",""usage_note"":""탐색용 분류이며 기업의 방산업체 지정·군 납품을 의미하지 않음""},""duplicate_source_rows"":[]}"
057ebba8c8703d84db03d4f8,CMP0300,인프라관리,일반,company_category_bridge,1322,"{""original"":{""company_id"":""CMP0300"",""company_name_normalized"":""휴인스"",""business_category"":""인프라관리"",""source_category_raw"":""감시.정찰.수색/인프라관리/드론스테이션/지상통제장비"",""source_file"":""항공안전기술원_드론정보포털_기업명_사업분야_20240424 (1).csv"",""as_of_date"":""2024-04-24"",""defense_use_case_relation"":""일반"",""relation_rationale"":""민수 활용 중심이나 군 시설 관리와 교차 가능"",""official_defense_evidence"":""N"",""usage_note"":""탐색용 분류이며 기업의 방산업체 지정·군 납품을 의미하지 않음""},""duplicate_source_rows"":[]}"
07a6f95fbef13240c82bf6c7,CMP0300,드론스테이션,인접,company_category_bridge,1323,"{""original"":{""company_id"":""CMP0300"",""company_name_normalized"":""휴인스"",""business_category"":""드론스테이션"",""source_category_raw"":""감시.정찰.수색/인프라관리/드론스테이션/지상통제장비"",""source_file"":""항공안전기술원_드론정보포털_기업명_사업분야_20240424 (1).csv"",""as_of_date"":""2024-04-24"",""defense_use_case_relation"":""인접"",""relation_rationale"":""무인 운용·원격 통제 인프라 후보"",""official_defense_evidence"":""N"",""usage_note"":""탐색용 분류이며 기업의 방산업체 지정·군 납품을 의미하지 않음""},""duplicate_source_rows"":[]}"
63230e472c89278f31cd6473,CMP0300,지상통제장비,직접,company_category_bridge,1324,"{""original"":{""company_id"":""CMP0300"",""company_name_normalized"":""휴인스"",""business_category"":""지상통제장비"",""source_category_raw"":""감시.정찰.수색/인프라관리/드론스테이션/지상통제장비"",""source_file"":""항공안전기술원_드론정보포털_기업명_사업분야_20240424 (1).csv"",""as_of_date"":""2024-04-24"",""defense_use_case_relation"":""직접"",""relation_rationale"":""GCS·임무통제와 연결 가능"",""official_defense_evidence"":""N"",""usage_note"":""탐색용 분류이며 기업의 방산업체 지정·군 납품을 의미하지 않음""},""duplicate_source_rows"":[]}"
