company_id,company_name_normalized,business_category,source_category_raw,source_file,as_of_date,defense_use_case_relation,relation_rationale,official_defense_evidence,usage_note
CMP0267,한국드론활용협회,감시.정찰.수색,감시.정찰.수색/인프라관리/통합솔루션,항공안전기술원_드론정보포털_기업명_사업분야_20240424 (1).csv,2024-04-24,직접,군 감시·정찰 임무와 직접 연결 가능,N,탐색용 분류이며 기업의 방산업체 지정·군 납품을 의미하지 않음
CMP0267,한국드론활용협회,인프라관리,감시.정찰.수색/인프라관리/통합솔루션,항공안전기술원_드론정보포털_기업명_사업분야_20240424 (1).csv,2024-04-24,일반,민수 활용 중심이나 군 시설 관리와 교차 가능,N,탐색용 분류이며 기업의 방산업체 지정·군 납품을 의미하지 않음
CMP0267,한국드론활용협회,통합솔루션,감시.정찰.수색/인프라관리/통합솔루션,항공안전기술원_드론정보포털_기업명_사업분야_20240424 (1).csv,2024-04-24,인접,체계통합·운용 소프트웨어와 연결 가능,N,탐색용 분류이며 기업의 방산업체 지정·군 납품을 의미하지 않음
CMP0124,서해항공방제,방역/방제/살포,방역/방제/살포/방송·공연/임무장비,항공안전기술원_드론정보포털_기업명_사업분야_20240424 (1).csv,2024-04-24,낮음,주로 민수 활용,N,탐색용 분류이며 기업의 방산업체 지정·군 납품을 의미하지 않음
CMP0124,서해항공방제,방송·공연,방역/방제/살포/방송·공연/임무장비,항공안전기술원_드론정보포털_기업명_사업분야_20240424 (1).csv,2024-04-24,낮음,국방 연계 판단 근거로 사용하지 않음,N,탐색용 분류이며 기업의 방산업체 지정·군 납품을 의미하지 않음
CMP0124,서해항공방제,임무장비,방역/방제/살포/방송·공연/임무장비,항공안전기술원_드론정보포털_기업명_사업분야_20240424 (1).csv,2024-04-24,직접,정찰·공격·지원 임무장비와 연결 가능,N,탐색용 분류이며 기업의 방산업체 지정·군 납품을 의미하지 않음
CMP0019,규림,방역/방제/살포,방역/방제/살포/취미·교육/기타,항공안전기술원_드론정보포털_기업명_사업분야_20240424 (1).csv,2024-04-24,낮음,주로 민수 활용,N,탐색용 분류이며 기업의 방산업체 지정·군 납품을 의미하지 않음
CMP0019,규림,취미·교육,방역/방제/살포/취미·교육/기타,항공안전기술원_드론정보포털_기업명_사업분야_20240424 (1).csv,2024-04-24,낮음,국방 연계 판단 근거로 사용하지 않음,N,탐색용 분류이며 기업의 방산업체 지정·군 납품을 의미하지 않음
CMP0019,규림,기타,방역/방제/살포/취미·교육/기타,항공안전기술원_드론정보포털_기업명_사업분야_20240424 (1).csv,2024-04-24,미확인,세부 내용 확인 필요,N,탐색용 분류이며 기업의 방산업체 지정·군 납품을 의미하지 않음
CMP0240,테이슨,감시.정찰.수색,감시.정찰.수색/인프라관리/통합솔루션/앱,항공안전기술원_드론정보포털_기업명_사업분야_20240424 (1).csv,2024-04-24,직접,군 감시·정찰 임무와 직접 연결 가능,N,탐색용 분류이며 기업의 방산업체 지정·군 납품을 의미하지 않음
CMP0240,테이슨,인프라관리,감시.정찰.수색/인프라관리/통합솔루션/앱,항공안전기술원_드론정보포털_기업명_사업분야_20240424 (1).csv,2024-04-24,일반,민수 활용 중심이나 군 시설 관리와 교차 가능,N,탐색용 분류이며 기업의 방산업체 지정·군 납품을 의미하지 않음
CMP0240,테이슨,통합솔루션,감시.정찰.수색/인프라관리/통합솔루션/앱,항공안전기술원_드론정보포털_기업명_사업분야_20240424 (1).csv,2024-04-24,인접,체계통합·운용 소프트웨어와 연결 가능,N,탐색용 분류이며 기업의 방산업체 지정·군 납품을 의미하지 않음
CMP0240,테이슨,앱,감시.정찰.수색/인프라관리/통합솔루션/앱,항공안전기술원_드론정보포털_기업명_사업분야_20240424 (1).csv,2024-04-24,낮음,세부 기능 확인 전 국방 연계 판단 불가,N,탐색용 분류이며 기업의 방산업체 지정·군 납품을 의미하지 않음
CMP0281,한컴아카데미,감시.정찰.수색,감시.정찰.수색/인프라관리/물류·운송·구조/공간정보/특수촬영/방역/방제/살포/환경측량/다목적 H/W/방송·공연/취미·교육/드론스테이션/임무장비/모듈/지상통제장비/통합솔루션/앱,항공안전기술원_드론정보포털_기업명_사업분야_20240424 (1).csv,2024-04-24,직접,군 감시·정찰 임무와 직접 연결 가능,N,탐색용 분류이며 기업의 방산업체 지정·군 납품을 의미하지 않음
CMP0281,한컴아카데미,인프라관리,감시.정찰.수색/인프라관리/물류·운송·구조/공간정보/특수촬영/방역/방제/살포/환경측량/다목적 H/W/방송·공연/취미·교육/드론스테이션/임무장비/모듈/지상통제장비/통합솔루션/앱,항공안전기술원_드론정보포털_기업명_사업분야_20240424 (1).csv,2024-04-24,일반,민수 활용 중심이나 군 시설 관리와 교차 가능,N,탐색용 분류이며 기업의 방산업체 지정·군 납품을 의미하지 않음
CMP0281,한컴아카데미,물류·운송·구조,감시.정찰.수색/인프라관리/물류·운송·구조/공간정보/특수촬영/방역/방제/살포/환경측량/다목적 H/W/방송·공연/취미·교육/드론스테이션/임무장비/모듈/지상통제장비/통합솔루션/앱,항공안전기술원_드론정보포털_기업명_사업분야_20240424 (1).csv,2024-04-24,일반,군수·수송 용례와 교차 가능,N,탐색용 분류이며 기업의 방산업체 지정·군 납품을 의미하지 않음
CMP0281,한컴아카데미,공간정보,감시.정찰.수색/인프라관리/물류·운송·구조/공간정보/특수촬영/방역/방제/살포/환경측량/다목적 H/W/방송·공연/취미·교육/드론스테이션/임무장비/모듈/지상통제장비/통합솔루션/앱,항공안전기술원_드론정보포털_기업명_사업분야_20240424 (1).csv,2024-04-24,일반,군 지형·공간정보 용례와 교차 가능,N,탐색용 분류이며 기업의 방산업체 지정·군 납품을 의미하지 않음
CMP0281,한컴아카데미,특수촬영,감시.정찰.수색/인프라관리/물류·운송·구조/공간정보/특수촬영/방역/방제/살포/환경측량/다목적 H/W/방송·공연/취미·교육/드론스테이션/임무장비/모듈/지상통제장비/통합솔루션/앱,항공안전기술원_드론정보포털_기업명_사업분야_20240424 (1).csv,2024-04-24,일반,정찰 영상과 기술적으로 인접할 수 있음,N,탐색용 분류이며 기업의 방산업체 지정·군 납품을 의미하지 않음
CMP0281,한컴아카데미,방역/방제/살포,감시.정찰.수색/인프라관리/물류·운송·구조/공간정보/특수촬영/방역/방제/살포/환경측량/다목적 H/W/방송·공연/취미·교육/드론스테이션/임무장비/모듈/지상통제장비/통합솔루션/앱,항공안전기술원_드론정보포털_기업명_사업분야_20240424 (1).csv,2024-04-24,낮음,주로 민수 활용,N,탐색용 분류이며 기업의 방산업체 지정·군 납품을 의미하지 않음
CMP0281,한컴아카데미,환경측량,감시.정찰.수색/인프라관리/물류·운송·구조/공간정보/특수촬영/방역/방제/살포/환경측량/다목적 H/W/방송·공연/취미·교육/드론스테이션/임무장비/모듈/지상통제장비/통합솔루션/앱,항공안전기술원_드론정보포털_기업명_사업분야_20240424 (1).csv,2024-04-24,일반,군 환경·지형 조사와 교차 가능,N,탐색용 분류이며 기업의 방산업체 지정·군 납품을 의미하지 않음
CMP0281,한컴아카데미,다목적 H/W,감시.정찰.수색/인프라관리/물류·운송·구조/공간정보/특수촬영/방역/방제/살포/환경측량/다목적 H/W/방송·공연/취미·교육/드론스테이션/임무장비/모듈/지상통제장비/통합솔루션/앱,항공안전기술원_드론정보포털_기업명_사업분야_20240424 (1).csv,2024-04-24,인접,기체·전자·탑재체 하드웨어 공급망 후보,N,탐색용 분류이며 기업의 방산업체 지정·군 납품을 의미하지 않음
CMP0281,한컴아카데미,방송·공연,감시.정찰.수색/인프라관리/물류·운송·구조/공간정보/특수촬영/방역/방제/살포/환경측량/다목적 H/W/방송·공연/취미·교육/드론스테이션/임무장비/모듈/지상통제장비/통합솔루션/앱,항공안전기술원_드론정보포털_기업명_사업분야_20240424 (1).csv,2024-04-24,낮음,국방 연계 판단 근거로 사용하지 않음,N,탐색용 분류이며 기업의 방산업체 지정·군 납품을 의미하지 않음
CMP0281,한컴아카데미,취미·교육,감시.정찰.수색/인프라관리/물류·운송·구조/공간정보/특수촬영/방역/방제/살포/환경측량/다목적 H/W/방송·공연/취미·교육/드론스테이션/임무장비/모듈/지상통제장비/통합솔루션/앱,항공안전기술원_드론정보포털_기업명_사업분야_20240424 (1).csv,2024-04-24,낮음,국방 연계 판단 근거로 사용하지 않음,N,탐색용 분류이며 기업의 방산업체 지정·군 납품을 의미하지 않음
CMP0281,한컴아카데미,드론스테이션,감시.정찰.수색/인프라관리/물류·운송·구조/공간정보/특수촬영/방역/방제/살포/환경측량/다목적 H/W/방송·공연/취미·교육/드론스테이션/임무장비/모듈/지상통제장비/통합솔루션/앱,항공안전기술원_드론정보포털_기업명_사업분야_20240424 (1).csv,2024-04-24,인접,무인 운용·원격 통제 인프라 후보,N,탐색용 분류이며 기업의 방산업체 지정·군 납품을 의미하지 않음
CMP0281,한컴아카데미,임무장비,감시.정찰.수색/인프라관리/물류·운송·구조/공간정보/특수촬영/방역/방제/살포/환경측량/다목적 H/W/방송·공연/취미·교육/드론스테이션/임무장비/모듈/지상통제장비/통합솔루션/앱,항공안전기술원_드론정보포털_기업명_사업분야_20240424 (1).csv,2024-04-24,직접,정찰·공격·지원 임무장비와 연결 가능,N,탐색용 분류이며 기업의 방산업체 지정·군 납품을 의미하지 않음
CMP0281,한컴아카데미,모듈,감시.정찰.수색/인프라관리/물류·운송·구조/공간정보/특수촬영/방역/방제/살포/환경측량/다목적 H/W/방송·공연/취미·교육/드론스테이션/임무장비/모듈/지상통제장비/통합솔루션/앱,항공안전기술원_드론정보포털_기업명_사업분야_20240424 (1).csv,2024-04-24,인접,국방 드론 부품·모듈 공급망 후보,N,탐색용 분류이며 기업의 방산업체 지정·군 납품을 의미하지 않음
CMP0281,한컴아카데미,지상통제장비,감시.정찰.수색/인프라관리/물류·운송·구조/공간정보/특수촬영/방역/방제/살포/환경측량/다목적 H/W/방송·공연/취미·교육/드론스테이션/임무장비/모듈/지상통제장비/통합솔루션/앱,항공안전기술원_드론정보포털_기업명_사업분야_20240424 (1).csv,2024-04-24,직접,GCS·임무통제와 연결 가능,N,탐색용 분류이며 기업의 방산업체 지정·군 납품을 의미하지 않음
CMP0281,한컴아카데미,통합솔루션,감시.정찰.수색/인프라관리/물류·운송·구조/공간정보/특수촬영/방역/방제/살포/환경측량/다목적 H/W/방송·공연/취미·교육/드론스테이션/임무장비/모듈/지상통제장비/통합솔루션/앱,항공안전기술원_드론정보포털_기업명_사업분야_20240424 (1).csv,2024-04-24,인접,체계통합·운용 소프트웨어와 연결 가능,N,탐색용 분류이며 기업의 방산업체 지정·군 납품을 의미하지 않음
CMP0281,한컴아카데미,앱,감시.정찰.수색/인프라관리/물류·운송·구조/공간정보/특수촬영/방역/방제/살포/환경측량/다목적 H/W/방송·공연/취미·교육/드론스테이션/임무장비/모듈/지상통제장비/통합솔루션/앱,항공안전기술원_드론정보포털_기업명_사업분야_20240424 (1).csv,2024-04-24,낮음,세부 기능 확인 전 국방 연계 판단 불가,N,탐색용 분류이며 기업의 방산업체 지정·군 납품을 의미하지 않음
CMP0006,가이온,감시.정찰.수색,감시.정찰.수색/인프라관리/물류·운송·구조/공간정보/특수촬영/방역/방제/살포/다목적 H/W/임무장비/모듈/지상통제장비/통합솔루션,항공안전기술원_드론정보포털_기업명_사업분야_20240424 (1).csv,2024-04-24,직접,군 감시·정찰 임무와 직접 연결 가능,N,탐색용 분류이며 기업의 방산업체 지정·군 납품을 의미하지 않음
CMP0006,가이온,인프라관리,감시.정찰.수색/인프라관리/물류·운송·구조/공간정보/특수촬영/방역/방제/살포/다목적 H/W/임무장비/모듈/지상통제장비/통합솔루션,항공안전기술원_드론정보포털_기업명_사업분야_20240424 (1).csv,2024-04-24,일반,민수 활용 중심이나 군 시설 관리와 교차 가능,N,탐색용 분류이며 기업의 방산업체 지정·군 납품을 의미하지 않음
CMP0006,가이온,물류·운송·구조,감시.정찰.수색/인프라관리/물류·운송·구조/공간정보/특수촬영/방역/방제/살포/다목적 H/W/임무장비/모듈/지상통제장비/통합솔루션,항공안전기술원_드론정보포털_기업명_사업분야_20240424 (1).csv,2024-04-24,일반,군수·수송 용례와 교차 가능,N,탐색용 분류이며 기업의 방산업체 지정·군 납품을 의미하지 않음
CMP0006,가이온,공간정보,감시.정찰.수색/인프라관리/물류·운송·구조/공간정보/특수촬영/방역/방제/살포/다목적 H/W/임무장비/모듈/지상통제장비/통합솔루션,항공안전기술원_드론정보포털_기업명_사업분야_20240424 (1).csv,2024-04-24,일반,군 지형·공간정보 용례와 교차 가능,N,탐색용 분류이며 기업의 방산업체 지정·군 납품을 의미하지 않음
CMP0006,가이온,특수촬영,감시.정찰.수색/인프라관리/물류·운송·구조/공간정보/특수촬영/방역/방제/살포/다목적 H/W/임무장비/모듈/지상통제장비/통합솔루션,항공안전기술원_드론정보포털_기업명_사업분야_20240424 (1).csv,2024-04-24,일반,정찰 영상과 기술적으로 인접할 수 있음,N,탐색용 분류이며 기업의 방산업체 지정·군 납품을 의미하지 않음
CMP0006,가이온,방역/방제/살포,감시.정찰.수색/인프라관리/물류·운송·구조/공간정보/특수촬영/방역/방제/살포/다목적 H/W/임무장비/모듈/지상통제장비/통합솔루션,항공안전기술원_드론정보포털_기업명_사업분야_20240424 (1).csv,2024-04-24,낮음,주로 민수 활용,N,탐색용 분류이며 기업의 방산업체 지정·군 납품을 의미하지 않음
CMP0006,가이온,다목적 H/W,감시.정찰.수색/인프라관리/물류·운송·구조/공간정보/특수촬영/방역/방제/살포/다목적 H/W/임무장비/모듈/지상통제장비/통합솔루션,항공안전기술원_드론정보포털_기업명_사업분야_20240424 (1).csv,2024-04-24,인접,기체·전자·탑재체 하드웨어 공급망 후보,N,탐색용 분류이며 기업의 방산업체 지정·군 납품을 의미하지 않음
CMP0006,가이온,임무장비,감시.정찰.수색/인프라관리/물류·운송·구조/공간정보/특수촬영/방역/방제/살포/다목적 H/W/임무장비/모듈/지상통제장비/통합솔루션,항공안전기술원_드론정보포털_기업명_사업분야_20240424 (1).csv,2024-04-24,직접,정찰·공격·지원 임무장비와 연결 가능,N,탐색용 분류이며 기업의 방산업체 지정·군 납품을 의미하지 않음
CMP0006,가이온,모듈,감시.정찰.수색/인프라관리/물류·운송·구조/공간정보/특수촬영/방역/방제/살포/다목적 H/W/임무장비/모듈/지상통제장비/통합솔루션,항공안전기술원_드론정보포털_기업명_사업분야_20240424 (1).csv,2024-04-24,인접,국방 드론 부품·모듈 공급망 후보,N,탐색용 분류이며 기업의 방산업체 지정·군 납품을 의미하지 않음
CMP0006,가이온,지상통제장비,감시.정찰.수색/인프라관리/물류·운송·구조/공간정보/특수촬영/방역/방제/살포/다목적 H/W/임무장비/모듈/지상통제장비/통합솔루션,항공안전기술원_드론정보포털_기업명_사업분야_20240424 (1).csv,2024-04-24,직접,GCS·임무통제와 연결 가능,N,탐색용 분류이며 기업의 방산업체 지정·군 납품을 의미하지 않음
CMP0006,가이온,통합솔루션,감시.정찰.수색/인프라관리/물류·운송·구조/공간정보/특수촬영/방역/방제/살포/다목적 H/W/임무장비/모듈/지상통제장비/통합솔루션,항공안전기술원_드론정보포털_기업명_사업분야_20240424 (1).csv,2024-04-24,인접,체계통합·운용 소프트웨어와 연결 가능,N,탐색용 분류이며 기업의 방산업체 지정·군 납품을 의미하지 않음
CMP0018,군집텍,감시.정찰.수색,감시.정찰.수색/인프라관리/물류·운송·구조/공간정보/특수촬영/방역/방제/살포/환경측량/다목적 H/W/방송·공연/취미·교육/드론스테이션/임무장비/지상통제장비/통합솔루션,항공안전기술원_드론정보포털_기업명_사업분야_20240424 (1).csv,2024-04-24,직접,군 감시·정찰 임무와 직접 연결 가능,N,탐색용 분류이며 기업의 방산업체 지정·군 납품을 의미하지 않음
CMP0018,군집텍,인프라관리,감시.정찰.수색/인프라관리/물류·운송·구조/공간정보/특수촬영/방역/방제/살포/환경측량/다목적 H/W/방송·공연/취미·교육/드론스테이션/임무장비/지상통제장비/통합솔루션,항공안전기술원_드론정보포털_기업명_사업분야_20240424 (1).csv,2024-04-24,일반,민수 활용 중심이나 군 시설 관리와 교차 가능,N,탐색용 분류이며 기업의 방산업체 지정·군 납품을 의미하지 않음
CMP0018,군집텍,물류·운송·구조,감시.정찰.수색/인프라관리/물류·운송·구조/공간정보/특수촬영/방역/방제/살포/환경측량/다목적 H/W/방송·공연/취미·교육/드론스테이션/임무장비/지상통제장비/통합솔루션,항공안전기술원_드론정보포털_기업명_사업분야_20240424 (1).csv,2024-04-24,일반,군수·수송 용례와 교차 가능,N,탐색용 분류이며 기업의 방산업체 지정·군 납품을 의미하지 않음
CMP0018,군집텍,공간정보,감시.정찰.수색/인프라관리/물류·운송·구조/공간정보/특수촬영/방역/방제/살포/환경측량/다목적 H/W/방송·공연/취미·교육/드론스테이션/임무장비/지상통제장비/통합솔루션,항공안전기술원_드론정보포털_기업명_사업분야_20240424 (1).csv,2024-04-24,일반,군 지형·공간정보 용례와 교차 가능,N,탐색용 분류이며 기업의 방산업체 지정·군 납품을 의미하지 않음
CMP0018,군집텍,특수촬영,감시.정찰.수색/인프라관리/물류·운송·구조/공간정보/특수촬영/방역/방제/살포/환경측량/다목적 H/W/방송·공연/취미·교육/드론스테이션/임무장비/지상통제장비/통합솔루션,항공안전기술원_드론정보포털_기업명_사업분야_20240424 (1).csv,2024-04-24,일반,정찰 영상과 기술적으로 인접할 수 있음,N,탐색용 분류이며 기업의 방산업체 지정·군 납품을 의미하지 않음
CMP0018,군집텍,방역/방제/살포,감시.정찰.수색/인프라관리/물류·운송·구조/공간정보/특수촬영/방역/방제/살포/환경측량/다목적 H/W/방송·공연/취미·교육/드론스테이션/임무장비/지상통제장비/통합솔루션,항공안전기술원_드론정보포털_기업명_사업분야_20240424 (1).csv,2024-04-24,낮음,주로 민수 활용,N,탐색용 분류이며 기업의 방산업체 지정·군 납품을 의미하지 않음
CMP0018,군집텍,환경측량,감시.정찰.수색/인프라관리/물류·운송·구조/공간정보/특수촬영/방역/방제/살포/환경측량/다목적 H/W/방송·공연/취미·교육/드론스테이션/임무장비/지상통제장비/통합솔루션,항공안전기술원_드론정보포털_기업명_사업분야_20240424 (1).csv,2024-04-24,일반,군 환경·지형 조사와 교차 가능,N,탐색용 분류이며 기업의 방산업체 지정·군 납품을 의미하지 않음
CMP0018,군집텍,다목적 H/W,감시.정찰.수색/인프라관리/물류·운송·구조/공간정보/특수촬영/방역/방제/살포/환경측량/다목적 H/W/방송·공연/취미·교육/드론스테이션/임무장비/지상통제장비/통합솔루션,항공안전기술원_드론정보포털_기업명_사업분야_20240424 (1).csv,2024-04-24,인접,기체·전자·탑재체 하드웨어 공급망 후보,N,탐색용 분류이며 기업의 방산업체 지정·군 납품을 의미하지 않음
CMP0018,군집텍,방송·공연,감시.정찰.수색/인프라관리/물류·운송·구조/공간정보/특수촬영/방역/방제/살포/환경측량/다목적 H/W/방송·공연/취미·교육/드론스테이션/임무장비/지상통제장비/통합솔루션,항공안전기술원_드론정보포털_기업명_사업분야_20240424 (1).csv,2024-04-24,낮음,국방 연계 판단 근거로 사용하지 않음,N,탐색용 분류이며 기업의 방산업체 지정·군 납품을 의미하지 않음
CMP0018,군집텍,취미·교육,감시.정찰.수색/인프라관리/물류·운송·구조/공간정보/특수촬영/방역/방제/살포/환경측량/다목적 H/W/방송·공연/취미·교육/드론스테이션/임무장비/지상통제장비/통합솔루션,항공안전기술원_드론정보포털_기업명_사업분야_20240424 (1).csv,2024-04-24,낮음,국방 연계 판단 근거로 사용하지 않음,N,탐색용 분류이며 기업의 방산업체 지정·군 납품을 의미하지 않음
CMP0018,군집텍,드론스테이션,감시.정찰.수색/인프라관리/물류·운송·구조/공간정보/특수촬영/방역/방제/살포/환경측량/다목적 H/W/방송·공연/취미·교육/드론스테이션/임무장비/지상통제장비/통합솔루션,항공안전기술원_드론정보포털_기업명_사업분야_20240424 (1).csv,2024-04-24,인접,무인 운용·원격 통제 인프라 후보,N,탐색용 분류이며 기업의 방산업체 지정·군 납품을 의미하지 않음
CMP0018,군집텍,임무장비,감시.정찰.수색/인프라관리/물류·운송·구조/공간정보/특수촬영/방역/방제/살포/환경측량/다목적 H/W/방송·공연/취미·교육/드론스테이션/임무장비/지상통제장비/통합솔루션,항공안전기술원_드론정보포털_기업명_사업분야_20240424 (1).csv,2024-04-24,직접,정찰·공격·지원 임무장비와 연결 가능,N,탐색용 분류이며 기업의 방산업체 지정·군 납품을 의미하지 않음
CMP0018,군집텍,지상통제장비,감시.정찰.수색/인프라관리/물류·운송·구조/공간정보/특수촬영/방역/방제/살포/환경측량/다목적 H/W/방송·공연/취미·교육/드론스테이션/임무장비/지상통제장비/통합솔루션,항공안전기술원_드론정보포털_기업명_사업분야_20240424 (1).csv,2024-04-24,직접,GCS·임무통제와 연결 가능,N,탐색용 분류이며 기업의 방산업체 지정·군 납품을 의미하지 않음
CMP0018,군집텍,통합솔루션,감시.정찰.수색/인프라관리/물류·운송·구조/공간정보/특수촬영/방역/방제/살포/환경측량/다목적 H/W/방송·공연/취미·교육/드론스테이션/임무장비/지상통제장비/통합솔루션,항공안전기술원_드론정보포털_기업명_사업분야_20240424 (1).csv,2024-04-24,인접,체계통합·운용 소프트웨어와 연결 가능,N,탐색용 분류이며 기업의 방산업체 지정·군 납품을 의미하지 않음
CMP0040,다츠,지상통제장비,지상통제장비/통합솔루션/감시.정찰.수색/인프라관리/물류·운송·구조/다목적 H/W/임무장비,항공안전기술원_드론정보포털_기업명_사업분야_20240424 (1).csv,2024-04-24,직접,GCS·임무통제와 연결 가능,N,탐색용 분류이며 기업의 방산업체 지정·군 납품을 의미하지 않음
CMP0040,다츠,통합솔루션,지상통제장비/통합솔루션/감시.정찰.수색/인프라관리/물류·운송·구조/다목적 H/W/임무장비,항공안전기술원_드론정보포털_기업명_사업분야_20240424 (1).csv,2024-04-24,인접,체계통합·운용 소프트웨어와 연결 가능,N,탐색용 분류이며 기업의 방산업체 지정·군 납품을 의미하지 않음
CMP0040,다츠,감시.정찰.수색,지상통제장비/통합솔루션/감시.정찰.수색/인프라관리/물류·운송·구조/다목적 H/W/임무장비,항공안전기술원_드론정보포털_기업명_사업분야_20240424 (1).csv,2024-04-24,직접,군 감시·정찰 임무와 직접 연결 가능,N,탐색용 분류이며 기업의 방산업체 지정·군 납품을 의미하지 않음
CMP0040,다츠,인프라관리,지상통제장비/통합솔루션/감시.정찰.수색/인프라관리/물류·운송·구조/다목적 H/W/임무장비,항공안전기술원_드론정보포털_기업명_사업분야_20240424 (1).csv,2024-04-24,일반,민수 활용 중심이나 군 시설 관리와 교차 가능,N,탐색용 분류이며 기업의 방산업체 지정·군 납품을 의미하지 않음
CMP0040,다츠,물류·운송·구조,지상통제장비/통합솔루션/감시.정찰.수색/인프라관리/물류·운송·구조/다목적 H/W/임무장비,항공안전기술원_드론정보포털_기업명_사업분야_20240424 (1).csv,2024-04-24,일반,군수·수송 용례와 교차 가능,N,탐색용 분류이며 기업의 방산업체 지정·군 납품을 의미하지 않음
CMP0040,다츠,다목적 H/W,지상통제장비/통합솔루션/감시.정찰.수색/인프라관리/물류·운송·구조/다목적 H/W/임무장비,항공안전기술원_드론정보포털_기업명_사업분야_20240424 (1).csv,2024-04-24,인접,기체·전자·탑재체 하드웨어 공급망 후보,N,탐색용 분류이며 기업의 방산업체 지정·군 납품을 의미하지 않음
CMP0040,다츠,임무장비,지상통제장비/통합솔루션/감시.정찰.수색/인프라관리/물류·운송·구조/다목적 H/W/임무장비,항공안전기술원_드론정보포털_기업명_사업분야_20240424 (1).csv,2024-04-24,직접,정찰·공격·지원 임무장비와 연결 가능,N,탐색용 분류이며 기업의 방산업체 지정·군 납품을 의미하지 않음
CMP0069,드론아카데미,감시.정찰.수색,감시.정찰.수색/인프라관리/물류·운송·구조/공간정보/특수촬영/방송·공연/취미·교육/임무장비,항공안전기술원_드론정보포털_기업명_사업분야_20240424 (1).csv,2024-04-24,직접,군 감시·정찰 임무와 직접 연결 가능,N,탐색용 분류이며 기업의 방산업체 지정·군 납품을 의미하지 않음
CMP0069,드론아카데미,인프라관리,감시.정찰.수색/인프라관리/물류·운송·구조/공간정보/특수촬영/방송·공연/취미·교육/임무장비,항공안전기술원_드론정보포털_기업명_사업분야_20240424 (1).csv,2024-04-24,일반,민수 활용 중심이나 군 시설 관리와 교차 가능,N,탐색용 분류이며 기업의 방산업체 지정·군 납품을 의미하지 않음
CMP0069,드론아카데미,물류·운송·구조,감시.정찰.수색/인프라관리/물류·운송·구조/공간정보/특수촬영/방송·공연/취미·교육/임무장비,항공안전기술원_드론정보포털_기업명_사업분야_20240424 (1).csv,2024-04-24,일반,군수·수송 용례와 교차 가능,N,탐색용 분류이며 기업의 방산업체 지정·군 납품을 의미하지 않음
CMP0069,드론아카데미,공간정보,감시.정찰.수색/인프라관리/물류·운송·구조/공간정보/특수촬영/방송·공연/취미·교육/임무장비,항공안전기술원_드론정보포털_기업명_사업분야_20240424 (1).csv,2024-04-24,일반,군 지형·공간정보 용례와 교차 가능,N,탐색용 분류이며 기업의 방산업체 지정·군 납품을 의미하지 않음
CMP0069,드론아카데미,특수촬영,감시.정찰.수색/인프라관리/물류·운송·구조/공간정보/특수촬영/방송·공연/취미·교육/임무장비,항공안전기술원_드론정보포털_기업명_사업분야_20240424 (1).csv,2024-04-24,일반,정찰 영상과 기술적으로 인접할 수 있음,N,탐색용 분류이며 기업의 방산업체 지정·군 납품을 의미하지 않음
CMP0069,드론아카데미,방송·공연,감시.정찰.수색/인프라관리/물류·운송·구조/공간정보/특수촬영/방송·공연/취미·교육/임무장비,항공안전기술원_드론정보포털_기업명_사업분야_20240424 (1).csv,2024-04-24,낮음,국방 연계 판단 근거로 사용하지 않음,N,탐색용 분류이며 기업의 방산업체 지정·군 납품을 의미하지 않음
CMP0069,드론아카데미,취미·교육,감시.정찰.수색/인프라관리/물류·운송·구조/공간정보/특수촬영/방송·공연/취미·교육/임무장비,항공안전기술원_드론정보포털_기업명_사업분야_20240424 (1).csv,2024-04-24,낮음,국방 연계 판단 근거로 사용하지 않음,N,탐색용 분류이며 기업의 방산업체 지정·군 납품을 의미하지 않음
CMP0069,드론아카데미,임무장비,감시.정찰.수색/인프라관리/물류·운송·구조/공간정보/특수촬영/방송·공연/취미·교육/임무장비,항공안전기술원_드론정보포털_기업명_사업분야_20240424 (1).csv,2024-04-24,직접,정찰·공격·지원 임무장비와 연결 가능,N,탐색용 분류이며 기업의 방산업체 지정·군 납품을 의미하지 않음
CMP0080,디알원,방역/방제/살포,방역/방제/살포/다목적 H/W/임무장비,항공안전기술원_드론정보포털_기업명_사업분야_20240424 (1).csv,2024-04-24,낮음,주로 민수 활용,N,탐색용 분류이며 기업의 방산업체 지정·군 납품을 의미하지 않음
CMP0080,디알원,다목적 H/W,방역/방제/살포/다목적 H/W/임무장비,항공안전기술원_드론정보포털_기업명_사업분야_20240424 (1).csv,2024-04-24,인접,기체·전자·탑재체 하드웨어 공급망 후보,N,탐색용 분류이며 기업의 방산업체 지정·군 납품을 의미하지 않음
CMP0080,디알원,임무장비,방역/방제/살포/다목적 H/W/임무장비,항공안전기술원_드론정보포털_기업명_사업분야_20240424 (1).csv,2024-04-24,직접,정찰·공격·지원 임무장비와 연결 가능,N,탐색용 분류이며 기업의 방산업체 지정·군 납품을 의미하지 않음
CMP0086,띄움스토리,감시.정찰.수색,감시.정찰.수색/인프라관리/물류·운송·구조/공간정보/특수촬영/방역/방제/살포/방송·공연/취미·교육,항공안전기술원_드론정보포털_기업명_사업분야_20240424 (1).csv,2024-04-24,직접,군 감시·정찰 임무와 직접 연결 가능,N,탐색용 분류이며 기업의 방산업체 지정·군 납품을 의미하지 않음
CMP0086,띄움스토리,인프라관리,감시.정찰.수색/인프라관리/물류·운송·구조/공간정보/특수촬영/방역/방제/살포/방송·공연/취미·교육,항공안전기술원_드론정보포털_기업명_사업분야_20240424 (1).csv,2024-04-24,일반,민수 활용 중심이나 군 시설 관리와 교차 가능,N,탐색용 분류이며 기업의 방산업체 지정·군 납품을 의미하지 않음
CMP0086,띄움스토리,물류·운송·구조,감시.정찰.수색/인프라관리/물류·운송·구조/공간정보/특수촬영/방역/방제/살포/방송·공연/취미·교육,항공안전기술원_드론정보포털_기업명_사업분야_20240424 (1).csv,2024-04-24,일반,군수·수송 용례와 교차 가능,N,탐색용 분류이며 기업의 방산업체 지정·군 납품을 의미하지 않음
CMP0086,띄움스토리,공간정보,감시.정찰.수색/인프라관리/물류·운송·구조/공간정보/특수촬영/방역/방제/살포/방송·공연/취미·교육,항공안전기술원_드론정보포털_기업명_사업분야_20240424 (1).csv,2024-04-24,일반,군 지형·공간정보 용례와 교차 가능,N,탐색용 분류이며 기업의 방산업체 지정·군 납품을 의미하지 않음
CMP0086,띄움스토리,특수촬영,감시.정찰.수색/인프라관리/물류·운송·구조/공간정보/특수촬영/방역/방제/살포/방송·공연/취미·교육,항공안전기술원_드론정보포털_기업명_사업분야_20240424 (1).csv,2024-04-24,일반,정찰 영상과 기술적으로 인접할 수 있음,N,탐색용 분류이며 기업의 방산업체 지정·군 납품을 의미하지 않음
CMP0086,띄움스토리,방역/방제/살포,감시.정찰.수색/인프라관리/물류·운송·구조/공간정보/특수촬영/방역/방제/살포/방송·공연/취미·교육,항공안전기술원_드론정보포털_기업명_사업분야_20240424 (1).csv,2024-04-24,낮음,주로 민수 활용,N,탐색용 분류이며 기업의 방산업체 지정·군 납품을 의미하지 않음
CMP0086,띄움스토리,방송·공연,감시.정찰.수색/인프라관리/물류·운송·구조/공간정보/특수촬영/방역/방제/살포/방송·공연/취미·교육,항공안전기술원_드론정보포털_기업명_사업분야_20240424 (1).csv,2024-04-24,낮음,국방 연계 판단 근거로 사용하지 않음,N,탐색용 분류이며 기업의 방산업체 지정·군 납품을 의미하지 않음
CMP0086,띄움스토리,취미·교육,감시.정찰.수색/인프라관리/물류·운송·구조/공간정보/특수촬영/방역/방제/살포/방송·공연/취미·교육,항공안전기술원_드론정보포털_기업명_사업분야_20240424 (1).csv,2024-04-24,낮음,국방 연계 판단 근거로 사용하지 않음,N,탐색용 분류이며 기업의 방산업체 지정·군 납품을 의미하지 않음
CMP0091,리얼테크,공간정보,공간정보/특수촬영/취미·교육/임무장비,항공안전기술원_드론정보포털_기업명_사업분야_20240424 (1).csv,2024-04-24,일반,군 지형·공간정보 용례와 교차 가능,N,탐색용 분류이며 기업의 방산업체 지정·군 납품을 의미하지 않음
CMP0091,리얼테크,특수촬영,공간정보/특수촬영/취미·교육/임무장비,항공안전기술원_드론정보포털_기업명_사업분야_20240424 (1).csv,2024-04-24,일반,정찰 영상과 기술적으로 인접할 수 있음,N,탐색용 분류이며 기업의 방산업체 지정·군 납품을 의미하지 않음
CMP0091,리얼테크,취미·교육,공간정보/특수촬영/취미·교육/임무장비,항공안전기술원_드론정보포털_기업명_사업분야_20240424 (1).csv,2024-04-24,낮음,국방 연계 판단 근거로 사용하지 않음,N,탐색용 분류이며 기업의 방산업체 지정·군 납품을 의미하지 않음
CMP0091,리얼테크,임무장비,공간정보/특수촬영/취미·교육/임무장비,항공안전기술원_드론정보포털_기업명_사업분야_20240424 (1).csv,2024-04-24,직접,정찰·공격·지원 임무장비와 연결 가능,N,탐색용 분류이며 기업의 방산업체 지정·군 납품을 의미하지 않음
CMP0099,모빌리티원,감시.정찰.수색,감시.정찰.수색/인프라관리/물류·운송·구조/방역/방제/살포/환경측량/드론스테이션/임무장비/지상통제장비/통합솔루션/앱,항공안전기술원_드론정보포털_기업명_사업분야_20240424 (1).csv,2024-04-24,직접,군 감시·정찰 임무와 직접 연결 가능,N,탐색용 분류이며 기업의 방산업체 지정·군 납품을 의미하지 않음
CMP0099,모빌리티원,인프라관리,감시.정찰.수색/인프라관리/물류·운송·구조/방역/방제/살포/환경측량/드론스테이션/임무장비/지상통제장비/통합솔루션/앱,항공안전기술원_드론정보포털_기업명_사업분야_20240424 (1).csv,2024-04-24,일반,민수 활용 중심이나 군 시설 관리와 교차 가능,N,탐색용 분류이며 기업의 방산업체 지정·군 납품을 의미하지 않음
CMP0099,모빌리티원,물류·운송·구조,감시.정찰.수색/인프라관리/물류·운송·구조/방역/방제/살포/환경측량/드론스테이션/임무장비/지상통제장비/통합솔루션/앱,항공안전기술원_드론정보포털_기업명_사업분야_20240424 (1).csv,2024-04-24,일반,군수·수송 용례와 교차 가능,N,탐색용 분류이며 기업의 방산업체 지정·군 납품을 의미하지 않음
CMP0099,모빌리티원,방역/방제/살포,감시.정찰.수색/인프라관리/물류·운송·구조/방역/방제/살포/환경측량/드론스테이션/임무장비/지상통제장비/통합솔루션/앱,항공안전기술원_드론정보포털_기업명_사업분야_20240424 (1).csv,2024-04-24,낮음,주로 민수 활용,N,탐색용 분류이며 기업의 방산업체 지정·군 납품을 의미하지 않음
CMP0099,모빌리티원,환경측량,감시.정찰.수색/인프라관리/물류·운송·구조/방역/방제/살포/환경측량/드론스테이션/임무장비/지상통제장비/통합솔루션/앱,항공안전기술원_드론정보포털_기업명_사업분야_20240424 (1).csv,2024-04-24,일반,군 환경·지형 조사와 교차 가능,N,탐색용 분류이며 기업의 방산업체 지정·군 납품을 의미하지 않음
CMP0099,모빌리티원,드론스테이션,감시.정찰.수색/인프라관리/물류·운송·구조/방역/방제/살포/환경측량/드론스테이션/임무장비/지상통제장비/통합솔루션/앱,항공안전기술원_드론정보포털_기업명_사업분야_20240424 (1).csv,2024-04-24,인접,무인 운용·원격 통제 인프라 후보,N,탐색용 분류이며 기업의 방산업체 지정·군 납품을 의미하지 않음
CMP0099,모빌리티원,임무장비,감시.정찰.수색/인프라관리/물류·운송·구조/방역/방제/살포/환경측량/드론스테이션/임무장비/지상통제장비/통합솔루션/앱,항공안전기술원_드론정보포털_기업명_사업분야_20240424 (1).csv,2024-04-24,직접,정찰·공격·지원 임무장비와 연결 가능,N,탐색용 분류이며 기업의 방산업체 지정·군 납품을 의미하지 않음
CMP0099,모빌리티원,지상통제장비,감시.정찰.수색/인프라관리/물류·운송·구조/방역/방제/살포/환경측량/드론스테이션/임무장비/지상통제장비/통합솔루션/앱,항공안전기술원_드론정보포털_기업명_사업분야_20240424 (1).csv,2024-04-24,직접,GCS·임무통제와 연결 가능,N,탐색용 분류이며 기업의 방산업체 지정·군 납품을 의미하지 않음
CMP0099,모빌리티원,통합솔루션,감시.정찰.수색/인프라관리/물류·운송·구조/방역/방제/살포/환경측량/드론스테이션/임무장비/지상통제장비/통합솔루션/앱,항공안전기술원_드론정보포털_기업명_사업분야_20240424 (1).csv,2024-04-24,인접,체계통합·운용 소프트웨어와 연결 가능,N,탐색용 분류이며 기업의 방산업체 지정·군 납품을 의미하지 않음
CMP0099,모빌리티원,앱,감시.정찰.수색/인프라관리/물류·운송·구조/방역/방제/살포/환경측량/드론스테이션/임무장비/지상통제장비/통합솔루션/앱,항공안전기술원_드론정보포털_기업명_사업분야_20240424 (1).csv,2024-04-24,낮음,세부 기능 확인 전 국방 연계 판단 불가,N,탐색용 분류이며 기업의 방산업체 지정·군 납품을 의미하지 않음
CMP0108,보라스카이,감시.정찰.수색,감시.정찰.수색/인프라관리/물류·운송·구조/공간정보/특수촬영/환경측량/다목적 H/W/모듈/통합솔루션,항공안전기술원_드론정보포털_기업명_사업분야_20240424 (1).csv,2024-04-24,직접,군 감시·정찰 임무와 직접 연결 가능,N,탐색용 분류이며 기업의 방산업체 지정·군 납품을 의미하지 않음
CMP0108,보라스카이,인프라관리,감시.정찰.수색/인프라관리/물류·운송·구조/공간정보/특수촬영/환경측량/다목적 H/W/모듈/통합솔루션,항공안전기술원_드론정보포털_기업명_사업분야_20240424 (1).csv,2024-04-24,일반,민수 활용 중심이나 군 시설 관리와 교차 가능,N,탐색용 분류이며 기업의 방산업체 지정·군 납품을 의미하지 않음
CMP0108,보라스카이,물류·운송·구조,감시.정찰.수색/인프라관리/물류·운송·구조/공간정보/특수촬영/환경측량/다목적 H/W/모듈/통합솔루션,항공안전기술원_드론정보포털_기업명_사업분야_20240424 (1).csv,2024-04-24,일반,군수·수송 용례와 교차 가능,N,탐색용 분류이며 기업의 방산업체 지정·군 납품을 의미하지 않음
CMP0108,보라스카이,공간정보,감시.정찰.수색/인프라관리/물류·운송·구조/공간정보/특수촬영/환경측량/다목적 H/W/모듈/통합솔루션,항공안전기술원_드론정보포털_기업명_사업분야_20240424 (1).csv,2024-04-24,일반,군 지형·공간정보 용례와 교차 가능,N,탐색용 분류이며 기업의 방산업체 지정·군 납품을 의미하지 않음
CMP0108,보라스카이,특수촬영,감시.정찰.수색/인프라관리/물류·운송·구조/공간정보/특수촬영/환경측량/다목적 H/W/모듈/통합솔루션,항공안전기술원_드론정보포털_기업명_사업분야_20240424 (1).csv,2024-04-24,일반,정찰 영상과 기술적으로 인접할 수 있음,N,탐색용 분류이며 기업의 방산업체 지정·군 납품을 의미하지 않음
CMP0108,보라스카이,환경측량,감시.정찰.수색/인프라관리/물류·운송·구조/공간정보/특수촬영/환경측량/다목적 H/W/모듈/통합솔루션,항공안전기술원_드론정보포털_기업명_사업분야_20240424 (1).csv,2024-04-24,일반,군 환경·지형 조사와 교차 가능,N,탐색용 분류이며 기업의 방산업체 지정·군 납품을 의미하지 않음
CMP0108,보라스카이,다목적 H/W,감시.정찰.수색/인프라관리/물류·운송·구조/공간정보/특수촬영/환경측량/다목적 H/W/모듈/통합솔루션,항공안전기술원_드론정보포털_기업명_사업분야_20240424 (1).csv,2024-04-24,인접,기체·전자·탑재체 하드웨어 공급망 후보,N,탐색용 분류이며 기업의 방산업체 지정·군 납품을 의미하지 않음
CMP0108,보라스카이,모듈,감시.정찰.수색/인프라관리/물류·운송·구조/공간정보/특수촬영/환경측량/다목적 H/W/모듈/통합솔루션,항공안전기술원_드론정보포털_기업명_사업분야_20240424 (1).csv,2024-04-24,인접,국방 드론 부품·모듈 공급망 후보,N,탐색용 분류이며 기업의 방산업체 지정·군 납품을 의미하지 않음
CMP0108,보라스카이,통합솔루션,감시.정찰.수색/인프라관리/물류·운송·구조/공간정보/특수촬영/환경측량/다목적 H/W/모듈/통합솔루션,항공안전기술원_드론정보포털_기업명_사업분야_20240424 (1).csv,2024-04-24,인접,체계통합·운용 소프트웨어와 연결 가능,N,탐색용 분류이며 기업의 방산업체 지정·군 납품을 의미하지 않음
CMP0109,보헤미안오에스,감시.정찰.수색,감시.정찰.수색/인프라관리/물류·운송·구조/통합솔루션/앱/기타,항공안전기술원_드론정보포털_기업명_사업분야_20240424 (1).csv,2024-04-24,직접,군 감시·정찰 임무와 직접 연결 가능,N,탐색용 분류이며 기업의 방산업체 지정·군 납품을 의미하지 않음
CMP0109,보헤미안오에스,인프라관리,감시.정찰.수색/인프라관리/물류·운송·구조/통합솔루션/앱/기타,항공안전기술원_드론정보포털_기업명_사업분야_20240424 (1).csv,2024-04-24,일반,민수 활용 중심이나 군 시설 관리와 교차 가능,N,탐색용 분류이며 기업의 방산업체 지정·군 납품을 의미하지 않음
CMP0109,보헤미안오에스,물류·운송·구조,감시.정찰.수색/인프라관리/물류·운송·구조/통합솔루션/앱/기타,항공안전기술원_드론정보포털_기업명_사업분야_20240424 (1).csv,2024-04-24,일반,군수·수송 용례와 교차 가능,N,탐색용 분류이며 기업의 방산업체 지정·군 납품을 의미하지 않음
CMP0109,보헤미안오에스,통합솔루션,감시.정찰.수색/인프라관리/물류·운송·구조/통합솔루션/앱/기타,항공안전기술원_드론정보포털_기업명_사업분야_20240424 (1).csv,2024-04-24,인접,체계통합·운용 소프트웨어와 연결 가능,N,탐색용 분류이며 기업의 방산업체 지정·군 납품을 의미하지 않음
CMP0109,보헤미안오에스,앱,감시.정찰.수색/인프라관리/물류·운송·구조/통합솔루션/앱/기타,항공안전기술원_드론정보포털_기업명_사업분야_20240424 (1).csv,2024-04-24,낮음,세부 기능 확인 전 국방 연계 판단 불가,N,탐색용 분류이며 기업의 방산업체 지정·군 납품을 의미하지 않음
CMP0109,보헤미안오에스,기타,감시.정찰.수색/인프라관리/물류·운송·구조/통합솔루션/앱/기타,항공안전기술원_드론정보포털_기업명_사업분야_20240424 (1).csv,2024-04-24,미확인,세부 내용 확인 필요,N,탐색용 분류이며 기업의 방산업체 지정·군 납품을 의미하지 않음
CMP0110,볼로랜드,감시.정찰.수색,감시.정찰.수색/인프라관리/물류·운송·구조/공간정보/특수촬영/다목적 H/W/드론스테이션/임무장비/모듈/지상통제장비/통합솔루션,항공안전기술원_드론정보포털_기업명_사업분야_20240424 (1).csv,2024-04-24,직접,군 감시·정찰 임무와 직접 연결 가능,N,탐색용 분류이며 기업의 방산업체 지정·군 납품을 의미하지 않음
CMP0110,볼로랜드,인프라관리,감시.정찰.수색/인프라관리/물류·운송·구조/공간정보/특수촬영/다목적 H/W/드론스테이션/임무장비/모듈/지상통제장비/통합솔루션,항공안전기술원_드론정보포털_기업명_사업분야_20240424 (1).csv,2024-04-24,일반,민수 활용 중심이나 군 시설 관리와 교차 가능,N,탐색용 분류이며 기업의 방산업체 지정·군 납품을 의미하지 않음
CMP0110,볼로랜드,물류·운송·구조,감시.정찰.수색/인프라관리/물류·운송·구조/공간정보/특수촬영/다목적 H/W/드론스테이션/임무장비/모듈/지상통제장비/통합솔루션,항공안전기술원_드론정보포털_기업명_사업분야_20240424 (1).csv,2024-04-24,일반,군수·수송 용례와 교차 가능,N,탐색용 분류이며 기업의 방산업체 지정·군 납품을 의미하지 않음
CMP0110,볼로랜드,공간정보,감시.정찰.수색/인프라관리/물류·운송·구조/공간정보/특수촬영/다목적 H/W/드론스테이션/임무장비/모듈/지상통제장비/통합솔루션,항공안전기술원_드론정보포털_기업명_사업분야_20240424 (1).csv,2024-04-24,일반,군 지형·공간정보 용례와 교차 가능,N,탐색용 분류이며 기업의 방산업체 지정·군 납품을 의미하지 않음
CMP0110,볼로랜드,특수촬영,감시.정찰.수색/인프라관리/물류·운송·구조/공간정보/특수촬영/다목적 H/W/드론스테이션/임무장비/모듈/지상통제장비/통합솔루션,항공안전기술원_드론정보포털_기업명_사업분야_20240424 (1).csv,2024-04-24,일반,정찰 영상과 기술적으로 인접할 수 있음,N,탐색용 분류이며 기업의 방산업체 지정·군 납품을 의미하지 않음
CMP0110,볼로랜드,다목적 H/W,감시.정찰.수색/인프라관리/물류·운송·구조/공간정보/특수촬영/다목적 H/W/드론스테이션/임무장비/모듈/지상통제장비/통합솔루션,항공안전기술원_드론정보포털_기업명_사업분야_20240424 (1).csv,2024-04-24,인접,기체·전자·탑재체 하드웨어 공급망 후보,N,탐색용 분류이며 기업의 방산업체 지정·군 납품을 의미하지 않음
CMP0110,볼로랜드,드론스테이션,감시.정찰.수색/인프라관리/물류·운송·구조/공간정보/특수촬영/다목적 H/W/드론스테이션/임무장비/모듈/지상통제장비/통합솔루션,항공안전기술원_드론정보포털_기업명_사업분야_20240424 (1).csv,2024-04-24,인접,무인 운용·원격 통제 인프라 후보,N,탐색용 분류이며 기업의 방산업체 지정·군 납품을 의미하지 않음
CMP0110,볼로랜드,임무장비,감시.정찰.수색/인프라관리/물류·운송·구조/공간정보/특수촬영/다목적 H/W/드론스테이션/임무장비/모듈/지상통제장비/통합솔루션,항공안전기술원_드론정보포털_기업명_사업분야_20240424 (1).csv,2024-04-24,직접,정찰·공격·지원 임무장비와 연결 가능,N,탐색용 분류이며 기업의 방산업체 지정·군 납품을 의미하지 않음
CMP0110,볼로랜드,모듈,감시.정찰.수색/인프라관리/물류·운송·구조/공간정보/특수촬영/다목적 H/W/드론스테이션/임무장비/모듈/지상통제장비/통합솔루션,항공안전기술원_드론정보포털_기업명_사업분야_20240424 (1).csv,2024-04-24,인접,국방 드론 부품·모듈 공급망 후보,N,탐색용 분류이며 기업의 방산업체 지정·군 납품을 의미하지 않음
CMP0110,볼로랜드,지상통제장비,감시.정찰.수색/인프라관리/물류·운송·구조/공간정보/특수촬영/다목적 H/W/드론스테이션/임무장비/모듈/지상통제장비/통합솔루션,항공안전기술원_드론정보포털_기업명_사업분야_20240424 (1).csv,2024-04-24,직접,GCS·임무통제와 연결 가능,N,탐색용 분류이며 기업의 방산업체 지정·군 납품을 의미하지 않음
CMP0110,볼로랜드,통합솔루션,감시.정찰.수색/인프라관리/물류·운송·구조/공간정보/특수촬영/다목적 H/W/드론스테이션/임무장비/모듈/지상통제장비/통합솔루션,항공안전기술원_드론정보포털_기업명_사업분야_20240424 (1).csv,2024-04-24,인접,체계통합·운용 소프트웨어와 연결 가능,N,탐색용 분류이며 기업의 방산업체 지정·군 납품을 의미하지 않음
CMP0130,솔더,감시.정찰.수색,감시.정찰.수색/인프라관리/물류·운송·구조/방역/방제/살포/다목적 H/W/임무장비,항공안전기술원_드론정보포털_기업명_사업분야_20240424 (1).csv,2024-04-24,직접,군 감시·정찰 임무와 직접 연결 가능,N,탐색용 분류이며 기업의 방산업체 지정·군 납품을 의미하지 않음
CMP0130,솔더,인프라관리,감시.정찰.수색/인프라관리/물류·운송·구조/방역/방제/살포/다목적 H/W/임무장비,항공안전기술원_드론정보포털_기업명_사업분야_20240424 (1).csv,2024-04-24,일반,민수 활용 중심이나 군 시설 관리와 교차 가능,N,탐색용 분류이며 기업의 방산업체 지정·군 납품을 의미하지 않음
CMP0130,솔더,물류·운송·구조,감시.정찰.수색/인프라관리/물류·운송·구조/방역/방제/살포/다목적 H/W/임무장비,항공안전기술원_드론정보포털_기업명_사업분야_20240424 (1).csv,2024-04-24,일반,군수·수송 용례와 교차 가능,N,탐색용 분류이며 기업의 방산업체 지정·군 납품을 의미하지 않음
CMP0130,솔더,방역/방제/살포,감시.정찰.수색/인프라관리/물류·운송·구조/방역/방제/살포/다목적 H/W/임무장비,항공안전기술원_드론정보포털_기업명_사업분야_20240424 (1).csv,2024-04-24,낮음,주로 민수 활용,N,탐색용 분류이며 기업의 방산업체 지정·군 납품을 의미하지 않음
CMP0130,솔더,다목적 H/W,감시.정찰.수색/인프라관리/물류·운송·구조/방역/방제/살포/다목적 H/W/임무장비,항공안전기술원_드론정보포털_기업명_사업분야_20240424 (1).csv,2024-04-24,인접,기체·전자·탑재체 하드웨어 공급망 후보,N,탐색용 분류이며 기업의 방산업체 지정·군 납품을 의미하지 않음
CMP0130,솔더,임무장비,감시.정찰.수색/인프라관리/물류·운송·구조/방역/방제/살포/다목적 H/W/임무장비,항공안전기술원_드론정보포털_기업명_사업분야_20240424 (1).csv,2024-04-24,직접,정찰·공격·지원 임무장비와 연결 가능,N,탐색용 분류이며 기업의 방산업체 지정·군 납품을 의미하지 않음
CMP0132,솔빛,감시.정찰.수색,감시.정찰.수색/인프라관리/물류·운송·구조/방역/방제/살포/임무장비,항공안전기술원_드론정보포털_기업명_사업분야_20240424 (1).csv,2024-04-24,직접,군 감시·정찰 임무와 직접 연결 가능,N,탐색용 분류이며 기업의 방산업체 지정·군 납품을 의미하지 않음
CMP0132,솔빛,인프라관리,감시.정찰.수색/인프라관리/물류·운송·구조/방역/방제/살포/임무장비,항공안전기술원_드론정보포털_기업명_사업분야_20240424 (1).csv,2024-04-24,일반,민수 활용 중심이나 군 시설 관리와 교차 가능,N,탐색용 분류이며 기업의 방산업체 지정·군 납품을 의미하지 않음
CMP0132,솔빛,물류·운송·구조,감시.정찰.수색/인프라관리/물류·운송·구조/방역/방제/살포/임무장비,항공안전기술원_드론정보포털_기업명_사업분야_20240424 (1).csv,2024-04-24,일반,군수·수송 용례와 교차 가능,N,탐색용 분류이며 기업의 방산업체 지정·군 납품을 의미하지 않음
CMP0132,솔빛,방역/방제/살포,감시.정찰.수색/인프라관리/물류·운송·구조/방역/방제/살포/임무장비,항공안전기술원_드론정보포털_기업명_사업분야_20240424 (1).csv,2024-04-24,낮음,주로 민수 활용,N,탐색용 분류이며 기업의 방산업체 지정·군 납품을 의미하지 않음
CMP0132,솔빛,임무장비,감시.정찰.수색/인프라관리/물류·운송·구조/방역/방제/살포/임무장비,항공안전기술원_드론정보포털_기업명_사업분야_20240424 (1).csv,2024-04-24,직접,정찰·공격·지원 임무장비와 연결 가능,N,탐색용 분류이며 기업의 방산업체 지정·군 납품을 의미하지 않음
CMP0136,스마티,감시.정찰.수색,감시.정찰.수색/인프라관리/물류·운송·구조/드론스테이션/모듈,항공안전기술원_드론정보포털_기업명_사업분야_20240424 (1).csv,2024-04-24,직접,군 감시·정찰 임무와 직접 연결 가능,N,탐색용 분류이며 기업의 방산업체 지정·군 납품을 의미하지 않음
CMP0136,스마티,인프라관리,감시.정찰.수색/인프라관리/물류·운송·구조/드론스테이션/모듈,항공안전기술원_드론정보포털_기업명_사업분야_20240424 (1).csv,2024-04-24,일반,민수 활용 중심이나 군 시설 관리와 교차 가능,N,탐색용 분류이며 기업의 방산업체 지정·군 납품을 의미하지 않음
CMP0136,스마티,물류·운송·구조,감시.정찰.수색/인프라관리/물류·운송·구조/드론스테이션/모듈,항공안전기술원_드론정보포털_기업명_사업분야_20240424 (1).csv,2024-04-24,일반,군수·수송 용례와 교차 가능,N,탐색용 분류이며 기업의 방산업체 지정·군 납품을 의미하지 않음
CMP0136,스마티,드론스테이션,감시.정찰.수색/인프라관리/물류·운송·구조/드론스테이션/모듈,항공안전기술원_드론정보포털_기업명_사업분야_20240424 (1).csv,2024-04-24,인접,무인 운용·원격 통제 인프라 후보,N,탐색용 분류이며 기업의 방산업체 지정·군 납품을 의미하지 않음
CMP0136,스마티,모듈,감시.정찰.수색/인프라관리/물류·운송·구조/드론스테이션/모듈,항공안전기술원_드론정보포털_기업명_사업분야_20240424 (1).csv,2024-04-24,인접,국방 드론 부품·모듈 공급망 후보,N,탐색용 분류이며 기업의 방산업체 지정·군 납품을 의미하지 않음
CMP0153,아이엔,물류·운송·구조,물류·운송·구조/방역/방제/살포/환경측량/취미·교육/드론스테이션,항공안전기술원_드론정보포털_기업명_사업분야_20240424 (1).csv,2024-04-24,일반,군수·수송 용례와 교차 가능,N,탐색용 분류이며 기업의 방산업체 지정·군 납품을 의미하지 않음
CMP0153,아이엔,방역/방제/살포,물류·운송·구조/방역/방제/살포/환경측량/취미·교육/드론스테이션,항공안전기술원_드론정보포털_기업명_사업분야_20240424 (1).csv,2024-04-24,낮음,주로 민수 활용,N,탐색용 분류이며 기업의 방산업체 지정·군 납품을 의미하지 않음
CMP0153,아이엔,환경측량,물류·운송·구조/방역/방제/살포/환경측량/취미·교육/드론스테이션,항공안전기술원_드론정보포털_기업명_사업분야_20240424 (1).csv,2024-04-24,일반,군 환경·지형 조사와 교차 가능,N,탐색용 분류이며 기업의 방산업체 지정·군 납품을 의미하지 않음
CMP0153,아이엔,취미·교육,물류·운송·구조/방역/방제/살포/환경측량/취미·교육/드론스테이션,항공안전기술원_드론정보포털_기업명_사업분야_20240424 (1).csv,2024-04-24,낮음,국방 연계 판단 근거로 사용하지 않음,N,탐색용 분류이며 기업의 방산업체 지정·군 납품을 의미하지 않음
CMP0153,아이엔,드론스테이션,물류·운송·구조/방역/방제/살포/환경측량/취미·교육/드론스테이션,항공안전기술원_드론정보포털_기업명_사업분야_20240424 (1).csv,2024-04-24,인접,무인 운용·원격 통제 인프라 후보,N,탐색용 분류이며 기업의 방산업체 지정·군 납품을 의미하지 않음
CMP0165,에스엠소프트,감시.정찰.수색,감시.정찰.수색/인프라관리/물류·운송·구조/공간정보/특수촬영/방역/방제/살포/환경측량/다목적 H/W/취미·교육/드론스테이션/안티드론/임무장비/모듈/지상통제장비/통합솔루션/앱,항공안전기술원_드론정보포털_기업명_사업분야_20240424 (1).csv,2024-04-24,직접,군 감시·정찰 임무와 직접 연결 가능,N,탐색용 분류이며 기업의 방산업체 지정·군 납품을 의미하지 않음
CMP0165,에스엠소프트,인프라관리,감시.정찰.수색/인프라관리/물류·운송·구조/공간정보/특수촬영/방역/방제/살포/환경측량/다목적 H/W/취미·교육/드론스테이션/안티드론/임무장비/모듈/지상통제장비/통합솔루션/앱,항공안전기술원_드론정보포털_기업명_사업분야_20240424 (1).csv,2024-04-24,일반,민수 활용 중심이나 군 시설 관리와 교차 가능,N,탐색용 분류이며 기업의 방산업체 지정·군 납품을 의미하지 않음
CMP0165,에스엠소프트,물류·운송·구조,감시.정찰.수색/인프라관리/물류·운송·구조/공간정보/특수촬영/방역/방제/살포/환경측량/다목적 H/W/취미·교육/드론스테이션/안티드론/임무장비/모듈/지상통제장비/통합솔루션/앱,항공안전기술원_드론정보포털_기업명_사업분야_20240424 (1).csv,2024-04-24,일반,군수·수송 용례와 교차 가능,N,탐색용 분류이며 기업의 방산업체 지정·군 납품을 의미하지 않음
CMP0165,에스엠소프트,공간정보,감시.정찰.수색/인프라관리/물류·운송·구조/공간정보/특수촬영/방역/방제/살포/환경측량/다목적 H/W/취미·교육/드론스테이션/안티드론/임무장비/모듈/지상통제장비/통합솔루션/앱,항공안전기술원_드론정보포털_기업명_사업분야_20240424 (1).csv,2024-04-24,일반,군 지형·공간정보 용례와 교차 가능,N,탐색용 분류이며 기업의 방산업체 지정·군 납품을 의미하지 않음
CMP0165,에스엠소프트,특수촬영,감시.정찰.수색/인프라관리/물류·운송·구조/공간정보/특수촬영/방역/방제/살포/환경측량/다목적 H/W/취미·교육/드론스테이션/안티드론/임무장비/모듈/지상통제장비/통합솔루션/앱,항공안전기술원_드론정보포털_기업명_사업분야_20240424 (1).csv,2024-04-24,일반,정찰 영상과 기술적으로 인접할 수 있음,N,탐색용 분류이며 기업의 방산업체 지정·군 납품을 의미하지 않음
CMP0165,에스엠소프트,방역/방제/살포,감시.정찰.수색/인프라관리/물류·운송·구조/공간정보/특수촬영/방역/방제/살포/환경측량/다목적 H/W/취미·교육/드론스테이션/안티드론/임무장비/모듈/지상통제장비/통합솔루션/앱,항공안전기술원_드론정보포털_기업명_사업분야_20240424 (1).csv,2024-04-24,낮음,주로 민수 활용,N,탐색용 분류이며 기업의 방산업체 지정·군 납품을 의미하지 않음
CMP0165,에스엠소프트,환경측량,감시.정찰.수색/인프라관리/물류·운송·구조/공간정보/특수촬영/방역/방제/살포/환경측량/다목적 H/W/취미·교육/드론스테이션/안티드론/임무장비/모듈/지상통제장비/통합솔루션/앱,항공안전기술원_드론정보포털_기업명_사업분야_20240424 (1).csv,2024-04-24,일반,군 환경·지형 조사와 교차 가능,N,탐색용 분류이며 기업의 방산업체 지정·군 납품을 의미하지 않음
CMP0165,에스엠소프트,다목적 H/W,감시.정찰.수색/인프라관리/물류·운송·구조/공간정보/특수촬영/방역/방제/살포/환경측량/다목적 H/W/취미·교육/드론스테이션/안티드론/임무장비/모듈/지상통제장비/통합솔루션/앱,항공안전기술원_드론정보포털_기업명_사업분야_20240424 (1).csv,2024-04-24,인접,기체·전자·탑재체 하드웨어 공급망 후보,N,탐색용 분류이며 기업의 방산업체 지정·군 납품을 의미하지 않음
CMP0165,에스엠소프트,취미·교육,감시.정찰.수색/인프라관리/물류·운송·구조/공간정보/특수촬영/방역/방제/살포/환경측량/다목적 H/W/취미·교육/드론스테이션/안티드론/임무장비/모듈/지상통제장비/통합솔루션/앱,항공안전기술원_드론정보포털_기업명_사업분야_20240424 (1).csv,2024-04-24,낮음,국방 연계 판단 근거로 사용하지 않음,N,탐색용 분류이며 기업의 방산업체 지정·군 납품을 의미하지 않음
CMP0165,에스엠소프트,드론스테이션,감시.정찰.수색/인프라관리/물류·운송·구조/공간정보/특수촬영/방역/방제/살포/환경측량/다목적 H/W/취미·교육/드론스테이션/안티드론/임무장비/모듈/지상통제장비/통합솔루션/앱,항공안전기술원_드론정보포털_기업명_사업분야_20240424 (1).csv,2024-04-24,인접,무인 운용·원격 통제 인프라 후보,N,탐색용 분류이며 기업의 방산업체 지정·군 납품을 의미하지 않음
CMP0165,에스엠소프트,안티드론,감시.정찰.수색/인프라관리/물류·운송·구조/공간정보/특수촬영/방역/방제/살포/환경측량/다목적 H/W/취미·교육/드론스테이션/안티드론/임무장비/모듈/지상통제장비/통합솔루션/앱,항공안전기술원_드론정보포털_기업명_사업분야_20240424 (1).csv,2024-04-24,직접,대드론·C-UAS 용례와 직접 연결되는 사업분야,N,탐색용 분류이며 기업의 방산업체 지정·군 납품을 의미하지 않음
CMP0165,에스엠소프트,임무장비,감시.정찰.수색/인프라관리/물류·운송·구조/공간정보/특수촬영/방역/방제/살포/환경측량/다목적 H/W/취미·교육/드론스테이션/안티드론/임무장비/모듈/지상통제장비/통합솔루션/앱,항공안전기술원_드론정보포털_기업명_사업분야_20240424 (1).csv,2024-04-24,직접,정찰·공격·지원 임무장비와 연결 가능,N,탐색용 분류이며 기업의 방산업체 지정·군 납품을 의미하지 않음
CMP0165,에스엠소프트,모듈,감시.정찰.수색/인프라관리/물류·운송·구조/공간정보/특수촬영/방역/방제/살포/환경측량/다목적 H/W/취미·교육/드론스테이션/안티드론/임무장비/모듈/지상통제장비/통합솔루션/앱,항공안전기술원_드론정보포털_기업명_사업분야_20240424 (1).csv,2024-04-24,인접,국방 드론 부품·모듈 공급망 후보,N,탐색용 분류이며 기업의 방산업체 지정·군 납품을 의미하지 않음
CMP0165,에스엠소프트,지상통제장비,감시.정찰.수색/인프라관리/물류·운송·구조/공간정보/특수촬영/방역/방제/살포/환경측량/다목적 H/W/취미·교육/드론스테이션/안티드론/임무장비/모듈/지상통제장비/통합솔루션/앱,항공안전기술원_드론정보포털_기업명_사업분야_20240424 (1).csv,2024-04-24,직접,GCS·임무통제와 연결 가능,N,탐색용 분류이며 기업의 방산업체 지정·군 납품을 의미하지 않음
CMP0165,에스엠소프트,통합솔루션,감시.정찰.수색/인프라관리/물류·운송·구조/공간정보/특수촬영/방역/방제/살포/환경측량/다목적 H/W/취미·교육/드론스테이션/안티드론/임무장비/모듈/지상통제장비/통합솔루션/앱,항공안전기술원_드론정보포털_기업명_사업분야_20240424 (1).csv,2024-04-24,인접,체계통합·운용 소프트웨어와 연결 가능,N,탐색용 분류이며 기업의 방산업체 지정·군 납품을 의미하지 않음
CMP0165,에스엠소프트,앱,감시.정찰.수색/인프라관리/물류·운송·구조/공간정보/특수촬영/방역/방제/살포/환경측량/다목적 H/W/취미·교육/드론스테이션/안티드론/임무장비/모듈/지상통제장비/통합솔루션/앱,항공안전기술원_드론정보포털_기업명_사업분야_20240424 (1).csv,2024-04-24,낮음,세부 기능 확인 전 국방 연계 판단 불가,N,탐색용 분류이며 기업의 방산업체 지정·군 납품을 의미하지 않음
CMP0168,에어로디제이컨설팅,감시.정찰.수색,감시.정찰.수색/인프라관리/물류·운송·구조/다목적 H/W/안티드론/지상통제장비/기타,항공안전기술원_드론정보포털_기업명_사업분야_20240424 (1).csv,2024-04-24,직접,군 감시·정찰 임무와 직접 연결 가능,N,탐색용 분류이며 기업의 방산업체 지정·군 납품을 의미하지 않음
CMP0168,에어로디제이컨설팅,인프라관리,감시.정찰.수색/인프라관리/물류·운송·구조/다목적 H/W/안티드론/지상통제장비/기타,항공안전기술원_드론정보포털_기업명_사업분야_20240424 (1).csv,2024-04-24,일반,민수 활용 중심이나 군 시설 관리와 교차 가능,N,탐색용 분류이며 기업의 방산업체 지정·군 납품을 의미하지 않음
CMP0168,에어로디제이컨설팅,물류·운송·구조,감시.정찰.수색/인프라관리/물류·운송·구조/다목적 H/W/안티드론/지상통제장비/기타,항공안전기술원_드론정보포털_기업명_사업분야_20240424 (1).csv,2024-04-24,일반,군수·수송 용례와 교차 가능,N,탐색용 분류이며 기업의 방산업체 지정·군 납품을 의미하지 않음
CMP0168,에어로디제이컨설팅,다목적 H/W,감시.정찰.수색/인프라관리/물류·운송·구조/다목적 H/W/안티드론/지상통제장비/기타,항공안전기술원_드론정보포털_기업명_사업분야_20240424 (1).csv,2024-04-24,인접,기체·전자·탑재체 하드웨어 공급망 후보,N,탐색용 분류이며 기업의 방산업체 지정·군 납품을 의미하지 않음
CMP0168,에어로디제이컨설팅,안티드론,감시.정찰.수색/인프라관리/물류·운송·구조/다목적 H/W/안티드론/지상통제장비/기타,항공안전기술원_드론정보포털_기업명_사업분야_20240424 (1).csv,2024-04-24,직접,대드론·C-UAS 용례와 직접 연결되는 사업분야,N,탐색용 분류이며 기업의 방산업체 지정·군 납품을 의미하지 않음
CMP0168,에어로디제이컨설팅,지상통제장비,감시.정찰.수색/인프라관리/물류·운송·구조/다목적 H/W/안티드론/지상통제장비/기타,항공안전기술원_드론정보포털_기업명_사업분야_20240424 (1).csv,2024-04-24,직접,GCS·임무통제와 연결 가능,N,탐색용 분류이며 기업의 방산업체 지정·군 납품을 의미하지 않음
CMP0168,에어로디제이컨설팅,기타,감시.정찰.수색/인프라관리/물류·운송·구조/다목적 H/W/안티드론/지상통제장비/기타,항공안전기술원_드론정보포털_기업명_사업분야_20240424 (1).csv,2024-04-24,미확인,세부 내용 확인 필요,N,탐색용 분류이며 기업의 방산업체 지정·군 납품을 의미하지 않음
CMP0208,이노스카이,기타,기타,항공안전기술원_드론정보포털_기업명_사업분야_20240424 (1).csv,2024-04-24,미확인,세부 내용 확인 필요,N,탐색용 분류이며 기업의 방산업체 지정·군 납품을 의미하지 않음
CMP0213,이투비비,안티드론,안티드론,항공안전기술원_드론정보포털_기업명_사업분야_20240424 (1).csv,2024-04-24,직접,대드론·C-UAS 용례와 직접 연결되는 사업분야,N,탐색용 분류이며 기업의 방산업체 지정·군 납품을 의미하지 않음
CMP0216,인투스카이,감시.정찰.수색,감시.정찰.수색/인프라관리/물류·운송·구조/공간정보/특수촬영/방역/방제/살포/다목적 H/W/취미·교육/임무장비/모듈/지상통제장비/통합솔루션/앱,항공안전기술원_드론정보포털_기업명_사업분야_20240424 (1).csv,2024-04-24,직접,군 감시·정찰 임무와 직접 연결 가능,N,탐색용 분류이며 기업의 방산업체 지정·군 납품을 의미하지 않음
CMP0216,인투스카이,인프라관리,감시.정찰.수색/인프라관리/물류·운송·구조/공간정보/특수촬영/방역/방제/살포/다목적 H/W/취미·교육/임무장비/모듈/지상통제장비/통합솔루션/앱,항공안전기술원_드론정보포털_기업명_사업분야_20240424 (1).csv,2024-04-24,일반,민수 활용 중심이나 군 시설 관리와 교차 가능,N,탐색용 분류이며 기업의 방산업체 지정·군 납품을 의미하지 않음
CMP0216,인투스카이,물류·운송·구조,감시.정찰.수색/인프라관리/물류·운송·구조/공간정보/특수촬영/방역/방제/살포/다목적 H/W/취미·교육/임무장비/모듈/지상통제장비/통합솔루션/앱,항공안전기술원_드론정보포털_기업명_사업분야_20240424 (1).csv,2024-04-24,일반,군수·수송 용례와 교차 가능,N,탐색용 분류이며 기업의 방산업체 지정·군 납품을 의미하지 않음
CMP0216,인투스카이,공간정보,감시.정찰.수색/인프라관리/물류·운송·구조/공간정보/특수촬영/방역/방제/살포/다목적 H/W/취미·교육/임무장비/모듈/지상통제장비/통합솔루션/앱,항공안전기술원_드론정보포털_기업명_사업분야_20240424 (1).csv,2024-04-24,일반,군 지형·공간정보 용례와 교차 가능,N,탐색용 분류이며 기업의 방산업체 지정·군 납품을 의미하지 않음
CMP0216,인투스카이,특수촬영,감시.정찰.수색/인프라관리/물류·운송·구조/공간정보/특수촬영/방역/방제/살포/다목적 H/W/취미·교육/임무장비/모듈/지상통제장비/통합솔루션/앱,항공안전기술원_드론정보포털_기업명_사업분야_20240424 (1).csv,2024-04-24,일반,정찰 영상과 기술적으로 인접할 수 있음,N,탐색용 분류이며 기업의 방산업체 지정·군 납품을 의미하지 않음
CMP0216,인투스카이,방역/방제/살포,감시.정찰.수색/인프라관리/물류·운송·구조/공간정보/특수촬영/방역/방제/살포/다목적 H/W/취미·교육/임무장비/모듈/지상통제장비/통합솔루션/앱,항공안전기술원_드론정보포털_기업명_사업분야_20240424 (1).csv,2024-04-24,낮음,주로 민수 활용,N,탐색용 분류이며 기업의 방산업체 지정·군 납품을 의미하지 않음
CMP0216,인투스카이,다목적 H/W,감시.정찰.수색/인프라관리/물류·운송·구조/공간정보/특수촬영/방역/방제/살포/다목적 H/W/취미·교육/임무장비/모듈/지상통제장비/통합솔루션/앱,항공안전기술원_드론정보포털_기업명_사업분야_20240424 (1).csv,2024-04-24,인접,기체·전자·탑재체 하드웨어 공급망 후보,N,탐색용 분류이며 기업의 방산업체 지정·군 납품을 의미하지 않음
CMP0216,인투스카이,취미·교육,감시.정찰.수색/인프라관리/물류·운송·구조/공간정보/특수촬영/방역/방제/살포/다목적 H/W/취미·교육/임무장비/모듈/지상통제장비/통합솔루션/앱,항공안전기술원_드론정보포털_기업명_사업분야_20240424 (1).csv,2024-04-24,낮음,국방 연계 판단 근거로 사용하지 않음,N,탐색용 분류이며 기업의 방산업체 지정·군 납품을 의미하지 않음
CMP0216,인투스카이,임무장비,감시.정찰.수색/인프라관리/물류·운송·구조/공간정보/특수촬영/방역/방제/살포/다목적 H/W/취미·교육/임무장비/모듈/지상통제장비/통합솔루션/앱,항공안전기술원_드론정보포털_기업명_사업분야_20240424 (1).csv,2024-04-24,직접,정찰·공격·지원 임무장비와 연결 가능,N,탐색용 분류이며 기업의 방산업체 지정·군 납품을 의미하지 않음
CMP0216,인투스카이,모듈,감시.정찰.수색/인프라관리/물류·운송·구조/공간정보/특수촬영/방역/방제/살포/다목적 H/W/취미·교육/임무장비/모듈/지상통제장비/통합솔루션/앱,항공안전기술원_드론정보포털_기업명_사업분야_20240424 (1).csv,2024-04-24,인접,국방 드론 부품·모듈 공급망 후보,N,탐색용 분류이며 기업의 방산업체 지정·군 납품을 의미하지 않음
CMP0216,인투스카이,지상통제장비,감시.정찰.수색/인프라관리/물류·운송·구조/공간정보/특수촬영/방역/방제/살포/다목적 H/W/취미·교육/임무장비/모듈/지상통제장비/통합솔루션/앱,항공안전기술원_드론정보포털_기업명_사업분야_20240424 (1).csv,2024-04-24,직접,GCS·임무통제와 연결 가능,N,탐색용 분류이며 기업의 방산업체 지정·군 납품을 의미하지 않음
CMP0216,인투스카이,통합솔루션,감시.정찰.수색/인프라관리/물류·운송·구조/공간정보/특수촬영/방역/방제/살포/다목적 H/W/취미·교육/임무장비/모듈/지상통제장비/통합솔루션/앱,항공안전기술원_드론정보포털_기업명_사업분야_20240424 (1).csv,2024-04-24,인접,체계통합·운용 소프트웨어와 연결 가능,N,탐색용 분류이며 기업의 방산업체 지정·군 납품을 의미하지 않음
CMP0216,인투스카이,앱,감시.정찰.수색/인프라관리/물류·운송·구조/공간정보/특수촬영/방역/방제/살포/다목적 H/W/취미·교육/임무장비/모듈/지상통제장비/통합솔루션/앱,항공안전기술원_드론정보포털_기업명_사업분야_20240424 (1).csv,2024-04-24,낮음,세부 기능 확인 전 국방 연계 판단 불가,N,탐색용 분류이며 기업의 방산업체 지정·군 납품을 의미하지 않음
CMP0221,제이와이시스템,감시.정찰.수색,감시.정찰.수색/인프라관리/공간정보/특수촬영/환경측량/임무장비,항공안전기술원_드론정보포털_기업명_사업분야_20240424 (1).csv,2024-04-24,직접,군 감시·정찰 임무와 직접 연결 가능,N,탐색용 분류이며 기업의 방산업체 지정·군 납품을 의미하지 않음
CMP0221,제이와이시스템,인프라관리,감시.정찰.수색/인프라관리/공간정보/특수촬영/환경측량/임무장비,항공안전기술원_드론정보포털_기업명_사업분야_20240424 (1).csv,2024-04-24,일반,민수 활용 중심이나 군 시설 관리와 교차 가능,N,탐색용 분류이며 기업의 방산업체 지정·군 납품을 의미하지 않음
CMP0221,제이와이시스템,공간정보,감시.정찰.수색/인프라관리/공간정보/특수촬영/환경측량/임무장비,항공안전기술원_드론정보포털_기업명_사업분야_20240424 (1).csv,2024-04-24,일반,군 지형·공간정보 용례와 교차 가능,N,탐색용 분류이며 기업의 방산업체 지정·군 납품을 의미하지 않음
CMP0221,제이와이시스템,특수촬영,감시.정찰.수색/인프라관리/공간정보/특수촬영/환경측량/임무장비,항공안전기술원_드론정보포털_기업명_사업분야_20240424 (1).csv,2024-04-24,일반,정찰 영상과 기술적으로 인접할 수 있음,N,탐색용 분류이며 기업의 방산업체 지정·군 납품을 의미하지 않음
CMP0221,제이와이시스템,환경측량,감시.정찰.수색/인프라관리/공간정보/특수촬영/환경측량/임무장비,항공안전기술원_드론정보포털_기업명_사업분야_20240424 (1).csv,2024-04-24,일반,군 환경·지형 조사와 교차 가능,N,탐색용 분류이며 기업의 방산업체 지정·군 납품을 의미하지 않음
CMP0221,제이와이시스템,임무장비,감시.정찰.수색/인프라관리/공간정보/특수촬영/환경측량/임무장비,항공안전기술원_드론정보포털_기업명_사업분야_20240424 (1).csv,2024-04-24,직접,정찰·공격·지원 임무장비와 연결 가능,N,탐색용 분류이며 기업의 방산업체 지정·군 납품을 의미하지 않음
CMP0235,코세코,감시.정찰.수색,감시.정찰.수색/인프라관리/공간정보/특수촬영/환경측량/드론스테이션/임무장비/통합솔루션/기타,항공안전기술원_드론정보포털_기업명_사업분야_20240424 (1).csv,2024-04-24,직접,군 감시·정찰 임무와 직접 연결 가능,N,탐색용 분류이며 기업의 방산업체 지정·군 납품을 의미하지 않음
CMP0235,코세코,인프라관리,감시.정찰.수색/인프라관리/공간정보/특수촬영/환경측량/드론스테이션/임무장비/통합솔루션/기타,항공안전기술원_드론정보포털_기업명_사업분야_20240424 (1).csv,2024-04-24,일반,민수 활용 중심이나 군 시설 관리와 교차 가능,N,탐색용 분류이며 기업의 방산업체 지정·군 납품을 의미하지 않음
CMP0235,코세코,공간정보,감시.정찰.수색/인프라관리/공간정보/특수촬영/환경측량/드론스테이션/임무장비/통합솔루션/기타,항공안전기술원_드론정보포털_기업명_사업분야_20240424 (1).csv,2024-04-24,일반,군 지형·공간정보 용례와 교차 가능,N,탐색용 분류이며 기업의 방산업체 지정·군 납품을 의미하지 않음
CMP0235,코세코,특수촬영,감시.정찰.수색/인프라관리/공간정보/특수촬영/환경측량/드론스테이션/임무장비/통합솔루션/기타,항공안전기술원_드론정보포털_기업명_사업분야_20240424 (1).csv,2024-04-24,일반,정찰 영상과 기술적으로 인접할 수 있음,N,탐색용 분류이며 기업의 방산업체 지정·군 납품을 의미하지 않음
CMP0235,코세코,환경측량,감시.정찰.수색/인프라관리/공간정보/특수촬영/환경측량/드론스테이션/임무장비/통합솔루션/기타,항공안전기술원_드론정보포털_기업명_사업분야_20240424 (1).csv,2024-04-24,일반,군 환경·지형 조사와 교차 가능,N,탐색용 분류이며 기업의 방산업체 지정·군 납품을 의미하지 않음
CMP0235,코세코,드론스테이션,감시.정찰.수색/인프라관리/공간정보/특수촬영/환경측량/드론스테이션/임무장비/통합솔루션/기타,항공안전기술원_드론정보포털_기업명_사업분야_20240424 (1).csv,2024-04-24,인접,무인 운용·원격 통제 인프라 후보,N,탐색용 분류이며 기업의 방산업체 지정·군 납품을 의미하지 않음
CMP0235,코세코,임무장비,감시.정찰.수색/인프라관리/공간정보/특수촬영/환경측량/드론스테이션/임무장비/통합솔루션/기타,항공안전기술원_드론정보포털_기업명_사업분야_20240424 (1).csv,2024-04-24,직접,정찰·공격·지원 임무장비와 연결 가능,N,탐색용 분류이며 기업의 방산업체 지정·군 납품을 의미하지 않음
CMP0235,코세코,통합솔루션,감시.정찰.수색/인프라관리/공간정보/특수촬영/환경측량/드론스테이션/임무장비/통합솔루션/기타,항공안전기술원_드론정보포털_기업명_사업분야_20240424 (1).csv,2024-04-24,인접,체계통합·운용 소프트웨어와 연결 가능,N,탐색용 분류이며 기업의 방산업체 지정·군 납품을 의미하지 않음
CMP0235,코세코,기타,감시.정찰.수색/인프라관리/공간정보/특수촬영/환경측량/드론스테이션/임무장비/통합솔루션/기타,항공안전기술원_드론정보포털_기업명_사업분야_20240424 (1).csv,2024-04-24,미확인,세부 내용 확인 필요,N,탐색용 분류이며 기업의 방산업체 지정·군 납품을 의미하지 않음
CMP0255,플라이존드론교육원,취미·교육,취미·교육,항공안전기술원_드론정보포털_기업명_사업분야_20240424 (1).csv,2024-04-24,낮음,국방 연계 판단 근거로 사용하지 않음,N,탐색용 분류이며 기업의 방산업체 지정·군 납품을 의미하지 않음
CMP0257,픽소니어,감시.정찰.수색,감시.정찰.수색/인프라관리/공간정보/특수촬영/환경측량/드론스테이션/안티드론/임무장비/지상통제장비/통합솔루션,항공안전기술원_드론정보포털_기업명_사업분야_20240424 (1).csv,2024-04-24,직접,군 감시·정찰 임무와 직접 연결 가능,N,탐색용 분류이며 기업의 방산업체 지정·군 납품을 의미하지 않음
CMP0257,픽소니어,인프라관리,감시.정찰.수색/인프라관리/공간정보/특수촬영/환경측량/드론스테이션/안티드론/임무장비/지상통제장비/통합솔루션,항공안전기술원_드론정보포털_기업명_사업분야_20240424 (1).csv,2024-04-24,일반,민수 활용 중심이나 군 시설 관리와 교차 가능,N,탐색용 분류이며 기업의 방산업체 지정·군 납품을 의미하지 않음
CMP0257,픽소니어,공간정보,감시.정찰.수색/인프라관리/공간정보/특수촬영/환경측량/드론스테이션/안티드론/임무장비/지상통제장비/통합솔루션,항공안전기술원_드론정보포털_기업명_사업분야_20240424 (1).csv,2024-04-24,일반,군 지형·공간정보 용례와 교차 가능,N,탐색용 분류이며 기업의 방산업체 지정·군 납품을 의미하지 않음
CMP0257,픽소니어,특수촬영,감시.정찰.수색/인프라관리/공간정보/특수촬영/환경측량/드론스테이션/안티드론/임무장비/지상통제장비/통합솔루션,항공안전기술원_드론정보포털_기업명_사업분야_20240424 (1).csv,2024-04-24,일반,정찰 영상과 기술적으로 인접할 수 있음,N,탐색용 분류이며 기업의 방산업체 지정·군 납품을 의미하지 않음
CMP0257,픽소니어,환경측량,감시.정찰.수색/인프라관리/공간정보/특수촬영/환경측량/드론스테이션/안티드론/임무장비/지상통제장비/통합솔루션,항공안전기술원_드론정보포털_기업명_사업분야_20240424 (1).csv,2024-04-24,일반,군 환경·지형 조사와 교차 가능,N,탐색용 분류이며 기업의 방산업체 지정·군 납품을 의미하지 않음
CMP0257,픽소니어,드론스테이션,감시.정찰.수색/인프라관리/공간정보/특수촬영/환경측량/드론스테이션/안티드론/임무장비/지상통제장비/통합솔루션,항공안전기술원_드론정보포털_기업명_사업분야_20240424 (1).csv,2024-04-24,인접,무인 운용·원격 통제 인프라 후보,N,탐색용 분류이며 기업의 방산업체 지정·군 납품을 의미하지 않음
CMP0257,픽소니어,안티드론,감시.정찰.수색/인프라관리/공간정보/특수촬영/환경측량/드론스테이션/안티드론/임무장비/지상통제장비/통합솔루션,항공안전기술원_드론정보포털_기업명_사업분야_20240424 (1).csv,2024-04-24,직접,대드론·C-UAS 용례와 직접 연결되는 사업분야,N,탐색용 분류이며 기업의 방산업체 지정·군 납품을 의미하지 않음
CMP0257,픽소니어,임무장비,감시.정찰.수색/인프라관리/공간정보/특수촬영/환경측량/드론스테이션/안티드론/임무장비/지상통제장비/통합솔루션,항공안전기술원_드론정보포털_기업명_사업분야_20240424 (1).csv,2024-04-24,직접,정찰·공격·지원 임무장비와 연결 가능,N,탐색용 분류이며 기업의 방산업체 지정·군 납품을 의미하지 않음
CMP0257,픽소니어,지상통제장비,감시.정찰.수색/인프라관리/공간정보/특수촬영/환경측량/드론스테이션/안티드론/임무장비/지상통제장비/통합솔루션,항공안전기술원_드론정보포털_기업명_사업분야_20240424 (1).csv,2024-04-24,직접,GCS·임무통제와 연결 가능,N,탐색용 분류이며 기업의 방산업체 지정·군 납품을 의미하지 않음
CMP0257,픽소니어,통합솔루션,감시.정찰.수색/인프라관리/공간정보/특수촬영/환경측량/드론스테이션/안티드론/임무장비/지상통제장비/통합솔루션,항공안전기술원_드론정보포털_기업명_사업분야_20240424 (1).csv,2024-04-24,인접,체계통합·운용 소프트웨어와 연결 가능,N,탐색용 분류이며 기업의 방산업체 지정·군 납품을 의미하지 않음
CMP0266,한국드론센터,감시.정찰.수색,감시.정찰.수색/인프라관리/물류·운송·구조/공간정보/특수촬영/방역/방제/살포/환경측량/다목적 H/W/취미·교육,항공안전기술원_드론정보포털_기업명_사업분야_20240424 (1).csv,2024-04-24,직접,군 감시·정찰 임무와 직접 연결 가능,N,탐색용 분류이며 기업의 방산업체 지정·군 납품을 의미하지 않음
CMP0266,한국드론센터,인프라관리,감시.정찰.수색/인프라관리/물류·운송·구조/공간정보/특수촬영/방역/방제/살포/환경측량/다목적 H/W/취미·교육,항공안전기술원_드론정보포털_기업명_사업분야_20240424 (1).csv,2024-04-24,일반,민수 활용 중심이나 군 시설 관리와 교차 가능,N,탐색용 분류이며 기업의 방산업체 지정·군 납품을 의미하지 않음
CMP0266,한국드론센터,물류·운송·구조,감시.정찰.수색/인프라관리/물류·운송·구조/공간정보/특수촬영/방역/방제/살포/환경측량/다목적 H/W/취미·교육,항공안전기술원_드론정보포털_기업명_사업분야_20240424 (1).csv,2024-04-24,일반,군수·수송 용례와 교차 가능,N,탐색용 분류이며 기업의 방산업체 지정·군 납품을 의미하지 않음
CMP0266,한국드론센터,공간정보,감시.정찰.수색/인프라관리/물류·운송·구조/공간정보/특수촬영/방역/방제/살포/환경측량/다목적 H/W/취미·교육,항공안전기술원_드론정보포털_기업명_사업분야_20240424 (1).csv,2024-04-24,일반,군 지형·공간정보 용례와 교차 가능,N,탐색용 분류이며 기업의 방산업체 지정·군 납품을 의미하지 않음
CMP0266,한국드론센터,특수촬영,감시.정찰.수색/인프라관리/물류·운송·구조/공간정보/특수촬영/방역/방제/살포/환경측량/다목적 H/W/취미·교육,항공안전기술원_드론정보포털_기업명_사업분야_20240424 (1).csv,2024-04-24,일반,정찰 영상과 기술적으로 인접할 수 있음,N,탐색용 분류이며 기업의 방산업체 지정·군 납품을 의미하지 않음
CMP0266,한국드론센터,방역/방제/살포,감시.정찰.수색/인프라관리/물류·운송·구조/공간정보/특수촬영/방역/방제/살포/환경측량/다목적 H/W/취미·교육,항공안전기술원_드론정보포털_기업명_사업분야_20240424 (1).csv,2024-04-24,낮음,주로 민수 활용,N,탐색용 분류이며 기업의 방산업체 지정·군 납품을 의미하지 않음
CMP0266,한국드론센터,환경측량,감시.정찰.수색/인프라관리/물류·운송·구조/공간정보/특수촬영/방역/방제/살포/환경측량/다목적 H/W/취미·교육,항공안전기술원_드론정보포털_기업명_사업분야_20240424 (1).csv,2024-04-24,일반,군 환경·지형 조사와 교차 가능,N,탐색용 분류이며 기업의 방산업체 지정·군 납품을 의미하지 않음
CMP0266,한국드론센터,다목적 H/W,감시.정찰.수색/인프라관리/물류·운송·구조/공간정보/특수촬영/방역/방제/살포/환경측량/다목적 H/W/취미·교육,항공안전기술원_드론정보포털_기업명_사업분야_20240424 (1).csv,2024-04-24,인접,기체·전자·탑재체 하드웨어 공급망 후보,N,탐색용 분류이며 기업의 방산업체 지정·군 납품을 의미하지 않음
CMP0266,한국드론센터,취미·교육,감시.정찰.수색/인프라관리/물류·운송·구조/공간정보/특수촬영/방역/방제/살포/환경측량/다목적 H/W/취미·교육,항공안전기술원_드론정보포털_기업명_사업분야_20240424 (1).csv,2024-04-24,낮음,국방 연계 판단 근거로 사용하지 않음,N,탐색용 분류이며 기업의 방산업체 지정·군 납품을 의미하지 않음
CMP0278,한국헬리콥터,감시.정찰.수색,감시.정찰.수색/인프라관리/물류·운송·구조/방역/방제/살포/다목적 H/W/임무장비/지상통제장비/통합솔루션/앱,항공안전기술원_드론정보포털_기업명_사업분야_20240424 (1).csv,2024-04-24,직접,군 감시·정찰 임무와 직접 연결 가능,N,탐색용 분류이며 기업의 방산업체 지정·군 납품을 의미하지 않음
CMP0278,한국헬리콥터,인프라관리,감시.정찰.수색/인프라관리/물류·운송·구조/방역/방제/살포/다목적 H/W/임무장비/지상통제장비/통합솔루션/앱,항공안전기술원_드론정보포털_기업명_사업분야_20240424 (1).csv,2024-04-24,일반,민수 활용 중심이나 군 시설 관리와 교차 가능,N,탐색용 분류이며 기업의 방산업체 지정·군 납품을 의미하지 않음
CMP0278,한국헬리콥터,물류·운송·구조,감시.정찰.수색/인프라관리/물류·운송·구조/방역/방제/살포/다목적 H/W/임무장비/지상통제장비/통합솔루션/앱,항공안전기술원_드론정보포털_기업명_사업분야_20240424 (1).csv,2024-04-24,일반,군수·수송 용례와 교차 가능,N,탐색용 분류이며 기업의 방산업체 지정·군 납품을 의미하지 않음
CMP0278,한국헬리콥터,방역/방제/살포,감시.정찰.수색/인프라관리/물류·운송·구조/방역/방제/살포/다목적 H/W/임무장비/지상통제장비/통합솔루션/앱,항공안전기술원_드론정보포털_기업명_사업분야_20240424 (1).csv,2024-04-24,낮음,주로 민수 활용,N,탐색용 분류이며 기업의 방산업체 지정·군 납품을 의미하지 않음
CMP0278,한국헬리콥터,다목적 H/W,감시.정찰.수색/인프라관리/물류·운송·구조/방역/방제/살포/다목적 H/W/임무장비/지상통제장비/통합솔루션/앱,항공안전기술원_드론정보포털_기업명_사업분야_20240424 (1).csv,2024-04-24,인접,기체·전자·탑재체 하드웨어 공급망 후보,N,탐색용 분류이며 기업의 방산업체 지정·군 납품을 의미하지 않음
CMP0278,한국헬리콥터,임무장비,감시.정찰.수색/인프라관리/물류·운송·구조/방역/방제/살포/다목적 H/W/임무장비/지상통제장비/통합솔루션/앱,항공안전기술원_드론정보포털_기업명_사업분야_20240424 (1).csv,2024-04-24,직접,정찰·공격·지원 임무장비와 연결 가능,N,탐색용 분류이며 기업의 방산업체 지정·군 납품을 의미하지 않음
CMP0278,한국헬리콥터,지상통제장비,감시.정찰.수색/인프라관리/물류·운송·구조/방역/방제/살포/다목적 H/W/임무장비/지상통제장비/통합솔루션/앱,항공안전기술원_드론정보포털_기업명_사업분야_20240424 (1).csv,2024-04-24,직접,GCS·임무통제와 연결 가능,N,탐색용 분류이며 기업의 방산업체 지정·군 납품을 의미하지 않음
CMP0278,한국헬리콥터,통합솔루션,감시.정찰.수색/인프라관리/물류·운송·구조/방역/방제/살포/다목적 H/W/임무장비/지상통제장비/통합솔루션/앱,항공안전기술원_드론정보포털_기업명_사업분야_20240424 (1).csv,2024-04-24,인접,체계통합·운용 소프트웨어와 연결 가능,N,탐색용 분류이며 기업의 방산업체 지정·군 납품을 의미하지 않음
CMP0278,한국헬리콥터,앱,감시.정찰.수색/인프라관리/물류·운송·구조/방역/방제/살포/다목적 H/W/임무장비/지상통제장비/통합솔루션/앱,항공안전기술원_드론정보포털_기업명_사업분야_20240424 (1).csv,2024-04-24,낮음,세부 기능 확인 전 국방 연계 판단 불가,N,탐색용 분류이며 기업의 방산업체 지정·군 납품을 의미하지 않음
CMP0286,해오름드론항공,감시.정찰.수색,감시.정찰.수색/인프라관리/물류·운송·구조/공간정보/특수촬영/방역/방제/살포/환경측량/다목적 H/W/방송·공연/취미·교육/드론스테이션/안티드론/임무장비/모듈/지상통제장비/통합솔루션/앱/기타,항공안전기술원_드론정보포털_기업명_사업분야_20240424 (1).csv,2024-04-24,직접,군 감시·정찰 임무와 직접 연결 가능,N,탐색용 분류이며 기업의 방산업체 지정·군 납품을 의미하지 않음
CMP0286,해오름드론항공,인프라관리,감시.정찰.수색/인프라관리/물류·운송·구조/공간정보/특수촬영/방역/방제/살포/환경측량/다목적 H/W/방송·공연/취미·교육/드론스테이션/안티드론/임무장비/모듈/지상통제장비/통합솔루션/앱/기타,항공안전기술원_드론정보포털_기업명_사업분야_20240424 (1).csv,2024-04-24,일반,민수 활용 중심이나 군 시설 관리와 교차 가능,N,탐색용 분류이며 기업의 방산업체 지정·군 납품을 의미하지 않음
CMP0286,해오름드론항공,물류·운송·구조,감시.정찰.수색/인프라관리/물류·운송·구조/공간정보/특수촬영/방역/방제/살포/환경측량/다목적 H/W/방송·공연/취미·교육/드론스테이션/안티드론/임무장비/모듈/지상통제장비/통합솔루션/앱/기타,항공안전기술원_드론정보포털_기업명_사업분야_20240424 (1).csv,2024-04-24,일반,군수·수송 용례와 교차 가능,N,탐색용 분류이며 기업의 방산업체 지정·군 납품을 의미하지 않음
CMP0286,해오름드론항공,공간정보,감시.정찰.수색/인프라관리/물류·운송·구조/공간정보/특수촬영/방역/방제/살포/환경측량/다목적 H/W/방송·공연/취미·교육/드론스테이션/안티드론/임무장비/모듈/지상통제장비/통합솔루션/앱/기타,항공안전기술원_드론정보포털_기업명_사업분야_20240424 (1).csv,2024-04-24,일반,군 지형·공간정보 용례와 교차 가능,N,탐색용 분류이며 기업의 방산업체 지정·군 납품을 의미하지 않음
CMP0286,해오름드론항공,특수촬영,감시.정찰.수색/인프라관리/물류·운송·구조/공간정보/특수촬영/방역/방제/살포/환경측량/다목적 H/W/방송·공연/취미·교육/드론스테이션/안티드론/임무장비/모듈/지상통제장비/통합솔루션/앱/기타,항공안전기술원_드론정보포털_기업명_사업분야_20240424 (1).csv,2024-04-24,일반,정찰 영상과 기술적으로 인접할 수 있음,N,탐색용 분류이며 기업의 방산업체 지정·군 납품을 의미하지 않음
CMP0286,해오름드론항공,방역/방제/살포,감시.정찰.수색/인프라관리/물류·운송·구조/공간정보/특수촬영/방역/방제/살포/환경측량/다목적 H/W/방송·공연/취미·교육/드론스테이션/안티드론/임무장비/모듈/지상통제장비/통합솔루션/앱/기타,항공안전기술원_드론정보포털_기업명_사업분야_20240424 (1).csv,2024-04-24,낮음,주로 민수 활용,N,탐색용 분류이며 기업의 방산업체 지정·군 납품을 의미하지 않음
CMP0286,해오름드론항공,환경측량,감시.정찰.수색/인프라관리/물류·운송·구조/공간정보/특수촬영/방역/방제/살포/환경측량/다목적 H/W/방송·공연/취미·교육/드론스테이션/안티드론/임무장비/모듈/지상통제장비/통합솔루션/앱/기타,항공안전기술원_드론정보포털_기업명_사업분야_20240424 (1).csv,2024-04-24,일반,군 환경·지형 조사와 교차 가능,N,탐색용 분류이며 기업의 방산업체 지정·군 납품을 의미하지 않음
CMP0286,해오름드론항공,다목적 H/W,감시.정찰.수색/인프라관리/물류·운송·구조/공간정보/특수촬영/방역/방제/살포/환경측량/다목적 H/W/방송·공연/취미·교육/드론스테이션/안티드론/임무장비/모듈/지상통제장비/통합솔루션/앱/기타,항공안전기술원_드론정보포털_기업명_사업분야_20240424 (1).csv,2024-04-24,인접,기체·전자·탑재체 하드웨어 공급망 후보,N,탐색용 분류이며 기업의 방산업체 지정·군 납품을 의미하지 않음
CMP0286,해오름드론항공,방송·공연,감시.정찰.수색/인프라관리/물류·운송·구조/공간정보/특수촬영/방역/방제/살포/환경측량/다목적 H/W/방송·공연/취미·교육/드론스테이션/안티드론/임무장비/모듈/지상통제장비/통합솔루션/앱/기타,항공안전기술원_드론정보포털_기업명_사업분야_20240424 (1).csv,2024-04-24,낮음,국방 연계 판단 근거로 사용하지 않음,N,탐색용 분류이며 기업의 방산업체 지정·군 납품을 의미하지 않음
CMP0286,해오름드론항공,취미·교육,감시.정찰.수색/인프라관리/물류·운송·구조/공간정보/특수촬영/방역/방제/살포/환경측량/다목적 H/W/방송·공연/취미·교육/드론스테이션/안티드론/임무장비/모듈/지상통제장비/통합솔루션/앱/기타,항공안전기술원_드론정보포털_기업명_사업분야_20240424 (1).csv,2024-04-24,낮음,국방 연계 판단 근거로 사용하지 않음,N,탐색용 분류이며 기업의 방산업체 지정·군 납품을 의미하지 않음
CMP0286,해오름드론항공,드론스테이션,감시.정찰.수색/인프라관리/물류·운송·구조/공간정보/특수촬영/방역/방제/살포/환경측량/다목적 H/W/방송·공연/취미·교육/드론스테이션/안티드론/임무장비/모듈/지상통제장비/통합솔루션/앱/기타,항공안전기술원_드론정보포털_기업명_사업분야_20240424 (1).csv,2024-04-24,인접,무인 운용·원격 통제 인프라 후보,N,탐색용 분류이며 기업의 방산업체 지정·군 납품을 의미하지 않음
CMP0286,해오름드론항공,안티드론,감시.정찰.수색/인프라관리/물류·운송·구조/공간정보/특수촬영/방역/방제/살포/환경측량/다목적 H/W/방송·공연/취미·교육/드론스테이션/안티드론/임무장비/모듈/지상통제장비/통합솔루션/앱/기타,항공안전기술원_드론정보포털_기업명_사업분야_20240424 (1).csv,2024-04-24,직접,대드론·C-UAS 용례와 직접 연결되는 사업분야,N,탐색용 분류이며 기업의 방산업체 지정·군 납품을 의미하지 않음
CMP0286,해오름드론항공,임무장비,감시.정찰.수색/인프라관리/물류·운송·구조/공간정보/특수촬영/방역/방제/살포/환경측량/다목적 H/W/방송·공연/취미·교육/드론스테이션/안티드론/임무장비/모듈/지상통제장비/통합솔루션/앱/기타,항공안전기술원_드론정보포털_기업명_사업분야_20240424 (1).csv,2024-04-24,직접,정찰·공격·지원 임무장비와 연결 가능,N,탐색용 분류이며 기업의 방산업체 지정·군 납품을 의미하지 않음
CMP0286,해오름드론항공,모듈,감시.정찰.수색/인프라관리/물류·운송·구조/공간정보/특수촬영/방역/방제/살포/환경측량/다목적 H/W/방송·공연/취미·교육/드론스테이션/안티드론/임무장비/모듈/지상통제장비/통합솔루션/앱/기타,항공안전기술원_드론정보포털_기업명_사업분야_20240424 (1).csv,2024-04-24,인접,국방 드론 부품·모듈 공급망 후보,N,탐색용 분류이며 기업의 방산업체 지정·군 납품을 의미하지 않음
CMP0286,해오름드론항공,지상통제장비,감시.정찰.수색/인프라관리/물류·운송·구조/공간정보/특수촬영/방역/방제/살포/환경측량/다목적 H/W/방송·공연/취미·교육/드론스테이션/안티드론/임무장비/모듈/지상통제장비/통합솔루션/앱/기타,항공안전기술원_드론정보포털_기업명_사업분야_20240424 (1).csv,2024-04-24,직접,GCS·임무통제와 연결 가능,N,탐색용 분류이며 기업의 방산업체 지정·군 납품을 의미하지 않음
CMP0286,해오름드론항공,통합솔루션,감시.정찰.수색/인프라관리/물류·운송·구조/공간정보/특수촬영/방역/방제/살포/환경측량/다목적 H/W/방송·공연/취미·교육/드론스테이션/안티드론/임무장비/모듈/지상통제장비/통합솔루션/앱/기타,항공안전기술원_드론정보포털_기업명_사업분야_20240424 (1).csv,2024-04-24,인접,체계통합·운용 소프트웨어와 연결 가능,N,탐색용 분류이며 기업의 방산업체 지정·군 납품을 의미하지 않음
CMP0286,해오름드론항공,앱,감시.정찰.수색/인프라관리/물류·운송·구조/공간정보/특수촬영/방역/방제/살포/환경측량/다목적 H/W/방송·공연/취미·교육/드론스테이션/안티드론/임무장비/모듈/지상통제장비/통합솔루션/앱/기타,항공안전기술원_드론정보포털_기업명_사업분야_20240424 (1).csv,2024-04-24,낮음,세부 기능 확인 전 국방 연계 판단 불가,N,탐색용 분류이며 기업의 방산업체 지정·군 납품을 의미하지 않음
CMP0286,해오름드론항공,기타,감시.정찰.수색/인프라관리/물류·운송·구조/공간정보/특수촬영/방역/방제/살포/환경측량/다목적 H/W/방송·공연/취미·교육/드론스테이션/안티드론/임무장비/모듈/지상통제장비/통합솔루션/앱/기타,항공안전기술원_드론정보포털_기업명_사업분야_20240424 (1).csv,2024-04-24,미확인,세부 내용 확인 필요,N,탐색용 분류이며 기업의 방산업체 지정·군 납품을 의미하지 않음
CMP0293,(협)한국드론진흥원,감시.정찰.수색,감시.정찰.수색/인프라관리/공간정보/특수촬영/방역/방제/살포/방송·공연/취미·교육/임무장비,항공안전기술원_드론정보포털_기업명_사업분야_20240424 (1).csv,2024-04-24,직접,군 감시·정찰 임무와 직접 연결 가능,N,탐색용 분류이며 기업의 방산업체 지정·군 납품을 의미하지 않음
CMP0293,(협)한국드론진흥원,인프라관리,감시.정찰.수색/인프라관리/공간정보/특수촬영/방역/방제/살포/방송·공연/취미·교육/임무장비,항공안전기술원_드론정보포털_기업명_사업분야_20240424 (1).csv,2024-04-24,일반,민수 활용 중심이나 군 시설 관리와 교차 가능,N,탐색용 분류이며 기업의 방산업체 지정·군 납품을 의미하지 않음
CMP0293,(협)한국드론진흥원,공간정보,감시.정찰.수색/인프라관리/공간정보/특수촬영/방역/방제/살포/방송·공연/취미·교육/임무장비,항공안전기술원_드론정보포털_기업명_사업분야_20240424 (1).csv,2024-04-24,일반,군 지형·공간정보 용례와 교차 가능,N,탐색용 분류이며 기업의 방산업체 지정·군 납품을 의미하지 않음
CMP0293,(협)한국드론진흥원,특수촬영,감시.정찰.수색/인프라관리/공간정보/특수촬영/방역/방제/살포/방송·공연/취미·교육/임무장비,항공안전기술원_드론정보포털_기업명_사업분야_20240424 (1).csv,2024-04-24,일반,정찰 영상과 기술적으로 인접할 수 있음,N,탐색용 분류이며 기업의 방산업체 지정·군 납품을 의미하지 않음
CMP0293,(협)한국드론진흥원,방역/방제/살포,감시.정찰.수색/인프라관리/공간정보/특수촬영/방역/방제/살포/방송·공연/취미·교육/임무장비,항공안전기술원_드론정보포털_기업명_사업분야_20240424 (1).csv,2024-04-24,낮음,주로 민수 활용,N,탐색용 분류이며 기업의 방산업체 지정·군 납품을 의미하지 않음
CMP0293,(협)한국드론진흥원,방송·공연,감시.정찰.수색/인프라관리/공간정보/특수촬영/방역/방제/살포/방송·공연/취미·교육/임무장비,항공안전기술원_드론정보포털_기업명_사업분야_20240424 (1).csv,2024-04-24,낮음,국방 연계 판단 근거로 사용하지 않음,N,탐색용 분류이며 기업의 방산업체 지정·군 납품을 의미하지 않음
CMP0293,(협)한국드론진흥원,취미·교육,감시.정찰.수색/인프라관리/공간정보/특수촬영/방역/방제/살포/방송·공연/취미·교육/임무장비,항공안전기술원_드론정보포털_기업명_사업분야_20240424 (1).csv,2024-04-24,낮음,국방 연계 판단 근거로 사용하지 않음,N,탐색용 분류이며 기업의 방산업체 지정·군 납품을 의미하지 않음
CMP0293,(협)한국드론진흥원,임무장비,감시.정찰.수색/인프라관리/공간정보/특수촬영/방역/방제/살포/방송·공연/취미·교육/임무장비,항공안전기술원_드론정보포털_기업명_사업분야_20240424 (1).csv,2024-04-24,직접,정찰·공격·지원 임무장비와 연결 가능,N,탐색용 분류이며 기업의 방산업체 지정·군 납품을 의미하지 않음
CMP0001,4S Mapper,공간정보,공간정보/특수촬영/환경측량/다목적 H/W/모듈/지상통제장비/통합솔루션,항공안전기술원_드론정보포털_기업명_사업분야_20240424 (1).csv,2024-04-24,일반,군 지형·공간정보 용례와 교차 가능,N,탐색용 분류이며 기업의 방산업체 지정·군 납품을 의미하지 않음
CMP0001,4S Mapper,특수촬영,공간정보/특수촬영/환경측량/다목적 H/W/모듈/지상통제장비/통합솔루션,항공안전기술원_드론정보포털_기업명_사업분야_20240424 (1).csv,2024-04-24,일반,정찰 영상과 기술적으로 인접할 수 있음,N,탐색용 분류이며 기업의 방산업체 지정·군 납품을 의미하지 않음
CMP0001,4S Mapper,환경측량,공간정보/특수촬영/환경측량/다목적 H/W/모듈/지상통제장비/통합솔루션,항공안전기술원_드론정보포털_기업명_사업분야_20240424 (1).csv,2024-04-24,일반,군 환경·지형 조사와 교차 가능,N,탐색용 분류이며 기업의 방산업체 지정·군 납품을 의미하지 않음
CMP0001,4S Mapper,다목적 H/W,공간정보/특수촬영/환경측량/다목적 H/W/모듈/지상통제장비/통합솔루션,항공안전기술원_드론정보포털_기업명_사업분야_20240424 (1).csv,2024-04-24,인접,기체·전자·탑재체 하드웨어 공급망 후보,N,탐색용 분류이며 기업의 방산업체 지정·군 납품을 의미하지 않음
CMP0001,4S Mapper,모듈,공간정보/특수촬영/환경측량/다목적 H/W/모듈/지상통제장비/통합솔루션,항공안전기술원_드론정보포털_기업명_사업분야_20240424 (1).csv,2024-04-24,인접,국방 드론 부품·모듈 공급망 후보,N,탐색용 분류이며 기업의 방산업체 지정·군 납품을 의미하지 않음
CMP0001,4S Mapper,지상통제장비,공간정보/특수촬영/환경측량/다목적 H/W/모듈/지상통제장비/통합솔루션,항공안전기술원_드론정보포털_기업명_사업분야_20240424 (1).csv,2024-04-24,직접,GCS·임무통제와 연결 가능,N,탐색용 분류이며 기업의 방산업체 지정·군 납품을 의미하지 않음
CMP0001,4S Mapper,통합솔루션,공간정보/특수촬영/환경측량/다목적 H/W/모듈/지상통제장비/통합솔루션,항공안전기술원_드론정보포털_기업명_사업분야_20240424 (1).csv,2024-04-24,인접,체계통합·운용 소프트웨어와 연결 가능,N,탐색용 분류이며 기업의 방산업체 지정·군 납품을 의미하지 않음
CMP0002,LIG넥스원,감시.정찰.수색,감시.정찰.수색/인프라관리,항공안전기술원_드론정보포털_기업명_사업분야_20240424 (1).csv,2024-04-24,직접,군 감시·정찰 임무와 직접 연결 가능,N,탐색용 분류이며 기업의 방산업체 지정·군 납품을 의미하지 않음
CMP0002,LIG넥스원,인프라관리,감시.정찰.수색/인프라관리,항공안전기술원_드론정보포털_기업명_사업분야_20240424 (1).csv,2024-04-24,일반,민수 활용 중심이나 군 시설 관리와 교차 가능,N,탐색용 분류이며 기업의 방산업체 지정·군 납품을 의미하지 않음
CMP0007,강남무인항공,방역/방제/살포,방역/방제/살포/취미·교육/기타,항공안전기술원_드론정보포털_기업명_사업분야_20240424 (1).csv,2024-04-24,낮음,주로 민수 활용,N,탐색용 분류이며 기업의 방산업체 지정·군 납품을 의미하지 않음
CMP0007,강남무인항공,취미·교육,방역/방제/살포/취미·교육/기타,항공안전기술원_드론정보포털_기업명_사업분야_20240424 (1).csv,2024-04-24,낮음,국방 연계 판단 근거로 사용하지 않음,N,탐색용 분류이며 기업의 방산업체 지정·군 납품을 의미하지 않음
CMP0007,강남무인항공,기타,방역/방제/살포/취미·교육/기타,항공안전기술원_드론정보포털_기업명_사업분야_20240424 (1).csv,2024-04-24,미확인,세부 내용 확인 필요,N,탐색용 분류이며 기업의 방산업체 지정·군 납품을 의미하지 않음
CMP0008,건국대학교 산학협력단,앱,앱/기타,항공안전기술원_드론정보포털_기업명_사업분야_20240424 (1).csv,2024-04-24,낮음,세부 기능 확인 전 국방 연계 판단 불가,N,탐색용 분류이며 기업의 방산업체 지정·군 납품을 의미하지 않음
CMP0008,건국대학교 산학협력단,기타,앱/기타,항공안전기술원_드론정보포털_기업명_사업분야_20240424 (1).csv,2024-04-24,미확인,세부 내용 확인 필요,N,탐색용 분류이며 기업의 방산업체 지정·군 납품을 의미하지 않음
CMP0013,고양드론앵커센터,취미·교육,취미·교육/기타,항공안전기술원_드론정보포털_기업명_사업분야_20240424 (1).csv,2024-04-24,낮음,국방 연계 판단 근거로 사용하지 않음,N,탐색용 분류이며 기업의 방산업체 지정·군 납품을 의미하지 않음
CMP0013,고양드론앵커센터,기타,취미·교육/기타,항공안전기술원_드론정보포털_기업명_사업분야_20240424 (1).csv,2024-04-24,미확인,세부 내용 확인 필요,N,탐색용 분류이며 기업의 방산업체 지정·군 납품을 의미하지 않음
CMP0014,공간정보,감시.정찰.수색,감시.정찰.수색/인프라관리/물류·운송·구조,항공안전기술원_드론정보포털_기업명_사업분야_20240424 (1).csv,2024-04-24,직접,군 감시·정찰 임무와 직접 연결 가능,N,탐색용 분류이며 기업의 방산업체 지정·군 납품을 의미하지 않음
CMP0014,공간정보,인프라관리,감시.정찰.수색/인프라관리/물류·운송·구조,항공안전기술원_드론정보포털_기업명_사업분야_20240424 (1).csv,2024-04-24,일반,민수 활용 중심이나 군 시설 관리와 교차 가능,N,탐색용 분류이며 기업의 방산업체 지정·군 납품을 의미하지 않음
CMP0014,공간정보,물류·운송·구조,감시.정찰.수색/인프라관리/물류·운송·구조,항공안전기술원_드론정보포털_기업명_사업분야_20240424 (1).csv,2024-04-24,일반,군수·수송 용례와 교차 가능,N,탐색용 분류이며 기업의 방산업체 지정·군 납품을 의미하지 않음
CMP0016,국제드론표준산업협회,감시.정찰.수색,감시.정찰.수색/인프라관리/물류·운송·구조/취미·교육/통합솔루션/기타,항공안전기술원_드론정보포털_기업명_사업분야_20240424 (1).csv,2024-04-24,직접,군 감시·정찰 임무와 직접 연결 가능,N,탐색용 분류이며 기업의 방산업체 지정·군 납품을 의미하지 않음
CMP0016,국제드론표준산업협회,인프라관리,감시.정찰.수색/인프라관리/물류·운송·구조/취미·교육/통합솔루션/기타,항공안전기술원_드론정보포털_기업명_사업분야_20240424 (1).csv,2024-04-24,일반,민수 활용 중심이나 군 시설 관리와 교차 가능,N,탐색용 분류이며 기업의 방산업체 지정·군 납품을 의미하지 않음
CMP0016,국제드론표준산업협회,물류·운송·구조,감시.정찰.수색/인프라관리/물류·운송·구조/취미·교육/통합솔루션/기타,항공안전기술원_드론정보포털_기업명_사업분야_20240424 (1).csv,2024-04-24,일반,군수·수송 용례와 교차 가능,N,탐색용 분류이며 기업의 방산업체 지정·군 납품을 의미하지 않음
CMP0016,국제드론표준산업협회,취미·교육,감시.정찰.수색/인프라관리/물류·운송·구조/취미·교육/통합솔루션/기타,항공안전기술원_드론정보포털_기업명_사업분야_20240424 (1).csv,2024-04-24,낮음,국방 연계 판단 근거로 사용하지 않음,N,탐색용 분류이며 기업의 방산업체 지정·군 납품을 의미하지 않음
CMP0016,국제드론표준산업협회,통합솔루션,감시.정찰.수색/인프라관리/물류·운송·구조/취미·교육/통합솔루션/기타,항공안전기술원_드론정보포털_기업명_사업분야_20240424 (1).csv,2024-04-24,인접,체계통합·운용 소프트웨어와 연결 가능,N,탐색용 분류이며 기업의 방산업체 지정·군 납품을 의미하지 않음
CMP0016,국제드론표준산업협회,기타,감시.정찰.수색/인프라관리/물류·운송·구조/취미·교육/통합솔루션/기타,항공안전기술원_드론정보포털_기업명_사업분야_20240424 (1).csv,2024-04-24,미확인,세부 내용 확인 필요,N,탐색용 분류이며 기업의 방산업체 지정·군 납품을 의미하지 않음
CMP0017,국토드론센터,감시.정찰.수색,감시.정찰.수색/인프라관리/물류·운송·구조/공간정보/특수촬영/방역/방제/살포/방송·공연/취미·교육,항공안전기술원_드론정보포털_기업명_사업분야_20240424 (1).csv,2024-04-24,직접,군 감시·정찰 임무와 직접 연결 가능,N,탐색용 분류이며 기업의 방산업체 지정·군 납품을 의미하지 않음
CMP0017,국토드론센터,인프라관리,감시.정찰.수색/인프라관리/물류·운송·구조/공간정보/특수촬영/방역/방제/살포/방송·공연/취미·교육,항공안전기술원_드론정보포털_기업명_사업분야_20240424 (1).csv,2024-04-24,일반,민수 활용 중심이나 군 시설 관리와 교차 가능,N,탐색용 분류이며 기업의 방산업체 지정·군 납품을 의미하지 않음
CMP0017,국토드론센터,물류·운송·구조,감시.정찰.수색/인프라관리/물류·운송·구조/공간정보/특수촬영/방역/방제/살포/방송·공연/취미·교육,항공안전기술원_드론정보포털_기업명_사업분야_20240424 (1).csv,2024-04-24,일반,군수·수송 용례와 교차 가능,N,탐색용 분류이며 기업의 방산업체 지정·군 납품을 의미하지 않음
CMP0017,국토드론센터,공간정보,감시.정찰.수색/인프라관리/물류·운송·구조/공간정보/특수촬영/방역/방제/살포/방송·공연/취미·교육,항공안전기술원_드론정보포털_기업명_사업분야_20240424 (1).csv,2024-04-24,일반,군 지형·공간정보 용례와 교차 가능,N,탐색용 분류이며 기업의 방산업체 지정·군 납품을 의미하지 않음
CMP0017,국토드론센터,특수촬영,감시.정찰.수색/인프라관리/물류·운송·구조/공간정보/특수촬영/방역/방제/살포/방송·공연/취미·교육,항공안전기술원_드론정보포털_기업명_사업분야_20240424 (1).csv,2024-04-24,일반,정찰 영상과 기술적으로 인접할 수 있음,N,탐색용 분류이며 기업의 방산업체 지정·군 납품을 의미하지 않음
CMP0017,국토드론센터,방역/방제/살포,감시.정찰.수색/인프라관리/물류·운송·구조/공간정보/특수촬영/방역/방제/살포/방송·공연/취미·교육,항공안전기술원_드론정보포털_기업명_사업분야_20240424 (1).csv,2024-04-24,낮음,주로 민수 활용,N,탐색용 분류이며 기업의 방산업체 지정·군 납품을 의미하지 않음
CMP0017,국토드론센터,방송·공연,감시.정찰.수색/인프라관리/물류·운송·구조/공간정보/특수촬영/방역/방제/살포/방송·공연/취미·교육,항공안전기술원_드론정보포털_기업명_사업분야_20240424 (1).csv,2024-04-24,낮음,국방 연계 판단 근거로 사용하지 않음,N,탐색용 분류이며 기업의 방산업체 지정·군 납품을 의미하지 않음
CMP0017,국토드론센터,취미·교육,감시.정찰.수색/인프라관리/물류·운송·구조/공간정보/특수촬영/방역/방제/살포/방송·공연/취미·교육,항공안전기술원_드론정보포털_기업명_사업분야_20240424 (1).csv,2024-04-24,낮음,국방 연계 판단 근거로 사용하지 않음,N,탐색용 분류이며 기업의 방산업체 지정·군 납품을 의미하지 않음
CMP0020,그리폰다이나믹스,감시.정찰.수색,감시.정찰.수색/인프라관리/물류·운송·구조/공간정보/특수촬영/환경측량,항공안전기술원_드론정보포털_기업명_사업분야_20240424 (1).csv,2024-04-24,직접,군 감시·정찰 임무와 직접 연결 가능,N,탐색용 분류이며 기업의 방산업체 지정·군 납품을 의미하지 않음
CMP0020,그리폰다이나믹스,인프라관리,감시.정찰.수색/인프라관리/물류·운송·구조/공간정보/특수촬영/환경측량,항공안전기술원_드론정보포털_기업명_사업분야_20240424 (1).csv,2024-04-24,일반,민수 활용 중심이나 군 시설 관리와 교차 가능,N,탐색용 분류이며 기업의 방산업체 지정·군 납품을 의미하지 않음
CMP0020,그리폰다이나믹스,물류·운송·구조,감시.정찰.수색/인프라관리/물류·운송·구조/공간정보/특수촬영/환경측량,항공안전기술원_드론정보포털_기업명_사업분야_20240424 (1).csv,2024-04-24,일반,군수·수송 용례와 교차 가능,N,탐색용 분류이며 기업의 방산업체 지정·군 납품을 의미하지 않음
CMP0020,그리폰다이나믹스,공간정보,감시.정찰.수색/인프라관리/물류·운송·구조/공간정보/특수촬영/환경측량,항공안전기술원_드론정보포털_기업명_사업분야_20240424 (1).csv,2024-04-24,일반,군 지형·공간정보 용례와 교차 가능,N,탐색용 분류이며 기업의 방산업체 지정·군 납품을 의미하지 않음
CMP0020,그리폰다이나믹스,특수촬영,감시.정찰.수색/인프라관리/물류·운송·구조/공간정보/특수촬영/환경측량,항공안전기술원_드론정보포털_기업명_사업분야_20240424 (1).csv,2024-04-24,일반,정찰 영상과 기술적으로 인접할 수 있음,N,탐색용 분류이며 기업의 방산업체 지정·군 납품을 의미하지 않음
CMP0020,그리폰다이나믹스,환경측량,감시.정찰.수색/인프라관리/물류·운송·구조/공간정보/특수촬영/환경측량,항공안전기술원_드론정보포털_기업명_사업분야_20240424 (1).csv,2024-04-24,일반,군 환경·지형 조사와 교차 가능,N,탐색용 분류이며 기업의 방산업체 지정·군 납품을 의미하지 않음
CMP0024,나라항공기술,방역/방제/살포,방역/방제/살포,항공안전기술원_드론정보포털_기업명_사업분야_20240424 (1).csv,2024-04-24,낮음,주로 민수 활용,N,탐색용 분류이며 기업의 방산업체 지정·군 납품을 의미하지 않음
CMP0025,나래기술,드론스테이션,드론스테이션/다목적 H/W/취미·교육/임무장비/모듈/지상통제장비/통합솔루션/기타,항공안전기술원_드론정보포털_기업명_사업분야_20240424 (1).csv,2024-04-24,인접,무인 운용·원격 통제 인프라 후보,N,탐색용 분류이며 기업의 방산업체 지정·군 납품을 의미하지 않음
CMP0025,나래기술,다목적 H/W,드론스테이션/다목적 H/W/취미·교육/임무장비/모듈/지상통제장비/통합솔루션/기타,항공안전기술원_드론정보포털_기업명_사업분야_20240424 (1).csv,2024-04-24,인접,기체·전자·탑재체 하드웨어 공급망 후보,N,탐색용 분류이며 기업의 방산업체 지정·군 납품을 의미하지 않음
CMP0025,나래기술,취미·교육,드론스테이션/다목적 H/W/취미·교육/임무장비/모듈/지상통제장비/통합솔루션/기타,항공안전기술원_드론정보포털_기업명_사업분야_20240424 (1).csv,2024-04-24,낮음,국방 연계 판단 근거로 사용하지 않음,N,탐색용 분류이며 기업의 방산업체 지정·군 납품을 의미하지 않음
CMP0025,나래기술,임무장비,드론스테이션/다목적 H/W/취미·교육/임무장비/모듈/지상통제장비/통합솔루션/기타,항공안전기술원_드론정보포털_기업명_사업분야_20240424 (1).csv,2024-04-24,직접,정찰·공격·지원 임무장비와 연결 가능,N,탐색용 분류이며 기업의 방산업체 지정·군 납품을 의미하지 않음
CMP0025,나래기술,모듈,드론스테이션/다목적 H/W/취미·교육/임무장비/모듈/지상통제장비/통합솔루션/기타,항공안전기술원_드론정보포털_기업명_사업분야_20240424 (1).csv,2024-04-24,인접,국방 드론 부품·모듈 공급망 후보,N,탐색용 분류이며 기업의 방산업체 지정·군 납품을 의미하지 않음
CMP0025,나래기술,지상통제장비,드론스테이션/다목적 H/W/취미·교육/임무장비/모듈/지상통제장비/통합솔루션/기타,항공안전기술원_드론정보포털_기업명_사업분야_20240424 (1).csv,2024-04-24,직접,GCS·임무통제와 연결 가능,N,탐색용 분류이며 기업의 방산업체 지정·군 납품을 의미하지 않음
CMP0025,나래기술,통합솔루션,드론스테이션/다목적 H/W/취미·교육/임무장비/모듈/지상통제장비/통합솔루션/기타,항공안전기술원_드론정보포털_기업명_사업분야_20240424 (1).csv,2024-04-24,인접,체계통합·운용 소프트웨어와 연결 가능,N,탐색용 분류이며 기업의 방산업체 지정·군 납품을 의미하지 않음
CMP0025,나래기술,기타,드론스테이션/다목적 H/W/취미·교육/임무장비/모듈/지상통제장비/통합솔루션/기타,항공안전기술원_드론정보포털_기업명_사업분야_20240424 (1).csv,2024-04-24,미확인,세부 내용 확인 필요,N,탐색용 분류이며 기업의 방산업체 지정·군 납품을 의미하지 않음
CMP0026,나르마,물류·운송·구조,물류·운송·구조,항공안전기술원_드론정보포털_기업명_사업분야_20240424 (1).csv,2024-04-24,일반,군수·수송 용례와 교차 가능,N,탐색용 분류이며 기업의 방산업체 지정·군 납품을 의미하지 않음
CMP0028,남양주드론항공센터,방역/방제/살포,방역/방제/살포/취미·교육,항공안전기술원_드론정보포털_기업명_사업분야_20240424 (1).csv,2024-04-24,낮음,주로 민수 활용,N,탐색용 분류이며 기업의 방산업체 지정·군 납품을 의미하지 않음
CMP0028,남양주드론항공센터,취미·교육,방역/방제/살포/취미·교육,항공안전기술원_드론정보포털_기업명_사업분야_20240424 (1).csv,2024-04-24,낮음,국방 연계 판단 근거로 사용하지 않음,N,탐색용 분류이며 기업의 방산업체 지정·군 납품을 의미하지 않음
CMP0029,네스앤텍,감시.정찰.수색,감시.정찰.수색/인프라관리/드론스테이션/임무장비/모듈/통합솔루션,항공안전기술원_드론정보포털_기업명_사업분야_20240424 (1).csv,2024-04-24,직접,군 감시·정찰 임무와 직접 연결 가능,N,탐색용 분류이며 기업의 방산업체 지정·군 납품을 의미하지 않음
CMP0029,네스앤텍,인프라관리,감시.정찰.수색/인프라관리/드론스테이션/임무장비/모듈/통합솔루션,항공안전기술원_드론정보포털_기업명_사업분야_20240424 (1).csv,2024-04-24,일반,민수 활용 중심이나 군 시설 관리와 교차 가능,N,탐색용 분류이며 기업의 방산업체 지정·군 납품을 의미하지 않음
CMP0029,네스앤텍,드론스테이션,감시.정찰.수색/인프라관리/드론스테이션/임무장비/모듈/통합솔루션,항공안전기술원_드론정보포털_기업명_사업분야_20240424 (1).csv,2024-04-24,인접,무인 운용·원격 통제 인프라 후보,N,탐색용 분류이며 기업의 방산업체 지정·군 납품을 의미하지 않음
CMP0029,네스앤텍,임무장비,감시.정찰.수색/인프라관리/드론스테이션/임무장비/모듈/통합솔루션,항공안전기술원_드론정보포털_기업명_사업분야_20240424 (1).csv,2024-04-24,직접,정찰·공격·지원 임무장비와 연결 가능,N,탐색용 분류이며 기업의 방산업체 지정·군 납품을 의미하지 않음
CMP0029,네스앤텍,모듈,감시.정찰.수색/인프라관리/드론스테이션/임무장비/모듈/통합솔루션,항공안전기술원_드론정보포털_기업명_사업분야_20240424 (1).csv,2024-04-24,인접,국방 드론 부품·모듈 공급망 후보,N,탐색용 분류이며 기업의 방산업체 지정·군 납품을 의미하지 않음
CMP0029,네스앤텍,통합솔루션,감시.정찰.수색/인프라관리/드론스테이션/임무장비/모듈/통합솔루션,항공안전기술원_드론정보포털_기업명_사업분야_20240424 (1).csv,2024-04-24,인접,체계통합·운용 소프트웨어와 연결 가능,N,탐색용 분류이며 기업의 방산업체 지정·군 납품을 의미하지 않음
CMP0030,네오와인,모듈,모듈,항공안전기술원_드론정보포털_기업명_사업분야_20240424 (1).csv,2024-04-24,인접,국방 드론 부품·모듈 공급망 후보,N,탐색용 분류이며 기업의 방산업체 지정·군 납품을 의미하지 않음
CMP0031,네온테크,감시.정찰.수색,감시.정찰.수색/인프라관리/물류·운송·구조/공간정보/특수촬영,항공안전기술원_드론정보포털_기업명_사업분야_20240424 (1).csv,2024-04-24,직접,군 감시·정찰 임무와 직접 연결 가능,N,탐색용 분류이며 기업의 방산업체 지정·군 납품을 의미하지 않음
CMP0031,네온테크,인프라관리,감시.정찰.수색/인프라관리/물류·운송·구조/공간정보/특수촬영,항공안전기술원_드론정보포털_기업명_사업분야_20240424 (1).csv,2024-04-24,일반,민수 활용 중심이나 군 시설 관리와 교차 가능,N,탐색용 분류이며 기업의 방산업체 지정·군 납품을 의미하지 않음
CMP0031,네온테크,물류·운송·구조,감시.정찰.수색/인프라관리/물류·운송·구조/공간정보/특수촬영,항공안전기술원_드론정보포털_기업명_사업분야_20240424 (1).csv,2024-04-24,일반,군수·수송 용례와 교차 가능,N,탐색용 분류이며 기업의 방산업체 지정·군 납품을 의미하지 않음
CMP0031,네온테크,공간정보,감시.정찰.수색/인프라관리/물류·운송·구조/공간정보/특수촬영,항공안전기술원_드론정보포털_기업명_사업분야_20240424 (1).csv,2024-04-24,일반,군 지형·공간정보 용례와 교차 가능,N,탐색용 분류이며 기업의 방산업체 지정·군 납품을 의미하지 않음
CMP0031,네온테크,특수촬영,감시.정찰.수색/인프라관리/물류·운송·구조/공간정보/특수촬영,항공안전기술원_드론정보포털_기업명_사업분야_20240424 (1).csv,2024-04-24,일반,정찰 영상과 기술적으로 인접할 수 있음,N,탐색용 분류이며 기업의 방산업체 지정·군 납품을 의미하지 않음
CMP0032,넥스컴스,감시.정찰.수색,감시.정찰.수색/인프라관리,항공안전기술원_드론정보포털_기업명_사업분야_20240424 (1).csv,2024-04-24,직접,군 감시·정찰 임무와 직접 연결 가능,N,탐색용 분류이며 기업의 방산업체 지정·군 납품을 의미하지 않음
CMP0032,넥스컴스,인프라관리,감시.정찰.수색/인프라관리,항공안전기술원_드론정보포털_기업명_사업분야_20240424 (1).csv,2024-04-24,일반,민수 활용 중심이나 군 시설 관리와 교차 가능,N,탐색용 분류이며 기업의 방산업체 지정·군 납품을 의미하지 않음
CMP0033,노타,감시.정찰.수색,감시.정찰.수색/인프라관리/통합솔루션,항공안전기술원_드론정보포털_기업명_사업분야_20240424 (1).csv,2024-04-24,직접,군 감시·정찰 임무와 직접 연결 가능,N,탐색용 분류이며 기업의 방산업체 지정·군 납품을 의미하지 않음
CMP0033,노타,인프라관리,감시.정찰.수색/인프라관리/통합솔루션,항공안전기술원_드론정보포털_기업명_사업분야_20240424 (1).csv,2024-04-24,일반,민수 활용 중심이나 군 시설 관리와 교차 가능,N,탐색용 분류이며 기업의 방산업체 지정·군 납품을 의미하지 않음
CMP0033,노타,통합솔루션,감시.정찰.수색/인프라관리/통합솔루션,항공안전기술원_드론정보포털_기업명_사업분야_20240424 (1).csv,2024-04-24,인접,체계통합·운용 소프트웨어와 연결 가능,N,탐색용 분류이며 기업의 방산업체 지정·군 납품을 의미하지 않음
CMP0034,농업회사법인 주식회사 금산,감시.정찰.수색,감시.정찰.수색/인프라관리/물류·운송·구조/공간정보/특수촬영/방역/방제/살포/환경측량/다목적 H/W/드론스테이션/임무장비/지상통제장비/통합솔루션/앱,항공안전기술원_드론정보포털_기업명_사업분야_20240424 (1).csv,2024-04-24,직접,군 감시·정찰 임무와 직접 연결 가능,N,탐색용 분류이며 기업의 방산업체 지정·군 납품을 의미하지 않음
CMP0034,농업회사법인 주식회사 금산,인프라관리,감시.정찰.수색/인프라관리/물류·운송·구조/공간정보/특수촬영/방역/방제/살포/환경측량/다목적 H/W/드론스테이션/임무장비/지상통제장비/통합솔루션/앱,항공안전기술원_드론정보포털_기업명_사업분야_20240424 (1).csv,2024-04-24,일반,민수 활용 중심이나 군 시설 관리와 교차 가능,N,탐색용 분류이며 기업의 방산업체 지정·군 납품을 의미하지 않음
CMP0034,농업회사법인 주식회사 금산,물류·운송·구조,감시.정찰.수색/인프라관리/물류·운송·구조/공간정보/특수촬영/방역/방제/살포/환경측량/다목적 H/W/드론스테이션/임무장비/지상통제장비/통합솔루션/앱,항공안전기술원_드론정보포털_기업명_사업분야_20240424 (1).csv,2024-04-24,일반,군수·수송 용례와 교차 가능,N,탐색용 분류이며 기업의 방산업체 지정·군 납품을 의미하지 않음
CMP0034,농업회사법인 주식회사 금산,공간정보,감시.정찰.수색/인프라관리/물류·운송·구조/공간정보/특수촬영/방역/방제/살포/환경측량/다목적 H/W/드론스테이션/임무장비/지상통제장비/통합솔루션/앱,항공안전기술원_드론정보포털_기업명_사업분야_20240424 (1).csv,2024-04-24,일반,군 지형·공간정보 용례와 교차 가능,N,탐색용 분류이며 기업의 방산업체 지정·군 납품을 의미하지 않음
CMP0034,농업회사법인 주식회사 금산,특수촬영,감시.정찰.수색/인프라관리/물류·운송·구조/공간정보/특수촬영/방역/방제/살포/환경측량/다목적 H/W/드론스테이션/임무장비/지상통제장비/통합솔루션/앱,항공안전기술원_드론정보포털_기업명_사업분야_20240424 (1).csv,2024-04-24,일반,정찰 영상과 기술적으로 인접할 수 있음,N,탐색용 분류이며 기업의 방산업체 지정·군 납품을 의미하지 않음
CMP0034,농업회사법인 주식회사 금산,방역/방제/살포,감시.정찰.수색/인프라관리/물류·운송·구조/공간정보/특수촬영/방역/방제/살포/환경측량/다목적 H/W/드론스테이션/임무장비/지상통제장비/통합솔루션/앱,항공안전기술원_드론정보포털_기업명_사업분야_20240424 (1).csv,2024-04-24,낮음,주로 민수 활용,N,탐색용 분류이며 기업의 방산업체 지정·군 납품을 의미하지 않음
CMP0034,농업회사법인 주식회사 금산,환경측량,감시.정찰.수색/인프라관리/물류·운송·구조/공간정보/특수촬영/방역/방제/살포/환경측량/다목적 H/W/드론스테이션/임무장비/지상통제장비/통합솔루션/앱,항공안전기술원_드론정보포털_기업명_사업분야_20240424 (1).csv,2024-04-24,일반,군 환경·지형 조사와 교차 가능,N,탐색용 분류이며 기업의 방산업체 지정·군 납품을 의미하지 않음
CMP0034,농업회사법인 주식회사 금산,다목적 H/W,감시.정찰.수색/인프라관리/물류·운송·구조/공간정보/특수촬영/방역/방제/살포/환경측량/다목적 H/W/드론스테이션/임무장비/지상통제장비/통합솔루션/앱,항공안전기술원_드론정보포털_기업명_사업분야_20240424 (1).csv,2024-04-24,인접,기체·전자·탑재체 하드웨어 공급망 후보,N,탐색용 분류이며 기업의 방산업체 지정·군 납품을 의미하지 않음
CMP0034,농업회사법인 주식회사 금산,드론스테이션,감시.정찰.수색/인프라관리/물류·운송·구조/공간정보/특수촬영/방역/방제/살포/환경측량/다목적 H/W/드론스테이션/임무장비/지상통제장비/통합솔루션/앱,항공안전기술원_드론정보포털_기업명_사업분야_20240424 (1).csv,2024-04-24,인접,무인 운용·원격 통제 인프라 후보,N,탐색용 분류이며 기업의 방산업체 지정·군 납품을 의미하지 않음
CMP0034,농업회사법인 주식회사 금산,임무장비,감시.정찰.수색/인프라관리/물류·운송·구조/공간정보/특수촬영/방역/방제/살포/환경측량/다목적 H/W/드론스테이션/임무장비/지상통제장비/통합솔루션/앱,항공안전기술원_드론정보포털_기업명_사업분야_20240424 (1).csv,2024-04-24,직접,정찰·공격·지원 임무장비와 연결 가능,N,탐색용 분류이며 기업의 방산업체 지정·군 납품을 의미하지 않음
CMP0034,농업회사법인 주식회사 금산,지상통제장비,감시.정찰.수색/인프라관리/물류·운송·구조/공간정보/특수촬영/방역/방제/살포/환경측량/다목적 H/W/드론스테이션/임무장비/지상통제장비/통합솔루션/앱,항공안전기술원_드론정보포털_기업명_사업분야_20240424 (1).csv,2024-04-24,직접,GCS·임무통제와 연결 가능,N,탐색용 분류이며 기업의 방산업체 지정·군 납품을 의미하지 않음
CMP0034,농업회사법인 주식회사 금산,통합솔루션,감시.정찰.수색/인프라관리/물류·운송·구조/공간정보/특수촬영/방역/방제/살포/환경측량/다목적 H/W/드론스테이션/임무장비/지상통제장비/통합솔루션/앱,항공안전기술원_드론정보포털_기업명_사업분야_20240424 (1).csv,2024-04-24,인접,체계통합·운용 소프트웨어와 연결 가능,N,탐색용 분류이며 기업의 방산업체 지정·군 납품을 의미하지 않음
CMP0034,농업회사법인 주식회사 금산,앱,감시.정찰.수색/인프라관리/물류·운송·구조/공간정보/특수촬영/방역/방제/살포/환경측량/다목적 H/W/드론스테이션/임무장비/지상통제장비/통합솔루션/앱,항공안전기술원_드론정보포털_기업명_사업분야_20240424 (1).csv,2024-04-24,낮음,세부 기능 확인 전 국방 연계 판단 불가,N,탐색용 분류이며 기업의 방산업체 지정·군 납품을 의미하지 않음
CMP0037,니어스랩,감시.정찰.수색,감시.정찰.수색/인프라관리,항공안전기술원_드론정보포털_기업명_사업분야_20240424 (1).csv,2024-04-24,직접,군 감시·정찰 임무와 직접 연결 가능,N,탐색용 분류이며 기업의 방산업체 지정·군 납품을 의미하지 않음
CMP0037,니어스랩,인프라관리,감시.정찰.수색/인프라관리,항공안전기술원_드론정보포털_기업명_사업분야_20240424 (1).csv,2024-04-24,일반,민수 활용 중심이나 군 시설 관리와 교차 가능,N,탐색용 분류이며 기업의 방산업체 지정·군 납품을 의미하지 않음
CMP0038,다산항공드론교육원,기타,기타/감시.정찰.수색/인프라관리/공간정보/특수촬영/방역/방제/살포/방송·공연/취미·교육,항공안전기술원_드론정보포털_기업명_사업분야_20240424 (1).csv,2024-04-24,미확인,세부 내용 확인 필요,N,탐색용 분류이며 기업의 방산업체 지정·군 납품을 의미하지 않음
CMP0038,다산항공드론교육원,감시.정찰.수색,기타/감시.정찰.수색/인프라관리/공간정보/특수촬영/방역/방제/살포/방송·공연/취미·교육,항공안전기술원_드론정보포털_기업명_사업분야_20240424 (1).csv,2024-04-24,직접,군 감시·정찰 임무와 직접 연결 가능,N,탐색용 분류이며 기업의 방산업체 지정·군 납품을 의미하지 않음
CMP0038,다산항공드론교육원,인프라관리,기타/감시.정찰.수색/인프라관리/공간정보/특수촬영/방역/방제/살포/방송·공연/취미·교육,항공안전기술원_드론정보포털_기업명_사업분야_20240424 (1).csv,2024-04-24,일반,민수 활용 중심이나 군 시설 관리와 교차 가능,N,탐색용 분류이며 기업의 방산업체 지정·군 납품을 의미하지 않음
CMP0038,다산항공드론교육원,공간정보,기타/감시.정찰.수색/인프라관리/공간정보/특수촬영/방역/방제/살포/방송·공연/취미·교육,항공안전기술원_드론정보포털_기업명_사업분야_20240424 (1).csv,2024-04-24,일반,군 지형·공간정보 용례와 교차 가능,N,탐색용 분류이며 기업의 방산업체 지정·군 납품을 의미하지 않음
CMP0038,다산항공드론교육원,특수촬영,기타/감시.정찰.수색/인프라관리/공간정보/특수촬영/방역/방제/살포/방송·공연/취미·교육,항공안전기술원_드론정보포털_기업명_사업분야_20240424 (1).csv,2024-04-24,일반,정찰 영상과 기술적으로 인접할 수 있음,N,탐색용 분류이며 기업의 방산업체 지정·군 납품을 의미하지 않음
CMP0038,다산항공드론교육원,방역/방제/살포,기타/감시.정찰.수색/인프라관리/공간정보/특수촬영/방역/방제/살포/방송·공연/취미·교육,항공안전기술원_드론정보포털_기업명_사업분야_20240424 (1).csv,2024-04-24,낮음,주로 민수 활용,N,탐색용 분류이며 기업의 방산업체 지정·군 납품을 의미하지 않음
CMP0038,다산항공드론교육원,방송·공연,기타/감시.정찰.수색/인프라관리/공간정보/특수촬영/방역/방제/살포/방송·공연/취미·교육,항공안전기술원_드론정보포털_기업명_사업분야_20240424 (1).csv,2024-04-24,낮음,국방 연계 판단 근거로 사용하지 않음,N,탐색용 분류이며 기업의 방산업체 지정·군 납품을 의미하지 않음
CMP0038,다산항공드론교육원,취미·교육,기타/감시.정찰.수색/인프라관리/공간정보/특수촬영/방역/방제/살포/방송·공연/취미·교육,항공안전기술원_드론정보포털_기업명_사업분야_20240424 (1).csv,2024-04-24,낮음,국방 연계 판단 근거로 사용하지 않음,N,탐색용 분류이며 기업의 방산업체 지정·군 납품을 의미하지 않음
CMP0041,단트넷,감시.정찰.수색,감시.정찰.수색/인프라관리/취미·교육,항공안전기술원_드론정보포털_기업명_사업분야_20240424 (1).csv,2024-04-24,직접,군 감시·정찰 임무와 직접 연결 가능,N,탐색용 분류이며 기업의 방산업체 지정·군 납품을 의미하지 않음
CMP0041,단트넷,인프라관리,감시.정찰.수색/인프라관리/취미·교육,항공안전기술원_드론정보포털_기업명_사업분야_20240424 (1).csv,2024-04-24,일반,민수 활용 중심이나 군 시설 관리와 교차 가능,N,탐색용 분류이며 기업의 방산업체 지정·군 납품을 의미하지 않음
CMP0041,단트넷,취미·교육,감시.정찰.수색/인프라관리/취미·교육,항공안전기술원_드론정보포털_기업명_사업분야_20240424 (1).csv,2024-04-24,낮음,국방 연계 판단 근거로 사용하지 않음,N,탐색용 분류이며 기업의 방산업체 지정·군 납품을 의미하지 않음
CMP0044,대영드론솔루션(주),공간정보,공간정보/특수촬영/취미·교육/임무장비/통합솔루션,항공안전기술원_드론정보포털_기업명_사업분야_20240424 (1).csv,2024-04-24,일반,군 지형·공간정보 용례와 교차 가능,N,탐색용 분류이며 기업의 방산업체 지정·군 납품을 의미하지 않음
CMP0044,대영드론솔루션(주),특수촬영,공간정보/특수촬영/취미·교육/임무장비/통합솔루션,항공안전기술원_드론정보포털_기업명_사업분야_20240424 (1).csv,2024-04-24,일반,정찰 영상과 기술적으로 인접할 수 있음,N,탐색용 분류이며 기업의 방산업체 지정·군 납품을 의미하지 않음
CMP0044,대영드론솔루션(주),취미·교육,공간정보/특수촬영/취미·교육/임무장비/통합솔루션,항공안전기술원_드론정보포털_기업명_사업분야_20240424 (1).csv,2024-04-24,낮음,국방 연계 판단 근거로 사용하지 않음,N,탐색용 분류이며 기업의 방산업체 지정·군 납품을 의미하지 않음
CMP0044,대영드론솔루션(주),임무장비,공간정보/특수촬영/취미·교육/임무장비/통합솔루션,항공안전기술원_드론정보포털_기업명_사업분야_20240424 (1).csv,2024-04-24,직접,정찰·공격·지원 임무장비와 연결 가능,N,탐색용 분류이며 기업의 방산업체 지정·군 납품을 의미하지 않음
CMP0044,대영드론솔루션(주),통합솔루션,공간정보/특수촬영/취미·교육/임무장비/통합솔루션,항공안전기술원_드론정보포털_기업명_사업분야_20240424 (1).csv,2024-04-24,인접,체계통합·운용 소프트웨어와 연결 가능,N,탐색용 분류이며 기업의 방산업체 지정·군 납품을 의미하지 않음
CMP0049,대한항공,감시.정찰.수색,감시.정찰.수색/인프라관리,항공안전기술원_드론정보포털_기업명_사업분야_20240424 (1).csv,2024-04-24,직접,군 감시·정찰 임무와 직접 연결 가능,N,탐색용 분류이며 기업의 방산업체 지정·군 납품을 의미하지 않음
CMP0049,대한항공,인프라관리,감시.정찰.수색/인프라관리,항공안전기술원_드론정보포털_기업명_사업분야_20240424 (1).csv,2024-04-24,일반,민수 활용 중심이나 군 시설 관리와 교차 가능,N,탐색용 분류이며 기업의 방산업체 지정·군 납품을 의미하지 않음
CMP0051,더 드론,감시.정찰.수색,감시.정찰.수색/인프라관리/물류·운송·구조/공간정보/특수촬영/방역/방제/살포/환경측량/방송·공연/취미·교육,항공안전기술원_드론정보포털_기업명_사업분야_20240424 (1).csv,2024-04-24,직접,군 감시·정찰 임무와 직접 연결 가능,N,탐색용 분류이며 기업의 방산업체 지정·군 납품을 의미하지 않음
CMP0051,더 드론,인프라관리,감시.정찰.수색/인프라관리/물류·운송·구조/공간정보/특수촬영/방역/방제/살포/환경측량/방송·공연/취미·교육,항공안전기술원_드론정보포털_기업명_사업분야_20240424 (1).csv,2024-04-24,일반,민수 활용 중심이나 군 시설 관리와 교차 가능,N,탐색용 분류이며 기업의 방산업체 지정·군 납품을 의미하지 않음
CMP0051,더 드론,물류·운송·구조,감시.정찰.수색/인프라관리/물류·운송·구조/공간정보/특수촬영/방역/방제/살포/환경측량/방송·공연/취미·교육,항공안전기술원_드론정보포털_기업명_사업분야_20240424 (1).csv,2024-04-24,일반,군수·수송 용례와 교차 가능,N,탐색용 분류이며 기업의 방산업체 지정·군 납품을 의미하지 않음
CMP0051,더 드론,공간정보,감시.정찰.수색/인프라관리/물류·운송·구조/공간정보/특수촬영/방역/방제/살포/환경측량/방송·공연/취미·교육,항공안전기술원_드론정보포털_기업명_사업분야_20240424 (1).csv,2024-04-24,일반,군 지형·공간정보 용례와 교차 가능,N,탐색용 분류이며 기업의 방산업체 지정·군 납품을 의미하지 않음
CMP0051,더 드론,특수촬영,감시.정찰.수색/인프라관리/물류·운송·구조/공간정보/특수촬영/방역/방제/살포/환경측량/방송·공연/취미·교육,항공안전기술원_드론정보포털_기업명_사업분야_20240424 (1).csv,2024-04-24,일반,정찰 영상과 기술적으로 인접할 수 있음,N,탐색용 분류이며 기업의 방산업체 지정·군 납품을 의미하지 않음
CMP0051,더 드론,방역/방제/살포,감시.정찰.수색/인프라관리/물류·운송·구조/공간정보/특수촬영/방역/방제/살포/환경측량/방송·공연/취미·교육,항공안전기술원_드론정보포털_기업명_사업분야_20240424 (1).csv,2024-04-24,낮음,주로 민수 활용,N,탐색용 분류이며 기업의 방산업체 지정·군 납품을 의미하지 않음
CMP0051,더 드론,환경측량,감시.정찰.수색/인프라관리/물류·운송·구조/공간정보/특수촬영/방역/방제/살포/환경측량/방송·공연/취미·교육,항공안전기술원_드론정보포털_기업명_사업분야_20240424 (1).csv,2024-04-24,일반,군 환경·지형 조사와 교차 가능,N,탐색용 분류이며 기업의 방산업체 지정·군 납품을 의미하지 않음
CMP0051,더 드론,방송·공연,감시.정찰.수색/인프라관리/물류·운송·구조/공간정보/특수촬영/방역/방제/살포/환경측량/방송·공연/취미·교육,항공안전기술원_드론정보포털_기업명_사업분야_20240424 (1).csv,2024-04-24,낮음,국방 연계 판단 근거로 사용하지 않음,N,탐색용 분류이며 기업의 방산업체 지정·군 납품을 의미하지 않음
CMP0051,더 드론,취미·교육,감시.정찰.수색/인프라관리/물류·운송·구조/공간정보/특수촬영/방역/방제/살포/환경측량/방송·공연/취미·교육,항공안전기술원_드론정보포털_기업명_사업분야_20240424 (1).csv,2024-04-24,낮음,국방 연계 판단 근거로 사용하지 않음,N,탐색용 분류이며 기업의 방산업체 지정·군 납품을 의미하지 않음
CMP0052,더피치,다목적 H/W,다목적 H/W/모듈/통합솔루션/앱,항공안전기술원_드론정보포털_기업명_사업분야_20240424 (1).csv,2024-04-24,인접,기체·전자·탑재체 하드웨어 공급망 후보,N,탐색용 분류이며 기업의 방산업체 지정·군 납품을 의미하지 않음
CMP0052,더피치,모듈,다목적 H/W/모듈/통합솔루션/앱,항공안전기술원_드론정보포털_기업명_사업분야_20240424 (1).csv,2024-04-24,인접,국방 드론 부품·모듈 공급망 후보,N,탐색용 분류이며 기업의 방산업체 지정·군 납품을 의미하지 않음
CMP0052,더피치,통합솔루션,다목적 H/W/모듈/통합솔루션/앱,항공안전기술원_드론정보포털_기업명_사업분야_20240424 (1).csv,2024-04-24,인접,체계통합·운용 소프트웨어와 연결 가능,N,탐색용 분류이며 기업의 방산업체 지정·군 납품을 의미하지 않음
CMP0052,더피치,앱,다목적 H/W/모듈/통합솔루션/앱,항공안전기술원_드론정보포털_기업명_사업분야_20240424 (1).csv,2024-04-24,낮음,세부 기능 확인 전 국방 연계 판단 불가,N,탐색용 분류이며 기업의 방산업체 지정·군 납품을 의미하지 않음
CMP0055,동부엔지니어링(주),환경측량,환경측량/공간정보/특수촬영,항공안전기술원_드론정보포털_기업명_사업분야_20240424 (1).csv,2024-04-24,일반,군 환경·지형 조사와 교차 가능,N,탐색용 분류이며 기업의 방산업체 지정·군 납품을 의미하지 않음
CMP0055,동부엔지니어링(주),공간정보,환경측량/공간정보/특수촬영,항공안전기술원_드론정보포털_기업명_사업분야_20240424 (1).csv,2024-04-24,일반,군 지형·공간정보 용례와 교차 가능,N,탐색용 분류이며 기업의 방산업체 지정·군 납품을 의미하지 않음
CMP0055,동부엔지니어링(주),특수촬영,환경측량/공간정보/특수촬영,항공안전기술원_드론정보포털_기업명_사업분야_20240424 (1).csv,2024-04-24,일반,정찰 영상과 기술적으로 인접할 수 있음,N,탐색용 분류이며 기업의 방산업체 지정·군 납품을 의미하지 않음
CMP0056,두드론,드론스테이션,드론스테이션,항공안전기술원_드론정보포털_기업명_사업분야_20240424 (1).csv,2024-04-24,인접,무인 운용·원격 통제 인프라 후보,N,탐색용 분류이며 기업의 방산업체 지정·군 납품을 의미하지 않음
CMP0057,두산모빌리티이노베이션,감시.정찰.수색,감시.정찰.수색/인프라관리/물류·운송·구조,항공안전기술원_드론정보포털_기업명_사업분야_20240424 (1).csv,2024-04-24,직접,군 감시·정찰 임무와 직접 연결 가능,N,탐색용 분류이며 기업의 방산업체 지정·군 납품을 의미하지 않음
CMP0057,두산모빌리티이노베이션,인프라관리,감시.정찰.수색/인프라관리/물류·운송·구조,항공안전기술원_드론정보포털_기업명_사업분야_20240424 (1).csv,2024-04-24,일반,민수 활용 중심이나 군 시설 관리와 교차 가능,N,탐색용 분류이며 기업의 방산업체 지정·군 납품을 의미하지 않음
CMP0057,두산모빌리티이노베이션,물류·운송·구조,감시.정찰.수색/인프라관리/물류·운송·구조,항공안전기술원_드론정보포털_기업명_사업분야_20240424 (1).csv,2024-04-24,일반,군수·수송 용례와 교차 가능,N,탐색용 분류이며 기업의 방산업체 지정·군 납품을 의미하지 않음
CMP0058,두시텍,감시.정찰.수색,감시.정찰.수색/인프라관리/공간정보/특수촬영,항공안전기술원_드론정보포털_기업명_사업분야_20240424 (1).csv,2024-04-24,직접,군 감시·정찰 임무와 직접 연결 가능,N,탐색용 분류이며 기업의 방산업체 지정·군 납품을 의미하지 않음
CMP0058,두시텍,인프라관리,감시.정찰.수색/인프라관리/공간정보/특수촬영,항공안전기술원_드론정보포털_기업명_사업분야_20240424 (1).csv,2024-04-24,일반,민수 활용 중심이나 군 시설 관리와 교차 가능,N,탐색용 분류이며 기업의 방산업체 지정·군 납품을 의미하지 않음
CMP0058,두시텍,공간정보,감시.정찰.수색/인프라관리/공간정보/특수촬영,항공안전기술원_드론정보포털_기업명_사업분야_20240424 (1).csv,2024-04-24,일반,군 지형·공간정보 용례와 교차 가능,N,탐색용 분류이며 기업의 방산업체 지정·군 납품을 의미하지 않음
CMP0058,두시텍,특수촬영,감시.정찰.수색/인프라관리/공간정보/특수촬영,항공안전기술원_드론정보포털_기업명_사업분야_20240424 (1).csv,2024-04-24,일반,정찰 영상과 기술적으로 인접할 수 있음,N,탐색용 분류이며 기업의 방산업체 지정·군 납품을 의미하지 않음
CMP0059,두타기술,안티드론,안티드론,항공안전기술원_드론정보포털_기업명_사업분야_20240424 (1).csv,2024-04-24,직접,대드론·C-UAS 용례와 직접 연결되는 사업분야,N,탐색용 분류이며 기업의 방산업체 지정·군 납품을 의미하지 않음
CMP0062,드론- 디디에이(DRONE DDA),취미·교육,취미·교육/공간정보/특수촬영/방역/방제/살포/환경측량/임무장비,항공안전기술원_드론정보포털_기업명_사업분야_20240424 (1).csv,2024-04-24,낮음,국방 연계 판단 근거로 사용하지 않음,N,탐색용 분류이며 기업의 방산업체 지정·군 납품을 의미하지 않음
CMP0062,드론- 디디에이(DRONE DDA),공간정보,취미·교육/공간정보/특수촬영/방역/방제/살포/환경측량/임무장비,항공안전기술원_드론정보포털_기업명_사업분야_20240424 (1).csv,2024-04-24,일반,군 지형·공간정보 용례와 교차 가능,N,탐색용 분류이며 기업의 방산업체 지정·군 납품을 의미하지 않음
CMP0062,드론- 디디에이(DRONE DDA),특수촬영,취미·교육/공간정보/특수촬영/방역/방제/살포/환경측량/임무장비,항공안전기술원_드론정보포털_기업명_사업분야_20240424 (1).csv,2024-04-24,일반,정찰 영상과 기술적으로 인접할 수 있음,N,탐색용 분류이며 기업의 방산업체 지정·군 납품을 의미하지 않음
CMP0062,드론- 디디에이(DRONE DDA),방역/방제/살포,취미·교육/공간정보/특수촬영/방역/방제/살포/환경측량/임무장비,항공안전기술원_드론정보포털_기업명_사업분야_20240424 (1).csv,2024-04-24,낮음,주로 민수 활용,N,탐색용 분류이며 기업의 방산업체 지정·군 납품을 의미하지 않음
CMP0062,드론- 디디에이(DRONE DDA),환경측량,취미·교육/공간정보/특수촬영/방역/방제/살포/환경측량/임무장비,항공안전기술원_드론정보포털_기업명_사업분야_20240424 (1).csv,2024-04-24,일반,군 환경·지형 조사와 교차 가능,N,탐색용 분류이며 기업의 방산업체 지정·군 납품을 의미하지 않음
CMP0062,드론- 디디에이(DRONE DDA),임무장비,취미·교육/공간정보/특수촬영/방역/방제/살포/환경측량/임무장비,항공안전기술원_드론정보포털_기업명_사업분야_20240424 (1).csv,2024-04-24,직접,정찰·공격·지원 임무장비와 연결 가능,N,탐색용 분류이며 기업의 방산업체 지정·군 납품을 의미하지 않음
CMP0063,드론매거진,방송·공연,방송·공연/기타,항공안전기술원_드론정보포털_기업명_사업분야_20240424 (1).csv,2024-04-24,낮음,국방 연계 판단 근거로 사용하지 않음,N,탐색용 분류이며 기업의 방산업체 지정·군 납품을 의미하지 않음
CMP0063,드론매거진,기타,방송·공연/기타,항공안전기술원_드론정보포털_기업명_사업분야_20240424 (1).csv,2024-04-24,미확인,세부 내용 확인 필요,N,탐색용 분류이며 기업의 방산업체 지정·군 납품을 의미하지 않음
CMP0064,드론메이커,앱,앱/기타,항공안전기술원_드론정보포털_기업명_사업분야_20240424 (1).csv,2024-04-24,낮음,세부 기능 확인 전 국방 연계 판단 불가,N,탐색용 분류이며 기업의 방산업체 지정·군 납품을 의미하지 않음
CMP0064,드론메이커,기타,앱/기타,항공안전기술원_드론정보포털_기업명_사업분야_20240424 (1).csv,2024-04-24,미확인,세부 내용 확인 필요,N,탐색용 분류이며 기업의 방산업체 지정·군 납품을 의미하지 않음
CMP0065,드론메이커스항공(주),감시.정찰.수색,감시.정찰.수색/인프라관리/물류·운송·구조/공간정보/특수촬영/환경측량/다목적 H/W/방송·공연/취미·교육/드론스테이션/임무장비/모듈,항공안전기술원_드론정보포털_기업명_사업분야_20240424 (1).csv,2024-04-24,직접,군 감시·정찰 임무와 직접 연결 가능,N,탐색용 분류이며 기업의 방산업체 지정·군 납품을 의미하지 않음
CMP0065,드론메이커스항공(주),인프라관리,감시.정찰.수색/인프라관리/물류·운송·구조/공간정보/특수촬영/환경측량/다목적 H/W/방송·공연/취미·교육/드론스테이션/임무장비/모듈,항공안전기술원_드론정보포털_기업명_사업분야_20240424 (1).csv,2024-04-24,일반,민수 활용 중심이나 군 시설 관리와 교차 가능,N,탐색용 분류이며 기업의 방산업체 지정·군 납품을 의미하지 않음
CMP0065,드론메이커스항공(주),물류·운송·구조,감시.정찰.수색/인프라관리/물류·운송·구조/공간정보/특수촬영/환경측량/다목적 H/W/방송·공연/취미·교육/드론스테이션/임무장비/모듈,항공안전기술원_드론정보포털_기업명_사업분야_20240424 (1).csv,2024-04-24,일반,군수·수송 용례와 교차 가능,N,탐색용 분류이며 기업의 방산업체 지정·군 납품을 의미하지 않음
CMP0065,드론메이커스항공(주),공간정보,감시.정찰.수색/인프라관리/물류·운송·구조/공간정보/특수촬영/환경측량/다목적 H/W/방송·공연/취미·교육/드론스테이션/임무장비/모듈,항공안전기술원_드론정보포털_기업명_사업분야_20240424 (1).csv,2024-04-24,일반,군 지형·공간정보 용례와 교차 가능,N,탐색용 분류이며 기업의 방산업체 지정·군 납품을 의미하지 않음
CMP0065,드론메이커스항공(주),특수촬영,감시.정찰.수색/인프라관리/물류·운송·구조/공간정보/특수촬영/환경측량/다목적 H/W/방송·공연/취미·교육/드론스테이션/임무장비/모듈,항공안전기술원_드론정보포털_기업명_사업분야_20240424 (1).csv,2024-04-24,일반,정찰 영상과 기술적으로 인접할 수 있음,N,탐색용 분류이며 기업의 방산업체 지정·군 납품을 의미하지 않음
CMP0065,드론메이커스항공(주),환경측량,감시.정찰.수색/인프라관리/물류·운송·구조/공간정보/특수촬영/환경측량/다목적 H/W/방송·공연/취미·교육/드론스테이션/임무장비/모듈,항공안전기술원_드론정보포털_기업명_사업분야_20240424 (1).csv,2024-04-24,일반,군 환경·지형 조사와 교차 가능,N,탐색용 분류이며 기업의 방산업체 지정·군 납품을 의미하지 않음
CMP0065,드론메이커스항공(주),다목적 H/W,감시.정찰.수색/인프라관리/물류·운송·구조/공간정보/특수촬영/환경측량/다목적 H/W/방송·공연/취미·교육/드론스테이션/임무장비/모듈,항공안전기술원_드론정보포털_기업명_사업분야_20240424 (1).csv,2024-04-24,인접,기체·전자·탑재체 하드웨어 공급망 후보,N,탐색용 분류이며 기업의 방산업체 지정·군 납품을 의미하지 않음
CMP0065,드론메이커스항공(주),방송·공연,감시.정찰.수색/인프라관리/물류·운송·구조/공간정보/특수촬영/환경측량/다목적 H/W/방송·공연/취미·교육/드론스테이션/임무장비/모듈,항공안전기술원_드론정보포털_기업명_사업분야_20240424 (1).csv,2024-04-24,낮음,국방 연계 판단 근거로 사용하지 않음,N,탐색용 분류이며 기업의 방산업체 지정·군 납품을 의미하지 않음
CMP0065,드론메이커스항공(주),취미·교육,감시.정찰.수색/인프라관리/물류·운송·구조/공간정보/특수촬영/환경측량/다목적 H/W/방송·공연/취미·교육/드론스테이션/임무장비/모듈,항공안전기술원_드론정보포털_기업명_사업분야_20240424 (1).csv,2024-04-24,낮음,국방 연계 판단 근거로 사용하지 않음,N,탐색용 분류이며 기업의 방산업체 지정·군 납품을 의미하지 않음
CMP0065,드론메이커스항공(주),드론스테이션,감시.정찰.수색/인프라관리/물류·운송·구조/공간정보/특수촬영/환경측량/다목적 H/W/방송·공연/취미·교육/드론스테이션/임무장비/모듈,항공안전기술원_드론정보포털_기업명_사업분야_20240424 (1).csv,2024-04-24,인접,무인 운용·원격 통제 인프라 후보,N,탐색용 분류이며 기업의 방산업체 지정·군 납품을 의미하지 않음
CMP0065,드론메이커스항공(주),임무장비,감시.정찰.수색/인프라관리/물류·운송·구조/공간정보/특수촬영/환경측량/다목적 H/W/방송·공연/취미·교육/드론스테이션/임무장비/모듈,항공안전기술원_드론정보포털_기업명_사업분야_20240424 (1).csv,2024-04-24,직접,정찰·공격·지원 임무장비와 연결 가능,N,탐색용 분류이며 기업의 방산업체 지정·군 납품을 의미하지 않음
CMP0065,드론메이커스항공(주),모듈,감시.정찰.수색/인프라관리/물류·운송·구조/공간정보/특수촬영/환경측량/다목적 H/W/방송·공연/취미·교육/드론스테이션/임무장비/모듈,항공안전기술원_드론정보포털_기업명_사업분야_20240424 (1).csv,2024-04-24,인접,국방 드론 부품·모듈 공급망 후보,N,탐색용 분류이며 기업의 방산업체 지정·군 납품을 의미하지 않음
CMP0066,드론미디어,방송·공연,방송·공연,항공안전기술원_드론정보포털_기업명_사업분야_20240424 (1).csv,2024-04-24,낮음,국방 연계 판단 근거로 사용하지 않음,N,탐색용 분류이며 기업의 방산업체 지정·군 납품을 의미하지 않음
CMP0067,드론버스,물류·운송·구조,물류·운송·구조,항공안전기술원_드론정보포털_기업명_사업분야_20240424 (1).csv,2024-04-24,일반,군수·수송 용례와 교차 가능,N,탐색용 분류이며 기업의 방산업체 지정·군 납품을 의미하지 않음
CMP0068,드론스퀘어,감시.정찰.수색,감시.정찰.수색/인프라관리/물류·운송·구조/공간정보/특수촬영/환경측량/다목적 H/W/취미·교육/드론스테이션/모듈/통합솔루션,항공안전기술원_드론정보포털_기업명_사업분야_20240424 (1).csv,2024-04-24,직접,군 감시·정찰 임무와 직접 연결 가능,N,탐색용 분류이며 기업의 방산업체 지정·군 납품을 의미하지 않음
CMP0068,드론스퀘어,인프라관리,감시.정찰.수색/인프라관리/물류·운송·구조/공간정보/특수촬영/환경측량/다목적 H/W/취미·교육/드론스테이션/모듈/통합솔루션,항공안전기술원_드론정보포털_기업명_사업분야_20240424 (1).csv,2024-04-24,일반,민수 활용 중심이나 군 시설 관리와 교차 가능,N,탐색용 분류이며 기업의 방산업체 지정·군 납품을 의미하지 않음
CMP0068,드론스퀘어,물류·운송·구조,감시.정찰.수색/인프라관리/물류·운송·구조/공간정보/특수촬영/환경측량/다목적 H/W/취미·교육/드론스테이션/모듈/통합솔루션,항공안전기술원_드론정보포털_기업명_사업분야_20240424 (1).csv,2024-04-24,일반,군수·수송 용례와 교차 가능,N,탐색용 분류이며 기업의 방산업체 지정·군 납품을 의미하지 않음
CMP0068,드론스퀘어,공간정보,감시.정찰.수색/인프라관리/물류·운송·구조/공간정보/특수촬영/환경측량/다목적 H/W/취미·교육/드론스테이션/모듈/통합솔루션,항공안전기술원_드론정보포털_기업명_사업분야_20240424 (1).csv,2024-04-24,일반,군 지형·공간정보 용례와 교차 가능,N,탐색용 분류이며 기업의 방산업체 지정·군 납품을 의미하지 않음
CMP0068,드론스퀘어,특수촬영,감시.정찰.수색/인프라관리/물류·운송·구조/공간정보/특수촬영/환경측량/다목적 H/W/취미·교육/드론스테이션/모듈/통합솔루션,항공안전기술원_드론정보포털_기업명_사업분야_20240424 (1).csv,2024-04-24,일반,정찰 영상과 기술적으로 인접할 수 있음,N,탐색용 분류이며 기업의 방산업체 지정·군 납품을 의미하지 않음
CMP0068,드론스퀘어,환경측량,감시.정찰.수색/인프라관리/물류·운송·구조/공간정보/특수촬영/환경측량/다목적 H/W/취미·교육/드론스테이션/모듈/통합솔루션,항공안전기술원_드론정보포털_기업명_사업분야_20240424 (1).csv,2024-04-24,일반,군 환경·지형 조사와 교차 가능,N,탐색용 분류이며 기업의 방산업체 지정·군 납품을 의미하지 않음
CMP0068,드론스퀘어,다목적 H/W,감시.정찰.수색/인프라관리/물류·운송·구조/공간정보/특수촬영/환경측량/다목적 H/W/취미·교육/드론스테이션/모듈/통합솔루션,항공안전기술원_드론정보포털_기업명_사업분야_20240424 (1).csv,2024-04-24,인접,기체·전자·탑재체 하드웨어 공급망 후보,N,탐색용 분류이며 기업의 방산업체 지정·군 납품을 의미하지 않음
CMP0068,드론스퀘어,취미·교육,감시.정찰.수색/인프라관리/물류·운송·구조/공간정보/특수촬영/환경측량/다목적 H/W/취미·교육/드론스테이션/모듈/통합솔루션,항공안전기술원_드론정보포털_기업명_사업분야_20240424 (1).csv,2024-04-24,낮음,국방 연계 판단 근거로 사용하지 않음,N,탐색용 분류이며 기업의 방산업체 지정·군 납품을 의미하지 않음
CMP0068,드론스퀘어,드론스테이션,감시.정찰.수색/인프라관리/물류·운송·구조/공간정보/특수촬영/환경측량/다목적 H/W/취미·교육/드론스테이션/모듈/통합솔루션,항공안전기술원_드론정보포털_기업명_사업분야_20240424 (1).csv,2024-04-24,인접,무인 운용·원격 통제 인프라 후보,N,탐색용 분류이며 기업의 방산업체 지정·군 납품을 의미하지 않음
CMP0068,드론스퀘어,모듈,감시.정찰.수색/인프라관리/물류·운송·구조/공간정보/특수촬영/환경측량/다목적 H/W/취미·교육/드론스테이션/모듈/통합솔루션,항공안전기술원_드론정보포털_기업명_사업분야_20240424 (1).csv,2024-04-24,인접,국방 드론 부품·모듈 공급망 후보,N,탐색용 분류이며 기업의 방산업체 지정·군 납품을 의미하지 않음
CMP0068,드론스퀘어,통합솔루션,감시.정찰.수색/인프라관리/물류·운송·구조/공간정보/특수촬영/환경측량/다목적 H/W/취미·교육/드론스테이션/모듈/통합솔루션,항공안전기술원_드론정보포털_기업명_사업분야_20240424 (1).csv,2024-04-24,인접,체계통합·운용 소프트웨어와 연결 가능,N,탐색용 분류이며 기업의 방산업체 지정·군 납품을 의미하지 않음
CMP0070,드론안전기술,감시.정찰.수색,감시.정찰.수색/인프라관리/공간정보/특수촬영/방역/방제/살포/환경측량,항공안전기술원_드론정보포털_기업명_사업분야_20240424 (1).csv,2024-04-24,직접,군 감시·정찰 임무와 직접 연결 가능,N,탐색용 분류이며 기업의 방산업체 지정·군 납품을 의미하지 않음
CMP0070,드론안전기술,인프라관리,감시.정찰.수색/인프라관리/공간정보/특수촬영/방역/방제/살포/환경측량,항공안전기술원_드론정보포털_기업명_사업분야_20240424 (1).csv,2024-04-24,일반,민수 활용 중심이나 군 시설 관리와 교차 가능,N,탐색용 분류이며 기업의 방산업체 지정·군 납품을 의미하지 않음
CMP0070,드론안전기술,공간정보,감시.정찰.수색/인프라관리/공간정보/특수촬영/방역/방제/살포/환경측량,항공안전기술원_드론정보포털_기업명_사업분야_20240424 (1).csv,2024-04-24,일반,군 지형·공간정보 용례와 교차 가능,N,탐색용 분류이며 기업의 방산업체 지정·군 납품을 의미하지 않음
CMP0070,드론안전기술,특수촬영,감시.정찰.수색/인프라관리/공간정보/특수촬영/방역/방제/살포/환경측량,항공안전기술원_드론정보포털_기업명_사업분야_20240424 (1).csv,2024-04-24,일반,정찰 영상과 기술적으로 인접할 수 있음,N,탐색용 분류이며 기업의 방산업체 지정·군 납품을 의미하지 않음
CMP0070,드론안전기술,방역/방제/살포,감시.정찰.수색/인프라관리/공간정보/특수촬영/방역/방제/살포/환경측량,항공안전기술원_드론정보포털_기업명_사업분야_20240424 (1).csv,2024-04-24,낮음,주로 민수 활용,N,탐색용 분류이며 기업의 방산업체 지정·군 납품을 의미하지 않음
CMP0070,드론안전기술,환경측량,감시.정찰.수색/인프라관리/공간정보/특수촬영/방역/방제/살포/환경측량,항공안전기술원_드론정보포털_기업명_사업분야_20240424 (1).csv,2024-04-24,일반,군 환경·지형 조사와 교차 가능,N,탐색용 분류이며 기업의 방산업체 지정·군 납품을 의미하지 않음
CMP0071,드론월드,통합솔루션,통합솔루션/감시.정찰.수색/인프라관리/물류·운송·구조/공간정보/특수촬영/방역/방제/살포/취미·교육/임무장비,항공안전기술원_드론정보포털_기업명_사업분야_20240424 (1).csv,2024-04-24,인접,체계통합·운용 소프트웨어와 연결 가능,N,탐색용 분류이며 기업의 방산업체 지정·군 납품을 의미하지 않음
CMP0071,드론월드,감시.정찰.수색,통합솔루션/감시.정찰.수색/인프라관리/물류·운송·구조/공간정보/특수촬영/방역/방제/살포/취미·교육/임무장비,항공안전기술원_드론정보포털_기업명_사업분야_20240424 (1).csv,2024-04-24,직접,군 감시·정찰 임무와 직접 연결 가능,N,탐색용 분류이며 기업의 방산업체 지정·군 납품을 의미하지 않음
CMP0071,드론월드,인프라관리,통합솔루션/감시.정찰.수색/인프라관리/물류·운송·구조/공간정보/특수촬영/방역/방제/살포/취미·교육/임무장비,항공안전기술원_드론정보포털_기업명_사업분야_20240424 (1).csv,2024-04-24,일반,민수 활용 중심이나 군 시설 관리와 교차 가능,N,탐색용 분류이며 기업의 방산업체 지정·군 납품을 의미하지 않음
CMP0071,드론월드,물류·운송·구조,통합솔루션/감시.정찰.수색/인프라관리/물류·운송·구조/공간정보/특수촬영/방역/방제/살포/취미·교육/임무장비,항공안전기술원_드론정보포털_기업명_사업분야_20240424 (1).csv,2024-04-24,일반,군수·수송 용례와 교차 가능,N,탐색용 분류이며 기업의 방산업체 지정·군 납품을 의미하지 않음
CMP0071,드론월드,공간정보,통합솔루션/감시.정찰.수색/인프라관리/물류·운송·구조/공간정보/특수촬영/방역/방제/살포/취미·교육/임무장비,항공안전기술원_드론정보포털_기업명_사업분야_20240424 (1).csv,2024-04-24,일반,군 지형·공간정보 용례와 교차 가능,N,탐색용 분류이며 기업의 방산업체 지정·군 납품을 의미하지 않음
CMP0071,드론월드,특수촬영,통합솔루션/감시.정찰.수색/인프라관리/물류·운송·구조/공간정보/특수촬영/방역/방제/살포/취미·교육/임무장비,항공안전기술원_드론정보포털_기업명_사업분야_20240424 (1).csv,2024-04-24,일반,정찰 영상과 기술적으로 인접할 수 있음,N,탐색용 분류이며 기업의 방산업체 지정·군 납품을 의미하지 않음
CMP0071,드론월드,방역/방제/살포,통합솔루션/감시.정찰.수색/인프라관리/물류·운송·구조/공간정보/특수촬영/방역/방제/살포/취미·교육/임무장비,항공안전기술원_드론정보포털_기업명_사업분야_20240424 (1).csv,2024-04-24,낮음,주로 민수 활용,N,탐색용 분류이며 기업의 방산업체 지정·군 납품을 의미하지 않음
CMP0071,드론월드,취미·교육,통합솔루션/감시.정찰.수색/인프라관리/물류·운송·구조/공간정보/특수촬영/방역/방제/살포/취미·교육/임무장비,항공안전기술원_드론정보포털_기업명_사업분야_20240424 (1).csv,2024-04-24,낮음,국방 연계 판단 근거로 사용하지 않음,N,탐색용 분류이며 기업의 방산업체 지정·군 납품을 의미하지 않음
CMP0071,드론월드,임무장비,통합솔루션/감시.정찰.수색/인프라관리/물류·운송·구조/공간정보/특수촬영/방역/방제/살포/취미·교육/임무장비,항공안전기술원_드론정보포털_기업명_사업분야_20240424 (1).csv,2024-04-24,직접,정찰·공격·지원 임무장비와 연결 가능,N,탐색용 분류이며 기업의 방산업체 지정·군 납품을 의미하지 않음
CMP0073,드론테크,감시.정찰.수색,감시.정찰.수색/인프라관리/물류·운송·구조/공간정보/특수촬영/다목적 H/W/방송·공연/취미·교육/임무장비/감시.정찰.수색/인프라관리/물류·운송·구조/방역/방제/살포/다목적 H/W/취미·교육/임무장비/모듈,항공안전기술원_드론정보포털_기업명_사업분야_20240424 (1).csv,2024-04-24,직접,군 감시·정찰 임무와 직접 연결 가능,N,탐색용 분류이며 기업의 방산업체 지정·군 납품을 의미하지 않음
CMP0073,드론테크,인프라관리,감시.정찰.수색/인프라관리/물류·운송·구조/공간정보/특수촬영/다목적 H/W/방송·공연/취미·교육/임무장비/감시.정찰.수색/인프라관리/물류·운송·구조/방역/방제/살포/다목적 H/W/취미·교육/임무장비/모듈,항공안전기술원_드론정보포털_기업명_사업분야_20240424 (1).csv,2024-04-24,일반,민수 활용 중심이나 군 시설 관리와 교차 가능,N,탐색용 분류이며 기업의 방산업체 지정·군 납품을 의미하지 않음
CMP0073,드론테크,물류·운송·구조,감시.정찰.수색/인프라관리/물류·운송·구조/공간정보/특수촬영/다목적 H/W/방송·공연/취미·교육/임무장비/감시.정찰.수색/인프라관리/물류·운송·구조/방역/방제/살포/다목적 H/W/취미·교육/임무장비/모듈,항공안전기술원_드론정보포털_기업명_사업분야_20240424 (1).csv,2024-04-24,일반,군수·수송 용례와 교차 가능,N,탐색용 분류이며 기업의 방산업체 지정·군 납품을 의미하지 않음
CMP0073,드론테크,공간정보,감시.정찰.수색/인프라관리/물류·운송·구조/공간정보/특수촬영/다목적 H/W/방송·공연/취미·교육/임무장비/감시.정찰.수색/인프라관리/물류·운송·구조/방역/방제/살포/다목적 H/W/취미·교육/임무장비/모듈,항공안전기술원_드론정보포털_기업명_사업분야_20240424 (1).csv,2024-04-24,일반,군 지형·공간정보 용례와 교차 가능,N,탐색용 분류이며 기업의 방산업체 지정·군 납품을 의미하지 않음
CMP0073,드론테크,특수촬영,감시.정찰.수색/인프라관리/물류·운송·구조/공간정보/특수촬영/다목적 H/W/방송·공연/취미·교육/임무장비/감시.정찰.수색/인프라관리/물류·운송·구조/방역/방제/살포/다목적 H/W/취미·교육/임무장비/모듈,항공안전기술원_드론정보포털_기업명_사업분야_20240424 (1).csv,2024-04-24,일반,정찰 영상과 기술적으로 인접할 수 있음,N,탐색용 분류이며 기업의 방산업체 지정·군 납품을 의미하지 않음
CMP0073,드론테크,다목적 H/W,감시.정찰.수색/인프라관리/물류·운송·구조/공간정보/특수촬영/다목적 H/W/방송·공연/취미·교육/임무장비/감시.정찰.수색/인프라관리/물류·운송·구조/방역/방제/살포/다목적 H/W/취미·교육/임무장비/모듈,항공안전기술원_드론정보포털_기업명_사업분야_20240424 (1).csv,2024-04-24,인접,기체·전자·탑재체 하드웨어 공급망 후보,N,탐색용 분류이며 기업의 방산업체 지정·군 납품을 의미하지 않음
CMP0073,드론테크,방송·공연,감시.정찰.수색/인프라관리/물류·운송·구조/공간정보/특수촬영/다목적 H/W/방송·공연/취미·교육/임무장비/감시.정찰.수색/인프라관리/물류·운송·구조/방역/방제/살포/다목적 H/W/취미·교육/임무장비/모듈,항공안전기술원_드론정보포털_기업명_사업분야_20240424 (1).csv,2024-04-24,낮음,국방 연계 판단 근거로 사용하지 않음,N,탐색용 분류이며 기업의 방산업체 지정·군 납품을 의미하지 않음
CMP0073,드론테크,취미·교육,감시.정찰.수색/인프라관리/물류·운송·구조/공간정보/특수촬영/다목적 H/W/방송·공연/취미·교육/임무장비/감시.정찰.수색/인프라관리/물류·운송·구조/방역/방제/살포/다목적 H/W/취미·교육/임무장비/모듈,항공안전기술원_드론정보포털_기업명_사업분야_20240424 (1).csv,2024-04-24,낮음,국방 연계 판단 근거로 사용하지 않음,N,탐색용 분류이며 기업의 방산업체 지정·군 납품을 의미하지 않음
CMP0073,드론테크,임무장비,감시.정찰.수색/인프라관리/물류·운송·구조/공간정보/특수촬영/다목적 H/W/방송·공연/취미·교육/임무장비/감시.정찰.수색/인프라관리/물류·운송·구조/방역/방제/살포/다목적 H/W/취미·교육/임무장비/모듈,항공안전기술원_드론정보포털_기업명_사업분야_20240424 (1).csv,2024-04-24,직접,정찰·공격·지원 임무장비와 연결 가능,N,탐색용 분류이며 기업의 방산업체 지정·군 납품을 의미하지 않음
CMP0073,드론테크,방역/방제/살포,감시.정찰.수색/인프라관리/물류·운송·구조/공간정보/특수촬영/다목적 H/W/방송·공연/취미·교육/임무장비/감시.정찰.수색/인프라관리/물류·운송·구조/방역/방제/살포/다목적 H/W/취미·교육/임무장비/모듈,항공안전기술원_드론정보포털_기업명_사업분야_20240424 (1).csv,2024-04-24,낮음,주로 민수 활용,N,탐색용 분류이며 기업의 방산업체 지정·군 납품을 의미하지 않음
CMP0073,드론테크,모듈,감시.정찰.수색/인프라관리/물류·운송·구조/공간정보/특수촬영/다목적 H/W/방송·공연/취미·교육/임무장비/감시.정찰.수색/인프라관리/물류·운송·구조/방역/방제/살포/다목적 H/W/취미·교육/임무장비/모듈,항공안전기술원_드론정보포털_기업명_사업분야_20240424 (1).csv,2024-04-24,인접,국방 드론 부품·모듈 공급망 후보,N,탐색용 분류이며 기업의 방산업체 지정·군 납품을 의미하지 않음
CMP0075,드론핏,감시.정찰.수색,감시.정찰.수색/인프라관리/취미·교육/통합솔루션/앱/기타,항공안전기술원_드론정보포털_기업명_사업분야_20240424 (1).csv,2024-04-24,직접,군 감시·정찰 임무와 직접 연결 가능,N,탐색용 분류이며 기업의 방산업체 지정·군 납품을 의미하지 않음
CMP0075,드론핏,인프라관리,감시.정찰.수색/인프라관리/취미·교육/통합솔루션/앱/기타,항공안전기술원_드론정보포털_기업명_사업분야_20240424 (1).csv,2024-04-24,일반,민수 활용 중심이나 군 시설 관리와 교차 가능,N,탐색용 분류이며 기업의 방산업체 지정·군 납품을 의미하지 않음
CMP0075,드론핏,취미·교육,감시.정찰.수색/인프라관리/취미·교육/통합솔루션/앱/기타,항공안전기술원_드론정보포털_기업명_사업분야_20240424 (1).csv,2024-04-24,낮음,국방 연계 판단 근거로 사용하지 않음,N,탐색용 분류이며 기업의 방산업체 지정·군 납품을 의미하지 않음
CMP0075,드론핏,통합솔루션,감시.정찰.수색/인프라관리/취미·교육/통합솔루션/앱/기타,항공안전기술원_드론정보포털_기업명_사업분야_20240424 (1).csv,2024-04-24,인접,체계통합·운용 소프트웨어와 연결 가능,N,탐색용 분류이며 기업의 방산업체 지정·군 납품을 의미하지 않음
CMP0075,드론핏,앱,감시.정찰.수색/인프라관리/취미·교육/통합솔루션/앱/기타,항공안전기술원_드론정보포털_기업명_사업분야_20240424 (1).csv,2024-04-24,낮음,세부 기능 확인 전 국방 연계 판단 불가,N,탐색용 분류이며 기업의 방산업체 지정·군 납품을 의미하지 않음
CMP0075,드론핏,기타,감시.정찰.수색/인프라관리/취미·교육/통합솔루션/앱/기타,항공안전기술원_드론정보포털_기업명_사업분야_20240424 (1).csv,2024-04-24,미확인,세부 내용 확인 필요,N,탐색용 분류이며 기업의 방산업체 지정·군 납품을 의미하지 않음
CMP0076,드림플라잉,취미·교육,취미·교육,항공안전기술원_드론정보포털_기업명_사업분야_20240424 (1).csv,2024-04-24,낮음,국방 연계 판단 근거로 사용하지 않음,N,탐색용 분류이며 기업의 방산업체 지정·군 납품을 의미하지 않음
CMP0077,디브레인,감시.정찰.수색,감시.정찰.수색/인프라관리,항공안전기술원_드론정보포털_기업명_사업분야_20240424 (1).csv,2024-04-24,직접,군 감시·정찰 임무와 직접 연결 가능,N,탐색용 분류이며 기업의 방산업체 지정·군 납품을 의미하지 않음
CMP0077,디브레인,인프라관리,감시.정찰.수색/인프라관리,항공안전기술원_드론정보포털_기업명_사업분야_20240424 (1).csv,2024-04-24,일반,민수 활용 중심이나 군 시설 관리와 교차 가능,N,탐색용 분류이며 기업의 방산업체 지정·군 납품을 의미하지 않음
CMP0078,디스이즈엔지니어링,감시.정찰.수색,감시.정찰.수색/인프라관리/취미·교육,항공안전기술원_드론정보포털_기업명_사업분야_20240424 (1).csv,2024-04-24,직접,군 감시·정찰 임무와 직접 연결 가능,N,탐색용 분류이며 기업의 방산업체 지정·군 납품을 의미하지 않음
CMP0078,디스이즈엔지니어링,인프라관리,감시.정찰.수색/인프라관리/취미·교육,항공안전기술원_드론정보포털_기업명_사업분야_20240424 (1).csv,2024-04-24,일반,민수 활용 중심이나 군 시설 관리와 교차 가능,N,탐색용 분류이며 기업의 방산업체 지정·군 납품을 의미하지 않음
CMP0078,디스이즈엔지니어링,취미·교육,감시.정찰.수색/인프라관리/취미·교육,항공안전기술원_드론정보포털_기업명_사업분야_20240424 (1).csv,2024-04-24,낮음,국방 연계 판단 근거로 사용하지 않음,N,탐색용 분류이며 기업의 방산업체 지정·군 납품을 의미하지 않음
CMP0079,디알메이커시스템,다목적 H/W,다목적 H/W/취미·교육,항공안전기술원_드론정보포털_기업명_사업분야_20240424 (1).csv,2024-04-24,인접,기체·전자·탑재체 하드웨어 공급망 후보,N,탐색용 분류이며 기업의 방산업체 지정·군 납품을 의미하지 않음
CMP0079,디알메이커시스템,취미·교육,다목적 H/W/취미·교육,항공안전기술원_드론정보포털_기업명_사업분야_20240424 (1).csv,2024-04-24,낮음,국방 연계 판단 근거로 사용하지 않음,N,탐색용 분류이며 기업의 방산업체 지정·군 납품을 의미하지 않음
CMP0082,디에이브이윙스,감시.정찰.수색,감시.정찰.수색/인프라관리/물류·운송·구조/공간정보/특수촬영/방역/방제/살포/임무장비,항공안전기술원_드론정보포털_기업명_사업분야_20240424 (1).csv,2024-04-24,직접,군 감시·정찰 임무와 직접 연결 가능,N,탐색용 분류이며 기업의 방산업체 지정·군 납품을 의미하지 않음
CMP0082,디에이브이윙스,인프라관리,감시.정찰.수색/인프라관리/물류·운송·구조/공간정보/특수촬영/방역/방제/살포/임무장비,항공안전기술원_드론정보포털_기업명_사업분야_20240424 (1).csv,2024-04-24,일반,민수 활용 중심이나 군 시설 관리와 교차 가능,N,탐색용 분류이며 기업의 방산업체 지정·군 납품을 의미하지 않음
CMP0082,디에이브이윙스,물류·운송·구조,감시.정찰.수색/인프라관리/물류·운송·구조/공간정보/특수촬영/방역/방제/살포/임무장비,항공안전기술원_드론정보포털_기업명_사업분야_20240424 (1).csv,2024-04-24,일반,군수·수송 용례와 교차 가능,N,탐색용 분류이며 기업의 방산업체 지정·군 납품을 의미하지 않음
CMP0082,디에이브이윙스,공간정보,감시.정찰.수색/인프라관리/물류·운송·구조/공간정보/특수촬영/방역/방제/살포/임무장비,항공안전기술원_드론정보포털_기업명_사업분야_20240424 (1).csv,2024-04-24,일반,군 지형·공간정보 용례와 교차 가능,N,탐색용 분류이며 기업의 방산업체 지정·군 납품을 의미하지 않음
CMP0082,디에이브이윙스,특수촬영,감시.정찰.수색/인프라관리/물류·운송·구조/공간정보/특수촬영/방역/방제/살포/임무장비,항공안전기술원_드론정보포털_기업명_사업분야_20240424 (1).csv,2024-04-24,일반,정찰 영상과 기술적으로 인접할 수 있음,N,탐색용 분류이며 기업의 방산업체 지정·군 납품을 의미하지 않음
CMP0082,디에이브이윙스,방역/방제/살포,감시.정찰.수색/인프라관리/물류·운송·구조/공간정보/특수촬영/방역/방제/살포/임무장비,항공안전기술원_드론정보포털_기업명_사업분야_20240424 (1).csv,2024-04-24,낮음,주로 민수 활용,N,탐색용 분류이며 기업의 방산업체 지정·군 납품을 의미하지 않음
CMP0082,디에이브이윙스,임무장비,감시.정찰.수색/인프라관리/물류·운송·구조/공간정보/특수촬영/방역/방제/살포/임무장비,항공안전기술원_드론정보포털_기업명_사업분야_20240424 (1).csv,2024-04-24,직접,정찰·공격·지원 임무장비와 연결 가능,N,탐색용 분류이며 기업의 방산업체 지정·군 납품을 의미하지 않음
CMP0084,딥블루익스플로러,감시.정찰.수색,감시.정찰.수색/인프라관리/공간정보/특수촬영/환경측량/방송·공연/임무장비/통합솔루션/앱/기타,항공안전기술원_드론정보포털_기업명_사업분야_20240424 (1).csv,2024-04-24,직접,군 감시·정찰 임무와 직접 연결 가능,N,탐색용 분류이며 기업의 방산업체 지정·군 납품을 의미하지 않음
CMP0084,딥블루익스플로러,인프라관리,감시.정찰.수색/인프라관리/공간정보/특수촬영/환경측량/방송·공연/임무장비/통합솔루션/앱/기타,항공안전기술원_드론정보포털_기업명_사업분야_20240424 (1).csv,2024-04-24,일반,민수 활용 중심이나 군 시설 관리와 교차 가능,N,탐색용 분류이며 기업의 방산업체 지정·군 납품을 의미하지 않음
CMP0084,딥블루익스플로러,공간정보,감시.정찰.수색/인프라관리/공간정보/특수촬영/환경측량/방송·공연/임무장비/통합솔루션/앱/기타,항공안전기술원_드론정보포털_기업명_사업분야_20240424 (1).csv,2024-04-24,일반,군 지형·공간정보 용례와 교차 가능,N,탐색용 분류이며 기업의 방산업체 지정·군 납품을 의미하지 않음
CMP0084,딥블루익스플로러,특수촬영,감시.정찰.수색/인프라관리/공간정보/특수촬영/환경측량/방송·공연/임무장비/통합솔루션/앱/기타,항공안전기술원_드론정보포털_기업명_사업분야_20240424 (1).csv,2024-04-24,일반,정찰 영상과 기술적으로 인접할 수 있음,N,탐색용 분류이며 기업의 방산업체 지정·군 납품을 의미하지 않음
CMP0084,딥블루익스플로러,환경측량,감시.정찰.수색/인프라관리/공간정보/특수촬영/환경측량/방송·공연/임무장비/통합솔루션/앱/기타,항공안전기술원_드론정보포털_기업명_사업분야_20240424 (1).csv,2024-04-24,일반,군 환경·지형 조사와 교차 가능,N,탐색용 분류이며 기업의 방산업체 지정·군 납품을 의미하지 않음
CMP0084,딥블루익스플로러,방송·공연,감시.정찰.수색/인프라관리/공간정보/특수촬영/환경측량/방송·공연/임무장비/통합솔루션/앱/기타,항공안전기술원_드론정보포털_기업명_사업분야_20240424 (1).csv,2024-04-24,낮음,국방 연계 판단 근거로 사용하지 않음,N,탐색용 분류이며 기업의 방산업체 지정·군 납품을 의미하지 않음
CMP0084,딥블루익스플로러,임무장비,감시.정찰.수색/인프라관리/공간정보/특수촬영/환경측량/방송·공연/임무장비/통합솔루션/앱/기타,항공안전기술원_드론정보포털_기업명_사업분야_20240424 (1).csv,2024-04-24,직접,정찰·공격·지원 임무장비와 연결 가능,N,탐색용 분류이며 기업의 방산업체 지정·군 납품을 의미하지 않음
CMP0084,딥블루익스플로러,통합솔루션,감시.정찰.수색/인프라관리/공간정보/특수촬영/환경측량/방송·공연/임무장비/통합솔루션/앱/기타,항공안전기술원_드론정보포털_기업명_사업분야_20240424 (1).csv,2024-04-24,인접,체계통합·운용 소프트웨어와 연결 가능,N,탐색용 분류이며 기업의 방산업체 지정·군 납품을 의미하지 않음
CMP0084,딥블루익스플로러,앱,감시.정찰.수색/인프라관리/공간정보/특수촬영/환경측량/방송·공연/임무장비/통합솔루션/앱/기타,항공안전기술원_드론정보포털_기업명_사업분야_20240424 (1).csv,2024-04-24,낮음,세부 기능 확인 전 국방 연계 판단 불가,N,탐색용 분류이며 기업의 방산업체 지정·군 납품을 의미하지 않음
CMP0084,딥블루익스플로러,기타,감시.정찰.수색/인프라관리/공간정보/특수촬영/환경측량/방송·공연/임무장비/통합솔루션/앱/기타,항공안전기술원_드론정보포털_기업명_사업분야_20240424 (1).csv,2024-04-24,미확인,세부 내용 확인 필요,N,탐색용 분류이며 기업의 방산업체 지정·군 납품을 의미하지 않음
CMP0093,마이크로드론코리아,감시.정찰.수색,감시.정찰.수색/인프라관리,항공안전기술원_드론정보포털_기업명_사업분야_20240424 (1).csv,2024-04-24,직접,군 감시·정찰 임무와 직접 연결 가능,N,탐색용 분류이며 기업의 방산업체 지정·군 납품을 의미하지 않음
CMP0093,마이크로드론코리아,인프라관리,감시.정찰.수색/인프라관리,항공안전기술원_드론정보포털_기업명_사업분야_20240424 (1).csv,2024-04-24,일반,민수 활용 중심이나 군 시설 관리와 교차 가능,N,탐색용 분류이며 기업의 방산업체 지정·군 납품을 의미하지 않음
CMP0094,만물공작소,감시.정찰.수색,감시.정찰.수색/인프라관리/방역/방제/살포/드론스테이션,항공안전기술원_드론정보포털_기업명_사업분야_20240424 (1).csv,2024-04-24,직접,군 감시·정찰 임무와 직접 연결 가능,N,탐색용 분류이며 기업의 방산업체 지정·군 납품을 의미하지 않음
CMP0094,만물공작소,인프라관리,감시.정찰.수색/인프라관리/방역/방제/살포/드론스테이션,항공안전기술원_드론정보포털_기업명_사업분야_20240424 (1).csv,2024-04-24,일반,민수 활용 중심이나 군 시설 관리와 교차 가능,N,탐색용 분류이며 기업의 방산업체 지정·군 납품을 의미하지 않음
CMP0094,만물공작소,방역/방제/살포,감시.정찰.수색/인프라관리/방역/방제/살포/드론스테이션,항공안전기술원_드론정보포털_기업명_사업분야_20240424 (1).csv,2024-04-24,낮음,주로 민수 활용,N,탐색용 분류이며 기업의 방산업체 지정·군 납품을 의미하지 않음
CMP0094,만물공작소,드론스테이션,감시.정찰.수색/인프라관리/방역/방제/살포/드론스테이션,항공안전기술원_드론정보포털_기업명_사업분야_20240424 (1).csv,2024-04-24,인접,무인 운용·원격 통제 인프라 후보,N,탐색용 분류이며 기업의 방산업체 지정·군 납품을 의미하지 않음
CMP0096,메타로보틱스,방역/방제/살포,방역/방제/살포,항공안전기술원_드론정보포털_기업명_사업분야_20240424 (1).csv,2024-04-24,낮음,주로 민수 활용,N,탐색용 분류이며 기업의 방산업체 지정·군 납품을 의미하지 않음
CMP0097,메타파스,감시.정찰.수색,감시.정찰.수색/인프라관리/드론스테이션/모듈,항공안전기술원_드론정보포털_기업명_사업분야_20240424 (1).csv,2024-04-24,직접,군 감시·정찰 임무와 직접 연결 가능,N,탐색용 분류이며 기업의 방산업체 지정·군 납품을 의미하지 않음
CMP0097,메타파스,인프라관리,감시.정찰.수색/인프라관리/드론스테이션/모듈,항공안전기술원_드론정보포털_기업명_사업분야_20240424 (1).csv,2024-04-24,일반,민수 활용 중심이나 군 시설 관리와 교차 가능,N,탐색용 분류이며 기업의 방산업체 지정·군 납품을 의미하지 않음
CMP0097,메타파스,드론스테이션,감시.정찰.수색/인프라관리/드론스테이션/모듈,항공안전기술원_드론정보포털_기업명_사업분야_20240424 (1).csv,2024-04-24,인접,무인 운용·원격 통제 인프라 후보,N,탐색용 분류이며 기업의 방산업체 지정·군 납품을 의미하지 않음
CMP0097,메타파스,모듈,감시.정찰.수색/인프라관리/드론스테이션/모듈,항공안전기술원_드론정보포털_기업명_사업분야_20240424 (1).csv,2024-04-24,인접,국방 드론 부품·모듈 공급망 후보,N,탐색용 분류이며 기업의 방산업체 지정·군 납품을 의미하지 않음
CMP0098,모디랩스,감시.정찰.수색,감시.정찰.수색/인프라관리/물류·운송·구조/공간정보/특수촬영/방역/방제/살포/모듈,항공안전기술원_드론정보포털_기업명_사업분야_20240424 (1).csv,2024-04-24,직접,군 감시·정찰 임무와 직접 연결 가능,N,탐색용 분류이며 기업의 방산업체 지정·군 납품을 의미하지 않음
CMP0098,모디랩스,인프라관리,감시.정찰.수색/인프라관리/물류·운송·구조/공간정보/특수촬영/방역/방제/살포/모듈,항공안전기술원_드론정보포털_기업명_사업분야_20240424 (1).csv,2024-04-24,일반,민수 활용 중심이나 군 시설 관리와 교차 가능,N,탐색용 분류이며 기업의 방산업체 지정·군 납품을 의미하지 않음
CMP0098,모디랩스,물류·운송·구조,감시.정찰.수색/인프라관리/물류·운송·구조/공간정보/특수촬영/방역/방제/살포/모듈,항공안전기술원_드론정보포털_기업명_사업분야_20240424 (1).csv,2024-04-24,일반,군수·수송 용례와 교차 가능,N,탐색용 분류이며 기업의 방산업체 지정·군 납품을 의미하지 않음
CMP0098,모디랩스,공간정보,감시.정찰.수색/인프라관리/물류·운송·구조/공간정보/특수촬영/방역/방제/살포/모듈,항공안전기술원_드론정보포털_기업명_사업분야_20240424 (1).csv,2024-04-24,일반,군 지형·공간정보 용례와 교차 가능,N,탐색용 분류이며 기업의 방산업체 지정·군 납품을 의미하지 않음
CMP0098,모디랩스,특수촬영,감시.정찰.수색/인프라관리/물류·운송·구조/공간정보/특수촬영/방역/방제/살포/모듈,항공안전기술원_드론정보포털_기업명_사업분야_20240424 (1).csv,2024-04-24,일반,정찰 영상과 기술적으로 인접할 수 있음,N,탐색용 분류이며 기업의 방산업체 지정·군 납품을 의미하지 않음
CMP0098,모디랩스,방역/방제/살포,감시.정찰.수색/인프라관리/물류·운송·구조/공간정보/특수촬영/방역/방제/살포/모듈,항공안전기술원_드론정보포털_기업명_사업분야_20240424 (1).csv,2024-04-24,낮음,주로 민수 활용,N,탐색용 분류이며 기업의 방산업체 지정·군 납품을 의미하지 않음
CMP0098,모디랩스,모듈,감시.정찰.수색/인프라관리/물류·운송·구조/공간정보/특수촬영/방역/방제/살포/모듈,항공안전기술원_드론정보포털_기업명_사업분야_20240424 (1).csv,2024-04-24,인접,국방 드론 부품·모듈 공급망 후보,N,탐색용 분류이며 기업의 방산업체 지정·군 납품을 의미하지 않음
CMP0100,모터이엔지(주),모듈,모듈/기타,항공안전기술원_드론정보포털_기업명_사업분야_20240424 (1).csv,2024-04-24,인접,국방 드론 부품·모듈 공급망 후보,N,탐색용 분류이며 기업의 방산업체 지정·군 납품을 의미하지 않음
CMP0100,모터이엔지(주),기타,모듈/기타,항공안전기술원_드론정보포털_기업명_사업분야_20240424 (1).csv,2024-04-24,미확인,세부 내용 확인 필요,N,탐색용 분류이며 기업의 방산업체 지정·군 납품을 의미하지 않음
CMP0101,몬스터드론,취미·교육,취미·교육,항공안전기술원_드론정보포털_기업명_사업분야_20240424 (1).csv,2024-04-24,낮음,국방 연계 판단 근거로 사용하지 않음,N,탐색용 분류이며 기업의 방산업체 지정·군 납품을 의미하지 않음
CMP0102,무지개연구소,모듈,모듈/통합솔루션,항공안전기술원_드론정보포털_기업명_사업분야_20240424 (1).csv,2024-04-24,인접,국방 드론 부품·모듈 공급망 후보,N,탐색용 분류이며 기업의 방산업체 지정·군 납품을 의미하지 않음
CMP0102,무지개연구소,통합솔루션,모듈/통합솔루션,항공안전기술원_드론정보포털_기업명_사업분야_20240424 (1).csv,2024-04-24,인접,체계통합·운용 소프트웨어와 연결 가능,N,탐색용 분류이며 기업의 방산업체 지정·군 납품을 의미하지 않음
CMP0105,베셀,감시.정찰.수색,감시.정찰.수색/인프라관리/물류·운송·구조/공간정보/특수촬영/방역/방제/살포/환경측량,항공안전기술원_드론정보포털_기업명_사업분야_20240424 (1).csv,2024-04-24,직접,군 감시·정찰 임무와 직접 연결 가능,N,탐색용 분류이며 기업의 방산업체 지정·군 납품을 의미하지 않음
CMP0105,베셀,인프라관리,감시.정찰.수색/인프라관리/물류·운송·구조/공간정보/특수촬영/방역/방제/살포/환경측량,항공안전기술원_드론정보포털_기업명_사업분야_20240424 (1).csv,2024-04-24,일반,민수 활용 중심이나 군 시설 관리와 교차 가능,N,탐색용 분류이며 기업의 방산업체 지정·군 납품을 의미하지 않음
CMP0105,베셀,물류·운송·구조,감시.정찰.수색/인프라관리/물류·운송·구조/공간정보/특수촬영/방역/방제/살포/환경측량,항공안전기술원_드론정보포털_기업명_사업분야_20240424 (1).csv,2024-04-24,일반,군수·수송 용례와 교차 가능,N,탐색용 분류이며 기업의 방산업체 지정·군 납품을 의미하지 않음
CMP0105,베셀,공간정보,감시.정찰.수색/인프라관리/물류·운송·구조/공간정보/특수촬영/방역/방제/살포/환경측량,항공안전기술원_드론정보포털_기업명_사업분야_20240424 (1).csv,2024-04-24,일반,군 지형·공간정보 용례와 교차 가능,N,탐색용 분류이며 기업의 방산업체 지정·군 납품을 의미하지 않음
CMP0105,베셀,특수촬영,감시.정찰.수색/인프라관리/물류·운송·구조/공간정보/특수촬영/방역/방제/살포/환경측량,항공안전기술원_드론정보포털_기업명_사업분야_20240424 (1).csv,2024-04-24,일반,정찰 영상과 기술적으로 인접할 수 있음,N,탐색용 분류이며 기업의 방산업체 지정·군 납품을 의미하지 않음
CMP0105,베셀,방역/방제/살포,감시.정찰.수색/인프라관리/물류·운송·구조/공간정보/특수촬영/방역/방제/살포/환경측량,항공안전기술원_드론정보포털_기업명_사업분야_20240424 (1).csv,2024-04-24,낮음,주로 민수 활용,N,탐색용 분류이며 기업의 방산업체 지정·군 납품을 의미하지 않음
CMP0105,베셀,환경측량,감시.정찰.수색/인프라관리/물류·운송·구조/공간정보/특수촬영/방역/방제/살포/환경측량,항공안전기술원_드론정보포털_기업명_사업분야_20240424 (1).csv,2024-04-24,일반,군 환경·지형 조사와 교차 가능,N,탐색용 분류이며 기업의 방산업체 지정·군 납품을 의미하지 않음
CMP0106,베이리스,감시.정찰.수색,감시.정찰.수색/인프라관리/물류·운송·구조/환경측량/드론스테이션/지상통제장비/통합솔루션/앱,항공안전기술원_드론정보포털_기업명_사업분야_20240424 (1).csv,2024-04-24,직접,군 감시·정찰 임무와 직접 연결 가능,N,탐색용 분류이며 기업의 방산업체 지정·군 납품을 의미하지 않음
CMP0106,베이리스,인프라관리,감시.정찰.수색/인프라관리/물류·운송·구조/환경측량/드론스테이션/지상통제장비/통합솔루션/앱,항공안전기술원_드론정보포털_기업명_사업분야_20240424 (1).csv,2024-04-24,일반,민수 활용 중심이나 군 시설 관리와 교차 가능,N,탐색용 분류이며 기업의 방산업체 지정·군 납품을 의미하지 않음
CMP0106,베이리스,물류·운송·구조,감시.정찰.수색/인프라관리/물류·운송·구조/환경측량/드론스테이션/지상통제장비/통합솔루션/앱,항공안전기술원_드론정보포털_기업명_사업분야_20240424 (1).csv,2024-04-24,일반,군수·수송 용례와 교차 가능,N,탐색용 분류이며 기업의 방산업체 지정·군 납품을 의미하지 않음
CMP0106,베이리스,환경측량,감시.정찰.수색/인프라관리/물류·운송·구조/환경측량/드론스테이션/지상통제장비/통합솔루션/앱,항공안전기술원_드론정보포털_기업명_사업분야_20240424 (1).csv,2024-04-24,일반,군 환경·지형 조사와 교차 가능,N,탐색용 분류이며 기업의 방산업체 지정·군 납품을 의미하지 않음
CMP0106,베이리스,드론스테이션,감시.정찰.수색/인프라관리/물류·운송·구조/환경측량/드론스테이션/지상통제장비/통합솔루션/앱,항공안전기술원_드론정보포털_기업명_사업분야_20240424 (1).csv,2024-04-24,인접,무인 운용·원격 통제 인프라 후보,N,탐색용 분류이며 기업의 방산업체 지정·군 납품을 의미하지 않음
CMP0106,베이리스,지상통제장비,감시.정찰.수색/인프라관리/물류·운송·구조/환경측량/드론스테이션/지상통제장비/통합솔루션/앱,항공안전기술원_드론정보포털_기업명_사업분야_20240424 (1).csv,2024-04-24,직접,GCS·임무통제와 연결 가능,N,탐색용 분류이며 기업의 방산업체 지정·군 납품을 의미하지 않음
CMP0106,베이리스,통합솔루션,감시.정찰.수색/인프라관리/물류·운송·구조/환경측량/드론스테이션/지상통제장비/통합솔루션/앱,항공안전기술원_드론정보포털_기업명_사업분야_20240424 (1).csv,2024-04-24,인접,체계통합·운용 소프트웨어와 연결 가능,N,탐색용 분류이며 기업의 방산업체 지정·군 납품을 의미하지 않음
CMP0106,베이리스,앱,감시.정찰.수색/인프라관리/물류·운송·구조/환경측량/드론스테이션/지상통제장비/통합솔루션/앱,항공안전기술원_드론정보포털_기업명_사업분야_20240424 (1).csv,2024-04-24,낮음,세부 기능 확인 전 국방 연계 판단 불가,N,탐색용 분류이며 기업의 방산업체 지정·군 납품을 의미하지 않음
CMP0111,부산드론교육센터,취미·교육,취미·교육,항공안전기술원_드론정보포털_기업명_사업분야_20240424 (1).csv,2024-04-24,낮음,국방 연계 판단 근거로 사용하지 않음,N,탐색용 분류이며 기업의 방산업체 지정·군 납품을 의미하지 않음
CMP0112,부산직업능력교육원,취미·교육,취미·교육,항공안전기술원_드론정보포털_기업명_사업분야_20240424 (1).csv,2024-04-24,낮음,국방 연계 판단 근거로 사용하지 않음,N,탐색용 분류이며 기업의 방산업체 지정·군 납품을 의미하지 않음
CMP0116,비스타컴,안티드론,안티드론/통합솔루션,항공안전기술원_드론정보포털_기업명_사업분야_20240424 (1).csv,2024-04-24,직접,대드론·C-UAS 용례와 직접 연결되는 사업분야,N,탐색용 분류이며 기업의 방산업체 지정·군 납품을 의미하지 않음
CMP0116,비스타컴,통합솔루션,안티드론/통합솔루션,항공안전기술원_드론정보포털_기업명_사업분야_20240424 (1).csv,2024-04-24,인접,체계통합·운용 소프트웨어와 연결 가능,N,탐색용 분류이며 기업의 방산업체 지정·군 납품을 의미하지 않음
CMP0046,대한드론진흥협회,취미·교육,취미·교육/기타,항공안전기술원_드론정보포털_기업명_사업분야_20240424 (1).csv,2024-04-24,낮음,국방 연계 판단 근거로 사용하지 않음,N,탐색용 분류이며 기업의 방산업체 지정·군 납품을 의미하지 않음
CMP0046,대한드론진흥협회,기타,취미·교육/기타,항공안전기술원_드론정보포털_기업명_사업분야_20240424 (1).csv,2024-04-24,미확인,세부 내용 확인 필요,N,탐색용 분류이며 기업의 방산업체 지정·군 납품을 의미하지 않음
CMP0117,삼정솔루션,안티드론,안티드론,항공안전기술원_드론정보포털_기업명_사업분야_20240424 (1).csv,2024-04-24,직접,대드론·C-UAS 용례와 직접 연결되는 사업분야,N,탐색용 분류이며 기업의 방산업체 지정·군 납품을 의미하지 않음
CMP0118,새론에스엔아이,임무장비,임무장비/모듈,항공안전기술원_드론정보포털_기업명_사업분야_20240424 (1).csv,2024-04-24,직접,정찰·공격·지원 임무장비와 연결 가능,N,탐색용 분류이며 기업의 방산업체 지정·군 납품을 의미하지 않음
CMP0118,새론에스엔아이,모듈,임무장비/모듈,항공안전기술원_드론정보포털_기업명_사업분야_20240424 (1).csv,2024-04-24,인접,국방 드론 부품·모듈 공급망 후보,N,탐색용 분류이며 기업의 방산업체 지정·군 납품을 의미하지 않음
CMP0119,샘코,감시.정찰.수색,감시.정찰.수색/인프라관리/공간정보/특수촬영,항공안전기술원_드론정보포털_기업명_사업분야_20240424 (1).csv,2024-04-24,직접,군 감시·정찰 임무와 직접 연결 가능,N,탐색용 분류이며 기업의 방산업체 지정·군 납품을 의미하지 않음
CMP0119,샘코,인프라관리,감시.정찰.수색/인프라관리/공간정보/특수촬영,항공안전기술원_드론정보포털_기업명_사업분야_20240424 (1).csv,2024-04-24,일반,민수 활용 중심이나 군 시설 관리와 교차 가능,N,탐색용 분류이며 기업의 방산업체 지정·군 납품을 의미하지 않음
CMP0119,샘코,공간정보,감시.정찰.수색/인프라관리/공간정보/특수촬영,항공안전기술원_드론정보포털_기업명_사업분야_20240424 (1).csv,2024-04-24,일반,군 지형·공간정보 용례와 교차 가능,N,탐색용 분류이며 기업의 방산업체 지정·군 납품을 의미하지 않음
CMP0119,샘코,특수촬영,감시.정찰.수색/인프라관리/공간정보/특수촬영,항공안전기술원_드론정보포털_기업명_사업분야_20240424 (1).csv,2024-04-24,일반,정찰 영상과 기술적으로 인접할 수 있음,N,탐색용 분류이며 기업의 방산업체 지정·군 납품을 의미하지 않음
CMP0120,서넙드론,취미·교육,취미·교육,항공안전기술원_드론정보포털_기업명_사업분야_20240424 (1).csv,2024-04-24,낮음,국방 연계 판단 근거로 사용하지 않음,N,탐색용 분류이며 기업의 방산업체 지정·군 납품을 의미하지 않음
CMP0121,서우,방역/방제/살포,방역/방제/살포/기타,항공안전기술원_드론정보포털_기업명_사업분야_20240424 (1).csv,2024-04-24,낮음,주로 민수 활용,N,탐색용 분류이며 기업의 방산업체 지정·군 납품을 의미하지 않음
CMP0121,서우,기타,방역/방제/살포/기타,항공안전기술원_드론정보포털_기업명_사업분야_20240424 (1).csv,2024-04-24,미확인,세부 내용 확인 필요,N,탐색용 분류이며 기업의 방산업체 지정·군 납품을 의미하지 않음
CMP0123,서원무인기술,감시.정찰.수색,감시.정찰.수색/인프라관리,항공안전기술원_드론정보포털_기업명_사업분야_20240424 (1).csv,2024-04-24,직접,군 감시·정찰 임무와 직접 연결 가능,N,탐색용 분류이며 기업의 방산업체 지정·군 납품을 의미하지 않음
CMP0123,서원무인기술,인프라관리,감시.정찰.수색/인프라관리,항공안전기술원_드론정보포털_기업명_사업분야_20240424 (1).csv,2024-04-24,일반,민수 활용 중심이나 군 시설 관리와 교차 가능,N,탐색용 분류이며 기업의 방산업체 지정·군 납품을 의미하지 않음
CMP0125,성문드론아카데미,취미·교육,취미·교육/임무장비/감시.정찰.수색/인프라관리/물류·운송·구조/방역/방제/살포,항공안전기술원_드론정보포털_기업명_사업분야_20240424 (1).csv,2024-04-24,낮음,국방 연계 판단 근거로 사용하지 않음,N,탐색용 분류이며 기업의 방산업체 지정·군 납품을 의미하지 않음
CMP0125,성문드론아카데미,임무장비,취미·교육/임무장비/감시.정찰.수색/인프라관리/물류·운송·구조/방역/방제/살포,항공안전기술원_드론정보포털_기업명_사업분야_20240424 (1).csv,2024-04-24,직접,정찰·공격·지원 임무장비와 연결 가능,N,탐색용 분류이며 기업의 방산업체 지정·군 납품을 의미하지 않음
CMP0125,성문드론아카데미,감시.정찰.수색,취미·교육/임무장비/감시.정찰.수색/인프라관리/물류·운송·구조/방역/방제/살포,항공안전기술원_드론정보포털_기업명_사업분야_20240424 (1).csv,2024-04-24,직접,군 감시·정찰 임무와 직접 연결 가능,N,탐색용 분류이며 기업의 방산업체 지정·군 납품을 의미하지 않음
CMP0125,성문드론아카데미,인프라관리,취미·교육/임무장비/감시.정찰.수색/인프라관리/물류·운송·구조/방역/방제/살포,항공안전기술원_드론정보포털_기업명_사업분야_20240424 (1).csv,2024-04-24,일반,민수 활용 중심이나 군 시설 관리와 교차 가능,N,탐색용 분류이며 기업의 방산업체 지정·군 납품을 의미하지 않음
CMP0125,성문드론아카데미,물류·운송·구조,취미·교육/임무장비/감시.정찰.수색/인프라관리/물류·운송·구조/방역/방제/살포,항공안전기술원_드론정보포털_기업명_사업분야_20240424 (1).csv,2024-04-24,일반,군수·수송 용례와 교차 가능,N,탐색용 분류이며 기업의 방산업체 지정·군 납품을 의미하지 않음
CMP0125,성문드론아카데미,방역/방제/살포,취미·교육/임무장비/감시.정찰.수색/인프라관리/물류·운송·구조/방역/방제/살포,항공안전기술원_드론정보포털_기업명_사업분야_20240424 (1).csv,2024-04-24,낮음,주로 민수 활용,N,탐색용 분류이며 기업의 방산업체 지정·군 납품을 의미하지 않음
CMP0126,성우엔지니어링,물류·운송·구조,물류·운송·구조/방역/방제/살포/취미·교육/감시.정찰.수색/인프라관리,항공안전기술원_드론정보포털_기업명_사업분야_20240424 (1).csv,2024-04-24,일반,군수·수송 용례와 교차 가능,N,탐색용 분류이며 기업의 방산업체 지정·군 납품을 의미하지 않음
CMP0126,성우엔지니어링,방역/방제/살포,물류·운송·구조/방역/방제/살포/취미·교육/감시.정찰.수색/인프라관리,항공안전기술원_드론정보포털_기업명_사업분야_20240424 (1).csv,2024-04-24,낮음,주로 민수 활용,N,탐색용 분류이며 기업의 방산업체 지정·군 납품을 의미하지 않음
CMP0126,성우엔지니어링,취미·교육,물류·운송·구조/방역/방제/살포/취미·교육/감시.정찰.수색/인프라관리,항공안전기술원_드론정보포털_기업명_사업분야_20240424 (1).csv,2024-04-24,낮음,국방 연계 판단 근거로 사용하지 않음,N,탐색용 분류이며 기업의 방산업체 지정·군 납품을 의미하지 않음
CMP0126,성우엔지니어링,감시.정찰.수색,물류·운송·구조/방역/방제/살포/취미·교육/감시.정찰.수색/인프라관리,항공안전기술원_드론정보포털_기업명_사업분야_20240424 (1).csv,2024-04-24,직접,군 감시·정찰 임무와 직접 연결 가능,N,탐색용 분류이며 기업의 방산업체 지정·군 납품을 의미하지 않음
CMP0126,성우엔지니어링,인프라관리,물류·운송·구조/방역/방제/살포/취미·교육/감시.정찰.수색/인프라관리,항공안전기술원_드론정보포털_기업명_사업분야_20240424 (1).csv,2024-04-24,일반,민수 활용 중심이나 군 시설 관리와 교차 가능,N,탐색용 분류이며 기업의 방산업체 지정·군 납품을 의미하지 않음
CMP0127,세이에어,감시.정찰.수색,감시.정찰.수색/인프라관리/방송·공연,항공안전기술원_드론정보포털_기업명_사업분야_20240424 (1).csv,2024-04-24,직접,군 감시·정찰 임무와 직접 연결 가능,N,탐색용 분류이며 기업의 방산업체 지정·군 납품을 의미하지 않음
CMP0127,세이에어,인프라관리,감시.정찰.수색/인프라관리/방송·공연,항공안전기술원_드론정보포털_기업명_사업분야_20240424 (1).csv,2024-04-24,일반,민수 활용 중심이나 군 시설 관리와 교차 가능,N,탐색용 분류이며 기업의 방산업체 지정·군 납품을 의미하지 않음
CMP0127,세이에어,방송·공연,감시.정찰.수색/인프라관리/방송·공연,항공안전기술원_드론정보포털_기업명_사업분야_20240424 (1).csv,2024-04-24,낮음,국방 연계 판단 근거로 사용하지 않음,N,탐색용 분류이며 기업의 방산업체 지정·군 납품을 의미하지 않음
CMP0128,세이프어스드론,감시.정찰.수색,감시.정찰.수색/인프라관리/물류·운송·구조/방역/방제/살포/환경측량,항공안전기술원_드론정보포털_기업명_사업분야_20240424 (1).csv,2024-04-24,직접,군 감시·정찰 임무와 직접 연결 가능,N,탐색용 분류이며 기업의 방산업체 지정·군 납품을 의미하지 않음
CMP0128,세이프어스드론,인프라관리,감시.정찰.수색/인프라관리/물류·운송·구조/방역/방제/살포/환경측량,항공안전기술원_드론정보포털_기업명_사업분야_20240424 (1).csv,2024-04-24,일반,민수 활용 중심이나 군 시설 관리와 교차 가능,N,탐색용 분류이며 기업의 방산업체 지정·군 납품을 의미하지 않음
CMP0128,세이프어스드론,물류·운송·구조,감시.정찰.수색/인프라관리/물류·운송·구조/방역/방제/살포/환경측량,항공안전기술원_드론정보포털_기업명_사업분야_20240424 (1).csv,2024-04-24,일반,군수·수송 용례와 교차 가능,N,탐색용 분류이며 기업의 방산업체 지정·군 납품을 의미하지 않음
CMP0128,세이프어스드론,방역/방제/살포,감시.정찰.수색/인프라관리/물류·운송·구조/방역/방제/살포/환경측량,항공안전기술원_드론정보포털_기업명_사업분야_20240424 (1).csv,2024-04-24,낮음,주로 민수 활용,N,탐색용 분류이며 기업의 방산업체 지정·군 납품을 의미하지 않음
CMP0128,세이프어스드론,환경측량,감시.정찰.수색/인프라관리/물류·운송·구조/방역/방제/살포/환경측량,항공안전기술원_드론정보포털_기업명_사업분야_20240424 (1).csv,2024-04-24,일반,군 환경·지형 조사와 교차 가능,N,탐색용 분류이며 기업의 방산업체 지정·군 납품을 의미하지 않음
CMP0131,솔더드론스쿨,방역/방제/살포,방역/방제/살포/다목적 H/W/방송·공연/취미·교육,항공안전기술원_드론정보포털_기업명_사업분야_20240424 (1).csv,2024-04-24,낮음,주로 민수 활용,N,탐색용 분류이며 기업의 방산업체 지정·군 납품을 의미하지 않음
CMP0131,솔더드론스쿨,다목적 H/W,방역/방제/살포/다목적 H/W/방송·공연/취미·교육,항공안전기술원_드론정보포털_기업명_사업분야_20240424 (1).csv,2024-04-24,인접,기체·전자·탑재체 하드웨어 공급망 후보,N,탐색용 분류이며 기업의 방산업체 지정·군 납품을 의미하지 않음
CMP0131,솔더드론스쿨,방송·공연,방역/방제/살포/다목적 H/W/방송·공연/취미·교육,항공안전기술원_드론정보포털_기업명_사업분야_20240424 (1).csv,2024-04-24,낮음,국방 연계 판단 근거로 사용하지 않음,N,탐색용 분류이며 기업의 방산업체 지정·군 납품을 의미하지 않음
CMP0131,솔더드론스쿨,취미·교육,방역/방제/살포/다목적 H/W/방송·공연/취미·교육,항공안전기술원_드론정보포털_기업명_사업분야_20240424 (1).csv,2024-04-24,낮음,국방 연계 판단 근거로 사용하지 않음,N,탐색용 분류이며 기업의 방산업체 지정·군 납품을 의미하지 않음
CMP0133,수성알씨(수성RC),감시.정찰.수색,감시.정찰.수색/인프라관리/방송·공연/취미·교육/임무장비,항공안전기술원_드론정보포털_기업명_사업분야_20240424 (1).csv,2024-04-24,직접,군 감시·정찰 임무와 직접 연결 가능,N,탐색용 분류이며 기업의 방산업체 지정·군 납품을 의미하지 않음
CMP0133,수성알씨(수성RC),인프라관리,감시.정찰.수색/인프라관리/방송·공연/취미·교육/임무장비,항공안전기술원_드론정보포털_기업명_사업분야_20240424 (1).csv,2024-04-24,일반,민수 활용 중심이나 군 시설 관리와 교차 가능,N,탐색용 분류이며 기업의 방산업체 지정·군 납품을 의미하지 않음
CMP0133,수성알씨(수성RC),방송·공연,감시.정찰.수색/인프라관리/방송·공연/취미·교육/임무장비,항공안전기술원_드론정보포털_기업명_사업분야_20240424 (1).csv,2024-04-24,낮음,국방 연계 판단 근거로 사용하지 않음,N,탐색용 분류이며 기업의 방산업체 지정·군 납품을 의미하지 않음
CMP0133,수성알씨(수성RC),취미·교육,감시.정찰.수색/인프라관리/방송·공연/취미·교육/임무장비,항공안전기술원_드론정보포털_기업명_사업분야_20240424 (1).csv,2024-04-24,낮음,국방 연계 판단 근거로 사용하지 않음,N,탐색용 분류이며 기업의 방산업체 지정·군 납품을 의미하지 않음
CMP0133,수성알씨(수성RC),임무장비,감시.정찰.수색/인프라관리/방송·공연/취미·교육/임무장비,항공안전기술원_드론정보포털_기업명_사업분야_20240424 (1).csv,2024-04-24,직접,정찰·공격·지원 임무장비와 연결 가능,N,탐색용 분류이며 기업의 방산업체 지정·군 납품을 의미하지 않음
CMP0134,순돌이드론,감시.정찰.수색,감시.정찰.수색/인프라관리/물류·운송·구조/공간정보/특수촬영/방역/방제/살포/환경측량/다목적 H/W/취미·교육/드론스테이션/안티드론/임무장비/지상통제장비/통합솔루션,항공안전기술원_드론정보포털_기업명_사업분야_20240424 (1).csv,2024-04-24,직접,군 감시·정찰 임무와 직접 연결 가능,N,탐색용 분류이며 기업의 방산업체 지정·군 납품을 의미하지 않음
CMP0134,순돌이드론,인프라관리,감시.정찰.수색/인프라관리/물류·운송·구조/공간정보/특수촬영/방역/방제/살포/환경측량/다목적 H/W/취미·교육/드론스테이션/안티드론/임무장비/지상통제장비/통합솔루션,항공안전기술원_드론정보포털_기업명_사업분야_20240424 (1).csv,2024-04-24,일반,민수 활용 중심이나 군 시설 관리와 교차 가능,N,탐색용 분류이며 기업의 방산업체 지정·군 납품을 의미하지 않음
CMP0134,순돌이드론,물류·운송·구조,감시.정찰.수색/인프라관리/물류·운송·구조/공간정보/특수촬영/방역/방제/살포/환경측량/다목적 H/W/취미·교육/드론스테이션/안티드론/임무장비/지상통제장비/통합솔루션,항공안전기술원_드론정보포털_기업명_사업분야_20240424 (1).csv,2024-04-24,일반,군수·수송 용례와 교차 가능,N,탐색용 분류이며 기업의 방산업체 지정·군 납품을 의미하지 않음
CMP0134,순돌이드론,공간정보,감시.정찰.수색/인프라관리/물류·운송·구조/공간정보/특수촬영/방역/방제/살포/환경측량/다목적 H/W/취미·교육/드론스테이션/안티드론/임무장비/지상통제장비/통합솔루션,항공안전기술원_드론정보포털_기업명_사업분야_20240424 (1).csv,2024-04-24,일반,군 지형·공간정보 용례와 교차 가능,N,탐색용 분류이며 기업의 방산업체 지정·군 납품을 의미하지 않음
CMP0134,순돌이드론,특수촬영,감시.정찰.수색/인프라관리/물류·운송·구조/공간정보/특수촬영/방역/방제/살포/환경측량/다목적 H/W/취미·교육/드론스테이션/안티드론/임무장비/지상통제장비/통합솔루션,항공안전기술원_드론정보포털_기업명_사업분야_20240424 (1).csv,2024-04-24,일반,정찰 영상과 기술적으로 인접할 수 있음,N,탐색용 분류이며 기업의 방산업체 지정·군 납품을 의미하지 않음
CMP0134,순돌이드론,방역/방제/살포,감시.정찰.수색/인프라관리/물류·운송·구조/공간정보/특수촬영/방역/방제/살포/환경측량/다목적 H/W/취미·교육/드론스테이션/안티드론/임무장비/지상통제장비/통합솔루션,항공안전기술원_드론정보포털_기업명_사업분야_20240424 (1).csv,2024-04-24,낮음,주로 민수 활용,N,탐색용 분류이며 기업의 방산업체 지정·군 납품을 의미하지 않음
CMP0134,순돌이드론,환경측량,감시.정찰.수색/인프라관리/물류·운송·구조/공간정보/특수촬영/방역/방제/살포/환경측량/다목적 H/W/취미·교육/드론스테이션/안티드론/임무장비/지상통제장비/통합솔루션,항공안전기술원_드론정보포털_기업명_사업분야_20240424 (1).csv,2024-04-24,일반,군 환경·지형 조사와 교차 가능,N,탐색용 분류이며 기업의 방산업체 지정·군 납품을 의미하지 않음
CMP0134,순돌이드론,다목적 H/W,감시.정찰.수색/인프라관리/물류·운송·구조/공간정보/특수촬영/방역/방제/살포/환경측량/다목적 H/W/취미·교육/드론스테이션/안티드론/임무장비/지상통제장비/통합솔루션,항공안전기술원_드론정보포털_기업명_사업분야_20240424 (1).csv,2024-04-24,인접,기체·전자·탑재체 하드웨어 공급망 후보,N,탐색용 분류이며 기업의 방산업체 지정·군 납품을 의미하지 않음
CMP0134,순돌이드론,취미·교육,감시.정찰.수색/인프라관리/물류·운송·구조/공간정보/특수촬영/방역/방제/살포/환경측량/다목적 H/W/취미·교육/드론스테이션/안티드론/임무장비/지상통제장비/통합솔루션,항공안전기술원_드론정보포털_기업명_사업분야_20240424 (1).csv,2024-04-24,낮음,국방 연계 판단 근거로 사용하지 않음,N,탐색용 분류이며 기업의 방산업체 지정·군 납품을 의미하지 않음
CMP0134,순돌이드론,드론스테이션,감시.정찰.수색/인프라관리/물류·운송·구조/공간정보/특수촬영/방역/방제/살포/환경측량/다목적 H/W/취미·교육/드론스테이션/안티드론/임무장비/지상통제장비/통합솔루션,항공안전기술원_드론정보포털_기업명_사업분야_20240424 (1).csv,2024-04-24,인접,무인 운용·원격 통제 인프라 후보,N,탐색용 분류이며 기업의 방산업체 지정·군 납품을 의미하지 않음
CMP0134,순돌이드론,안티드론,감시.정찰.수색/인프라관리/물류·운송·구조/공간정보/특수촬영/방역/방제/살포/환경측량/다목적 H/W/취미·교육/드론스테이션/안티드론/임무장비/지상통제장비/통합솔루션,항공안전기술원_드론정보포털_기업명_사업분야_20240424 (1).csv,2024-04-24,직접,대드론·C-UAS 용례와 직접 연결되는 사업분야,N,탐색용 분류이며 기업의 방산업체 지정·군 납품을 의미하지 않음
CMP0134,순돌이드론,임무장비,감시.정찰.수색/인프라관리/물류·운송·구조/공간정보/특수촬영/방역/방제/살포/환경측량/다목적 H/W/취미·교육/드론스테이션/안티드론/임무장비/지상통제장비/통합솔루션,항공안전기술원_드론정보포털_기업명_사업분야_20240424 (1).csv,2024-04-24,직접,정찰·공격·지원 임무장비와 연결 가능,N,탐색용 분류이며 기업의 방산업체 지정·군 납품을 의미하지 않음
CMP0134,순돌이드론,지상통제장비,감시.정찰.수색/인프라관리/물류·운송·구조/공간정보/특수촬영/방역/방제/살포/환경측량/다목적 H/W/취미·교육/드론스테이션/안티드론/임무장비/지상통제장비/통합솔루션,항공안전기술원_드론정보포털_기업명_사업분야_20240424 (1).csv,2024-04-24,직접,GCS·임무통제와 연결 가능,N,탐색용 분류이며 기업의 방산업체 지정·군 납품을 의미하지 않음
CMP0134,순돌이드론,통합솔루션,감시.정찰.수색/인프라관리/물류·운송·구조/공간정보/특수촬영/방역/방제/살포/환경측량/다목적 H/W/취미·교육/드론스테이션/안티드론/임무장비/지상통제장비/통합솔루션,항공안전기술원_드론정보포털_기업명_사업분야_20240424 (1).csv,2024-04-24,인접,체계통합·운용 소프트웨어와 연결 가능,N,탐색용 분류이며 기업의 방산업체 지정·군 납품을 의미하지 않음
CMP0135,숨비,물류·운송·구조,물류·운송·구조/다목적 H/W/안티드론/모듈/통합솔루션/앱,항공안전기술원_드론정보포털_기업명_사업분야_20240424 (1).csv,2024-04-24,일반,군수·수송 용례와 교차 가능,N,탐색용 분류이며 기업의 방산업체 지정·군 납품을 의미하지 않음
CMP0135,숨비,다목적 H/W,물류·운송·구조/다목적 H/W/안티드론/모듈/통합솔루션/앱,항공안전기술원_드론정보포털_기업명_사업분야_20240424 (1).csv,2024-04-24,인접,기체·전자·탑재체 하드웨어 공급망 후보,N,탐색용 분류이며 기업의 방산업체 지정·군 납품을 의미하지 않음
CMP0135,숨비,안티드론,물류·운송·구조/다목적 H/W/안티드론/모듈/통합솔루션/앱,항공안전기술원_드론정보포털_기업명_사업분야_20240424 (1).csv,2024-04-24,직접,대드론·C-UAS 용례와 직접 연결되는 사업분야,N,탐색용 분류이며 기업의 방산업체 지정·군 납품을 의미하지 않음
CMP0135,숨비,모듈,물류·운송·구조/다목적 H/W/안티드론/모듈/통합솔루션/앱,항공안전기술원_드론정보포털_기업명_사업분야_20240424 (1).csv,2024-04-24,인접,국방 드론 부품·모듈 공급망 후보,N,탐색용 분류이며 기업의 방산업체 지정·군 납품을 의미하지 않음
CMP0135,숨비,통합솔루션,물류·운송·구조/다목적 H/W/안티드론/모듈/통합솔루션/앱,항공안전기술원_드론정보포털_기업명_사업분야_20240424 (1).csv,2024-04-24,인접,체계통합·운용 소프트웨어와 연결 가능,N,탐색용 분류이며 기업의 방산업체 지정·군 납품을 의미하지 않음
CMP0135,숨비,앱,물류·운송·구조/다목적 H/W/안티드론/모듈/통합솔루션/앱,항공안전기술원_드론정보포털_기업명_사업분야_20240424 (1).csv,2024-04-24,낮음,세부 기능 확인 전 국방 연계 판단 불가,N,탐색용 분류이며 기업의 방산업체 지정·군 납품을 의미하지 않음
CMP0137,스카이시스,감시.정찰.수색,감시.정찰.수색/인프라관리,항공안전기술원_드론정보포털_기업명_사업분야_20240424 (1).csv,2024-04-24,직접,군 감시·정찰 임무와 직접 연결 가능,N,탐색용 분류이며 기업의 방산업체 지정·군 납품을 의미하지 않음
CMP0137,스카이시스,인프라관리,감시.정찰.수색/인프라관리,항공안전기술원_드론정보포털_기업명_사업분야_20240424 (1).csv,2024-04-24,일반,민수 활용 중심이나 군 시설 관리와 교차 가능,N,탐색용 분류이며 기업의 방산업체 지정·군 납품을 의미하지 않음
CMP0140,스카이텍,감시.정찰.수색,감시.정찰.수색/인프라관리/모듈,항공안전기술원_드론정보포털_기업명_사업분야_20240424 (1).csv,2024-04-24,직접,군 감시·정찰 임무와 직접 연결 가능,N,탐색용 분류이며 기업의 방산업체 지정·군 납품을 의미하지 않음
CMP0140,스카이텍,인프라관리,감시.정찰.수색/인프라관리/모듈,항공안전기술원_드론정보포털_기업명_사업분야_20240424 (1).csv,2024-04-24,일반,민수 활용 중심이나 군 시설 관리와 교차 가능,N,탐색용 분류이며 기업의 방산업체 지정·군 납품을 의미하지 않음
CMP0140,스카이텍,모듈,감시.정찰.수색/인프라관리/모듈,항공안전기술원_드론정보포털_기업명_사업분야_20240424 (1).csv,2024-04-24,인접,국방 드론 부품·모듈 공급망 후보,N,탐색용 분류이며 기업의 방산업체 지정·군 납품을 의미하지 않음
CMP0141,스타맨,모듈,모듈/기타,항공안전기술원_드론정보포털_기업명_사업분야_20240424 (1).csv,2024-04-24,인접,국방 드론 부품·모듈 공급망 후보,N,탐색용 분류이며 기업의 방산업체 지정·군 납품을 의미하지 않음
CMP0141,스타맨,기타,모듈/기타,항공안전기술원_드론정보포털_기업명_사업분야_20240424 (1).csv,2024-04-24,미확인,세부 내용 확인 필요,N,탐색용 분류이며 기업의 방산업체 지정·군 납품을 의미하지 않음
CMP0142,스타팅드론교육원,방역/방제/살포,방역/방제/살포/취미·교육/기타,항공안전기술원_드론정보포털_기업명_사업분야_20240424 (1).csv,2024-04-24,낮음,주로 민수 활용,N,탐색용 분류이며 기업의 방산업체 지정·군 납품을 의미하지 않음
CMP0142,스타팅드론교육원,취미·교육,방역/방제/살포/취미·교육/기타,항공안전기술원_드론정보포털_기업명_사업분야_20240424 (1).csv,2024-04-24,낮음,국방 연계 판단 근거로 사용하지 않음,N,탐색용 분류이며 기업의 방산업체 지정·군 납품을 의미하지 않음
CMP0142,스타팅드론교육원,기타,방역/방제/살포/취미·교육/기타,항공안전기술원_드론정보포털_기업명_사업분야_20240424 (1).csv,2024-04-24,미확인,세부 내용 확인 필요,N,탐색용 분류이며 기업의 방산업체 지정·군 납품을 의미하지 않음
CMP0144,시스테크,감시.정찰.수색,감시.정찰.수색/인프라관리/공간정보/특수촬영,항공안전기술원_드론정보포털_기업명_사업분야_20240424 (1).csv,2024-04-24,직접,군 감시·정찰 임무와 직접 연결 가능,N,탐색용 분류이며 기업의 방산업체 지정·군 납품을 의미하지 않음
CMP0144,시스테크,인프라관리,감시.정찰.수색/인프라관리/공간정보/특수촬영,항공안전기술원_드론정보포털_기업명_사업분야_20240424 (1).csv,2024-04-24,일반,민수 활용 중심이나 군 시설 관리와 교차 가능,N,탐색용 분류이며 기업의 방산업체 지정·군 납품을 의미하지 않음
CMP0144,시스테크,공간정보,감시.정찰.수색/인프라관리/공간정보/특수촬영,항공안전기술원_드론정보포털_기업명_사업분야_20240424 (1).csv,2024-04-24,일반,군 지형·공간정보 용례와 교차 가능,N,탐색용 분류이며 기업의 방산업체 지정·군 납품을 의미하지 않음
CMP0144,시스테크,특수촬영,감시.정찰.수색/인프라관리/공간정보/특수촬영,항공안전기술원_드론정보포털_기업명_사업분야_20240424 (1).csv,2024-04-24,일반,정찰 영상과 기술적으로 인접할 수 있음,N,탐색용 분류이며 기업의 방산업체 지정·군 납품을 의미하지 않음
CMP0145,써드아이로보틱스,감시.정찰.수색,감시.정찰.수색/인프라관리/공간정보/특수촬영/환경측량,항공안전기술원_드론정보포털_기업명_사업분야_20240424 (1).csv,2024-04-24,직접,군 감시·정찰 임무와 직접 연결 가능,N,탐색용 분류이며 기업의 방산업체 지정·군 납품을 의미하지 않음
CMP0145,써드아이로보틱스,인프라관리,감시.정찰.수색/인프라관리/공간정보/특수촬영/환경측량,항공안전기술원_드론정보포털_기업명_사업분야_20240424 (1).csv,2024-04-24,일반,민수 활용 중심이나 군 시설 관리와 교차 가능,N,탐색용 분류이며 기업의 방산업체 지정·군 납품을 의미하지 않음
CMP0145,써드아이로보틱스,공간정보,감시.정찰.수색/인프라관리/공간정보/특수촬영/환경측량,항공안전기술원_드론정보포털_기업명_사업분야_20240424 (1).csv,2024-04-24,일반,군 지형·공간정보 용례와 교차 가능,N,탐색용 분류이며 기업의 방산업체 지정·군 납품을 의미하지 않음
CMP0145,써드아이로보틱스,특수촬영,감시.정찰.수색/인프라관리/공간정보/특수촬영/환경측량,항공안전기술원_드론정보포털_기업명_사업분야_20240424 (1).csv,2024-04-24,일반,정찰 영상과 기술적으로 인접할 수 있음,N,탐색용 분류이며 기업의 방산업체 지정·군 납품을 의미하지 않음
CMP0145,써드아이로보틱스,환경측량,감시.정찰.수색/인프라관리/공간정보/특수촬영/환경측량,항공안전기술원_드론정보포털_기업명_사업분야_20240424 (1).csv,2024-04-24,일반,군 환경·지형 조사와 교차 가능,N,탐색용 분류이며 기업의 방산업체 지정·군 납품을 의미하지 않음
CMP0148,아르고스다인,드론스테이션,드론스테이션/임무장비/모듈/지상통제장비/통합솔루션/공간정보/특수촬영/방역/방제/살포/환경측량/감시.정찰.수색/인프라관리,항공안전기술원_드론정보포털_기업명_사업분야_20240424 (1).csv,2024-04-24,인접,무인 운용·원격 통제 인프라 후보,N,탐색용 분류이며 기업의 방산업체 지정·군 납품을 의미하지 않음
CMP0148,아르고스다인,임무장비,드론스테이션/임무장비/모듈/지상통제장비/통합솔루션/공간정보/특수촬영/방역/방제/살포/환경측량/감시.정찰.수색/인프라관리,항공안전기술원_드론정보포털_기업명_사업분야_20240424 (1).csv,2024-04-24,직접,정찰·공격·지원 임무장비와 연결 가능,N,탐색용 분류이며 기업의 방산업체 지정·군 납품을 의미하지 않음
CMP0148,아르고스다인,모듈,드론스테이션/임무장비/모듈/지상통제장비/통합솔루션/공간정보/특수촬영/방역/방제/살포/환경측량/감시.정찰.수색/인프라관리,항공안전기술원_드론정보포털_기업명_사업분야_20240424 (1).csv,2024-04-24,인접,국방 드론 부품·모듈 공급망 후보,N,탐색용 분류이며 기업의 방산업체 지정·군 납품을 의미하지 않음
CMP0148,아르고스다인,지상통제장비,드론스테이션/임무장비/모듈/지상통제장비/통합솔루션/공간정보/특수촬영/방역/방제/살포/환경측량/감시.정찰.수색/인프라관리,항공안전기술원_드론정보포털_기업명_사업분야_20240424 (1).csv,2024-04-24,직접,GCS·임무통제와 연결 가능,N,탐색용 분류이며 기업의 방산업체 지정·군 납품을 의미하지 않음
CMP0148,아르고스다인,통합솔루션,드론스테이션/임무장비/모듈/지상통제장비/통합솔루션/공간정보/특수촬영/방역/방제/살포/환경측량/감시.정찰.수색/인프라관리,항공안전기술원_드론정보포털_기업명_사업분야_20240424 (1).csv,2024-04-24,인접,체계통합·운용 소프트웨어와 연결 가능,N,탐색용 분류이며 기업의 방산업체 지정·군 납품을 의미하지 않음
CMP0148,아르고스다인,공간정보,드론스테이션/임무장비/모듈/지상통제장비/통합솔루션/공간정보/특수촬영/방역/방제/살포/환경측량/감시.정찰.수색/인프라관리,항공안전기술원_드론정보포털_기업명_사업분야_20240424 (1).csv,2024-04-24,일반,군 지형·공간정보 용례와 교차 가능,N,탐색용 분류이며 기업의 방산업체 지정·군 납품을 의미하지 않음
CMP0148,아르고스다인,특수촬영,드론스테이션/임무장비/모듈/지상통제장비/통합솔루션/공간정보/특수촬영/방역/방제/살포/환경측량/감시.정찰.수색/인프라관리,항공안전기술원_드론정보포털_기업명_사업분야_20240424 (1).csv,2024-04-24,일반,정찰 영상과 기술적으로 인접할 수 있음,N,탐색용 분류이며 기업의 방산업체 지정·군 납품을 의미하지 않음
CMP0148,아르고스다인,방역/방제/살포,드론스테이션/임무장비/모듈/지상통제장비/통합솔루션/공간정보/특수촬영/방역/방제/살포/환경측량/감시.정찰.수색/인프라관리,항공안전기술원_드론정보포털_기업명_사업분야_20240424 (1).csv,2024-04-24,낮음,주로 민수 활용,N,탐색용 분류이며 기업의 방산업체 지정·군 납품을 의미하지 않음
CMP0148,아르고스다인,환경측량,드론스테이션/임무장비/모듈/지상통제장비/통합솔루션/공간정보/특수촬영/방역/방제/살포/환경측량/감시.정찰.수색/인프라관리,항공안전기술원_드론정보포털_기업명_사업분야_20240424 (1).csv,2024-04-24,일반,군 환경·지형 조사와 교차 가능,N,탐색용 분류이며 기업의 방산업체 지정·군 납품을 의미하지 않음
CMP0148,아르고스다인,감시.정찰.수색,드론스테이션/임무장비/모듈/지상통제장비/통합솔루션/공간정보/특수촬영/방역/방제/살포/환경측량/감시.정찰.수색/인프라관리,항공안전기술원_드론정보포털_기업명_사업분야_20240424 (1).csv,2024-04-24,직접,군 감시·정찰 임무와 직접 연결 가능,N,탐색용 분류이며 기업의 방산업체 지정·군 납품을 의미하지 않음
CMP0148,아르고스다인,인프라관리,드론스테이션/임무장비/모듈/지상통제장비/통합솔루션/공간정보/특수촬영/방역/방제/살포/환경측량/감시.정찰.수색/인프라관리,항공안전기술원_드론정보포털_기업명_사업분야_20240424 (1).csv,2024-04-24,일반,민수 활용 중심이나 군 시설 관리와 교차 가능,N,탐색용 분류이며 기업의 방산업체 지정·군 납품을 의미하지 않음
CMP0150,아와소프트,감시.정찰.수색,감시.정찰.수색/인프라관리/통합솔루션,항공안전기술원_드론정보포털_기업명_사업분야_20240424 (1).csv,2024-04-24,직접,군 감시·정찰 임무와 직접 연결 가능,N,탐색용 분류이며 기업의 방산업체 지정·군 납품을 의미하지 않음
CMP0150,아와소프트,인프라관리,감시.정찰.수색/인프라관리/통합솔루션,항공안전기술원_드론정보포털_기업명_사업분야_20240424 (1).csv,2024-04-24,일반,민수 활용 중심이나 군 시설 관리와 교차 가능,N,탐색용 분류이며 기업의 방산업체 지정·군 납품을 의미하지 않음
CMP0150,아와소프트,통합솔루션,감시.정찰.수색/인프라관리/통합솔루션,항공안전기술원_드론정보포털_기업명_사업분야_20240424 (1).csv,2024-04-24,인접,체계통합·운용 소프트웨어와 연결 가능,N,탐색용 분류이며 기업의 방산업체 지정·군 납품을 의미하지 않음
CMP0151,아이디에스코리아,감시.정찰.수색,감시.정찰.수색/인프라관리/물류·운송·구조/공간정보/특수촬영/방역/방제/살포/임무장비,항공안전기술원_드론정보포털_기업명_사업분야_20240424 (1).csv,2024-04-24,직접,군 감시·정찰 임무와 직접 연결 가능,N,탐색용 분류이며 기업의 방산업체 지정·군 납품을 의미하지 않음
CMP0151,아이디에스코리아,인프라관리,감시.정찰.수색/인프라관리/물류·운송·구조/공간정보/특수촬영/방역/방제/살포/임무장비,항공안전기술원_드론정보포털_기업명_사업분야_20240424 (1).csv,2024-04-24,일반,민수 활용 중심이나 군 시설 관리와 교차 가능,N,탐색용 분류이며 기업의 방산업체 지정·군 납품을 의미하지 않음
CMP0151,아이디에스코리아,물류·운송·구조,감시.정찰.수색/인프라관리/물류·운송·구조/공간정보/특수촬영/방역/방제/살포/임무장비,항공안전기술원_드론정보포털_기업명_사업분야_20240424 (1).csv,2024-04-24,일반,군수·수송 용례와 교차 가능,N,탐색용 분류이며 기업의 방산업체 지정·군 납품을 의미하지 않음
CMP0151,아이디에스코리아,공간정보,감시.정찰.수색/인프라관리/물류·운송·구조/공간정보/특수촬영/방역/방제/살포/임무장비,항공안전기술원_드론정보포털_기업명_사업분야_20240424 (1).csv,2024-04-24,일반,군 지형·공간정보 용례와 교차 가능,N,탐색용 분류이며 기업의 방산업체 지정·군 납품을 의미하지 않음
CMP0151,아이디에스코리아,특수촬영,감시.정찰.수색/인프라관리/물류·운송·구조/공간정보/특수촬영/방역/방제/살포/임무장비,항공안전기술원_드론정보포털_기업명_사업분야_20240424 (1).csv,2024-04-24,일반,정찰 영상과 기술적으로 인접할 수 있음,N,탐색용 분류이며 기업의 방산업체 지정·군 납품을 의미하지 않음
CMP0151,아이디에스코리아,방역/방제/살포,감시.정찰.수색/인프라관리/물류·운송·구조/공간정보/특수촬영/방역/방제/살포/임무장비,항공안전기술원_드론정보포털_기업명_사업분야_20240424 (1).csv,2024-04-24,낮음,주로 민수 활용,N,탐색용 분류이며 기업의 방산업체 지정·군 납품을 의미하지 않음
CMP0151,아이디에스코리아,임무장비,감시.정찰.수색/인프라관리/물류·운송·구조/공간정보/특수촬영/방역/방제/살포/임무장비,항공안전기술원_드론정보포털_기업명_사업분야_20240424 (1).csv,2024-04-24,직접,정찰·공격·지원 임무장비와 연결 가능,N,탐색용 분류이며 기업의 방산업체 지정·군 납품을 의미하지 않음
CMP0154,아이지아이에스,통합솔루션,통합솔루션/앱,항공안전기술원_드론정보포털_기업명_사업분야_20240424 (1).csv,2024-04-24,인접,체계통합·운용 소프트웨어와 연결 가능,N,탐색용 분류이며 기업의 방산업체 지정·군 납품을 의미하지 않음
CMP0154,아이지아이에스,앱,통합솔루션/앱,항공안전기술원_드론정보포털_기업명_사업분야_20240424 (1).csv,2024-04-24,낮음,세부 기능 확인 전 국방 연계 판단 불가,N,탐색용 분류이며 기업의 방산업체 지정·군 납품을 의미하지 않음
CMP0155,아이팝,감시.정찰.수색,감시.정찰.수색/인프라관리/방역/방제/살포/다목적 H/W/드론스테이션/통합솔루션,항공안전기술원_드론정보포털_기업명_사업분야_20240424 (1).csv,2024-04-24,직접,군 감시·정찰 임무와 직접 연결 가능,N,탐색용 분류이며 기업의 방산업체 지정·군 납품을 의미하지 않음
CMP0155,아이팝,인프라관리,감시.정찰.수색/인프라관리/방역/방제/살포/다목적 H/W/드론스테이션/통합솔루션,항공안전기술원_드론정보포털_기업명_사업분야_20240424 (1).csv,2024-04-24,일반,민수 활용 중심이나 군 시설 관리와 교차 가능,N,탐색용 분류이며 기업의 방산업체 지정·군 납품을 의미하지 않음
CMP0155,아이팝,방역/방제/살포,감시.정찰.수색/인프라관리/방역/방제/살포/다목적 H/W/드론스테이션/통합솔루션,항공안전기술원_드론정보포털_기업명_사업분야_20240424 (1).csv,2024-04-24,낮음,주로 민수 활용,N,탐색용 분류이며 기업의 방산업체 지정·군 납품을 의미하지 않음
CMP0155,아이팝,다목적 H/W,감시.정찰.수색/인프라관리/방역/방제/살포/다목적 H/W/드론스테이션/통합솔루션,항공안전기술원_드론정보포털_기업명_사업분야_20240424 (1).csv,2024-04-24,인접,기체·전자·탑재체 하드웨어 공급망 후보,N,탐색용 분류이며 기업의 방산업체 지정·군 납품을 의미하지 않음
CMP0155,아이팝,드론스테이션,감시.정찰.수색/인프라관리/방역/방제/살포/다목적 H/W/드론스테이션/통합솔루션,항공안전기술원_드론정보포털_기업명_사업분야_20240424 (1).csv,2024-04-24,인접,무인 운용·원격 통제 인프라 후보,N,탐색용 분류이며 기업의 방산업체 지정·군 납품을 의미하지 않음
CMP0155,아이팝,통합솔루션,감시.정찰.수색/인프라관리/방역/방제/살포/다목적 H/W/드론스테이션/통합솔루션,항공안전기술원_드론정보포털_기업명_사업분야_20240424 (1).csv,2024-04-24,인접,체계통합·운용 소프트웨어와 연결 가능,N,탐색용 분류이며 기업의 방산업체 지정·군 납품을 의미하지 않음
CMP0159,알씨뱅크,감시.정찰.수색,감시.정찰.수색/인프라관리/물류·운송·구조/취미·교육/임무장비/모듈/통합솔루션,항공안전기술원_드론정보포털_기업명_사업분야_20240424 (1).csv,2024-04-24,직접,군 감시·정찰 임무와 직접 연결 가능,N,탐색용 분류이며 기업의 방산업체 지정·군 납품을 의미하지 않음
CMP0159,알씨뱅크,인프라관리,감시.정찰.수색/인프라관리/물류·운송·구조/취미·교육/임무장비/모듈/통합솔루션,항공안전기술원_드론정보포털_기업명_사업분야_20240424 (1).csv,2024-04-24,일반,민수 활용 중심이나 군 시설 관리와 교차 가능,N,탐색용 분류이며 기업의 방산업체 지정·군 납품을 의미하지 않음
CMP0159,알씨뱅크,물류·운송·구조,감시.정찰.수색/인프라관리/물류·운송·구조/취미·교육/임무장비/모듈/통합솔루션,항공안전기술원_드론정보포털_기업명_사업분야_20240424 (1).csv,2024-04-24,일반,군수·수송 용례와 교차 가능,N,탐색용 분류이며 기업의 방산업체 지정·군 납품을 의미하지 않음
CMP0159,알씨뱅크,취미·교육,감시.정찰.수색/인프라관리/물류·운송·구조/취미·교육/임무장비/모듈/통합솔루션,항공안전기술원_드론정보포털_기업명_사업분야_20240424 (1).csv,2024-04-24,낮음,국방 연계 판단 근거로 사용하지 않음,N,탐색용 분류이며 기업의 방산업체 지정·군 납품을 의미하지 않음
CMP0159,알씨뱅크,임무장비,감시.정찰.수색/인프라관리/물류·운송·구조/취미·교육/임무장비/모듈/통합솔루션,항공안전기술원_드론정보포털_기업명_사업분야_20240424 (1).csv,2024-04-24,직접,정찰·공격·지원 임무장비와 연결 가능,N,탐색용 분류이며 기업의 방산업체 지정·군 납품을 의미하지 않음
CMP0159,알씨뱅크,모듈,감시.정찰.수색/인프라관리/물류·운송·구조/취미·교육/임무장비/모듈/통합솔루션,항공안전기술원_드론정보포털_기업명_사업분야_20240424 (1).csv,2024-04-24,인접,국방 드론 부품·모듈 공급망 후보,N,탐색용 분류이며 기업의 방산업체 지정·군 납품을 의미하지 않음
CMP0159,알씨뱅크,통합솔루션,감시.정찰.수색/인프라관리/물류·운송·구조/취미·교육/임무장비/모듈/통합솔루션,항공안전기술원_드론정보포털_기업명_사업분야_20240424 (1).csv,2024-04-24,인접,체계통합·운용 소프트웨어와 연결 가능,N,탐색용 분류이며 기업의 방산업체 지정·군 납품을 의미하지 않음
CMP0160,억세스위,감시.정찰.수색,감시.정찰.수색/인프라관리/물류·운송·구조/공간정보/특수촬영/방역/방제/살포/환경측량,항공안전기술원_드론정보포털_기업명_사업분야_20240424 (1).csv,2024-04-24,직접,군 감시·정찰 임무와 직접 연결 가능,N,탐색용 분류이며 기업의 방산업체 지정·군 납품을 의미하지 않음
CMP0160,억세스위,인프라관리,감시.정찰.수색/인프라관리/물류·운송·구조/공간정보/특수촬영/방역/방제/살포/환경측량,항공안전기술원_드론정보포털_기업명_사업분야_20240424 (1).csv,2024-04-24,일반,민수 활용 중심이나 군 시설 관리와 교차 가능,N,탐색용 분류이며 기업의 방산업체 지정·군 납품을 의미하지 않음
CMP0160,억세스위,물류·운송·구조,감시.정찰.수색/인프라관리/물류·운송·구조/공간정보/특수촬영/방역/방제/살포/환경측량,항공안전기술원_드론정보포털_기업명_사업분야_20240424 (1).csv,2024-04-24,일반,군수·수송 용례와 교차 가능,N,탐색용 분류이며 기업의 방산업체 지정·군 납품을 의미하지 않음
CMP0160,억세스위,공간정보,감시.정찰.수색/인프라관리/물류·운송·구조/공간정보/특수촬영/방역/방제/살포/환경측량,항공안전기술원_드론정보포털_기업명_사업분야_20240424 (1).csv,2024-04-24,일반,군 지형·공간정보 용례와 교차 가능,N,탐색용 분류이며 기업의 방산업체 지정·군 납품을 의미하지 않음
CMP0160,억세스위,특수촬영,감시.정찰.수색/인프라관리/물류·운송·구조/공간정보/특수촬영/방역/방제/살포/환경측량,항공안전기술원_드론정보포털_기업명_사업분야_20240424 (1).csv,2024-04-24,일반,정찰 영상과 기술적으로 인접할 수 있음,N,탐색용 분류이며 기업의 방산업체 지정·군 납품을 의미하지 않음
CMP0160,억세스위,방역/방제/살포,감시.정찰.수색/인프라관리/물류·운송·구조/공간정보/특수촬영/방역/방제/살포/환경측량,항공안전기술원_드론정보포털_기업명_사업분야_20240424 (1).csv,2024-04-24,낮음,주로 민수 활용,N,탐색용 분류이며 기업의 방산업체 지정·군 납품을 의미하지 않음
CMP0160,억세스위,환경측량,감시.정찰.수색/인프라관리/물류·운송·구조/공간정보/특수촬영/방역/방제/살포/환경측량,항공안전기술원_드론정보포털_기업명_사업분야_20240424 (1).csv,2024-04-24,일반,군 환경·지형 조사와 교차 가능,N,탐색용 분류이며 기업의 방산업체 지정·군 납품을 의미하지 않음
CMP0162,에보션,임무장비,임무장비/통합솔루션/기타,항공안전기술원_드론정보포털_기업명_사업분야_20240424 (1).csv,2024-04-24,직접,정찰·공격·지원 임무장비와 연결 가능,N,탐색용 분류이며 기업의 방산업체 지정·군 납품을 의미하지 않음
CMP0162,에보션,통합솔루션,임무장비/통합솔루션/기타,항공안전기술원_드론정보포털_기업명_사업분야_20240424 (1).csv,2024-04-24,인접,체계통합·운용 소프트웨어와 연결 가능,N,탐색용 분류이며 기업의 방산업체 지정·군 납품을 의미하지 않음
CMP0162,에보션,기타,임무장비/통합솔루션/기타,항공안전기술원_드론정보포털_기업명_사업분야_20240424 (1).csv,2024-04-24,미확인,세부 내용 확인 필요,N,탐색용 분류이며 기업의 방산업체 지정·군 납품을 의미하지 않음
CMP0164,에스아이에스,감시.정찰.수색,감시.정찰.수색/인프라관리/물류·운송·구조/공간정보/특수촬영/방역/방제/살포/환경측량/다목적 H/W/임무장비,항공안전기술원_드론정보포털_기업명_사업분야_20240424 (1).csv,2024-04-24,직접,군 감시·정찰 임무와 직접 연결 가능,N,탐색용 분류이며 기업의 방산업체 지정·군 납품을 의미하지 않음
CMP0164,에스아이에스,인프라관리,감시.정찰.수색/인프라관리/물류·운송·구조/공간정보/특수촬영/방역/방제/살포/환경측량/다목적 H/W/임무장비,항공안전기술원_드론정보포털_기업명_사업분야_20240424 (1).csv,2024-04-24,일반,민수 활용 중심이나 군 시설 관리와 교차 가능,N,탐색용 분류이며 기업의 방산업체 지정·군 납품을 의미하지 않음
CMP0164,에스아이에스,물류·운송·구조,감시.정찰.수색/인프라관리/물류·운송·구조/공간정보/특수촬영/방역/방제/살포/환경측량/다목적 H/W/임무장비,항공안전기술원_드론정보포털_기업명_사업분야_20240424 (1).csv,2024-04-24,일반,군수·수송 용례와 교차 가능,N,탐색용 분류이며 기업의 방산업체 지정·군 납품을 의미하지 않음
CMP0164,에스아이에스,공간정보,감시.정찰.수색/인프라관리/물류·운송·구조/공간정보/특수촬영/방역/방제/살포/환경측량/다목적 H/W/임무장비,항공안전기술원_드론정보포털_기업명_사업분야_20240424 (1).csv,2024-04-24,일반,군 지형·공간정보 용례와 교차 가능,N,탐색용 분류이며 기업의 방산업체 지정·군 납품을 의미하지 않음
CMP0164,에스아이에스,특수촬영,감시.정찰.수색/인프라관리/물류·운송·구조/공간정보/특수촬영/방역/방제/살포/환경측량/다목적 H/W/임무장비,항공안전기술원_드론정보포털_기업명_사업분야_20240424 (1).csv,2024-04-24,일반,정찰 영상과 기술적으로 인접할 수 있음,N,탐색용 분류이며 기업의 방산업체 지정·군 납품을 의미하지 않음
CMP0164,에스아이에스,방역/방제/살포,감시.정찰.수색/인프라관리/물류·운송·구조/공간정보/특수촬영/방역/방제/살포/환경측량/다목적 H/W/임무장비,항공안전기술원_드론정보포털_기업명_사업분야_20240424 (1).csv,2024-04-24,낮음,주로 민수 활용,N,탐색용 분류이며 기업의 방산업체 지정·군 납품을 의미하지 않음
CMP0164,에스아이에스,환경측량,감시.정찰.수색/인프라관리/물류·운송·구조/공간정보/특수촬영/방역/방제/살포/환경측량/다목적 H/W/임무장비,항공안전기술원_드론정보포털_기업명_사업분야_20240424 (1).csv,2024-04-24,일반,군 환경·지형 조사와 교차 가능,N,탐색용 분류이며 기업의 방산업체 지정·군 납품을 의미하지 않음
CMP0164,에스아이에스,다목적 H/W,감시.정찰.수색/인프라관리/물류·운송·구조/공간정보/특수촬영/방역/방제/살포/환경측량/다목적 H/W/임무장비,항공안전기술원_드론정보포털_기업명_사업분야_20240424 (1).csv,2024-04-24,인접,기체·전자·탑재체 하드웨어 공급망 후보,N,탐색용 분류이며 기업의 방산업체 지정·군 납품을 의미하지 않음
CMP0164,에스아이에스,임무장비,감시.정찰.수색/인프라관리/물류·운송·구조/공간정보/특수촬영/방역/방제/살포/환경측량/다목적 H/W/임무장비,항공안전기술원_드론정보포털_기업명_사업분야_20240424 (1).csv,2024-04-24,직접,정찰·공격·지원 임무장비와 연결 가능,N,탐색용 분류이며 기업의 방산업체 지정·군 납품을 의미하지 않음
CMP0167,에스큐엔지니어링(주),감시.정찰.수색,감시.정찰.수색/인프라관리/공간정보/특수촬영/환경측량/취미·교육/임무장비/기타,항공안전기술원_드론정보포털_기업명_사업분야_20240424 (1).csv,2024-04-24,직접,군 감시·정찰 임무와 직접 연결 가능,N,탐색용 분류이며 기업의 방산업체 지정·군 납품을 의미하지 않음
CMP0167,에스큐엔지니어링(주),인프라관리,감시.정찰.수색/인프라관리/공간정보/특수촬영/환경측량/취미·교육/임무장비/기타,항공안전기술원_드론정보포털_기업명_사업분야_20240424 (1).csv,2024-04-24,일반,민수 활용 중심이나 군 시설 관리와 교차 가능,N,탐색용 분류이며 기업의 방산업체 지정·군 납품을 의미하지 않음
CMP0167,에스큐엔지니어링(주),공간정보,감시.정찰.수색/인프라관리/공간정보/특수촬영/환경측량/취미·교육/임무장비/기타,항공안전기술원_드론정보포털_기업명_사업분야_20240424 (1).csv,2024-04-24,일반,군 지형·공간정보 용례와 교차 가능,N,탐색용 분류이며 기업의 방산업체 지정·군 납품을 의미하지 않음
CMP0167,에스큐엔지니어링(주),특수촬영,감시.정찰.수색/인프라관리/공간정보/특수촬영/환경측량/취미·교육/임무장비/기타,항공안전기술원_드론정보포털_기업명_사업분야_20240424 (1).csv,2024-04-24,일반,정찰 영상과 기술적으로 인접할 수 있음,N,탐색용 분류이며 기업의 방산업체 지정·군 납품을 의미하지 않음
CMP0167,에스큐엔지니어링(주),환경측량,감시.정찰.수색/인프라관리/공간정보/특수촬영/환경측량/취미·교육/임무장비/기타,항공안전기술원_드론정보포털_기업명_사업분야_20240424 (1).csv,2024-04-24,일반,군 환경·지형 조사와 교차 가능,N,탐색용 분류이며 기업의 방산업체 지정·군 납품을 의미하지 않음
CMP0167,에스큐엔지니어링(주),취미·교육,감시.정찰.수색/인프라관리/공간정보/특수촬영/환경측량/취미·교육/임무장비/기타,항공안전기술원_드론정보포털_기업명_사업분야_20240424 (1).csv,2024-04-24,낮음,국방 연계 판단 근거로 사용하지 않음,N,탐색용 분류이며 기업의 방산업체 지정·군 납품을 의미하지 않음
CMP0167,에스큐엔지니어링(주),임무장비,감시.정찰.수색/인프라관리/공간정보/특수촬영/환경측량/취미·교육/임무장비/기타,항공안전기술원_드론정보포털_기업명_사업분야_20240424 (1).csv,2024-04-24,직접,정찰·공격·지원 임무장비와 연결 가능,N,탐색용 분류이며 기업의 방산업체 지정·군 납품을 의미하지 않음
CMP0167,에스큐엔지니어링(주),기타,감시.정찰.수색/인프라관리/공간정보/특수촬영/환경측량/취미·교육/임무장비/기타,항공안전기술원_드론정보포털_기업명_사업분야_20240424 (1).csv,2024-04-24,미확인,세부 내용 확인 필요,N,탐색용 분류이며 기업의 방산업체 지정·군 납품을 의미하지 않음
CMP0170,에어온,물류·운송·구조,물류·운송·구조/드론스테이션,항공안전기술원_드론정보포털_기업명_사업분야_20240424 (1).csv,2024-04-24,일반,군수·수송 용례와 교차 가능,N,탐색용 분류이며 기업의 방산업체 지정·군 납품을 의미하지 않음
CMP0170,에어온,드론스테이션,물류·운송·구조/드론스테이션,항공안전기술원_드론정보포털_기업명_사업분야_20240424 (1).csv,2024-04-24,인접,무인 운용·원격 통제 인프라 후보,N,탐색용 분류이며 기업의 방산업체 지정·군 납품을 의미하지 않음
CMP0173,에이미파이,감시.정찰.수색,감시.정찰.수색/인프라관리/환경측량/방송·공연/임무장비/모듈/지상통제장비/통합솔루션/앱,항공안전기술원_드론정보포털_기업명_사업분야_20240424 (1).csv,2024-04-24,직접,군 감시·정찰 임무와 직접 연결 가능,N,탐색용 분류이며 기업의 방산업체 지정·군 납품을 의미하지 않음
CMP0173,에이미파이,인프라관리,감시.정찰.수색/인프라관리/환경측량/방송·공연/임무장비/모듈/지상통제장비/통합솔루션/앱,항공안전기술원_드론정보포털_기업명_사업분야_20240424 (1).csv,2024-04-24,일반,민수 활용 중심이나 군 시설 관리와 교차 가능,N,탐색용 분류이며 기업의 방산업체 지정·군 납품을 의미하지 않음
CMP0173,에이미파이,환경측량,감시.정찰.수색/인프라관리/환경측량/방송·공연/임무장비/모듈/지상통제장비/통합솔루션/앱,항공안전기술원_드론정보포털_기업명_사업분야_20240424 (1).csv,2024-04-24,일반,군 환경·지형 조사와 교차 가능,N,탐색용 분류이며 기업의 방산업체 지정·군 납품을 의미하지 않음
CMP0173,에이미파이,방송·공연,감시.정찰.수색/인프라관리/환경측량/방송·공연/임무장비/모듈/지상통제장비/통합솔루션/앱,항공안전기술원_드론정보포털_기업명_사업분야_20240424 (1).csv,2024-04-24,낮음,국방 연계 판단 근거로 사용하지 않음,N,탐색용 분류이며 기업의 방산업체 지정·군 납품을 의미하지 않음
CMP0173,에이미파이,임무장비,감시.정찰.수색/인프라관리/환경측량/방송·공연/임무장비/모듈/지상통제장비/통합솔루션/앱,항공안전기술원_드론정보포털_기업명_사업분야_20240424 (1).csv,2024-04-24,직접,정찰·공격·지원 임무장비와 연결 가능,N,탐색용 분류이며 기업의 방산업체 지정·군 납품을 의미하지 않음
CMP0173,에이미파이,모듈,감시.정찰.수색/인프라관리/환경측량/방송·공연/임무장비/모듈/지상통제장비/통합솔루션/앱,항공안전기술원_드론정보포털_기업명_사업분야_20240424 (1).csv,2024-04-24,인접,국방 드론 부품·모듈 공급망 후보,N,탐색용 분류이며 기업의 방산업체 지정·군 납품을 의미하지 않음
CMP0173,에이미파이,지상통제장비,감시.정찰.수색/인프라관리/환경측량/방송·공연/임무장비/모듈/지상통제장비/통합솔루션/앱,항공안전기술원_드론정보포털_기업명_사업분야_20240424 (1).csv,2024-04-24,직접,GCS·임무통제와 연결 가능,N,탐색용 분류이며 기업의 방산업체 지정·군 납품을 의미하지 않음
CMP0173,에이미파이,통합솔루션,감시.정찰.수색/인프라관리/환경측량/방송·공연/임무장비/모듈/지상통제장비/통합솔루션/앱,항공안전기술원_드론정보포털_기업명_사업분야_20240424 (1).csv,2024-04-24,인접,체계통합·운용 소프트웨어와 연결 가능,N,탐색용 분류이며 기업의 방산업체 지정·군 납품을 의미하지 않음
CMP0173,에이미파이,앱,감시.정찰.수색/인프라관리/환경측량/방송·공연/임무장비/모듈/지상통제장비/통합솔루션/앱,항공안전기술원_드론정보포털_기업명_사업분야_20240424 (1).csv,2024-04-24,낮음,세부 기능 확인 전 국방 연계 판단 불가,N,탐색용 분류이며 기업의 방산업체 지정·군 납품을 의미하지 않음
CMP0176,에이엔에이치스트럭쳐,감시.정찰.수색,감시.정찰.수색/인프라관리/환경측량,항공안전기술원_드론정보포털_기업명_사업분야_20240424 (1).csv,2024-04-24,직접,군 감시·정찰 임무와 직접 연결 가능,N,탐색용 분류이며 기업의 방산업체 지정·군 납품을 의미하지 않음
CMP0176,에이엔에이치스트럭쳐,인프라관리,감시.정찰.수색/인프라관리/환경측량,항공안전기술원_드론정보포털_기업명_사업분야_20240424 (1).csv,2024-04-24,일반,민수 활용 중심이나 군 시설 관리와 교차 가능,N,탐색용 분류이며 기업의 방산업체 지정·군 납품을 의미하지 않음
CMP0176,에이엔에이치스트럭쳐,환경측량,감시.정찰.수색/인프라관리/환경측량,항공안전기술원_드론정보포털_기업명_사업분야_20240424 (1).csv,2024-04-24,일반,군 환경·지형 조사와 교차 가능,N,탐색용 분류이며 기업의 방산업체 지정·군 납품을 의미하지 않음
CMP0178,에이엠시스템,물류·운송·구조,물류·운송·구조/공간정보/특수촬영,항공안전기술원_드론정보포털_기업명_사업분야_20240424 (1).csv,2024-04-24,일반,군수·수송 용례와 교차 가능,N,탐색용 분류이며 기업의 방산업체 지정·군 납품을 의미하지 않음
CMP0178,에이엠시스템,공간정보,물류·운송·구조/공간정보/특수촬영,항공안전기술원_드론정보포털_기업명_사업분야_20240424 (1).csv,2024-04-24,일반,군 지형·공간정보 용례와 교차 가능,N,탐색용 분류이며 기업의 방산업체 지정·군 납품을 의미하지 않음
CMP0178,에이엠시스템,특수촬영,물류·운송·구조/공간정보/특수촬영,항공안전기술원_드론정보포털_기업명_사업분야_20240424 (1).csv,2024-04-24,일반,정찰 영상과 기술적으로 인접할 수 있음,N,탐색용 분류이며 기업의 방산업체 지정·군 납품을 의미하지 않음
CMP0181,에이치에스지,모듈,모듈,항공안전기술원_드론정보포털_기업명_사업분야_20240424 (1).csv,2024-04-24,인접,국방 드론 부품·모듈 공급망 후보,N,탐색용 분류이며 기업의 방산업체 지정·군 납품을 의미하지 않음
CMP0184,엑스드론,감시.정찰.수색,감시.정찰.수색/인프라관리/물류·운송·구조/공간정보/특수촬영/다목적 H/W/임무장비/통합솔루션,항공안전기술원_드론정보포털_기업명_사업분야_20240424 (1).csv,2024-04-24,직접,군 감시·정찰 임무와 직접 연결 가능,N,탐색용 분류이며 기업의 방산업체 지정·군 납품을 의미하지 않음
CMP0184,엑스드론,인프라관리,감시.정찰.수색/인프라관리/물류·운송·구조/공간정보/특수촬영/다목적 H/W/임무장비/통합솔루션,항공안전기술원_드론정보포털_기업명_사업분야_20240424 (1).csv,2024-04-24,일반,민수 활용 중심이나 군 시설 관리와 교차 가능,N,탐색용 분류이며 기업의 방산업체 지정·군 납품을 의미하지 않음
CMP0184,엑스드론,물류·운송·구조,감시.정찰.수색/인프라관리/물류·운송·구조/공간정보/특수촬영/다목적 H/W/임무장비/통합솔루션,항공안전기술원_드론정보포털_기업명_사업분야_20240424 (1).csv,2024-04-24,일반,군수·수송 용례와 교차 가능,N,탐색용 분류이며 기업의 방산업체 지정·군 납품을 의미하지 않음
CMP0184,엑스드론,공간정보,감시.정찰.수색/인프라관리/물류·운송·구조/공간정보/특수촬영/다목적 H/W/임무장비/통합솔루션,항공안전기술원_드론정보포털_기업명_사업분야_20240424 (1).csv,2024-04-24,일반,군 지형·공간정보 용례와 교차 가능,N,탐색용 분류이며 기업의 방산업체 지정·군 납품을 의미하지 않음
CMP0184,엑스드론,특수촬영,감시.정찰.수색/인프라관리/물류·운송·구조/공간정보/특수촬영/다목적 H/W/임무장비/통합솔루션,항공안전기술원_드론정보포털_기업명_사업분야_20240424 (1).csv,2024-04-24,일반,정찰 영상과 기술적으로 인접할 수 있음,N,탐색용 분류이며 기업의 방산업체 지정·군 납품을 의미하지 않음
CMP0184,엑스드론,다목적 H/W,감시.정찰.수색/인프라관리/물류·운송·구조/공간정보/특수촬영/다목적 H/W/임무장비/통합솔루션,항공안전기술원_드론정보포털_기업명_사업분야_20240424 (1).csv,2024-04-24,인접,기체·전자·탑재체 하드웨어 공급망 후보,N,탐색용 분류이며 기업의 방산업체 지정·군 납품을 의미하지 않음
CMP0184,엑스드론,임무장비,감시.정찰.수색/인프라관리/물류·운송·구조/공간정보/특수촬영/다목적 H/W/임무장비/통합솔루션,항공안전기술원_드론정보포털_기업명_사업분야_20240424 (1).csv,2024-04-24,직접,정찰·공격·지원 임무장비와 연결 가능,N,탐색용 분류이며 기업의 방산업체 지정·군 납품을 의미하지 않음
CMP0184,엑스드론,통합솔루션,감시.정찰.수색/인프라관리/물류·운송·구조/공간정보/특수촬영/다목적 H/W/임무장비/통합솔루션,항공안전기술원_드론정보포털_기업명_사업분야_20240424 (1).csv,2024-04-24,인접,체계통합·운용 소프트웨어와 연결 가능,N,탐색용 분류이며 기업의 방산업체 지정·군 납품을 의미하지 않음
CMP0185,엑슬리트엣지,안티드론,안티드론,항공안전기술원_드론정보포털_기업명_사업분야_20240424 (1).csv,2024-04-24,직접,대드론·C-UAS 용례와 직접 연결되는 사업분야,N,탐색용 분류이며 기업의 방산업체 지정·군 납품을 의미하지 않음
CMP0186,엔디티엔지니어링(주),감시.정찰.수색,감시.정찰.수색/인프라관리,항공안전기술원_드론정보포털_기업명_사업분야_20240424 (1).csv,2024-04-24,직접,군 감시·정찰 임무와 직접 연결 가능,N,탐색용 분류이며 기업의 방산업체 지정·군 납품을 의미하지 않음
CMP0186,엔디티엔지니어링(주),인프라관리,감시.정찰.수색/인프라관리,항공안전기술원_드론정보포털_기업명_사업분야_20240424 (1).csv,2024-04-24,일반,민수 활용 중심이나 군 시설 관리와 교차 가능,N,탐색용 분류이며 기업의 방산업체 지정·군 납품을 의미하지 않음
CMP0188,엔텍로직,임무장비,임무장비,항공안전기술원_드론정보포털_기업명_사업분야_20240424 (1).csv,2024-04-24,직접,정찰·공격·지원 임무장비와 연결 가능,N,탐색용 분류이며 기업의 방산업체 지정·군 납품을 의미하지 않음
CMP0193,영인모빌리티,통합솔루션,통합솔루션/지상통제장비/취미·교육/드론스테이션/임무장비/감시.정찰.수색/인프라관리/공간정보/특수촬영/환경측량/다목적 H/W,항공안전기술원_드론정보포털_기업명_사업분야_20240424 (1).csv,2024-04-24,인접,체계통합·운용 소프트웨어와 연결 가능,N,탐색용 분류이며 기업의 방산업체 지정·군 납품을 의미하지 않음
CMP0193,영인모빌리티,지상통제장비,통합솔루션/지상통제장비/취미·교육/드론스테이션/임무장비/감시.정찰.수색/인프라관리/공간정보/특수촬영/환경측량/다목적 H/W,항공안전기술원_드론정보포털_기업명_사업분야_20240424 (1).csv,2024-04-24,직접,GCS·임무통제와 연결 가능,N,탐색용 분류이며 기업의 방산업체 지정·군 납품을 의미하지 않음
CMP0193,영인모빌리티,취미·교육,통합솔루션/지상통제장비/취미·교육/드론스테이션/임무장비/감시.정찰.수색/인프라관리/공간정보/특수촬영/환경측량/다목적 H/W,항공안전기술원_드론정보포털_기업명_사업분야_20240424 (1).csv,2024-04-24,낮음,국방 연계 판단 근거로 사용하지 않음,N,탐색용 분류이며 기업의 방산업체 지정·군 납품을 의미하지 않음
CMP0193,영인모빌리티,드론스테이션,통합솔루션/지상통제장비/취미·교육/드론스테이션/임무장비/감시.정찰.수색/인프라관리/공간정보/특수촬영/환경측량/다목적 H/W,항공안전기술원_드론정보포털_기업명_사업분야_20240424 (1).csv,2024-04-24,인접,무인 운용·원격 통제 인프라 후보,N,탐색용 분류이며 기업의 방산업체 지정·군 납품을 의미하지 않음
CMP0193,영인모빌리티,임무장비,통합솔루션/지상통제장비/취미·교육/드론스테이션/임무장비/감시.정찰.수색/인프라관리/공간정보/특수촬영/환경측량/다목적 H/W,항공안전기술원_드론정보포털_기업명_사업분야_20240424 (1).csv,2024-04-24,직접,정찰·공격·지원 임무장비와 연결 가능,N,탐색용 분류이며 기업의 방산업체 지정·군 납품을 의미하지 않음
CMP0193,영인모빌리티,감시.정찰.수색,통합솔루션/지상통제장비/취미·교육/드론스테이션/임무장비/감시.정찰.수색/인프라관리/공간정보/특수촬영/환경측량/다목적 H/W,항공안전기술원_드론정보포털_기업명_사업분야_20240424 (1).csv,2024-04-24,직접,군 감시·정찰 임무와 직접 연결 가능,N,탐색용 분류이며 기업의 방산업체 지정·군 납품을 의미하지 않음
CMP0193,영인모빌리티,인프라관리,통합솔루션/지상통제장비/취미·교육/드론스테이션/임무장비/감시.정찰.수색/인프라관리/공간정보/특수촬영/환경측량/다목적 H/W,항공안전기술원_드론정보포털_기업명_사업분야_20240424 (1).csv,2024-04-24,일반,민수 활용 중심이나 군 시설 관리와 교차 가능,N,탐색용 분류이며 기업의 방산업체 지정·군 납품을 의미하지 않음
CMP0193,영인모빌리티,공간정보,통합솔루션/지상통제장비/취미·교육/드론스테이션/임무장비/감시.정찰.수색/인프라관리/공간정보/특수촬영/환경측량/다목적 H/W,항공안전기술원_드론정보포털_기업명_사업분야_20240424 (1).csv,2024-04-24,일반,군 지형·공간정보 용례와 교차 가능,N,탐색용 분류이며 기업의 방산업체 지정·군 납품을 의미하지 않음
CMP0193,영인모빌리티,특수촬영,통합솔루션/지상통제장비/취미·교육/드론스테이션/임무장비/감시.정찰.수색/인프라관리/공간정보/특수촬영/환경측량/다목적 H/W,항공안전기술원_드론정보포털_기업명_사업분야_20240424 (1).csv,2024-04-24,일반,정찰 영상과 기술적으로 인접할 수 있음,N,탐색용 분류이며 기업의 방산업체 지정·군 납품을 의미하지 않음
CMP0193,영인모빌리티,환경측량,통합솔루션/지상통제장비/취미·교육/드론스테이션/임무장비/감시.정찰.수색/인프라관리/공간정보/특수촬영/환경측량/다목적 H/W,항공안전기술원_드론정보포털_기업명_사업분야_20240424 (1).csv,2024-04-24,일반,군 환경·지형 조사와 교차 가능,N,탐색용 분류이며 기업의 방산업체 지정·군 납품을 의미하지 않음
CMP0193,영인모빌리티,다목적 H/W,통합솔루션/지상통제장비/취미·교육/드론스테이션/임무장비/감시.정찰.수색/인프라관리/공간정보/특수촬영/환경측량/다목적 H/W,항공안전기술원_드론정보포털_기업명_사업분야_20240424 (1).csv,2024-04-24,인접,기체·전자·탑재체 하드웨어 공급망 후보,N,탐색용 분류이며 기업의 방산업체 지정·군 납품을 의미하지 않음
CMP0194,온누리무인항공,감시.정찰.수색,감시.정찰.수색/인프라관리/방역/방제/살포,항공안전기술원_드론정보포털_기업명_사업분야_20240424 (1).csv,2024-04-24,직접,군 감시·정찰 임무와 직접 연결 가능,N,탐색용 분류이며 기업의 방산업체 지정·군 납품을 의미하지 않음
CMP0194,온누리무인항공,인프라관리,감시.정찰.수색/인프라관리/방역/방제/살포,항공안전기술원_드론정보포털_기업명_사업분야_20240424 (1).csv,2024-04-24,일반,민수 활용 중심이나 군 시설 관리와 교차 가능,N,탐색용 분류이며 기업의 방산업체 지정·군 납품을 의미하지 않음
CMP0194,온누리무인항공,방역/방제/살포,감시.정찰.수색/인프라관리/방역/방제/살포,항공안전기술원_드론정보포털_기업명_사업분야_20240424 (1).csv,2024-04-24,낮음,주로 민수 활용,N,탐색용 분류이며 기업의 방산업체 지정·군 납품을 의미하지 않음
CMP0195,올뉴텍,감시.정찰.수색,감시.정찰.수색/인프라관리/물류·운송·구조/공간정보/특수촬영/임무장비,항공안전기술원_드론정보포털_기업명_사업분야_20240424 (1).csv,2024-04-24,직접,군 감시·정찰 임무와 직접 연결 가능,N,탐색용 분류이며 기업의 방산업체 지정·군 납품을 의미하지 않음
CMP0195,올뉴텍,인프라관리,감시.정찰.수색/인프라관리/물류·운송·구조/공간정보/특수촬영/임무장비,항공안전기술원_드론정보포털_기업명_사업분야_20240424 (1).csv,2024-04-24,일반,민수 활용 중심이나 군 시설 관리와 교차 가능,N,탐색용 분류이며 기업의 방산업체 지정·군 납품을 의미하지 않음
CMP0195,올뉴텍,물류·운송·구조,감시.정찰.수색/인프라관리/물류·운송·구조/공간정보/특수촬영/임무장비,항공안전기술원_드론정보포털_기업명_사업분야_20240424 (1).csv,2024-04-24,일반,군수·수송 용례와 교차 가능,N,탐색용 분류이며 기업의 방산업체 지정·군 납품을 의미하지 않음
CMP0195,올뉴텍,공간정보,감시.정찰.수색/인프라관리/물류·운송·구조/공간정보/특수촬영/임무장비,항공안전기술원_드론정보포털_기업명_사업분야_20240424 (1).csv,2024-04-24,일반,군 지형·공간정보 용례와 교차 가능,N,탐색용 분류이며 기업의 방산업체 지정·군 납품을 의미하지 않음
CMP0195,올뉴텍,특수촬영,감시.정찰.수색/인프라관리/물류·운송·구조/공간정보/특수촬영/임무장비,항공안전기술원_드론정보포털_기업명_사업분야_20240424 (1).csv,2024-04-24,일반,정찰 영상과 기술적으로 인접할 수 있음,N,탐색용 분류이며 기업의 방산업체 지정·군 납품을 의미하지 않음
CMP0195,올뉴텍,임무장비,감시.정찰.수색/인프라관리/물류·운송·구조/공간정보/특수촬영/임무장비,항공안전기술원_드론정보포털_기업명_사업분야_20240424 (1).csv,2024-04-24,직접,정찰·공격·지원 임무장비와 연결 가능,N,탐색용 분류이며 기업의 방산업체 지정·군 납품을 의미하지 않음
CMP0196,와우미래기술,감시.정찰.수색,감시.정찰.수색/인프라관리/공간정보/특수촬영/방역/방제/살포/취미·교육,항공안전기술원_드론정보포털_기업명_사업분야_20240424 (1).csv,2024-04-24,직접,군 감시·정찰 임무와 직접 연결 가능,N,탐색용 분류이며 기업의 방산업체 지정·군 납품을 의미하지 않음
CMP0196,와우미래기술,인프라관리,감시.정찰.수색/인프라관리/공간정보/특수촬영/방역/방제/살포/취미·교육,항공안전기술원_드론정보포털_기업명_사업분야_20240424 (1).csv,2024-04-24,일반,민수 활용 중심이나 군 시설 관리와 교차 가능,N,탐색용 분류이며 기업의 방산업체 지정·군 납품을 의미하지 않음
CMP0196,와우미래기술,공간정보,감시.정찰.수색/인프라관리/공간정보/특수촬영/방역/방제/살포/취미·교육,항공안전기술원_드론정보포털_기업명_사업분야_20240424 (1).csv,2024-04-24,일반,군 지형·공간정보 용례와 교차 가능,N,탐색용 분류이며 기업의 방산업체 지정·군 납품을 의미하지 않음
CMP0196,와우미래기술,특수촬영,감시.정찰.수색/인프라관리/공간정보/특수촬영/방역/방제/살포/취미·교육,항공안전기술원_드론정보포털_기업명_사업분야_20240424 (1).csv,2024-04-24,일반,정찰 영상과 기술적으로 인접할 수 있음,N,탐색용 분류이며 기업의 방산업체 지정·군 납품을 의미하지 않음
CMP0196,와우미래기술,방역/방제/살포,감시.정찰.수색/인프라관리/공간정보/특수촬영/방역/방제/살포/취미·교육,항공안전기술원_드론정보포털_기업명_사업분야_20240424 (1).csv,2024-04-24,낮음,주로 민수 활용,N,탐색용 분류이며 기업의 방산업체 지정·군 납품을 의미하지 않음
CMP0196,와우미래기술,취미·교육,감시.정찰.수색/인프라관리/공간정보/특수촬영/방역/방제/살포/취미·교육,항공안전기술원_드론정보포털_기업명_사업분야_20240424 (1).csv,2024-04-24,낮음,국방 연계 판단 근거로 사용하지 않음,N,탐색용 분류이며 기업의 방산업체 지정·군 납품을 의미하지 않음
CMP0198,웨이브랩스,모듈,모듈,항공안전기술원_드론정보포털_기업명_사업분야_20240424 (1).csv,2024-04-24,인접,국방 드론 부품·모듈 공급망 후보,N,탐색용 분류이며 기업의 방산업체 지정·군 납품을 의미하지 않음
CMP0199,위즈윙,감시.정찰.수색,감시.정찰.수색/인프라관리/물류·운송·구조/공간정보/특수촬영/방역/방제/살포/환경측량/다목적 H/W/취미·교육/임무장비/지상통제장비/통합솔루션,항공안전기술원_드론정보포털_기업명_사업분야_20240424 (1).csv,2024-04-24,직접,군 감시·정찰 임무와 직접 연결 가능,N,탐색용 분류이며 기업의 방산업체 지정·군 납품을 의미하지 않음
CMP0199,위즈윙,인프라관리,감시.정찰.수색/인프라관리/물류·운송·구조/공간정보/특수촬영/방역/방제/살포/환경측량/다목적 H/W/취미·교육/임무장비/지상통제장비/통합솔루션,항공안전기술원_드론정보포털_기업명_사업분야_20240424 (1).csv,2024-04-24,일반,민수 활용 중심이나 군 시설 관리와 교차 가능,N,탐색용 분류이며 기업의 방산업체 지정·군 납품을 의미하지 않음
CMP0199,위즈윙,물류·운송·구조,감시.정찰.수색/인프라관리/물류·운송·구조/공간정보/특수촬영/방역/방제/살포/환경측량/다목적 H/W/취미·교육/임무장비/지상통제장비/통합솔루션,항공안전기술원_드론정보포털_기업명_사업분야_20240424 (1).csv,2024-04-24,일반,군수·수송 용례와 교차 가능,N,탐색용 분류이며 기업의 방산업체 지정·군 납품을 의미하지 않음
CMP0199,위즈윙,공간정보,감시.정찰.수색/인프라관리/물류·운송·구조/공간정보/특수촬영/방역/방제/살포/환경측량/다목적 H/W/취미·교육/임무장비/지상통제장비/통합솔루션,항공안전기술원_드론정보포털_기업명_사업분야_20240424 (1).csv,2024-04-24,일반,군 지형·공간정보 용례와 교차 가능,N,탐색용 분류이며 기업의 방산업체 지정·군 납품을 의미하지 않음
CMP0199,위즈윙,특수촬영,감시.정찰.수색/인프라관리/물류·운송·구조/공간정보/특수촬영/방역/방제/살포/환경측량/다목적 H/W/취미·교육/임무장비/지상통제장비/통합솔루션,항공안전기술원_드론정보포털_기업명_사업분야_20240424 (1).csv,2024-04-24,일반,정찰 영상과 기술적으로 인접할 수 있음,N,탐색용 분류이며 기업의 방산업체 지정·군 납품을 의미하지 않음
CMP0199,위즈윙,방역/방제/살포,감시.정찰.수색/인프라관리/물류·운송·구조/공간정보/특수촬영/방역/방제/살포/환경측량/다목적 H/W/취미·교육/임무장비/지상통제장비/통합솔루션,항공안전기술원_드론정보포털_기업명_사업분야_20240424 (1).csv,2024-04-24,낮음,주로 민수 활용,N,탐색용 분류이며 기업의 방산업체 지정·군 납품을 의미하지 않음
CMP0199,위즈윙,환경측량,감시.정찰.수색/인프라관리/물류·운송·구조/공간정보/특수촬영/방역/방제/살포/환경측량/다목적 H/W/취미·교육/임무장비/지상통제장비/통합솔루션,항공안전기술원_드론정보포털_기업명_사업분야_20240424 (1).csv,2024-04-24,일반,군 환경·지형 조사와 교차 가능,N,탐색용 분류이며 기업의 방산업체 지정·군 납품을 의미하지 않음
CMP0199,위즈윙,다목적 H/W,감시.정찰.수색/인프라관리/물류·운송·구조/공간정보/특수촬영/방역/방제/살포/환경측량/다목적 H/W/취미·교육/임무장비/지상통제장비/통합솔루션,항공안전기술원_드론정보포털_기업명_사업분야_20240424 (1).csv,2024-04-24,인접,기체·전자·탑재체 하드웨어 공급망 후보,N,탐색용 분류이며 기업의 방산업체 지정·군 납품을 의미하지 않음
CMP0199,위즈윙,취미·교육,감시.정찰.수색/인프라관리/물류·운송·구조/공간정보/특수촬영/방역/방제/살포/환경측량/다목적 H/W/취미·교육/임무장비/지상통제장비/통합솔루션,항공안전기술원_드론정보포털_기업명_사업분야_20240424 (1).csv,2024-04-24,낮음,국방 연계 판단 근거로 사용하지 않음,N,탐색용 분류이며 기업의 방산업체 지정·군 납품을 의미하지 않음
CMP0199,위즈윙,임무장비,감시.정찰.수색/인프라관리/물류·운송·구조/공간정보/특수촬영/방역/방제/살포/환경측량/다목적 H/W/취미·교육/임무장비/지상통제장비/통합솔루션,항공안전기술원_드론정보포털_기업명_사업분야_20240424 (1).csv,2024-04-24,직접,정찰·공격·지원 임무장비와 연결 가능,N,탐색용 분류이며 기업의 방산업체 지정·군 납품을 의미하지 않음
CMP0199,위즈윙,지상통제장비,감시.정찰.수색/인프라관리/물류·운송·구조/공간정보/특수촬영/방역/방제/살포/환경측량/다목적 H/W/취미·교육/임무장비/지상통제장비/통합솔루션,항공안전기술원_드론정보포털_기업명_사업분야_20240424 (1).csv,2024-04-24,직접,GCS·임무통제와 연결 가능,N,탐색용 분류이며 기업의 방산업체 지정·군 납품을 의미하지 않음
CMP0199,위즈윙,통합솔루션,감시.정찰.수색/인프라관리/물류·운송·구조/공간정보/특수촬영/방역/방제/살포/환경측량/다목적 H/W/취미·교육/임무장비/지상통제장비/통합솔루션,항공안전기술원_드론정보포털_기업명_사업분야_20240424 (1).csv,2024-04-24,인접,체계통합·운용 소프트웨어와 연결 가능,N,탐색용 분류이며 기업의 방산업체 지정·군 납품을 의미하지 않음
CMP0200,윈스젠,앱,앱/공간정보/특수촬영/방역/방제/살포/모듈/지상통제장비/통합솔루션,항공안전기술원_드론정보포털_기업명_사업분야_20240424 (1).csv,2024-04-24,낮음,세부 기능 확인 전 국방 연계 판단 불가,N,탐색용 분류이며 기업의 방산업체 지정·군 납품을 의미하지 않음
CMP0200,윈스젠,공간정보,앱/공간정보/특수촬영/방역/방제/살포/모듈/지상통제장비/통합솔루션,항공안전기술원_드론정보포털_기업명_사업분야_20240424 (1).csv,2024-04-24,일반,군 지형·공간정보 용례와 교차 가능,N,탐색용 분류이며 기업의 방산업체 지정·군 납품을 의미하지 않음
CMP0200,윈스젠,특수촬영,앱/공간정보/특수촬영/방역/방제/살포/모듈/지상통제장비/통합솔루션,항공안전기술원_드론정보포털_기업명_사업분야_20240424 (1).csv,2024-04-24,일반,정찰 영상과 기술적으로 인접할 수 있음,N,탐색용 분류이며 기업의 방산업체 지정·군 납품을 의미하지 않음
CMP0200,윈스젠,방역/방제/살포,앱/공간정보/특수촬영/방역/방제/살포/모듈/지상통제장비/통합솔루션,항공안전기술원_드론정보포털_기업명_사업분야_20240424 (1).csv,2024-04-24,낮음,주로 민수 활용,N,탐색용 분류이며 기업의 방산업체 지정·군 납품을 의미하지 않음
CMP0200,윈스젠,모듈,앱/공간정보/특수촬영/방역/방제/살포/모듈/지상통제장비/통합솔루션,항공안전기술원_드론정보포털_기업명_사업분야_20240424 (1).csv,2024-04-24,인접,국방 드론 부품·모듈 공급망 후보,N,탐색용 분류이며 기업의 방산업체 지정·군 납품을 의미하지 않음
CMP0200,윈스젠,지상통제장비,앱/공간정보/특수촬영/방역/방제/살포/모듈/지상통제장비/통합솔루션,항공안전기술원_드론정보포털_기업명_사업분야_20240424 (1).csv,2024-04-24,직접,GCS·임무통제와 연결 가능,N,탐색용 분류이며 기업의 방산업체 지정·군 납품을 의미하지 않음
CMP0200,윈스젠,통합솔루션,앱/공간정보/특수촬영/방역/방제/살포/모듈/지상통제장비/통합솔루션,항공안전기술원_드론정보포털_기업명_사업분야_20240424 (1).csv,2024-04-24,인접,체계통합·운용 소프트웨어와 연결 가능,N,탐색용 분류이며 기업의 방산업체 지정·군 납품을 의미하지 않음
CMP0201,유맥에어,감시.정찰.수색,감시.정찰.수색/인프라관리/공간정보/특수촬영/방역/방제/살포/취미·교육,항공안전기술원_드론정보포털_기업명_사업분야_20240424 (1).csv,2024-04-24,직접,군 감시·정찰 임무와 직접 연결 가능,N,탐색용 분류이며 기업의 방산업체 지정·군 납품을 의미하지 않음
CMP0201,유맥에어,인프라관리,감시.정찰.수색/인프라관리/공간정보/특수촬영/방역/방제/살포/취미·교육,항공안전기술원_드론정보포털_기업명_사업분야_20240424 (1).csv,2024-04-24,일반,민수 활용 중심이나 군 시설 관리와 교차 가능,N,탐색용 분류이며 기업의 방산업체 지정·군 납품을 의미하지 않음
CMP0201,유맥에어,공간정보,감시.정찰.수색/인프라관리/공간정보/특수촬영/방역/방제/살포/취미·교육,항공안전기술원_드론정보포털_기업명_사업분야_20240424 (1).csv,2024-04-24,일반,군 지형·공간정보 용례와 교차 가능,N,탐색용 분류이며 기업의 방산업체 지정·군 납품을 의미하지 않음
CMP0201,유맥에어,특수촬영,감시.정찰.수색/인프라관리/공간정보/특수촬영/방역/방제/살포/취미·교육,항공안전기술원_드론정보포털_기업명_사업분야_20240424 (1).csv,2024-04-24,일반,정찰 영상과 기술적으로 인접할 수 있음,N,탐색용 분류이며 기업의 방산업체 지정·군 납품을 의미하지 않음
CMP0201,유맥에어,방역/방제/살포,감시.정찰.수색/인프라관리/공간정보/특수촬영/방역/방제/살포/취미·교육,항공안전기술원_드론정보포털_기업명_사업분야_20240424 (1).csv,2024-04-24,낮음,주로 민수 활용,N,탐색용 분류이며 기업의 방산업체 지정·군 납품을 의미하지 않음
CMP0201,유맥에어,취미·교육,감시.정찰.수색/인프라관리/공간정보/특수촬영/방역/방제/살포/취미·교육,항공안전기술원_드론정보포털_기업명_사업분야_20240424 (1).csv,2024-04-24,낮음,국방 연계 판단 근거로 사용하지 않음,N,탐색용 분류이며 기업의 방산업체 지정·군 납품을 의미하지 않음
CMP0202,유비파이,다목적 H/W,다목적 H/W/방송·공연,항공안전기술원_드론정보포털_기업명_사업분야_20240424 (1).csv,2024-04-24,인접,기체·전자·탑재체 하드웨어 공급망 후보,N,탐색용 분류이며 기업의 방산업체 지정·군 납품을 의미하지 않음
CMP0202,유비파이,방송·공연,다목적 H/W/방송·공연,항공안전기술원_드론정보포털_기업명_사업분야_20240424 (1).csv,2024-04-24,낮음,국방 연계 판단 근거로 사용하지 않음,N,탐색용 분류이며 기업의 방산업체 지정·군 납품을 의미하지 않음
CMP0203,유시스,감시.정찰.수색,감시.정찰.수색/인프라관리/방역/방제/살포/환경측량/드론스테이션/통합솔루션,항공안전기술원_드론정보포털_기업명_사업분야_20240424 (1).csv,2024-04-24,직접,군 감시·정찰 임무와 직접 연결 가능,N,탐색용 분류이며 기업의 방산업체 지정·군 납품을 의미하지 않음
CMP0203,유시스,인프라관리,감시.정찰.수색/인프라관리/방역/방제/살포/환경측량/드론스테이션/통합솔루션,항공안전기술원_드론정보포털_기업명_사업분야_20240424 (1).csv,2024-04-24,일반,민수 활용 중심이나 군 시설 관리와 교차 가능,N,탐색용 분류이며 기업의 방산업체 지정·군 납품을 의미하지 않음
CMP0203,유시스,방역/방제/살포,감시.정찰.수색/인프라관리/방역/방제/살포/환경측량/드론스테이션/통합솔루션,항공안전기술원_드론정보포털_기업명_사업분야_20240424 (1).csv,2024-04-24,낮음,주로 민수 활용,N,탐색용 분류이며 기업의 방산업체 지정·군 납품을 의미하지 않음
CMP0203,유시스,환경측량,감시.정찰.수색/인프라관리/방역/방제/살포/환경측량/드론스테이션/통합솔루션,항공안전기술원_드론정보포털_기업명_사업분야_20240424 (1).csv,2024-04-24,일반,군 환경·지형 조사와 교차 가능,N,탐색용 분류이며 기업의 방산업체 지정·군 납품을 의미하지 않음
CMP0203,유시스,드론스테이션,감시.정찰.수색/인프라관리/방역/방제/살포/환경측량/드론스테이션/통합솔루션,항공안전기술원_드론정보포털_기업명_사업분야_20240424 (1).csv,2024-04-24,인접,무인 운용·원격 통제 인프라 후보,N,탐색용 분류이며 기업의 방산업체 지정·군 납품을 의미하지 않음
CMP0203,유시스,통합솔루션,감시.정찰.수색/인프라관리/방역/방제/살포/환경측량/드론스테이션/통합솔루션,항공안전기술원_드론정보포털_기업명_사업분야_20240424 (1).csv,2024-04-24,인접,체계통합·운용 소프트웨어와 연결 가능,N,탐색용 분류이며 기업의 방산업체 지정·군 납품을 의미하지 않음
CMP0205,유콘시스템,감시.정찰.수색,감시.정찰.수색/인프라관리/공간정보/특수촬영/환경측량,항공안전기술원_드론정보포털_기업명_사업분야_20240424 (1).csv,2024-04-24,직접,군 감시·정찰 임무와 직접 연결 가능,N,탐색용 분류이며 기업의 방산업체 지정·군 납품을 의미하지 않음
CMP0205,유콘시스템,인프라관리,감시.정찰.수색/인프라관리/공간정보/특수촬영/환경측량,항공안전기술원_드론정보포털_기업명_사업분야_20240424 (1).csv,2024-04-24,일반,민수 활용 중심이나 군 시설 관리와 교차 가능,N,탐색용 분류이며 기업의 방산업체 지정·군 납품을 의미하지 않음
CMP0205,유콘시스템,공간정보,감시.정찰.수색/인프라관리/공간정보/특수촬영/환경측량,항공안전기술원_드론정보포털_기업명_사업분야_20240424 (1).csv,2024-04-24,일반,군 지형·공간정보 용례와 교차 가능,N,탐색용 분류이며 기업의 방산업체 지정·군 납품을 의미하지 않음
CMP0205,유콘시스템,특수촬영,감시.정찰.수색/인프라관리/공간정보/특수촬영/환경측량,항공안전기술원_드론정보포털_기업명_사업분야_20240424 (1).csv,2024-04-24,일반,정찰 영상과 기술적으로 인접할 수 있음,N,탐색용 분류이며 기업의 방산업체 지정·군 납품을 의미하지 않음
CMP0205,유콘시스템,환경측량,감시.정찰.수색/인프라관리/공간정보/특수촬영/환경측량,항공안전기술원_드론정보포털_기업명_사업분야_20240424 (1).csv,2024-04-24,일반,군 환경·지형 조사와 교차 가능,N,탐색용 분류이며 기업의 방산업체 지정·군 납품을 의미하지 않음
CMP0206,이노뎁,공간정보,공간정보/특수촬영/통합솔루션,항공안전기술원_드론정보포털_기업명_사업분야_20240424 (1).csv,2024-04-24,일반,군 지형·공간정보 용례와 교차 가능,N,탐색용 분류이며 기업의 방산업체 지정·군 납품을 의미하지 않음
CMP0206,이노뎁,특수촬영,공간정보/특수촬영/통합솔루션,항공안전기술원_드론정보포털_기업명_사업분야_20240424 (1).csv,2024-04-24,일반,정찰 영상과 기술적으로 인접할 수 있음,N,탐색용 분류이며 기업의 방산업체 지정·군 납품을 의미하지 않음
CMP0206,이노뎁,통합솔루션,공간정보/특수촬영/통합솔루션,항공안전기술원_드론정보포털_기업명_사업분야_20240424 (1).csv,2024-04-24,인접,체계통합·운용 소프트웨어와 연결 가능,N,탐색용 분류이며 기업의 방산업체 지정·군 납품을 의미하지 않음
CMP0207,이노드,감시.정찰.수색,감시.정찰.수색/인프라관리/방역/방제/살포/모듈/앱,항공안전기술원_드론정보포털_기업명_사업분야_20240424 (1).csv,2024-04-24,직접,군 감시·정찰 임무와 직접 연결 가능,N,탐색용 분류이며 기업의 방산업체 지정·군 납품을 의미하지 않음
CMP0207,이노드,인프라관리,감시.정찰.수색/인프라관리/방역/방제/살포/모듈/앱,항공안전기술원_드론정보포털_기업명_사업분야_20240424 (1).csv,2024-04-24,일반,민수 활용 중심이나 군 시설 관리와 교차 가능,N,탐색용 분류이며 기업의 방산업체 지정·군 납품을 의미하지 않음
CMP0207,이노드,방역/방제/살포,감시.정찰.수색/인프라관리/방역/방제/살포/모듈/앱,항공안전기술원_드론정보포털_기업명_사업분야_20240424 (1).csv,2024-04-24,낮음,주로 민수 활용,N,탐색용 분류이며 기업의 방산업체 지정·군 납품을 의미하지 않음
CMP0207,이노드,모듈,감시.정찰.수색/인프라관리/방역/방제/살포/모듈/앱,항공안전기술원_드론정보포털_기업명_사업분야_20240424 (1).csv,2024-04-24,인접,국방 드론 부품·모듈 공급망 후보,N,탐색용 분류이며 기업의 방산업체 지정·군 납품을 의미하지 않음
CMP0207,이노드,앱,감시.정찰.수색/인프라관리/방역/방제/살포/모듈/앱,항공안전기술원_드론정보포털_기업명_사업분야_20240424 (1).csv,2024-04-24,낮음,세부 기능 확인 전 국방 연계 판단 불가,N,탐색용 분류이며 기업의 방산업체 지정·군 납품을 의미하지 않음
CMP0209,이노팸,감시.정찰.수색,감시.정찰.수색/인프라관리/환경측량,항공안전기술원_드론정보포털_기업명_사업분야_20240424 (1).csv,2024-04-24,직접,군 감시·정찰 임무와 직접 연결 가능,N,탐색용 분류이며 기업의 방산업체 지정·군 납품을 의미하지 않음
CMP0209,이노팸,인프라관리,감시.정찰.수색/인프라관리/환경측량,항공안전기술원_드론정보포털_기업명_사업분야_20240424 (1).csv,2024-04-24,일반,민수 활용 중심이나 군 시설 관리와 교차 가능,N,탐색용 분류이며 기업의 방산업체 지정·군 납품을 의미하지 않음
CMP0209,이노팸,환경측량,감시.정찰.수색/인프라관리/환경측량,항공안전기술원_드론정보포털_기업명_사업분야_20240424 (1).csv,2024-04-24,일반,군 환경·지형 조사와 교차 가능,N,탐색용 분류이며 기업의 방산업체 지정·군 납품을 의미하지 않음
CMP0212,이지시스템,물류·운송·구조,물류·운송·구조,항공안전기술원_드론정보포털_기업명_사업분야_20240424 (1).csv,2024-04-24,일반,군수·수송 용례와 교차 가능,N,탐색용 분류이며 기업의 방산업체 지정·군 납품을 의미하지 않음
CMP0215,인스페이스,공간정보,공간정보/특수촬영/드론스테이션/지상통제장비,항공안전기술원_드론정보포털_기업명_사업분야_20240424 (1).csv,2024-04-24,일반,군 지형·공간정보 용례와 교차 가능,N,탐색용 분류이며 기업의 방산업체 지정·군 납품을 의미하지 않음
CMP0215,인스페이스,특수촬영,공간정보/특수촬영/드론스테이션/지상통제장비,항공안전기술원_드론정보포털_기업명_사업분야_20240424 (1).csv,2024-04-24,일반,정찰 영상과 기술적으로 인접할 수 있음,N,탐색용 분류이며 기업의 방산업체 지정·군 납품을 의미하지 않음
CMP0215,인스페이스,드론스테이션,공간정보/특수촬영/드론스테이션/지상통제장비,항공안전기술원_드론정보포털_기업명_사업분야_20240424 (1).csv,2024-04-24,인접,무인 운용·원격 통제 인프라 후보,N,탐색용 분류이며 기업의 방산업체 지정·군 납품을 의미하지 않음
CMP0215,인스페이스,지상통제장비,공간정보/특수촬영/드론스테이션/지상통제장비,항공안전기술원_드론정보포털_기업명_사업분야_20240424 (1).csv,2024-04-24,직접,GCS·임무통제와 연결 가능,N,탐색용 분류이며 기업의 방산업체 지정·군 납품을 의미하지 않음
CMP0218,자이언트드론,감시.정찰.수색,감시.정찰.수색/인프라관리/물류·운송·구조/공간정보/특수촬영/방역/방제/살포/취미·교육/임무장비,항공안전기술원_드론정보포털_기업명_사업분야_20240424 (1).csv,2024-04-24,직접,군 감시·정찰 임무와 직접 연결 가능,N,탐색용 분류이며 기업의 방산업체 지정·군 납품을 의미하지 않음
CMP0218,자이언트드론,인프라관리,감시.정찰.수색/인프라관리/물류·운송·구조/공간정보/특수촬영/방역/방제/살포/취미·교육/임무장비,항공안전기술원_드론정보포털_기업명_사업분야_20240424 (1).csv,2024-04-24,일반,민수 활용 중심이나 군 시설 관리와 교차 가능,N,탐색용 분류이며 기업의 방산업체 지정·군 납품을 의미하지 않음
CMP0218,자이언트드론,물류·운송·구조,감시.정찰.수색/인프라관리/물류·운송·구조/공간정보/특수촬영/방역/방제/살포/취미·교육/임무장비,항공안전기술원_드론정보포털_기업명_사업분야_20240424 (1).csv,2024-04-24,일반,군수·수송 용례와 교차 가능,N,탐색용 분류이며 기업의 방산업체 지정·군 납품을 의미하지 않음
CMP0218,자이언트드론,공간정보,감시.정찰.수색/인프라관리/물류·운송·구조/공간정보/특수촬영/방역/방제/살포/취미·교육/임무장비,항공안전기술원_드론정보포털_기업명_사업분야_20240424 (1).csv,2024-04-24,일반,군 지형·공간정보 용례와 교차 가능,N,탐색용 분류이며 기업의 방산업체 지정·군 납품을 의미하지 않음
CMP0218,자이언트드론,특수촬영,감시.정찰.수색/인프라관리/물류·운송·구조/공간정보/특수촬영/방역/방제/살포/취미·교육/임무장비,항공안전기술원_드론정보포털_기업명_사업분야_20240424 (1).csv,2024-04-24,일반,정찰 영상과 기술적으로 인접할 수 있음,N,탐색용 분류이며 기업의 방산업체 지정·군 납품을 의미하지 않음
CMP0218,자이언트드론,방역/방제/살포,감시.정찰.수색/인프라관리/물류·운송·구조/공간정보/특수촬영/방역/방제/살포/취미·교육/임무장비,항공안전기술원_드론정보포털_기업명_사업분야_20240424 (1).csv,2024-04-24,낮음,주로 민수 활용,N,탐색용 분류이며 기업의 방산업체 지정·군 납품을 의미하지 않음
CMP0218,자이언트드론,취미·교육,감시.정찰.수색/인프라관리/물류·운송·구조/공간정보/특수촬영/방역/방제/살포/취미·교육/임무장비,항공안전기술원_드론정보포털_기업명_사업분야_20240424 (1).csv,2024-04-24,낮음,국방 연계 판단 근거로 사용하지 않음,N,탐색용 분류이며 기업의 방산업체 지정·군 납품을 의미하지 않음
CMP0218,자이언트드론,임무장비,감시.정찰.수색/인프라관리/물류·운송·구조/공간정보/특수촬영/방역/방제/살포/취미·교육/임무장비,항공안전기술원_드론정보포털_기업명_사업분야_20240424 (1).csv,2024-04-24,직접,정찰·공격·지원 임무장비와 연결 가능,N,탐색용 분류이며 기업의 방산업체 지정·군 납품을 의미하지 않음
CMP0219,제이씨현시스템,감시.정찰.수색,감시.정찰.수색/인프라관리/물류·운송·구조/방역/방제/살포/환경측량/다목적 H/W/취미·교육/드론스테이션/안티드론/임무장비/모듈/지상통제장비/통합솔루션/앱/감시.정찰.수색/인프라관리/물류·운송·구조,항공안전기술원_드론정보포털_기업명_사업분야_20240424 (1).csv,2024-04-24,직접,군 감시·정찰 임무와 직접 연결 가능,N,탐색용 분류이며 기업의 방산업체 지정·군 납품을 의미하지 않음
CMP0219,제이씨현시스템,인프라관리,감시.정찰.수색/인프라관리/물류·운송·구조/방역/방제/살포/환경측량/다목적 H/W/취미·교육/드론스테이션/안티드론/임무장비/모듈/지상통제장비/통합솔루션/앱/감시.정찰.수색/인프라관리/물류·운송·구조,항공안전기술원_드론정보포털_기업명_사업분야_20240424 (1).csv,2024-04-24,일반,민수 활용 중심이나 군 시설 관리와 교차 가능,N,탐색용 분류이며 기업의 방산업체 지정·군 납품을 의미하지 않음
CMP0219,제이씨현시스템,물류·운송·구조,감시.정찰.수색/인프라관리/물류·운송·구조/방역/방제/살포/환경측량/다목적 H/W/취미·교육/드론스테이션/안티드론/임무장비/모듈/지상통제장비/통합솔루션/앱/감시.정찰.수색/인프라관리/물류·운송·구조,항공안전기술원_드론정보포털_기업명_사업분야_20240424 (1).csv,2024-04-24,일반,군수·수송 용례와 교차 가능,N,탐색용 분류이며 기업의 방산업체 지정·군 납품을 의미하지 않음
CMP0219,제이씨현시스템,방역/방제/살포,감시.정찰.수색/인프라관리/물류·운송·구조/방역/방제/살포/환경측량/다목적 H/W/취미·교육/드론스테이션/안티드론/임무장비/모듈/지상통제장비/통합솔루션/앱/감시.정찰.수색/인프라관리/물류·운송·구조,항공안전기술원_드론정보포털_기업명_사업분야_20240424 (1).csv,2024-04-24,낮음,주로 민수 활용,N,탐색용 분류이며 기업의 방산업체 지정·군 납품을 의미하지 않음
CMP0219,제이씨현시스템,환경측량,감시.정찰.수색/인프라관리/물류·운송·구조/방역/방제/살포/환경측량/다목적 H/W/취미·교육/드론스테이션/안티드론/임무장비/모듈/지상통제장비/통합솔루션/앱/감시.정찰.수색/인프라관리/물류·운송·구조,항공안전기술원_드론정보포털_기업명_사업분야_20240424 (1).csv,2024-04-24,일반,군 환경·지형 조사와 교차 가능,N,탐색용 분류이며 기업의 방산업체 지정·군 납품을 의미하지 않음
CMP0219,제이씨현시스템,다목적 H/W,감시.정찰.수색/인프라관리/물류·운송·구조/방역/방제/살포/환경측량/다목적 H/W/취미·교육/드론스테이션/안티드론/임무장비/모듈/지상통제장비/통합솔루션/앱/감시.정찰.수색/인프라관리/물류·운송·구조,항공안전기술원_드론정보포털_기업명_사업분야_20240424 (1).csv,2024-04-24,인접,기체·전자·탑재체 하드웨어 공급망 후보,N,탐색용 분류이며 기업의 방산업체 지정·군 납품을 의미하지 않음
CMP0219,제이씨현시스템,취미·교육,감시.정찰.수색/인프라관리/물류·운송·구조/방역/방제/살포/환경측량/다목적 H/W/취미·교육/드론스테이션/안티드론/임무장비/모듈/지상통제장비/통합솔루션/앱/감시.정찰.수색/인프라관리/물류·운송·구조,항공안전기술원_드론정보포털_기업명_사업분야_20240424 (1).csv,2024-04-24,낮음,국방 연계 판단 근거로 사용하지 않음,N,탐색용 분류이며 기업의 방산업체 지정·군 납품을 의미하지 않음
CMP0219,제이씨현시스템,드론스테이션,감시.정찰.수색/인프라관리/물류·운송·구조/방역/방제/살포/환경측량/다목적 H/W/취미·교육/드론스테이션/안티드론/임무장비/모듈/지상통제장비/통합솔루션/앱/감시.정찰.수색/인프라관리/물류·운송·구조,항공안전기술원_드론정보포털_기업명_사업분야_20240424 (1).csv,2024-04-24,인접,무인 운용·원격 통제 인프라 후보,N,탐색용 분류이며 기업의 방산업체 지정·군 납품을 의미하지 않음
CMP0219,제이씨현시스템,안티드론,감시.정찰.수색/인프라관리/물류·운송·구조/방역/방제/살포/환경측량/다목적 H/W/취미·교육/드론스테이션/안티드론/임무장비/모듈/지상통제장비/통합솔루션/앱/감시.정찰.수색/인프라관리/물류·운송·구조,항공안전기술원_드론정보포털_기업명_사업분야_20240424 (1).csv,2024-04-24,직접,대드론·C-UAS 용례와 직접 연결되는 사업분야,N,탐색용 분류이며 기업의 방산업체 지정·군 납품을 의미하지 않음
CMP0219,제이씨현시스템,임무장비,감시.정찰.수색/인프라관리/물류·운송·구조/방역/방제/살포/환경측량/다목적 H/W/취미·교육/드론스테이션/안티드론/임무장비/모듈/지상통제장비/통합솔루션/앱/감시.정찰.수색/인프라관리/물류·운송·구조,항공안전기술원_드론정보포털_기업명_사업분야_20240424 (1).csv,2024-04-24,직접,정찰·공격·지원 임무장비와 연결 가능,N,탐색용 분류이며 기업의 방산업체 지정·군 납품을 의미하지 않음
CMP0219,제이씨현시스템,모듈,감시.정찰.수색/인프라관리/물류·운송·구조/방역/방제/살포/환경측량/다목적 H/W/취미·교육/드론스테이션/안티드론/임무장비/모듈/지상통제장비/통합솔루션/앱/감시.정찰.수색/인프라관리/물류·운송·구조,항공안전기술원_드론정보포털_기업명_사업분야_20240424 (1).csv,2024-04-24,인접,국방 드론 부품·모듈 공급망 후보,N,탐색용 분류이며 기업의 방산업체 지정·군 납품을 의미하지 않음
CMP0219,제이씨현시스템,지상통제장비,감시.정찰.수색/인프라관리/물류·운송·구조/방역/방제/살포/환경측량/다목적 H/W/취미·교육/드론스테이션/안티드론/임무장비/모듈/지상통제장비/통합솔루션/앱/감시.정찰.수색/인프라관리/물류·운송·구조,항공안전기술원_드론정보포털_기업명_사업분야_20240424 (1).csv,2024-04-24,직접,GCS·임무통제와 연결 가능,N,탐색용 분류이며 기업의 방산업체 지정·군 납품을 의미하지 않음
CMP0219,제이씨현시스템,통합솔루션,감시.정찰.수색/인프라관리/물류·운송·구조/방역/방제/살포/환경측량/다목적 H/W/취미·교육/드론스테이션/안티드론/임무장비/모듈/지상통제장비/통합솔루션/앱/감시.정찰.수색/인프라관리/물류·운송·구조,항공안전기술원_드론정보포털_기업명_사업분야_20240424 (1).csv,2024-04-24,인접,체계통합·운용 소프트웨어와 연결 가능,N,탐색용 분류이며 기업의 방산업체 지정·군 납품을 의미하지 않음
CMP0219,제이씨현시스템,앱,감시.정찰.수색/인프라관리/물류·운송·구조/방역/방제/살포/환경측량/다목적 H/W/취미·교육/드론스테이션/안티드론/임무장비/모듈/지상통제장비/통합솔루션/앱/감시.정찰.수색/인프라관리/물류·운송·구조,항공안전기술원_드론정보포털_기업명_사업분야_20240424 (1).csv,2024-04-24,낮음,세부 기능 확인 전 국방 연계 판단 불가,N,탐색용 분류이며 기업의 방산업체 지정·군 납품을 의미하지 않음
CMP0220,제이에스융합인재교육원,감시.정찰.수색,감시.정찰.수색/인프라관리/물류·운송·구조/공간정보/특수촬영/방역/방제/살포/환경측량/다목적 H/W/방송·공연/취미·교육/드론스테이션/안티드론/임무장비/모듈/지상통제장비/통합솔루션/앱,항공안전기술원_드론정보포털_기업명_사업분야_20240424 (1).csv,2024-04-24,직접,군 감시·정찰 임무와 직접 연결 가능,N,탐색용 분류이며 기업의 방산업체 지정·군 납품을 의미하지 않음
CMP0220,제이에스융합인재교육원,인프라관리,감시.정찰.수색/인프라관리/물류·운송·구조/공간정보/특수촬영/방역/방제/살포/환경측량/다목적 H/W/방송·공연/취미·교육/드론스테이션/안티드론/임무장비/모듈/지상통제장비/통합솔루션/앱,항공안전기술원_드론정보포털_기업명_사업분야_20240424 (1).csv,2024-04-24,일반,민수 활용 중심이나 군 시설 관리와 교차 가능,N,탐색용 분류이며 기업의 방산업체 지정·군 납품을 의미하지 않음
CMP0220,제이에스융합인재교육원,물류·운송·구조,감시.정찰.수색/인프라관리/물류·운송·구조/공간정보/특수촬영/방역/방제/살포/환경측량/다목적 H/W/방송·공연/취미·교육/드론스테이션/안티드론/임무장비/모듈/지상통제장비/통합솔루션/앱,항공안전기술원_드론정보포털_기업명_사업분야_20240424 (1).csv,2024-04-24,일반,군수·수송 용례와 교차 가능,N,탐색용 분류이며 기업의 방산업체 지정·군 납품을 의미하지 않음
CMP0220,제이에스융합인재교육원,공간정보,감시.정찰.수색/인프라관리/물류·운송·구조/공간정보/특수촬영/방역/방제/살포/환경측량/다목적 H/W/방송·공연/취미·교육/드론스테이션/안티드론/임무장비/모듈/지상통제장비/통합솔루션/앱,항공안전기술원_드론정보포털_기업명_사업분야_20240424 (1).csv,2024-04-24,일반,군 지형·공간정보 용례와 교차 가능,N,탐색용 분류이며 기업의 방산업체 지정·군 납품을 의미하지 않음
CMP0220,제이에스융합인재교육원,특수촬영,감시.정찰.수색/인프라관리/물류·운송·구조/공간정보/특수촬영/방역/방제/살포/환경측량/다목적 H/W/방송·공연/취미·교육/드론스테이션/안티드론/임무장비/모듈/지상통제장비/통합솔루션/앱,항공안전기술원_드론정보포털_기업명_사업분야_20240424 (1).csv,2024-04-24,일반,정찰 영상과 기술적으로 인접할 수 있음,N,탐색용 분류이며 기업의 방산업체 지정·군 납품을 의미하지 않음
CMP0220,제이에스융합인재교육원,방역/방제/살포,감시.정찰.수색/인프라관리/물류·운송·구조/공간정보/특수촬영/방역/방제/살포/환경측량/다목적 H/W/방송·공연/취미·교육/드론스테이션/안티드론/임무장비/모듈/지상통제장비/통합솔루션/앱,항공안전기술원_드론정보포털_기업명_사업분야_20240424 (1).csv,2024-04-24,낮음,주로 민수 활용,N,탐색용 분류이며 기업의 방산업체 지정·군 납품을 의미하지 않음
CMP0220,제이에스융합인재교육원,환경측량,감시.정찰.수색/인프라관리/물류·운송·구조/공간정보/특수촬영/방역/방제/살포/환경측량/다목적 H/W/방송·공연/취미·교육/드론스테이션/안티드론/임무장비/모듈/지상통제장비/통합솔루션/앱,항공안전기술원_드론정보포털_기업명_사업분야_20240424 (1).csv,2024-04-24,일반,군 환경·지형 조사와 교차 가능,N,탐색용 분류이며 기업의 방산업체 지정·군 납품을 의미하지 않음
CMP0220,제이에스융합인재교육원,다목적 H/W,감시.정찰.수색/인프라관리/물류·운송·구조/공간정보/특수촬영/방역/방제/살포/환경측량/다목적 H/W/방송·공연/취미·교육/드론스테이션/안티드론/임무장비/모듈/지상통제장비/통합솔루션/앱,항공안전기술원_드론정보포털_기업명_사업분야_20240424 (1).csv,2024-04-24,인접,기체·전자·탑재체 하드웨어 공급망 후보,N,탐색용 분류이며 기업의 방산업체 지정·군 납품을 의미하지 않음
CMP0220,제이에스융합인재교육원,방송·공연,감시.정찰.수색/인프라관리/물류·운송·구조/공간정보/특수촬영/방역/방제/살포/환경측량/다목적 H/W/방송·공연/취미·교육/드론스테이션/안티드론/임무장비/모듈/지상통제장비/통합솔루션/앱,항공안전기술원_드론정보포털_기업명_사업분야_20240424 (1).csv,2024-04-24,낮음,국방 연계 판단 근거로 사용하지 않음,N,탐색용 분류이며 기업의 방산업체 지정·군 납품을 의미하지 않음
CMP0220,제이에스융합인재교육원,취미·교육,감시.정찰.수색/인프라관리/물류·운송·구조/공간정보/특수촬영/방역/방제/살포/환경측량/다목적 H/W/방송·공연/취미·교육/드론스테이션/안티드론/임무장비/모듈/지상통제장비/통합솔루션/앱,항공안전기술원_드론정보포털_기업명_사업분야_20240424 (1).csv,2024-04-24,낮음,국방 연계 판단 근거로 사용하지 않음,N,탐색용 분류이며 기업의 방산업체 지정·군 납품을 의미하지 않음
CMP0220,제이에스융합인재교육원,드론스테이션,감시.정찰.수색/인프라관리/물류·운송·구조/공간정보/특수촬영/방역/방제/살포/환경측량/다목적 H/W/방송·공연/취미·교육/드론스테이션/안티드론/임무장비/모듈/지상통제장비/통합솔루션/앱,항공안전기술원_드론정보포털_기업명_사업분야_20240424 (1).csv,2024-04-24,인접,무인 운용·원격 통제 인프라 후보,N,탐색용 분류이며 기업의 방산업체 지정·군 납품을 의미하지 않음
CMP0220,제이에스융합인재교육원,안티드론,감시.정찰.수색/인프라관리/물류·운송·구조/공간정보/특수촬영/방역/방제/살포/환경측량/다목적 H/W/방송·공연/취미·교육/드론스테이션/안티드론/임무장비/모듈/지상통제장비/통합솔루션/앱,항공안전기술원_드론정보포털_기업명_사업분야_20240424 (1).csv,2024-04-24,직접,대드론·C-UAS 용례와 직접 연결되는 사업분야,N,탐색용 분류이며 기업의 방산업체 지정·군 납품을 의미하지 않음
CMP0220,제이에스융합인재교육원,임무장비,감시.정찰.수색/인프라관리/물류·운송·구조/공간정보/특수촬영/방역/방제/살포/환경측량/다목적 H/W/방송·공연/취미·교육/드론스테이션/안티드론/임무장비/모듈/지상통제장비/통합솔루션/앱,항공안전기술원_드론정보포털_기업명_사업분야_20240424 (1).csv,2024-04-24,직접,정찰·공격·지원 임무장비와 연결 가능,N,탐색용 분류이며 기업의 방산업체 지정·군 납품을 의미하지 않음
CMP0220,제이에스융합인재교육원,모듈,감시.정찰.수색/인프라관리/물류·운송·구조/공간정보/특수촬영/방역/방제/살포/환경측량/다목적 H/W/방송·공연/취미·교육/드론스테이션/안티드론/임무장비/모듈/지상통제장비/통합솔루션/앱,항공안전기술원_드론정보포털_기업명_사업분야_20240424 (1).csv,2024-04-24,인접,국방 드론 부품·모듈 공급망 후보,N,탐색용 분류이며 기업의 방산업체 지정·군 납품을 의미하지 않음
CMP0220,제이에스융합인재교육원,지상통제장비,감시.정찰.수색/인프라관리/물류·운송·구조/공간정보/특수촬영/방역/방제/살포/환경측량/다목적 H/W/방송·공연/취미·교육/드론스테이션/안티드론/임무장비/모듈/지상통제장비/통합솔루션/앱,항공안전기술원_드론정보포털_기업명_사업분야_20240424 (1).csv,2024-04-24,직접,GCS·임무통제와 연결 가능,N,탐색용 분류이며 기업의 방산업체 지정·군 납품을 의미하지 않음
CMP0220,제이에스융합인재교육원,통합솔루션,감시.정찰.수색/인프라관리/물류·운송·구조/공간정보/특수촬영/방역/방제/살포/환경측량/다목적 H/W/방송·공연/취미·교육/드론스테이션/안티드론/임무장비/모듈/지상통제장비/통합솔루션/앱,항공안전기술원_드론정보포털_기업명_사업분야_20240424 (1).csv,2024-04-24,인접,체계통합·운용 소프트웨어와 연결 가능,N,탐색용 분류이며 기업의 방산업체 지정·군 납품을 의미하지 않음
CMP0220,제이에스융합인재교육원,앱,감시.정찰.수색/인프라관리/물류·운송·구조/공간정보/특수촬영/방역/방제/살포/환경측량/다목적 H/W/방송·공연/취미·교육/드론스테이션/안티드론/임무장비/모듈/지상통제장비/통합솔루션/앱,항공안전기술원_드론정보포털_기업명_사업분야_20240424 (1).csv,2024-04-24,낮음,세부 기능 확인 전 국방 연계 판단 불가,N,탐색용 분류이며 기업의 방산업체 지정·군 납품을 의미하지 않음
CMP0222,조은에듀테크,취미·교육,취미·교육,항공안전기술원_드론정보포털_기업명_사업분야_20240424 (1).csv,2024-04-24,낮음,국방 연계 판단 근거로 사용하지 않음,N,탐색용 분류이며 기업의 방산업체 지정·군 납품을 의미하지 않음
CMP0223,주)제주도드론,감시.정찰.수색,감시.정찰.수색/인프라관리/물류·운송·구조/공간정보/특수촬영/방역/방제/살포/취미·교육/임무장비/기타,항공안전기술원_드론정보포털_기업명_사업분야_20240424 (1).csv,2024-04-24,직접,군 감시·정찰 임무와 직접 연결 가능,N,탐색용 분류이며 기업의 방산업체 지정·군 납품을 의미하지 않음
CMP0223,주)제주도드론,인프라관리,감시.정찰.수색/인프라관리/물류·운송·구조/공간정보/특수촬영/방역/방제/살포/취미·교육/임무장비/기타,항공안전기술원_드론정보포털_기업명_사업분야_20240424 (1).csv,2024-04-24,일반,민수 활용 중심이나 군 시설 관리와 교차 가능,N,탐색용 분류이며 기업의 방산업체 지정·군 납품을 의미하지 않음
CMP0223,주)제주도드론,물류·운송·구조,감시.정찰.수색/인프라관리/물류·운송·구조/공간정보/특수촬영/방역/방제/살포/취미·교육/임무장비/기타,항공안전기술원_드론정보포털_기업명_사업분야_20240424 (1).csv,2024-04-24,일반,군수·수송 용례와 교차 가능,N,탐색용 분류이며 기업의 방산업체 지정·군 납품을 의미하지 않음
CMP0223,주)제주도드론,공간정보,감시.정찰.수색/인프라관리/물류·운송·구조/공간정보/특수촬영/방역/방제/살포/취미·교육/임무장비/기타,항공안전기술원_드론정보포털_기업명_사업분야_20240424 (1).csv,2024-04-24,일반,군 지형·공간정보 용례와 교차 가능,N,탐색용 분류이며 기업의 방산업체 지정·군 납품을 의미하지 않음
CMP0223,주)제주도드론,특수촬영,감시.정찰.수색/인프라관리/물류·운송·구조/공간정보/특수촬영/방역/방제/살포/취미·교육/임무장비/기타,항공안전기술원_드론정보포털_기업명_사업분야_20240424 (1).csv,2024-04-24,일반,정찰 영상과 기술적으로 인접할 수 있음,N,탐색용 분류이며 기업의 방산업체 지정·군 납품을 의미하지 않음
CMP0223,주)제주도드론,방역/방제/살포,감시.정찰.수색/인프라관리/물류·운송·구조/공간정보/특수촬영/방역/방제/살포/취미·교육/임무장비/기타,항공안전기술원_드론정보포털_기업명_사업분야_20240424 (1).csv,2024-04-24,낮음,주로 민수 활용,N,탐색용 분류이며 기업의 방산업체 지정·군 납품을 의미하지 않음
CMP0223,주)제주도드론,취미·교육,감시.정찰.수색/인프라관리/물류·운송·구조/공간정보/특수촬영/방역/방제/살포/취미·교육/임무장비/기타,항공안전기술원_드론정보포털_기업명_사업분야_20240424 (1).csv,2024-04-24,낮음,국방 연계 판단 근거로 사용하지 않음,N,탐색용 분류이며 기업의 방산업체 지정·군 납품을 의미하지 않음
CMP0223,주)제주도드론,임무장비,감시.정찰.수색/인프라관리/물류·운송·구조/공간정보/특수촬영/방역/방제/살포/취미·교육/임무장비/기타,항공안전기술원_드론정보포털_기업명_사업분야_20240424 (1).csv,2024-04-24,직접,정찰·공격·지원 임무장비와 연결 가능,N,탐색용 분류이며 기업의 방산업체 지정·군 납품을 의미하지 않음
CMP0223,주)제주도드론,기타,감시.정찰.수색/인프라관리/물류·운송·구조/공간정보/특수촬영/방역/방제/살포/취미·교육/임무장비/기타,항공안전기술원_드론정보포털_기업명_사업분야_20240424 (1).csv,2024-04-24,미확인,세부 내용 확인 필요,N,탐색용 분류이며 기업의 방산업체 지정·군 납품을 의미하지 않음
CMP0009,경기항공,감시.정찰.수색,감시.정찰.수색/인프라관리/물류·운송·구조/공간정보/특수촬영/방역/방제/살포/환경측량/취미·교육,항공안전기술원_드론정보포털_기업명_사업분야_20240424 (1).csv,2024-04-24,직접,군 감시·정찰 임무와 직접 연결 가능,N,탐색용 분류이며 기업의 방산업체 지정·군 납품을 의미하지 않음
CMP0009,경기항공,인프라관리,감시.정찰.수색/인프라관리/물류·운송·구조/공간정보/특수촬영/방역/방제/살포/환경측량/취미·교육,항공안전기술원_드론정보포털_기업명_사업분야_20240424 (1).csv,2024-04-24,일반,민수 활용 중심이나 군 시설 관리와 교차 가능,N,탐색용 분류이며 기업의 방산업체 지정·군 납품을 의미하지 않음
CMP0009,경기항공,물류·운송·구조,감시.정찰.수색/인프라관리/물류·운송·구조/공간정보/특수촬영/방역/방제/살포/환경측량/취미·교육,항공안전기술원_드론정보포털_기업명_사업분야_20240424 (1).csv,2024-04-24,일반,군수·수송 용례와 교차 가능,N,탐색용 분류이며 기업의 방산업체 지정·군 납품을 의미하지 않음
CMP0009,경기항공,공간정보,감시.정찰.수색/인프라관리/물류·운송·구조/공간정보/특수촬영/방역/방제/살포/환경측량/취미·교육,항공안전기술원_드론정보포털_기업명_사업분야_20240424 (1).csv,2024-04-24,일반,군 지형·공간정보 용례와 교차 가능,N,탐색용 분류이며 기업의 방산업체 지정·군 납품을 의미하지 않음
CMP0009,경기항공,특수촬영,감시.정찰.수색/인프라관리/물류·운송·구조/공간정보/특수촬영/방역/방제/살포/환경측량/취미·교육,항공안전기술원_드론정보포털_기업명_사업분야_20240424 (1).csv,2024-04-24,일반,정찰 영상과 기술적으로 인접할 수 있음,N,탐색용 분류이며 기업의 방산업체 지정·군 납품을 의미하지 않음
CMP0009,경기항공,방역/방제/살포,감시.정찰.수색/인프라관리/물류·운송·구조/공간정보/특수촬영/방역/방제/살포/환경측량/취미·교육,항공안전기술원_드론정보포털_기업명_사업분야_20240424 (1).csv,2024-04-24,낮음,주로 민수 활용,N,탐색용 분류이며 기업의 방산업체 지정·군 납품을 의미하지 않음
CMP0009,경기항공,환경측량,감시.정찰.수색/인프라관리/물류·운송·구조/공간정보/특수촬영/방역/방제/살포/환경측량/취미·교육,항공안전기술원_드론정보포털_기업명_사업분야_20240424 (1).csv,2024-04-24,일반,군 환경·지형 조사와 교차 가능,N,탐색용 분류이며 기업의 방산업체 지정·군 납품을 의미하지 않음
CMP0009,경기항공,취미·교육,감시.정찰.수색/인프라관리/물류·운송·구조/공간정보/특수촬영/방역/방제/살포/환경측량/취미·교육,항공안전기술원_드론정보포털_기업명_사업분야_20240424 (1).csv,2024-04-24,낮음,국방 연계 판단 근거로 사용하지 않음,N,탐색용 분류이며 기업의 방산업체 지정·군 납품을 의미하지 않음
CMP0027,날다,감시.정찰.수색,감시.정찰.수색/인프라관리/방역/방제/살포/환경측량/다목적 H/W/취미·교육/임무장비,항공안전기술원_드론정보포털_기업명_사업분야_20240424 (1).csv,2024-04-24,직접,군 감시·정찰 임무와 직접 연결 가능,N,탐색용 분류이며 기업의 방산업체 지정·군 납품을 의미하지 않음
CMP0027,날다,인프라관리,감시.정찰.수색/인프라관리/방역/방제/살포/환경측량/다목적 H/W/취미·교육/임무장비,항공안전기술원_드론정보포털_기업명_사업분야_20240424 (1).csv,2024-04-24,일반,민수 활용 중심이나 군 시설 관리와 교차 가능,N,탐색용 분류이며 기업의 방산업체 지정·군 납품을 의미하지 않음
CMP0027,날다,방역/방제/살포,감시.정찰.수색/인프라관리/방역/방제/살포/환경측량/다목적 H/W/취미·교육/임무장비,항공안전기술원_드론정보포털_기업명_사업분야_20240424 (1).csv,2024-04-24,낮음,주로 민수 활용,N,탐색용 분류이며 기업의 방산업체 지정·군 납품을 의미하지 않음
CMP0027,날다,환경측량,감시.정찰.수색/인프라관리/방역/방제/살포/환경측량/다목적 H/W/취미·교육/임무장비,항공안전기술원_드론정보포털_기업명_사업분야_20240424 (1).csv,2024-04-24,일반,군 환경·지형 조사와 교차 가능,N,탐색용 분류이며 기업의 방산업체 지정·군 납품을 의미하지 않음
CMP0027,날다,다목적 H/W,감시.정찰.수색/인프라관리/방역/방제/살포/환경측량/다목적 H/W/취미·교육/임무장비,항공안전기술원_드론정보포털_기업명_사업분야_20240424 (1).csv,2024-04-24,인접,기체·전자·탑재체 하드웨어 공급망 후보,N,탐색용 분류이며 기업의 방산업체 지정·군 납품을 의미하지 않음
CMP0027,날다,취미·교육,감시.정찰.수색/인프라관리/방역/방제/살포/환경측량/다목적 H/W/취미·교육/임무장비,항공안전기술원_드론정보포털_기업명_사업분야_20240424 (1).csv,2024-04-24,낮음,국방 연계 판단 근거로 사용하지 않음,N,탐색용 분류이며 기업의 방산업체 지정·군 납품을 의미하지 않음
CMP0027,날다,임무장비,감시.정찰.수색/인프라관리/방역/방제/살포/환경측량/다목적 H/W/취미·교육/임무장비,항공안전기술원_드론정보포털_기업명_사업분야_20240424 (1).csv,2024-04-24,직접,정찰·공격·지원 임무장비와 연결 가능,N,탐색용 분류이며 기업의 방산업체 지정·군 납품을 의미하지 않음
CMP0036,니나노컴퍼니,임무장비,임무장비/통합솔루션/물류·운송·구조/공간정보/특수촬영/방역/방제/살포/감시.정찰.수색/인프라관리,항공안전기술원_드론정보포털_기업명_사업분야_20240424 (1).csv,2024-04-24,직접,정찰·공격·지원 임무장비와 연결 가능,N,탐색용 분류이며 기업의 방산업체 지정·군 납품을 의미하지 않음
CMP0036,니나노컴퍼니,통합솔루션,임무장비/통합솔루션/물류·운송·구조/공간정보/특수촬영/방역/방제/살포/감시.정찰.수색/인프라관리,항공안전기술원_드론정보포털_기업명_사업분야_20240424 (1).csv,2024-04-24,인접,체계통합·운용 소프트웨어와 연결 가능,N,탐색용 분류이며 기업의 방산업체 지정·군 납품을 의미하지 않음
CMP0036,니나노컴퍼니,물류·운송·구조,임무장비/통합솔루션/물류·운송·구조/공간정보/특수촬영/방역/방제/살포/감시.정찰.수색/인프라관리,항공안전기술원_드론정보포털_기업명_사업분야_20240424 (1).csv,2024-04-24,일반,군수·수송 용례와 교차 가능,N,탐색용 분류이며 기업의 방산업체 지정·군 납품을 의미하지 않음
CMP0036,니나노컴퍼니,공간정보,임무장비/통합솔루션/물류·운송·구조/공간정보/특수촬영/방역/방제/살포/감시.정찰.수색/인프라관리,항공안전기술원_드론정보포털_기업명_사업분야_20240424 (1).csv,2024-04-24,일반,군 지형·공간정보 용례와 교차 가능,N,탐색용 분류이며 기업의 방산업체 지정·군 납품을 의미하지 않음
CMP0036,니나노컴퍼니,특수촬영,임무장비/통합솔루션/물류·운송·구조/공간정보/특수촬영/방역/방제/살포/감시.정찰.수색/인프라관리,항공안전기술원_드론정보포털_기업명_사업분야_20240424 (1).csv,2024-04-24,일반,정찰 영상과 기술적으로 인접할 수 있음,N,탐색용 분류이며 기업의 방산업체 지정·군 납품을 의미하지 않음
CMP0036,니나노컴퍼니,방역/방제/살포,임무장비/통합솔루션/물류·운송·구조/공간정보/특수촬영/방역/방제/살포/감시.정찰.수색/인프라관리,항공안전기술원_드론정보포털_기업명_사업분야_20240424 (1).csv,2024-04-24,낮음,주로 민수 활용,N,탐색용 분류이며 기업의 방산업체 지정·군 납품을 의미하지 않음
CMP0036,니나노컴퍼니,감시.정찰.수색,임무장비/통합솔루션/물류·운송·구조/공간정보/특수촬영/방역/방제/살포/감시.정찰.수색/인프라관리,항공안전기술원_드론정보포털_기업명_사업분야_20240424 (1).csv,2024-04-24,직접,군 감시·정찰 임무와 직접 연결 가능,N,탐색용 분류이며 기업의 방산업체 지정·군 납품을 의미하지 않음
CMP0036,니나노컴퍼니,인프라관리,임무장비/통합솔루션/물류·운송·구조/공간정보/특수촬영/방역/방제/살포/감시.정찰.수색/인프라관리,항공안전기술원_드론정보포털_기업명_사업분야_20240424 (1).csv,2024-04-24,일반,민수 활용 중심이나 군 시설 관리와 교차 가능,N,탐색용 분류이며 기업의 방산업체 지정·군 납품을 의미하지 않음
CMP0042,담스테크,다목적 H/W,다목적 H/W/안티드론/임무장비/지상통제장비/통합솔루션,항공안전기술원_드론정보포털_기업명_사업분야_20240424 (1).csv,2024-04-24,인접,기체·전자·탑재체 하드웨어 공급망 후보,N,탐색용 분류이며 기업의 방산업체 지정·군 납품을 의미하지 않음
CMP0042,담스테크,안티드론,다목적 H/W/안티드론/임무장비/지상통제장비/통합솔루션,항공안전기술원_드론정보포털_기업명_사업분야_20240424 (1).csv,2024-04-24,직접,대드론·C-UAS 용례와 직접 연결되는 사업분야,N,탐색용 분류이며 기업의 방산업체 지정·군 납품을 의미하지 않음
CMP0042,담스테크,임무장비,다목적 H/W/안티드론/임무장비/지상통제장비/통합솔루션,항공안전기술원_드론정보포털_기업명_사업분야_20240424 (1).csv,2024-04-24,직접,정찰·공격·지원 임무장비와 연결 가능,N,탐색용 분류이며 기업의 방산업체 지정·군 납품을 의미하지 않음
CMP0042,담스테크,지상통제장비,다목적 H/W/안티드론/임무장비/지상통제장비/통합솔루션,항공안전기술원_드론정보포털_기업명_사업분야_20240424 (1).csv,2024-04-24,직접,GCS·임무통제와 연결 가능,N,탐색용 분류이며 기업의 방산업체 지정·군 납품을 의미하지 않음
CMP0042,담스테크,통합솔루션,다목적 H/W/안티드론/임무장비/지상통제장비/통합솔루션,항공안전기술원_드론정보포털_기업명_사업분야_20240424 (1).csv,2024-04-24,인접,체계통합·운용 소프트웨어와 연결 가능,N,탐색용 분류이며 기업의 방산업체 지정·군 납품을 의미하지 않음
CMP0050,더대시,감시.정찰.수색,감시.정찰.수색/인프라관리/물류·운송·구조/공간정보/특수촬영/방역/방제/살포/환경측량/다목적 H/W/방송·공연/취미·교육/드론스테이션/안티드론/임무장비/모듈/지상통제장비/통합솔루션/앱/기타,항공안전기술원_드론정보포털_기업명_사업분야_20240424 (1).csv,2024-04-24,직접,군 감시·정찰 임무와 직접 연결 가능,N,탐색용 분류이며 기업의 방산업체 지정·군 납품을 의미하지 않음
CMP0050,더대시,인프라관리,감시.정찰.수색/인프라관리/물류·운송·구조/공간정보/특수촬영/방역/방제/살포/환경측량/다목적 H/W/방송·공연/취미·교육/드론스테이션/안티드론/임무장비/모듈/지상통제장비/통합솔루션/앱/기타,항공안전기술원_드론정보포털_기업명_사업분야_20240424 (1).csv,2024-04-24,일반,민수 활용 중심이나 군 시설 관리와 교차 가능,N,탐색용 분류이며 기업의 방산업체 지정·군 납품을 의미하지 않음
CMP0050,더대시,물류·운송·구조,감시.정찰.수색/인프라관리/물류·운송·구조/공간정보/특수촬영/방역/방제/살포/환경측량/다목적 H/W/방송·공연/취미·교육/드론스테이션/안티드론/임무장비/모듈/지상통제장비/통합솔루션/앱/기타,항공안전기술원_드론정보포털_기업명_사업분야_20240424 (1).csv,2024-04-24,일반,군수·수송 용례와 교차 가능,N,탐색용 분류이며 기업의 방산업체 지정·군 납품을 의미하지 않음
CMP0050,더대시,공간정보,감시.정찰.수색/인프라관리/물류·운송·구조/공간정보/특수촬영/방역/방제/살포/환경측량/다목적 H/W/방송·공연/취미·교육/드론스테이션/안티드론/임무장비/모듈/지상통제장비/통합솔루션/앱/기타,항공안전기술원_드론정보포털_기업명_사업분야_20240424 (1).csv,2024-04-24,일반,군 지형·공간정보 용례와 교차 가능,N,탐색용 분류이며 기업의 방산업체 지정·군 납품을 의미하지 않음
CMP0050,더대시,특수촬영,감시.정찰.수색/인프라관리/물류·운송·구조/공간정보/특수촬영/방역/방제/살포/환경측량/다목적 H/W/방송·공연/취미·교육/드론스테이션/안티드론/임무장비/모듈/지상통제장비/통합솔루션/앱/기타,항공안전기술원_드론정보포털_기업명_사업분야_20240424 (1).csv,2024-04-24,일반,정찰 영상과 기술적으로 인접할 수 있음,N,탐색용 분류이며 기업의 방산업체 지정·군 납품을 의미하지 않음
CMP0050,더대시,방역/방제/살포,감시.정찰.수색/인프라관리/물류·운송·구조/공간정보/특수촬영/방역/방제/살포/환경측량/다목적 H/W/방송·공연/취미·교육/드론스테이션/안티드론/임무장비/모듈/지상통제장비/통합솔루션/앱/기타,항공안전기술원_드론정보포털_기업명_사업분야_20240424 (1).csv,2024-04-24,낮음,주로 민수 활용,N,탐색용 분류이며 기업의 방산업체 지정·군 납품을 의미하지 않음
CMP0050,더대시,환경측량,감시.정찰.수색/인프라관리/물류·운송·구조/공간정보/특수촬영/방역/방제/살포/환경측량/다목적 H/W/방송·공연/취미·교육/드론스테이션/안티드론/임무장비/모듈/지상통제장비/통합솔루션/앱/기타,항공안전기술원_드론정보포털_기업명_사업분야_20240424 (1).csv,2024-04-24,일반,군 환경·지형 조사와 교차 가능,N,탐색용 분류이며 기업의 방산업체 지정·군 납품을 의미하지 않음
CMP0050,더대시,다목적 H/W,감시.정찰.수색/인프라관리/물류·운송·구조/공간정보/특수촬영/방역/방제/살포/환경측량/다목적 H/W/방송·공연/취미·교육/드론스테이션/안티드론/임무장비/모듈/지상통제장비/통합솔루션/앱/기타,항공안전기술원_드론정보포털_기업명_사업분야_20240424 (1).csv,2024-04-24,인접,기체·전자·탑재체 하드웨어 공급망 후보,N,탐색용 분류이며 기업의 방산업체 지정·군 납품을 의미하지 않음
CMP0050,더대시,방송·공연,감시.정찰.수색/인프라관리/물류·운송·구조/공간정보/특수촬영/방역/방제/살포/환경측량/다목적 H/W/방송·공연/취미·교육/드론스테이션/안티드론/임무장비/모듈/지상통제장비/통합솔루션/앱/기타,항공안전기술원_드론정보포털_기업명_사업분야_20240424 (1).csv,2024-04-24,낮음,국방 연계 판단 근거로 사용하지 않음,N,탐색용 분류이며 기업의 방산업체 지정·군 납품을 의미하지 않음
CMP0050,더대시,취미·교육,감시.정찰.수색/인프라관리/물류·운송·구조/공간정보/특수촬영/방역/방제/살포/환경측량/다목적 H/W/방송·공연/취미·교육/드론스테이션/안티드론/임무장비/모듈/지상통제장비/통합솔루션/앱/기타,항공안전기술원_드론정보포털_기업명_사업분야_20240424 (1).csv,2024-04-24,낮음,국방 연계 판단 근거로 사용하지 않음,N,탐색용 분류이며 기업의 방산업체 지정·군 납품을 의미하지 않음
CMP0050,더대시,드론스테이션,감시.정찰.수색/인프라관리/물류·운송·구조/공간정보/특수촬영/방역/방제/살포/환경측량/다목적 H/W/방송·공연/취미·교육/드론스테이션/안티드론/임무장비/모듈/지상통제장비/통합솔루션/앱/기타,항공안전기술원_드론정보포털_기업명_사업분야_20240424 (1).csv,2024-04-24,인접,무인 운용·원격 통제 인프라 후보,N,탐색용 분류이며 기업의 방산업체 지정·군 납품을 의미하지 않음
CMP0050,더대시,안티드론,감시.정찰.수색/인프라관리/물류·운송·구조/공간정보/특수촬영/방역/방제/살포/환경측량/다목적 H/W/방송·공연/취미·교육/드론스테이션/안티드론/임무장비/모듈/지상통제장비/통합솔루션/앱/기타,항공안전기술원_드론정보포털_기업명_사업분야_20240424 (1).csv,2024-04-24,직접,대드론·C-UAS 용례와 직접 연결되는 사업분야,N,탐색용 분류이며 기업의 방산업체 지정·군 납품을 의미하지 않음
CMP0050,더대시,임무장비,감시.정찰.수색/인프라관리/물류·운송·구조/공간정보/특수촬영/방역/방제/살포/환경측량/다목적 H/W/방송·공연/취미·교육/드론스테이션/안티드론/임무장비/모듈/지상통제장비/통합솔루션/앱/기타,항공안전기술원_드론정보포털_기업명_사업분야_20240424 (1).csv,2024-04-24,직접,정찰·공격·지원 임무장비와 연결 가능,N,탐색용 분류이며 기업의 방산업체 지정·군 납품을 의미하지 않음
CMP0050,더대시,모듈,감시.정찰.수색/인프라관리/물류·운송·구조/공간정보/특수촬영/방역/방제/살포/환경측량/다목적 H/W/방송·공연/취미·교육/드론스테이션/안티드론/임무장비/모듈/지상통제장비/통합솔루션/앱/기타,항공안전기술원_드론정보포털_기업명_사업분야_20240424 (1).csv,2024-04-24,인접,국방 드론 부품·모듈 공급망 후보,N,탐색용 분류이며 기업의 방산업체 지정·군 납품을 의미하지 않음
CMP0050,더대시,지상통제장비,감시.정찰.수색/인프라관리/물류·운송·구조/공간정보/특수촬영/방역/방제/살포/환경측량/다목적 H/W/방송·공연/취미·교육/드론스테이션/안티드론/임무장비/모듈/지상통제장비/통합솔루션/앱/기타,항공안전기술원_드론정보포털_기업명_사업분야_20240424 (1).csv,2024-04-24,직접,GCS·임무통제와 연결 가능,N,탐색용 분류이며 기업의 방산업체 지정·군 납품을 의미하지 않음
CMP0050,더대시,통합솔루션,감시.정찰.수색/인프라관리/물류·운송·구조/공간정보/특수촬영/방역/방제/살포/환경측량/다목적 H/W/방송·공연/취미·교육/드론스테이션/안티드론/임무장비/모듈/지상통제장비/통합솔루션/앱/기타,항공안전기술원_드론정보포털_기업명_사업분야_20240424 (1).csv,2024-04-24,인접,체계통합·운용 소프트웨어와 연결 가능,N,탐색용 분류이며 기업의 방산업체 지정·군 납품을 의미하지 않음
CMP0050,더대시,앱,감시.정찰.수색/인프라관리/물류·운송·구조/공간정보/특수촬영/방역/방제/살포/환경측량/다목적 H/W/방송·공연/취미·교육/드론스테이션/안티드론/임무장비/모듈/지상통제장비/통합솔루션/앱/기타,항공안전기술원_드론정보포털_기업명_사업분야_20240424 (1).csv,2024-04-24,낮음,세부 기능 확인 전 국방 연계 판단 불가,N,탐색용 분류이며 기업의 방산업체 지정·군 납품을 의미하지 않음
CMP0050,더대시,기타,감시.정찰.수색/인프라관리/물류·운송·구조/공간정보/특수촬영/방역/방제/살포/환경측량/다목적 H/W/방송·공연/취미·교육/드론스테이션/안티드론/임무장비/모듈/지상통제장비/통합솔루션/앱/기타,항공안전기술원_드론정보포털_기업명_사업분야_20240424 (1).csv,2024-04-24,미확인,세부 내용 확인 필요,N,탐색용 분류이며 기업의 방산업체 지정·군 납품을 의미하지 않음
CMP0053,더하드,감시.정찰.수색,감시.정찰.수색/인프라관리/물류·운송·구조/방역/방제/살포,항공안전기술원_드론정보포털_기업명_사업분야_20240424 (1).csv,2024-04-24,직접,군 감시·정찰 임무와 직접 연결 가능,N,탐색용 분류이며 기업의 방산업체 지정·군 납품을 의미하지 않음
CMP0053,더하드,인프라관리,감시.정찰.수색/인프라관리/물류·운송·구조/방역/방제/살포,항공안전기술원_드론정보포털_기업명_사업분야_20240424 (1).csv,2024-04-24,일반,민수 활용 중심이나 군 시설 관리와 교차 가능,N,탐색용 분류이며 기업의 방산업체 지정·군 납품을 의미하지 않음
CMP0053,더하드,물류·운송·구조,감시.정찰.수색/인프라관리/물류·운송·구조/방역/방제/살포,항공안전기술원_드론정보포털_기업명_사업분야_20240424 (1).csv,2024-04-24,일반,군수·수송 용례와 교차 가능,N,탐색용 분류이며 기업의 방산업체 지정·군 납품을 의미하지 않음
CMP0053,더하드,방역/방제/살포,감시.정찰.수색/인프라관리/물류·운송·구조/방역/방제/살포,항공안전기술원_드론정보포털_기업명_사업분야_20240424 (1).csv,2024-04-24,낮음,주로 민수 활용,N,탐색용 분류이며 기업의 방산업체 지정·군 납품을 의미하지 않음
CMP0060,드로니아,감시.정찰.수색,감시.정찰.수색/인프라관리/물류·운송·구조/방역/방제/살포/다목적 H/W/취미·교육/통합솔루션/기타,항공안전기술원_드론정보포털_기업명_사업분야_20240424 (1).csv,2024-04-24,직접,군 감시·정찰 임무와 직접 연결 가능,N,탐색용 분류이며 기업의 방산업체 지정·군 납품을 의미하지 않음
CMP0060,드로니아,인프라관리,감시.정찰.수색/인프라관리/물류·운송·구조/방역/방제/살포/다목적 H/W/취미·교육/통합솔루션/기타,항공안전기술원_드론정보포털_기업명_사업분야_20240424 (1).csv,2024-04-24,일반,민수 활용 중심이나 군 시설 관리와 교차 가능,N,탐색용 분류이며 기업의 방산업체 지정·군 납품을 의미하지 않음
CMP0060,드로니아,물류·운송·구조,감시.정찰.수색/인프라관리/물류·운송·구조/방역/방제/살포/다목적 H/W/취미·교육/통합솔루션/기타,항공안전기술원_드론정보포털_기업명_사업분야_20240424 (1).csv,2024-04-24,일반,군수·수송 용례와 교차 가능,N,탐색용 분류이며 기업의 방산업체 지정·군 납품을 의미하지 않음
CMP0060,드로니아,방역/방제/살포,감시.정찰.수색/인프라관리/물류·운송·구조/방역/방제/살포/다목적 H/W/취미·교육/통합솔루션/기타,항공안전기술원_드론정보포털_기업명_사업분야_20240424 (1).csv,2024-04-24,낮음,주로 민수 활용,N,탐색용 분류이며 기업의 방산업체 지정·군 납품을 의미하지 않음
CMP0060,드로니아,다목적 H/W,감시.정찰.수색/인프라관리/물류·운송·구조/방역/방제/살포/다목적 H/W/취미·교육/통합솔루션/기타,항공안전기술원_드론정보포털_기업명_사업분야_20240424 (1).csv,2024-04-24,인접,기체·전자·탑재체 하드웨어 공급망 후보,N,탐색용 분류이며 기업의 방산업체 지정·군 납품을 의미하지 않음
CMP0060,드로니아,취미·교육,감시.정찰.수색/인프라관리/물류·운송·구조/방역/방제/살포/다목적 H/W/취미·교육/통합솔루션/기타,항공안전기술원_드론정보포털_기업명_사업분야_20240424 (1).csv,2024-04-24,낮음,국방 연계 판단 근거로 사용하지 않음,N,탐색용 분류이며 기업의 방산업체 지정·군 납품을 의미하지 않음
CMP0060,드로니아,통합솔루션,감시.정찰.수색/인프라관리/물류·운송·구조/방역/방제/살포/다목적 H/W/취미·교육/통합솔루션/기타,항공안전기술원_드론정보포털_기업명_사업분야_20240424 (1).csv,2024-04-24,인접,체계통합·운용 소프트웨어와 연결 가능,N,탐색용 분류이며 기업의 방산업체 지정·군 납품을 의미하지 않음
CMP0060,드로니아,기타,감시.정찰.수색/인프라관리/물류·운송·구조/방역/방제/살포/다목적 H/W/취미·교육/통합솔루션/기타,항공안전기술원_드론정보포털_기업명_사업분야_20240424 (1).csv,2024-04-24,미확인,세부 내용 확인 필요,N,탐색용 분류이며 기업의 방산업체 지정·군 납품을 의미하지 않음
CMP0061,드로미,공간정보,공간정보/특수촬영/환경측량/다목적 H/W/임무장비/모듈/지상통제장비/통합솔루션,항공안전기술원_드론정보포털_기업명_사업분야_20240424 (1).csv,2024-04-24,일반,군 지형·공간정보 용례와 교차 가능,N,탐색용 분류이며 기업의 방산업체 지정·군 납품을 의미하지 않음
CMP0061,드로미,특수촬영,공간정보/특수촬영/환경측량/다목적 H/W/임무장비/모듈/지상통제장비/통합솔루션,항공안전기술원_드론정보포털_기업명_사업분야_20240424 (1).csv,2024-04-24,일반,정찰 영상과 기술적으로 인접할 수 있음,N,탐색용 분류이며 기업의 방산업체 지정·군 납품을 의미하지 않음
CMP0061,드로미,환경측량,공간정보/특수촬영/환경측량/다목적 H/W/임무장비/모듈/지상통제장비/통합솔루션,항공안전기술원_드론정보포털_기업명_사업분야_20240424 (1).csv,2024-04-24,일반,군 환경·지형 조사와 교차 가능,N,탐색용 분류이며 기업의 방산업체 지정·군 납품을 의미하지 않음
CMP0061,드로미,다목적 H/W,공간정보/특수촬영/환경측량/다목적 H/W/임무장비/모듈/지상통제장비/통합솔루션,항공안전기술원_드론정보포털_기업명_사업분야_20240424 (1).csv,2024-04-24,인접,기체·전자·탑재체 하드웨어 공급망 후보,N,탐색용 분류이며 기업의 방산업체 지정·군 납품을 의미하지 않음
CMP0061,드로미,임무장비,공간정보/특수촬영/환경측량/다목적 H/W/임무장비/모듈/지상통제장비/통합솔루션,항공안전기술원_드론정보포털_기업명_사업분야_20240424 (1).csv,2024-04-24,직접,정찰·공격·지원 임무장비와 연결 가능,N,탐색용 분류이며 기업의 방산업체 지정·군 납품을 의미하지 않음
CMP0061,드로미,모듈,공간정보/특수촬영/환경측량/다목적 H/W/임무장비/모듈/지상통제장비/통합솔루션,항공안전기술원_드론정보포털_기업명_사업분야_20240424 (1).csv,2024-04-24,인접,국방 드론 부품·모듈 공급망 후보,N,탐색용 분류이며 기업의 방산업체 지정·군 납품을 의미하지 않음
CMP0061,드로미,지상통제장비,공간정보/특수촬영/환경측량/다목적 H/W/임무장비/모듈/지상통제장비/통합솔루션,항공안전기술원_드론정보포털_기업명_사업분야_20240424 (1).csv,2024-04-24,직접,GCS·임무통제와 연결 가능,N,탐색용 분류이며 기업의 방산업체 지정·군 납품을 의미하지 않음
CMP0061,드로미,통합솔루션,공간정보/특수촬영/환경측량/다목적 H/W/임무장비/모듈/지상통제장비/통합솔루션,항공안전기술원_드론정보포털_기업명_사업분야_20240424 (1).csv,2024-04-24,인접,체계통합·운용 소프트웨어와 연결 가능,N,탐색용 분류이며 기업의 방산업체 지정·군 납품을 의미하지 않음
CMP0074,드론프릭,감시.정찰.수색,감시.정찰.수색/인프라관리/물류·운송·구조/공간정보/특수촬영/방역/방제/살포/다목적 H/W/방송·공연/취미·교육/임무장비/모듈/지상통제장비/앱,항공안전기술원_드론정보포털_기업명_사업분야_20240424 (1).csv,2024-04-24,직접,군 감시·정찰 임무와 직접 연결 가능,N,탐색용 분류이며 기업의 방산업체 지정·군 납품을 의미하지 않음
CMP0074,드론프릭,인프라관리,감시.정찰.수색/인프라관리/물류·운송·구조/공간정보/특수촬영/방역/방제/살포/다목적 H/W/방송·공연/취미·교육/임무장비/모듈/지상통제장비/앱,항공안전기술원_드론정보포털_기업명_사업분야_20240424 (1).csv,2024-04-24,일반,민수 활용 중심이나 군 시설 관리와 교차 가능,N,탐색용 분류이며 기업의 방산업체 지정·군 납품을 의미하지 않음
CMP0074,드론프릭,물류·운송·구조,감시.정찰.수색/인프라관리/물류·운송·구조/공간정보/특수촬영/방역/방제/살포/다목적 H/W/방송·공연/취미·교육/임무장비/모듈/지상통제장비/앱,항공안전기술원_드론정보포털_기업명_사업분야_20240424 (1).csv,2024-04-24,일반,군수·수송 용례와 교차 가능,N,탐색용 분류이며 기업의 방산업체 지정·군 납품을 의미하지 않음
CMP0074,드론프릭,공간정보,감시.정찰.수색/인프라관리/물류·운송·구조/공간정보/특수촬영/방역/방제/살포/다목적 H/W/방송·공연/취미·교육/임무장비/모듈/지상통제장비/앱,항공안전기술원_드론정보포털_기업명_사업분야_20240424 (1).csv,2024-04-24,일반,군 지형·공간정보 용례와 교차 가능,N,탐색용 분류이며 기업의 방산업체 지정·군 납품을 의미하지 않음
CMP0074,드론프릭,특수촬영,감시.정찰.수색/인프라관리/물류·운송·구조/공간정보/특수촬영/방역/방제/살포/다목적 H/W/방송·공연/취미·교육/임무장비/모듈/지상통제장비/앱,항공안전기술원_드론정보포털_기업명_사업분야_20240424 (1).csv,2024-04-24,일반,정찰 영상과 기술적으로 인접할 수 있음,N,탐색용 분류이며 기업의 방산업체 지정·군 납품을 의미하지 않음
CMP0074,드론프릭,방역/방제/살포,감시.정찰.수색/인프라관리/물류·운송·구조/공간정보/특수촬영/방역/방제/살포/다목적 H/W/방송·공연/취미·교육/임무장비/모듈/지상통제장비/앱,항공안전기술원_드론정보포털_기업명_사업분야_20240424 (1).csv,2024-04-24,낮음,주로 민수 활용,N,탐색용 분류이며 기업의 방산업체 지정·군 납품을 의미하지 않음
CMP0074,드론프릭,다목적 H/W,감시.정찰.수색/인프라관리/물류·운송·구조/공간정보/특수촬영/방역/방제/살포/다목적 H/W/방송·공연/취미·교육/임무장비/모듈/지상통제장비/앱,항공안전기술원_드론정보포털_기업명_사업분야_20240424 (1).csv,2024-04-24,인접,기체·전자·탑재체 하드웨어 공급망 후보,N,탐색용 분류이며 기업의 방산업체 지정·군 납품을 의미하지 않음
CMP0074,드론프릭,방송·공연,감시.정찰.수색/인프라관리/물류·운송·구조/공간정보/특수촬영/방역/방제/살포/다목적 H/W/방송·공연/취미·교육/임무장비/모듈/지상통제장비/앱,항공안전기술원_드론정보포털_기업명_사업분야_20240424 (1).csv,2024-04-24,낮음,국방 연계 판단 근거로 사용하지 않음,N,탐색용 분류이며 기업의 방산업체 지정·군 납품을 의미하지 않음
CMP0074,드론프릭,취미·교육,감시.정찰.수색/인프라관리/물류·운송·구조/공간정보/특수촬영/방역/방제/살포/다목적 H/W/방송·공연/취미·교육/임무장비/모듈/지상통제장비/앱,항공안전기술원_드론정보포털_기업명_사업분야_20240424 (1).csv,2024-04-24,낮음,국방 연계 판단 근거로 사용하지 않음,N,탐색용 분류이며 기업의 방산업체 지정·군 납품을 의미하지 않음
CMP0074,드론프릭,임무장비,감시.정찰.수색/인프라관리/물류·운송·구조/공간정보/특수촬영/방역/방제/살포/다목적 H/W/방송·공연/취미·교육/임무장비/모듈/지상통제장비/앱,항공안전기술원_드론정보포털_기업명_사업분야_20240424 (1).csv,2024-04-24,직접,정찰·공격·지원 임무장비와 연결 가능,N,탐색용 분류이며 기업의 방산업체 지정·군 납품을 의미하지 않음
CMP0074,드론프릭,모듈,감시.정찰.수색/인프라관리/물류·운송·구조/공간정보/특수촬영/방역/방제/살포/다목적 H/W/방송·공연/취미·교육/임무장비/모듈/지상통제장비/앱,항공안전기술원_드론정보포털_기업명_사업분야_20240424 (1).csv,2024-04-24,인접,국방 드론 부품·모듈 공급망 후보,N,탐색용 분류이며 기업의 방산업체 지정·군 납품을 의미하지 않음
CMP0074,드론프릭,지상통제장비,감시.정찰.수색/인프라관리/물류·운송·구조/공간정보/특수촬영/방역/방제/살포/다목적 H/W/방송·공연/취미·교육/임무장비/모듈/지상통제장비/앱,항공안전기술원_드론정보포털_기업명_사업분야_20240424 (1).csv,2024-04-24,직접,GCS·임무통제와 연결 가능,N,탐색용 분류이며 기업의 방산업체 지정·군 납품을 의미하지 않음
CMP0074,드론프릭,앱,감시.정찰.수색/인프라관리/물류·운송·구조/공간정보/특수촬영/방역/방제/살포/다목적 H/W/방송·공연/취미·교육/임무장비/모듈/지상통제장비/앱,항공안전기술원_드론정보포털_기업명_사업분야_20240424 (1).csv,2024-04-24,낮음,세부 기능 확인 전 국방 연계 판단 불가,N,탐색용 분류이며 기업의 방산업체 지정·군 납품을 의미하지 않음
CMP0081,디에어,감시.정찰.수색,감시.정찰.수색/인프라관리/물류·운송·구조/다목적 H/W/드론스테이션/임무장비/지상통제장비/통합솔루션,항공안전기술원_드론정보포털_기업명_사업분야_20240424 (1).csv,2024-04-24,직접,군 감시·정찰 임무와 직접 연결 가능,N,탐색용 분류이며 기업의 방산업체 지정·군 납품을 의미하지 않음
CMP0081,디에어,인프라관리,감시.정찰.수색/인프라관리/물류·운송·구조/다목적 H/W/드론스테이션/임무장비/지상통제장비/통합솔루션,항공안전기술원_드론정보포털_기업명_사업분야_20240424 (1).csv,2024-04-24,일반,민수 활용 중심이나 군 시설 관리와 교차 가능,N,탐색용 분류이며 기업의 방산업체 지정·군 납품을 의미하지 않음
CMP0081,디에어,물류·운송·구조,감시.정찰.수색/인프라관리/물류·운송·구조/다목적 H/W/드론스테이션/임무장비/지상통제장비/통합솔루션,항공안전기술원_드론정보포털_기업명_사업분야_20240424 (1).csv,2024-04-24,일반,군수·수송 용례와 교차 가능,N,탐색용 분류이며 기업의 방산업체 지정·군 납품을 의미하지 않음
CMP0081,디에어,다목적 H/W,감시.정찰.수색/인프라관리/물류·운송·구조/다목적 H/W/드론스테이션/임무장비/지상통제장비/통합솔루션,항공안전기술원_드론정보포털_기업명_사업분야_20240424 (1).csv,2024-04-24,인접,기체·전자·탑재체 하드웨어 공급망 후보,N,탐색용 분류이며 기업의 방산업체 지정·군 납품을 의미하지 않음
CMP0081,디에어,드론스테이션,감시.정찰.수색/인프라관리/물류·운송·구조/다목적 H/W/드론스테이션/임무장비/지상통제장비/통합솔루션,항공안전기술원_드론정보포털_기업명_사업분야_20240424 (1).csv,2024-04-24,인접,무인 운용·원격 통제 인프라 후보,N,탐색용 분류이며 기업의 방산업체 지정·군 납품을 의미하지 않음
CMP0081,디에어,임무장비,감시.정찰.수색/인프라관리/물류·운송·구조/다목적 H/W/드론스테이션/임무장비/지상통제장비/통합솔루션,항공안전기술원_드론정보포털_기업명_사업분야_20240424 (1).csv,2024-04-24,직접,정찰·공격·지원 임무장비와 연결 가능,N,탐색용 분류이며 기업의 방산업체 지정·군 납품을 의미하지 않음
CMP0081,디에어,지상통제장비,감시.정찰.수색/인프라관리/물류·운송·구조/다목적 H/W/드론스테이션/임무장비/지상통제장비/통합솔루션,항공안전기술원_드론정보포털_기업명_사업분야_20240424 (1).csv,2024-04-24,직접,GCS·임무통제와 연결 가능,N,탐색용 분류이며 기업의 방산업체 지정·군 납품을 의미하지 않음
CMP0081,디에어,통합솔루션,감시.정찰.수색/인프라관리/물류·운송·구조/다목적 H/W/드론스테이션/임무장비/지상통제장비/통합솔루션,항공안전기술원_드론정보포털_기업명_사업분야_20240424 (1).csv,2024-04-24,인접,체계통합·운용 소프트웨어와 연결 가능,N,탐색용 분류이며 기업의 방산업체 지정·군 납품을 의미하지 않음
CMP0088,로텀,감시.정찰.수색,감시.정찰.수색/인프라관리/다목적 H/W/모듈,항공안전기술원_드론정보포털_기업명_사업분야_20240424 (1).csv,2024-04-24,직접,군 감시·정찰 임무와 직접 연결 가능,N,탐색용 분류이며 기업의 방산업체 지정·군 납품을 의미하지 않음
CMP0088,로텀,인프라관리,감시.정찰.수색/인프라관리/다목적 H/W/모듈,항공안전기술원_드론정보포털_기업명_사업분야_20240424 (1).csv,2024-04-24,일반,민수 활용 중심이나 군 시설 관리와 교차 가능,N,탐색용 분류이며 기업의 방산업체 지정·군 납품을 의미하지 않음
CMP0088,로텀,다목적 H/W,감시.정찰.수색/인프라관리/다목적 H/W/모듈,항공안전기술원_드론정보포털_기업명_사업분야_20240424 (1).csv,2024-04-24,인접,기체·전자·탑재체 하드웨어 공급망 후보,N,탐색용 분류이며 기업의 방산업체 지정·군 납품을 의미하지 않음
CMP0088,로텀,모듈,감시.정찰.수색/인프라관리/다목적 H/W/모듈,항공안전기술원_드론정보포털_기업명_사업분야_20240424 (1).csv,2024-04-24,인접,국방 드론 부품·모듈 공급망 후보,N,탐색용 분류이며 기업의 방산업체 지정·군 납품을 의미하지 않음
CMP0089,루프,안티드론,안티드론,항공안전기술원_드론정보포털_기업명_사업분야_20240424 (1).csv,2024-04-24,직접,대드론·C-UAS 용례와 직접 연결되는 사업분야,N,탐색용 분류이며 기업의 방산업체 지정·군 납품을 의미하지 않음
CMP0090,리맵,공간정보,공간정보/특수촬영/환경측량,항공안전기술원_드론정보포털_기업명_사업분야_20240424 (1).csv,2024-04-24,일반,군 지형·공간정보 용례와 교차 가능,N,탐색용 분류이며 기업의 방산업체 지정·군 납품을 의미하지 않음
CMP0090,리맵,특수촬영,공간정보/특수촬영/환경측량,항공안전기술원_드론정보포털_기업명_사업분야_20240424 (1).csv,2024-04-24,일반,정찰 영상과 기술적으로 인접할 수 있음,N,탐색용 분류이며 기업의 방산업체 지정·군 납품을 의미하지 않음
CMP0090,리맵,환경측량,공간정보/특수촬영/환경측량,항공안전기술원_드론정보포털_기업명_사업분야_20240424 (1).csv,2024-04-24,일반,군 환경·지형 조사와 교차 가능,N,탐색용 분류이며 기업의 방산업체 지정·군 납품을 의미하지 않음
CMP0092,리하이,공간정보,공간정보/특수촬영/방역/방제/살포/취미·교육,항공안전기술원_드론정보포털_기업명_사업분야_20240424 (1).csv,2024-04-24,일반,군 지형·공간정보 용례와 교차 가능,N,탐색용 분류이며 기업의 방산업체 지정·군 납품을 의미하지 않음
CMP0092,리하이,특수촬영,공간정보/특수촬영/방역/방제/살포/취미·교육,항공안전기술원_드론정보포털_기업명_사업분야_20240424 (1).csv,2024-04-24,일반,정찰 영상과 기술적으로 인접할 수 있음,N,탐색용 분류이며 기업의 방산업체 지정·군 납품을 의미하지 않음
CMP0092,리하이,방역/방제/살포,공간정보/특수촬영/방역/방제/살포/취미·교육,항공안전기술원_드론정보포털_기업명_사업분야_20240424 (1).csv,2024-04-24,낮음,주로 민수 활용,N,탐색용 분류이며 기업의 방산업체 지정·군 납품을 의미하지 않음
CMP0092,리하이,취미·교육,공간정보/특수촬영/방역/방제/살포/취미·교육,항공안전기술원_드론정보포털_기업명_사업분야_20240424 (1).csv,2024-04-24,낮음,국방 연계 판단 근거로 사용하지 않음,N,탐색용 분류이며 기업의 방산업체 지정·군 납품을 의미하지 않음
CMP0095,메이사,공간정보,공간정보/특수촬영/통합솔루션,항공안전기술원_드론정보포털_기업명_사업분야_20240424 (1).csv,2024-04-24,일반,군 지형·공간정보 용례와 교차 가능,N,탐색용 분류이며 기업의 방산업체 지정·군 납품을 의미하지 않음
CMP0095,메이사,특수촬영,공간정보/특수촬영/통합솔루션,항공안전기술원_드론정보포털_기업명_사업분야_20240424 (1).csv,2024-04-24,일반,정찰 영상과 기술적으로 인접할 수 있음,N,탐색용 분류이며 기업의 방산업체 지정·군 납품을 의미하지 않음
CMP0095,메이사,통합솔루션,공간정보/특수촬영/통합솔루션,항공안전기술원_드론정보포털_기업명_사업분야_20240424 (1).csv,2024-04-24,인접,체계통합·운용 소프트웨어와 연결 가능,N,탐색용 분류이며 기업의 방산업체 지정·군 납품을 의미하지 않음
CMP0103,무한정보기술,감시.정찰.수색,감시.정찰.수색/인프라관리/공간정보/특수촬영/통합솔루션/기타,항공안전기술원_드론정보포털_기업명_사업분야_20240424 (1).csv,2024-04-24,직접,군 감시·정찰 임무와 직접 연결 가능,N,탐색용 분류이며 기업의 방산업체 지정·군 납품을 의미하지 않음
CMP0103,무한정보기술,인프라관리,감시.정찰.수색/인프라관리/공간정보/특수촬영/통합솔루션/기타,항공안전기술원_드론정보포털_기업명_사업분야_20240424 (1).csv,2024-04-24,일반,민수 활용 중심이나 군 시설 관리와 교차 가능,N,탐색용 분류이며 기업의 방산업체 지정·군 납품을 의미하지 않음
CMP0103,무한정보기술,공간정보,감시.정찰.수색/인프라관리/공간정보/특수촬영/통합솔루션/기타,항공안전기술원_드론정보포털_기업명_사업분야_20240424 (1).csv,2024-04-24,일반,군 지형·공간정보 용례와 교차 가능,N,탐색용 분류이며 기업의 방산업체 지정·군 납품을 의미하지 않음
CMP0103,무한정보기술,특수촬영,감시.정찰.수색/인프라관리/공간정보/특수촬영/통합솔루션/기타,항공안전기술원_드론정보포털_기업명_사업분야_20240424 (1).csv,2024-04-24,일반,정찰 영상과 기술적으로 인접할 수 있음,N,탐색용 분류이며 기업의 방산업체 지정·군 납품을 의미하지 않음
CMP0103,무한정보기술,통합솔루션,감시.정찰.수색/인프라관리/공간정보/특수촬영/통합솔루션/기타,항공안전기술원_드론정보포털_기업명_사업분야_20240424 (1).csv,2024-04-24,인접,체계통합·운용 소프트웨어와 연결 가능,N,탐색용 분류이며 기업의 방산업체 지정·군 납품을 의미하지 않음
CMP0103,무한정보기술,기타,감시.정찰.수색/인프라관리/공간정보/특수촬영/통합솔루션/기타,항공안전기술원_드론정보포털_기업명_사업분야_20240424 (1).csv,2024-04-24,미확인,세부 내용 확인 필요,N,탐색용 분류이며 기업의 방산업체 지정·군 납품을 의미하지 않음
CMP0104,미래도시정보,감시.정찰.수색,감시.정찰.수색/인프라관리/물류·운송·구조/공간정보/특수촬영/방역/방제/살포/환경측량/취미·교육,항공안전기술원_드론정보포털_기업명_사업분야_20240424 (1).csv,2024-04-24,직접,군 감시·정찰 임무와 직접 연결 가능,N,탐색용 분류이며 기업의 방산업체 지정·군 납품을 의미하지 않음
CMP0104,미래도시정보,인프라관리,감시.정찰.수색/인프라관리/물류·운송·구조/공간정보/특수촬영/방역/방제/살포/환경측량/취미·교육,항공안전기술원_드론정보포털_기업명_사업분야_20240424 (1).csv,2024-04-24,일반,민수 활용 중심이나 군 시설 관리와 교차 가능,N,탐색용 분류이며 기업의 방산업체 지정·군 납품을 의미하지 않음
CMP0104,미래도시정보,물류·운송·구조,감시.정찰.수색/인프라관리/물류·운송·구조/공간정보/특수촬영/방역/방제/살포/환경측량/취미·교육,항공안전기술원_드론정보포털_기업명_사업분야_20240424 (1).csv,2024-04-24,일반,군수·수송 용례와 교차 가능,N,탐색용 분류이며 기업의 방산업체 지정·군 납품을 의미하지 않음
CMP0104,미래도시정보,공간정보,감시.정찰.수색/인프라관리/물류·운송·구조/공간정보/특수촬영/방역/방제/살포/환경측량/취미·교육,항공안전기술원_드론정보포털_기업명_사업분야_20240424 (1).csv,2024-04-24,일반,군 지형·공간정보 용례와 교차 가능,N,탐색용 분류이며 기업의 방산업체 지정·군 납품을 의미하지 않음
CMP0104,미래도시정보,특수촬영,감시.정찰.수색/인프라관리/물류·운송·구조/공간정보/특수촬영/방역/방제/살포/환경측량/취미·교육,항공안전기술원_드론정보포털_기업명_사업분야_20240424 (1).csv,2024-04-24,일반,정찰 영상과 기술적으로 인접할 수 있음,N,탐색용 분류이며 기업의 방산업체 지정·군 납품을 의미하지 않음
CMP0104,미래도시정보,방역/방제/살포,감시.정찰.수색/인프라관리/물류·운송·구조/공간정보/특수촬영/방역/방제/살포/환경측량/취미·교육,항공안전기술원_드론정보포털_기업명_사업분야_20240424 (1).csv,2024-04-24,낮음,주로 민수 활용,N,탐색용 분류이며 기업의 방산업체 지정·군 납품을 의미하지 않음
CMP0104,미래도시정보,환경측량,감시.정찰.수색/인프라관리/물류·운송·구조/공간정보/특수촬영/방역/방제/살포/환경측량/취미·교육,항공안전기술원_드론정보포털_기업명_사업분야_20240424 (1).csv,2024-04-24,일반,군 환경·지형 조사와 교차 가능,N,탐색용 분류이며 기업의 방산업체 지정·군 납품을 의미하지 않음
CMP0104,미래도시정보,취미·교육,감시.정찰.수색/인프라관리/물류·운송·구조/공간정보/특수촬영/방역/방제/살포/환경측량/취미·교육,항공안전기술원_드론정보포털_기업명_사업분야_20240424 (1).csv,2024-04-24,낮음,국방 연계 판단 근거로 사용하지 않음,N,탐색용 분류이며 기업의 방산업체 지정·군 납품을 의미하지 않음
CMP0107,보다,감시.정찰.수색,감시.정찰.수색/인프라관리/물류·운송·구조/공간정보/특수촬영/방역/방제/살포/취미·교육/통합솔루션/앱/기타,항공안전기술원_드론정보포털_기업명_사업분야_20240424 (1).csv,2024-04-24,직접,군 감시·정찰 임무와 직접 연결 가능,N,탐색용 분류이며 기업의 방산업체 지정·군 납품을 의미하지 않음
CMP0107,보다,인프라관리,감시.정찰.수색/인프라관리/물류·운송·구조/공간정보/특수촬영/방역/방제/살포/취미·교육/통합솔루션/앱/기타,항공안전기술원_드론정보포털_기업명_사업분야_20240424 (1).csv,2024-04-24,일반,민수 활용 중심이나 군 시설 관리와 교차 가능,N,탐색용 분류이며 기업의 방산업체 지정·군 납품을 의미하지 않음
CMP0107,보다,물류·운송·구조,감시.정찰.수색/인프라관리/물류·운송·구조/공간정보/특수촬영/방역/방제/살포/취미·교육/통합솔루션/앱/기타,항공안전기술원_드론정보포털_기업명_사업분야_20240424 (1).csv,2024-04-24,일반,군수·수송 용례와 교차 가능,N,탐색용 분류이며 기업의 방산업체 지정·군 납품을 의미하지 않음
CMP0107,보다,공간정보,감시.정찰.수색/인프라관리/물류·운송·구조/공간정보/특수촬영/방역/방제/살포/취미·교육/통합솔루션/앱/기타,항공안전기술원_드론정보포털_기업명_사업분야_20240424 (1).csv,2024-04-24,일반,군 지형·공간정보 용례와 교차 가능,N,탐색용 분류이며 기업의 방산업체 지정·군 납품을 의미하지 않음
CMP0107,보다,특수촬영,감시.정찰.수색/인프라관리/물류·운송·구조/공간정보/특수촬영/방역/방제/살포/취미·교육/통합솔루션/앱/기타,항공안전기술원_드론정보포털_기업명_사업분야_20240424 (1).csv,2024-04-24,일반,정찰 영상과 기술적으로 인접할 수 있음,N,탐색용 분류이며 기업의 방산업체 지정·군 납품을 의미하지 않음
CMP0107,보다,방역/방제/살포,감시.정찰.수색/인프라관리/물류·운송·구조/공간정보/특수촬영/방역/방제/살포/취미·교육/통합솔루션/앱/기타,항공안전기술원_드론정보포털_기업명_사업분야_20240424 (1).csv,2024-04-24,낮음,주로 민수 활용,N,탐색용 분류이며 기업의 방산업체 지정·군 납품을 의미하지 않음
CMP0107,보다,취미·교육,감시.정찰.수색/인프라관리/물류·운송·구조/공간정보/특수촬영/방역/방제/살포/취미·교육/통합솔루션/앱/기타,항공안전기술원_드론정보포털_기업명_사업분야_20240424 (1).csv,2024-04-24,낮음,국방 연계 판단 근거로 사용하지 않음,N,탐색용 분류이며 기업의 방산업체 지정·군 납품을 의미하지 않음
CMP0107,보다,통합솔루션,감시.정찰.수색/인프라관리/물류·운송·구조/공간정보/특수촬영/방역/방제/살포/취미·교육/통합솔루션/앱/기타,항공안전기술원_드론정보포털_기업명_사업분야_20240424 (1).csv,2024-04-24,인접,체계통합·운용 소프트웨어와 연결 가능,N,탐색용 분류이며 기업의 방산업체 지정·군 납품을 의미하지 않음
CMP0107,보다,앱,감시.정찰.수색/인프라관리/물류·운송·구조/공간정보/특수촬영/방역/방제/살포/취미·교육/통합솔루션/앱/기타,항공안전기술원_드론정보포털_기업명_사업분야_20240424 (1).csv,2024-04-24,낮음,세부 기능 확인 전 국방 연계 판단 불가,N,탐색용 분류이며 기업의 방산업체 지정·군 납품을 의미하지 않음
CMP0107,보다,기타,감시.정찰.수색/인프라관리/물류·운송·구조/공간정보/특수촬영/방역/방제/살포/취미·교육/통합솔루션/앱/기타,항공안전기술원_드론정보포털_기업명_사업분야_20240424 (1).csv,2024-04-24,미확인,세부 내용 확인 필요,N,탐색용 분류이며 기업의 방산업체 지정·군 납품을 의미하지 않음
CMP0114,뷰메진,공간정보,공간정보/특수촬영/환경측량/드론스테이션/지상통제장비/통합솔루션,항공안전기술원_드론정보포털_기업명_사업분야_20240424 (1).csv,2024-04-24,일반,군 지형·공간정보 용례와 교차 가능,N,탐색용 분류이며 기업의 방산업체 지정·군 납품을 의미하지 않음
CMP0114,뷰메진,특수촬영,공간정보/특수촬영/환경측량/드론스테이션/지상통제장비/통합솔루션,항공안전기술원_드론정보포털_기업명_사업분야_20240424 (1).csv,2024-04-24,일반,정찰 영상과 기술적으로 인접할 수 있음,N,탐색용 분류이며 기업의 방산업체 지정·군 납품을 의미하지 않음
CMP0114,뷰메진,환경측량,공간정보/특수촬영/환경측량/드론스테이션/지상통제장비/통합솔루션,항공안전기술원_드론정보포털_기업명_사업분야_20240424 (1).csv,2024-04-24,일반,군 환경·지형 조사와 교차 가능,N,탐색용 분류이며 기업의 방산업체 지정·군 납품을 의미하지 않음
CMP0114,뷰메진,드론스테이션,공간정보/특수촬영/환경측량/드론스테이션/지상통제장비/통합솔루션,항공안전기술원_드론정보포털_기업명_사업분야_20240424 (1).csv,2024-04-24,인접,무인 운용·원격 통제 인프라 후보,N,탐색용 분류이며 기업의 방산업체 지정·군 납품을 의미하지 않음
CMP0114,뷰메진,지상통제장비,공간정보/특수촬영/환경측량/드론스테이션/지상통제장비/통합솔루션,항공안전기술원_드론정보포털_기업명_사업분야_20240424 (1).csv,2024-04-24,직접,GCS·임무통제와 연결 가능,N,탐색용 분류이며 기업의 방산업체 지정·군 납품을 의미하지 않음
CMP0114,뷰메진,통합솔루션,공간정보/특수촬영/환경측량/드론스테이션/지상통제장비/통합솔루션,항공안전기술원_드론정보포털_기업명_사업분야_20240424 (1).csv,2024-04-24,인접,체계통합·운용 소프트웨어와 연결 가능,N,탐색용 분류이며 기업의 방산업체 지정·군 납품을 의미하지 않음
CMP0139,스카이엔터프라이즈,감시.정찰.수색,감시.정찰.수색/인프라관리/방송·공연/취미·교육,항공안전기술원_드론정보포털_기업명_사업분야_20240424 (1).csv,2024-04-24,직접,군 감시·정찰 임무와 직접 연결 가능,N,탐색용 분류이며 기업의 방산업체 지정·군 납품을 의미하지 않음
CMP0139,스카이엔터프라이즈,인프라관리,감시.정찰.수색/인프라관리/방송·공연/취미·교육,항공안전기술원_드론정보포털_기업명_사업분야_20240424 (1).csv,2024-04-24,일반,민수 활용 중심이나 군 시설 관리와 교차 가능,N,탐색용 분류이며 기업의 방산업체 지정·군 납품을 의미하지 않음
CMP0139,스카이엔터프라이즈,방송·공연,감시.정찰.수색/인프라관리/방송·공연/취미·교육,항공안전기술원_드론정보포털_기업명_사업분야_20240424 (1).csv,2024-04-24,낮음,국방 연계 판단 근거로 사용하지 않음,N,탐색용 분류이며 기업의 방산업체 지정·군 납품을 의미하지 않음
CMP0139,스카이엔터프라이즈,취미·교육,감시.정찰.수색/인프라관리/방송·공연/취미·교육,항공안전기술원_드론정보포털_기업명_사업분야_20240424 (1).csv,2024-04-24,낮음,국방 연계 판단 근거로 사용하지 않음,N,탐색용 분류이며 기업의 방산업체 지정·군 납품을 의미하지 않음
CMP0146,씨너렉스,모듈,모듈,항공안전기술원_드론정보포털_기업명_사업분야_20240424 (1).csv,2024-04-24,인접,국방 드론 부품·모듈 공급망 후보,N,탐색용 분류이며 기업의 방산업체 지정·군 납품을 의미하지 않음
CMP0147,아라레연구소,감시.정찰.수색,감시.정찰.수색/인프라관리/환경측량,항공안전기술원_드론정보포털_기업명_사업분야_20240424 (1).csv,2024-04-24,직접,군 감시·정찰 임무와 직접 연결 가능,N,탐색용 분류이며 기업의 방산업체 지정·군 납품을 의미하지 않음
CMP0147,아라레연구소,인프라관리,감시.정찰.수색/인프라관리/환경측량,항공안전기술원_드론정보포털_기업명_사업분야_20240424 (1).csv,2024-04-24,일반,민수 활용 중심이나 군 시설 관리와 교차 가능,N,탐색용 분류이며 기업의 방산업체 지정·군 납품을 의미하지 않음
CMP0147,아라레연구소,환경측량,감시.정찰.수색/인프라관리/환경측량,항공안전기술원_드론정보포털_기업명_사업분야_20240424 (1).csv,2024-04-24,일반,군 환경·지형 조사와 교차 가능,N,탐색용 분류이며 기업의 방산업체 지정·군 납품을 의미하지 않음
CMP0149,아소아,감시.정찰.수색,감시.정찰.수색/인프라관리/물류·운송·구조/공간정보/특수촬영/다목적 H/W/드론스테이션/안티드론/임무장비/모듈/지상통제장비/통합솔루션,항공안전기술원_드론정보포털_기업명_사업분야_20240424 (1).csv,2024-04-24,직접,군 감시·정찰 임무와 직접 연결 가능,N,탐색용 분류이며 기업의 방산업체 지정·군 납품을 의미하지 않음
CMP0149,아소아,인프라관리,감시.정찰.수색/인프라관리/물류·운송·구조/공간정보/특수촬영/다목적 H/W/드론스테이션/안티드론/임무장비/모듈/지상통제장비/통합솔루션,항공안전기술원_드론정보포털_기업명_사업분야_20240424 (1).csv,2024-04-24,일반,민수 활용 중심이나 군 시설 관리와 교차 가능,N,탐색용 분류이며 기업의 방산업체 지정·군 납품을 의미하지 않음
CMP0149,아소아,물류·운송·구조,감시.정찰.수색/인프라관리/물류·운송·구조/공간정보/특수촬영/다목적 H/W/드론스테이션/안티드론/임무장비/모듈/지상통제장비/통합솔루션,항공안전기술원_드론정보포털_기업명_사업분야_20240424 (1).csv,2024-04-24,일반,군수·수송 용례와 교차 가능,N,탐색용 분류이며 기업의 방산업체 지정·군 납품을 의미하지 않음
CMP0149,아소아,공간정보,감시.정찰.수색/인프라관리/물류·운송·구조/공간정보/특수촬영/다목적 H/W/드론스테이션/안티드론/임무장비/모듈/지상통제장비/통합솔루션,항공안전기술원_드론정보포털_기업명_사업분야_20240424 (1).csv,2024-04-24,일반,군 지형·공간정보 용례와 교차 가능,N,탐색용 분류이며 기업의 방산업체 지정·군 납품을 의미하지 않음
CMP0149,아소아,특수촬영,감시.정찰.수색/인프라관리/물류·운송·구조/공간정보/특수촬영/다목적 H/W/드론스테이션/안티드론/임무장비/모듈/지상통제장비/통합솔루션,항공안전기술원_드론정보포털_기업명_사업분야_20240424 (1).csv,2024-04-24,일반,정찰 영상과 기술적으로 인접할 수 있음,N,탐색용 분류이며 기업의 방산업체 지정·군 납품을 의미하지 않음
CMP0149,아소아,다목적 H/W,감시.정찰.수색/인프라관리/물류·운송·구조/공간정보/특수촬영/다목적 H/W/드론스테이션/안티드론/임무장비/모듈/지상통제장비/통합솔루션,항공안전기술원_드론정보포털_기업명_사업분야_20240424 (1).csv,2024-04-24,인접,기체·전자·탑재체 하드웨어 공급망 후보,N,탐색용 분류이며 기업의 방산업체 지정·군 납품을 의미하지 않음
CMP0149,아소아,드론스테이션,감시.정찰.수색/인프라관리/물류·운송·구조/공간정보/특수촬영/다목적 H/W/드론스테이션/안티드론/임무장비/모듈/지상통제장비/통합솔루션,항공안전기술원_드론정보포털_기업명_사업분야_20240424 (1).csv,2024-04-24,인접,무인 운용·원격 통제 인프라 후보,N,탐색용 분류이며 기업의 방산업체 지정·군 납품을 의미하지 않음
CMP0149,아소아,안티드론,감시.정찰.수색/인프라관리/물류·운송·구조/공간정보/특수촬영/다목적 H/W/드론스테이션/안티드론/임무장비/모듈/지상통제장비/통합솔루션,항공안전기술원_드론정보포털_기업명_사업분야_20240424 (1).csv,2024-04-24,직접,대드론·C-UAS 용례와 직접 연결되는 사업분야,N,탐색용 분류이며 기업의 방산업체 지정·군 납품을 의미하지 않음
CMP0149,아소아,임무장비,감시.정찰.수색/인프라관리/물류·운송·구조/공간정보/특수촬영/다목적 H/W/드론스테이션/안티드론/임무장비/모듈/지상통제장비/통합솔루션,항공안전기술원_드론정보포털_기업명_사업분야_20240424 (1).csv,2024-04-24,직접,정찰·공격·지원 임무장비와 연결 가능,N,탐색용 분류이며 기업의 방산업체 지정·군 납품을 의미하지 않음
CMP0149,아소아,모듈,감시.정찰.수색/인프라관리/물류·운송·구조/공간정보/특수촬영/다목적 H/W/드론스테이션/안티드론/임무장비/모듈/지상통제장비/통합솔루션,항공안전기술원_드론정보포털_기업명_사업분야_20240424 (1).csv,2024-04-24,인접,국방 드론 부품·모듈 공급망 후보,N,탐색용 분류이며 기업의 방산업체 지정·군 납품을 의미하지 않음
CMP0149,아소아,지상통제장비,감시.정찰.수색/인프라관리/물류·운송·구조/공간정보/특수촬영/다목적 H/W/드론스테이션/안티드론/임무장비/모듈/지상통제장비/통합솔루션,항공안전기술원_드론정보포털_기업명_사업분야_20240424 (1).csv,2024-04-24,직접,GCS·임무통제와 연결 가능,N,탐색용 분류이며 기업의 방산업체 지정·군 납품을 의미하지 않음
CMP0149,아소아,통합솔루션,감시.정찰.수색/인프라관리/물류·운송·구조/공간정보/특수촬영/다목적 H/W/드론스테이션/안티드론/임무장비/모듈/지상통제장비/통합솔루션,항공안전기술원_드론정보포털_기업명_사업분야_20240424 (1).csv,2024-04-24,인접,체계통합·운용 소프트웨어와 연결 가능,N,탐색용 분류이며 기업의 방산업체 지정·군 납품을 의미하지 않음
CMP0152,아이씨알 (ICR),통합솔루션,통합솔루션/기타,항공안전기술원_드론정보포털_기업명_사업분야_20240424 (1).csv,2024-04-24,인접,체계통합·운용 소프트웨어와 연결 가능,N,탐색용 분류이며 기업의 방산업체 지정·군 납품을 의미하지 않음
CMP0152,아이씨알 (ICR),기타,통합솔루션/기타,항공안전기술원_드론정보포털_기업명_사업분야_20240424 (1).csv,2024-04-24,미확인,세부 내용 확인 필요,N,탐색용 분류이며 기업의 방산업체 지정·군 납품을 의미하지 않음
CMP0161,업사이트,공간정보,공간정보/특수촬영/환경측량,항공안전기술원_드론정보포털_기업명_사업분야_20240424 (1).csv,2024-04-24,일반,군 지형·공간정보 용례와 교차 가능,N,탐색용 분류이며 기업의 방산업체 지정·군 납품을 의미하지 않음
CMP0161,업사이트,특수촬영,공간정보/특수촬영/환경측량,항공안전기술원_드론정보포털_기업명_사업분야_20240424 (1).csv,2024-04-24,일반,정찰 영상과 기술적으로 인접할 수 있음,N,탐색용 분류이며 기업의 방산업체 지정·군 납품을 의미하지 않음
CMP0161,업사이트,환경측량,공간정보/특수촬영/환경측량,항공안전기술원_드론정보포털_기업명_사업분야_20240424 (1).csv,2024-04-24,일반,군 환경·지형 조사와 교차 가능,N,탐색용 분류이며 기업의 방산업체 지정·군 납품을 의미하지 않음
CMP0169,에어로리서치,감시.정찰.수색,감시.정찰.수색/인프라관리/임무장비/통합솔루션,항공안전기술원_드론정보포털_기업명_사업분야_20240424 (1).csv,2024-04-24,직접,군 감시·정찰 임무와 직접 연결 가능,N,탐색용 분류이며 기업의 방산업체 지정·군 납품을 의미하지 않음
CMP0169,에어로리서치,인프라관리,감시.정찰.수색/인프라관리/임무장비/통합솔루션,항공안전기술원_드론정보포털_기업명_사업분야_20240424 (1).csv,2024-04-24,일반,민수 활용 중심이나 군 시설 관리와 교차 가능,N,탐색용 분류이며 기업의 방산업체 지정·군 납품을 의미하지 않음
CMP0169,에어로리서치,임무장비,감시.정찰.수색/인프라관리/임무장비/통합솔루션,항공안전기술원_드론정보포털_기업명_사업분야_20240424 (1).csv,2024-04-24,직접,정찰·공격·지원 임무장비와 연결 가능,N,탐색용 분류이며 기업의 방산업체 지정·군 납품을 의미하지 않음
CMP0169,에어로리서치,통합솔루션,감시.정찰.수색/인프라관리/임무장비/통합솔루션,항공안전기술원_드론정보포털_기업명_사업분야_20240424 (1).csv,2024-04-24,인접,체계통합·운용 소프트웨어와 연결 가능,N,탐색용 분류이며 기업의 방산업체 지정·군 납품을 의미하지 않음
CMP0171,에이디시스템,감시.정찰.수색,감시.정찰.수색/인프라관리/물류·운송·구조/공간정보/특수촬영,항공안전기술원_드론정보포털_기업명_사업분야_20240424 (1).csv,2024-04-24,직접,군 감시·정찰 임무와 직접 연결 가능,N,탐색용 분류이며 기업의 방산업체 지정·군 납품을 의미하지 않음
CMP0171,에이디시스템,인프라관리,감시.정찰.수색/인프라관리/물류·운송·구조/공간정보/특수촬영,항공안전기술원_드론정보포털_기업명_사업분야_20240424 (1).csv,2024-04-24,일반,민수 활용 중심이나 군 시설 관리와 교차 가능,N,탐색용 분류이며 기업의 방산업체 지정·군 납품을 의미하지 않음
CMP0171,에이디시스템,물류·운송·구조,감시.정찰.수색/인프라관리/물류·운송·구조/공간정보/특수촬영,항공안전기술원_드론정보포털_기업명_사업분야_20240424 (1).csv,2024-04-24,일반,군수·수송 용례와 교차 가능,N,탐색용 분류이며 기업의 방산업체 지정·군 납품을 의미하지 않음
CMP0171,에이디시스템,공간정보,감시.정찰.수색/인프라관리/물류·운송·구조/공간정보/특수촬영,항공안전기술원_드론정보포털_기업명_사업분야_20240424 (1).csv,2024-04-24,일반,군 지형·공간정보 용례와 교차 가능,N,탐색용 분류이며 기업의 방산업체 지정·군 납품을 의미하지 않음
CMP0171,에이디시스템,특수촬영,감시.정찰.수색/인프라관리/물류·운송·구조/공간정보/특수촬영,항공안전기술원_드론정보포털_기업명_사업분야_20240424 (1).csv,2024-04-24,일반,정찰 영상과 기술적으로 인접할 수 있음,N,탐색용 분류이며 기업의 방산업체 지정·군 납품을 의미하지 않음
CMP0172,에이디티,감시.정찰.수색,감시.정찰.수색/인프라관리,항공안전기술원_드론정보포털_기업명_사업분야_20240424 (1).csv,2024-04-24,직접,군 감시·정찰 임무와 직접 연결 가능,N,탐색용 분류이며 기업의 방산업체 지정·군 납품을 의미하지 않음
CMP0172,에이디티,인프라관리,감시.정찰.수색/인프라관리,항공안전기술원_드론정보포털_기업명_사업분야_20240424 (1).csv,2024-04-24,일반,민수 활용 중심이나 군 시설 관리와 교차 가능,N,탐색용 분류이며 기업의 방산업체 지정·군 납품을 의미하지 않음
CMP0174,에이스드론,감시.정찰.수색,감시.정찰.수색/인프라관리/물류·운송·구조/공간정보/특수촬영/방역/방제/살포/환경측량/다목적 H/W/방송·공연/취미·교육/드론스테이션/안티드론/임무장비/모듈/지상통제장비/통합솔루션/앱,항공안전기술원_드론정보포털_기업명_사업분야_20240424 (1).csv,2024-04-24,직접,군 감시·정찰 임무와 직접 연결 가능,N,탐색용 분류이며 기업의 방산업체 지정·군 납품을 의미하지 않음
CMP0174,에이스드론,인프라관리,감시.정찰.수색/인프라관리/물류·운송·구조/공간정보/특수촬영/방역/방제/살포/환경측량/다목적 H/W/방송·공연/취미·교육/드론스테이션/안티드론/임무장비/모듈/지상통제장비/통합솔루션/앱,항공안전기술원_드론정보포털_기업명_사업분야_20240424 (1).csv,2024-04-24,일반,민수 활용 중심이나 군 시설 관리와 교차 가능,N,탐색용 분류이며 기업의 방산업체 지정·군 납품을 의미하지 않음
CMP0174,에이스드론,물류·운송·구조,감시.정찰.수색/인프라관리/물류·운송·구조/공간정보/특수촬영/방역/방제/살포/환경측량/다목적 H/W/방송·공연/취미·교육/드론스테이션/안티드론/임무장비/모듈/지상통제장비/통합솔루션/앱,항공안전기술원_드론정보포털_기업명_사업분야_20240424 (1).csv,2024-04-24,일반,군수·수송 용례와 교차 가능,N,탐색용 분류이며 기업의 방산업체 지정·군 납품을 의미하지 않음
CMP0174,에이스드론,공간정보,감시.정찰.수색/인프라관리/물류·운송·구조/공간정보/특수촬영/방역/방제/살포/환경측량/다목적 H/W/방송·공연/취미·교육/드론스테이션/안티드론/임무장비/모듈/지상통제장비/통합솔루션/앱,항공안전기술원_드론정보포털_기업명_사업분야_20240424 (1).csv,2024-04-24,일반,군 지형·공간정보 용례와 교차 가능,N,탐색용 분류이며 기업의 방산업체 지정·군 납품을 의미하지 않음
CMP0174,에이스드론,특수촬영,감시.정찰.수색/인프라관리/물류·운송·구조/공간정보/특수촬영/방역/방제/살포/환경측량/다목적 H/W/방송·공연/취미·교육/드론스테이션/안티드론/임무장비/모듈/지상통제장비/통합솔루션/앱,항공안전기술원_드론정보포털_기업명_사업분야_20240424 (1).csv,2024-04-24,일반,정찰 영상과 기술적으로 인접할 수 있음,N,탐색용 분류이며 기업의 방산업체 지정·군 납품을 의미하지 않음
CMP0174,에이스드론,방역/방제/살포,감시.정찰.수색/인프라관리/물류·운송·구조/공간정보/특수촬영/방역/방제/살포/환경측량/다목적 H/W/방송·공연/취미·교육/드론스테이션/안티드론/임무장비/모듈/지상통제장비/통합솔루션/앱,항공안전기술원_드론정보포털_기업명_사업분야_20240424 (1).csv,2024-04-24,낮음,주로 민수 활용,N,탐색용 분류이며 기업의 방산업체 지정·군 납품을 의미하지 않음
CMP0174,에이스드론,환경측량,감시.정찰.수색/인프라관리/물류·운송·구조/공간정보/특수촬영/방역/방제/살포/환경측량/다목적 H/W/방송·공연/취미·교육/드론스테이션/안티드론/임무장비/모듈/지상통제장비/통합솔루션/앱,항공안전기술원_드론정보포털_기업명_사업분야_20240424 (1).csv,2024-04-24,일반,군 환경·지형 조사와 교차 가능,N,탐색용 분류이며 기업의 방산업체 지정·군 납품을 의미하지 않음
CMP0174,에이스드론,다목적 H/W,감시.정찰.수색/인프라관리/물류·운송·구조/공간정보/특수촬영/방역/방제/살포/환경측량/다목적 H/W/방송·공연/취미·교육/드론스테이션/안티드론/임무장비/모듈/지상통제장비/통합솔루션/앱,항공안전기술원_드론정보포털_기업명_사업분야_20240424 (1).csv,2024-04-24,인접,기체·전자·탑재체 하드웨어 공급망 후보,N,탐색용 분류이며 기업의 방산업체 지정·군 납품을 의미하지 않음
CMP0174,에이스드론,방송·공연,감시.정찰.수색/인프라관리/물류·운송·구조/공간정보/특수촬영/방역/방제/살포/환경측량/다목적 H/W/방송·공연/취미·교육/드론스테이션/안티드론/임무장비/모듈/지상통제장비/통합솔루션/앱,항공안전기술원_드론정보포털_기업명_사업분야_20240424 (1).csv,2024-04-24,낮음,국방 연계 판단 근거로 사용하지 않음,N,탐색용 분류이며 기업의 방산업체 지정·군 납품을 의미하지 않음
CMP0174,에이스드론,취미·교육,감시.정찰.수색/인프라관리/물류·운송·구조/공간정보/특수촬영/방역/방제/살포/환경측량/다목적 H/W/방송·공연/취미·교육/드론스테이션/안티드론/임무장비/모듈/지상통제장비/통합솔루션/앱,항공안전기술원_드론정보포털_기업명_사업분야_20240424 (1).csv,2024-04-24,낮음,국방 연계 판단 근거로 사용하지 않음,N,탐색용 분류이며 기업의 방산업체 지정·군 납품을 의미하지 않음
CMP0174,에이스드론,드론스테이션,감시.정찰.수색/인프라관리/물류·운송·구조/공간정보/특수촬영/방역/방제/살포/환경측량/다목적 H/W/방송·공연/취미·교육/드론스테이션/안티드론/임무장비/모듈/지상통제장비/통합솔루션/앱,항공안전기술원_드론정보포털_기업명_사업분야_20240424 (1).csv,2024-04-24,인접,무인 운용·원격 통제 인프라 후보,N,탐색용 분류이며 기업의 방산업체 지정·군 납품을 의미하지 않음
CMP0174,에이스드론,안티드론,감시.정찰.수색/인프라관리/물류·운송·구조/공간정보/특수촬영/방역/방제/살포/환경측량/다목적 H/W/방송·공연/취미·교육/드론스테이션/안티드론/임무장비/모듈/지상통제장비/통합솔루션/앱,항공안전기술원_드론정보포털_기업명_사업분야_20240424 (1).csv,2024-04-24,직접,대드론·C-UAS 용례와 직접 연결되는 사업분야,N,탐색용 분류이며 기업의 방산업체 지정·군 납품을 의미하지 않음
CMP0174,에이스드론,임무장비,감시.정찰.수색/인프라관리/물류·운송·구조/공간정보/특수촬영/방역/방제/살포/환경측량/다목적 H/W/방송·공연/취미·교육/드론스테이션/안티드론/임무장비/모듈/지상통제장비/통합솔루션/앱,항공안전기술원_드론정보포털_기업명_사업분야_20240424 (1).csv,2024-04-24,직접,정찰·공격·지원 임무장비와 연결 가능,N,탐색용 분류이며 기업의 방산업체 지정·군 납품을 의미하지 않음
CMP0174,에이스드론,모듈,감시.정찰.수색/인프라관리/물류·운송·구조/공간정보/특수촬영/방역/방제/살포/환경측량/다목적 H/W/방송·공연/취미·교육/드론스테이션/안티드론/임무장비/모듈/지상통제장비/통합솔루션/앱,항공안전기술원_드론정보포털_기업명_사업분야_20240424 (1).csv,2024-04-24,인접,국방 드론 부품·모듈 공급망 후보,N,탐색용 분류이며 기업의 방산업체 지정·군 납품을 의미하지 않음
CMP0174,에이스드론,지상통제장비,감시.정찰.수색/인프라관리/물류·운송·구조/공간정보/특수촬영/방역/방제/살포/환경측량/다목적 H/W/방송·공연/취미·교육/드론스테이션/안티드론/임무장비/모듈/지상통제장비/통합솔루션/앱,항공안전기술원_드론정보포털_기업명_사업분야_20240424 (1).csv,2024-04-24,직접,GCS·임무통제와 연결 가능,N,탐색용 분류이며 기업의 방산업체 지정·군 납품을 의미하지 않음
CMP0174,에이스드론,통합솔루션,감시.정찰.수색/인프라관리/물류·운송·구조/공간정보/특수촬영/방역/방제/살포/환경측량/다목적 H/W/방송·공연/취미·교육/드론스테이션/안티드론/임무장비/모듈/지상통제장비/통합솔루션/앱,항공안전기술원_드론정보포털_기업명_사업분야_20240424 (1).csv,2024-04-24,인접,체계통합·운용 소프트웨어와 연결 가능,N,탐색용 분류이며 기업의 방산업체 지정·군 납품을 의미하지 않음
CMP0174,에이스드론,앱,감시.정찰.수색/인프라관리/물류·운송·구조/공간정보/특수촬영/방역/방제/살포/환경측량/다목적 H/W/방송·공연/취미·교육/드론스테이션/안티드론/임무장비/모듈/지상통제장비/통합솔루션/앱,항공안전기술원_드론정보포털_기업명_사업분야_20240424 (1).csv,2024-04-24,낮음,세부 기능 확인 전 국방 연계 판단 불가,N,탐색용 분류이며 기업의 방산업체 지정·군 납품을 의미하지 않음
CMP0175,에이알엑스,방역/방제/살포,방역/방제/살포/환경측량/다목적 H/W/취미·교육/안티드론/임무장비/모듈/지상통제장비/물류·운송·구조/공간정보/특수촬영/감시.정찰.수색/인프라관리,항공안전기술원_드론정보포털_기업명_사업분야_20240424 (1).csv,2024-04-24,낮음,주로 민수 활용,N,탐색용 분류이며 기업의 방산업체 지정·군 납품을 의미하지 않음
CMP0175,에이알엑스,환경측량,방역/방제/살포/환경측량/다목적 H/W/취미·교육/안티드론/임무장비/모듈/지상통제장비/물류·운송·구조/공간정보/특수촬영/감시.정찰.수색/인프라관리,항공안전기술원_드론정보포털_기업명_사업분야_20240424 (1).csv,2024-04-24,일반,군 환경·지형 조사와 교차 가능,N,탐색용 분류이며 기업의 방산업체 지정·군 납품을 의미하지 않음
CMP0175,에이알엑스,다목적 H/W,방역/방제/살포/환경측량/다목적 H/W/취미·교육/안티드론/임무장비/모듈/지상통제장비/물류·운송·구조/공간정보/특수촬영/감시.정찰.수색/인프라관리,항공안전기술원_드론정보포털_기업명_사업분야_20240424 (1).csv,2024-04-24,인접,기체·전자·탑재체 하드웨어 공급망 후보,N,탐색용 분류이며 기업의 방산업체 지정·군 납품을 의미하지 않음
CMP0175,에이알엑스,취미·교육,방역/방제/살포/환경측량/다목적 H/W/취미·교육/안티드론/임무장비/모듈/지상통제장비/물류·운송·구조/공간정보/특수촬영/감시.정찰.수색/인프라관리,항공안전기술원_드론정보포털_기업명_사업분야_20240424 (1).csv,2024-04-24,낮음,국방 연계 판단 근거로 사용하지 않음,N,탐색용 분류이며 기업의 방산업체 지정·군 납품을 의미하지 않음
CMP0175,에이알엑스,안티드론,방역/방제/살포/환경측량/다목적 H/W/취미·교육/안티드론/임무장비/모듈/지상통제장비/물류·운송·구조/공간정보/특수촬영/감시.정찰.수색/인프라관리,항공안전기술원_드론정보포털_기업명_사업분야_20240424 (1).csv,2024-04-24,직접,대드론·C-UAS 용례와 직접 연결되는 사업분야,N,탐색용 분류이며 기업의 방산업체 지정·군 납품을 의미하지 않음
CMP0175,에이알엑스,임무장비,방역/방제/살포/환경측량/다목적 H/W/취미·교육/안티드론/임무장비/모듈/지상통제장비/물류·운송·구조/공간정보/특수촬영/감시.정찰.수색/인프라관리,항공안전기술원_드론정보포털_기업명_사업분야_20240424 (1).csv,2024-04-24,직접,정찰·공격·지원 임무장비와 연결 가능,N,탐색용 분류이며 기업의 방산업체 지정·군 납품을 의미하지 않음
CMP0175,에이알엑스,모듈,방역/방제/살포/환경측량/다목적 H/W/취미·교육/안티드론/임무장비/모듈/지상통제장비/물류·운송·구조/공간정보/특수촬영/감시.정찰.수색/인프라관리,항공안전기술원_드론정보포털_기업명_사업분야_20240424 (1).csv,2024-04-24,인접,국방 드론 부품·모듈 공급망 후보,N,탐색용 분류이며 기업의 방산업체 지정·군 납품을 의미하지 않음
CMP0175,에이알엑스,지상통제장비,방역/방제/살포/환경측량/다목적 H/W/취미·교육/안티드론/임무장비/모듈/지상통제장비/물류·운송·구조/공간정보/특수촬영/감시.정찰.수색/인프라관리,항공안전기술원_드론정보포털_기업명_사업분야_20240424 (1).csv,2024-04-24,직접,GCS·임무통제와 연결 가능,N,탐색용 분류이며 기업의 방산업체 지정·군 납품을 의미하지 않음
CMP0175,에이알엑스,물류·운송·구조,방역/방제/살포/환경측량/다목적 H/W/취미·교육/안티드론/임무장비/모듈/지상통제장비/물류·운송·구조/공간정보/특수촬영/감시.정찰.수색/인프라관리,항공안전기술원_드론정보포털_기업명_사업분야_20240424 (1).csv,2024-04-24,일반,군수·수송 용례와 교차 가능,N,탐색용 분류이며 기업의 방산업체 지정·군 납품을 의미하지 않음
CMP0175,에이알엑스,공간정보,방역/방제/살포/환경측량/다목적 H/W/취미·교육/안티드론/임무장비/모듈/지상통제장비/물류·운송·구조/공간정보/특수촬영/감시.정찰.수색/인프라관리,항공안전기술원_드론정보포털_기업명_사업분야_20240424 (1).csv,2024-04-24,일반,군 지형·공간정보 용례와 교차 가능,N,탐색용 분류이며 기업의 방산업체 지정·군 납품을 의미하지 않음
CMP0175,에이알엑스,특수촬영,방역/방제/살포/환경측량/다목적 H/W/취미·교육/안티드론/임무장비/모듈/지상통제장비/물류·운송·구조/공간정보/특수촬영/감시.정찰.수색/인프라관리,항공안전기술원_드론정보포털_기업명_사업분야_20240424 (1).csv,2024-04-24,일반,정찰 영상과 기술적으로 인접할 수 있음,N,탐색용 분류이며 기업의 방산업체 지정·군 납품을 의미하지 않음
CMP0175,에이알엑스,감시.정찰.수색,방역/방제/살포/환경측량/다목적 H/W/취미·교육/안티드론/임무장비/모듈/지상통제장비/물류·운송·구조/공간정보/특수촬영/감시.정찰.수색/인프라관리,항공안전기술원_드론정보포털_기업명_사업분야_20240424 (1).csv,2024-04-24,직접,군 감시·정찰 임무와 직접 연결 가능,N,탐색용 분류이며 기업의 방산업체 지정·군 납품을 의미하지 않음
CMP0175,에이알엑스,인프라관리,방역/방제/살포/환경측량/다목적 H/W/취미·교육/안티드론/임무장비/모듈/지상통제장비/물류·운송·구조/공간정보/특수촬영/감시.정찰.수색/인프라관리,항공안전기술원_드론정보포털_기업명_사업분야_20240424 (1).csv,2024-04-24,일반,민수 활용 중심이나 군 시설 관리와 교차 가능,N,탐색용 분류이며 기업의 방산업체 지정·군 납품을 의미하지 않음
CMP0179,에이엠피,감시.정찰.수색,감시.정찰.수색/인프라관리/환경측량,항공안전기술원_드론정보포털_기업명_사업분야_20240424 (1).csv,2024-04-24,직접,군 감시·정찰 임무와 직접 연결 가능,N,탐색용 분류이며 기업의 방산업체 지정·군 납품을 의미하지 않음
CMP0179,에이엠피,인프라관리,감시.정찰.수색/인프라관리/환경측량,항공안전기술원_드론정보포털_기업명_사업분야_20240424 (1).csv,2024-04-24,일반,민수 활용 중심이나 군 시설 관리와 교차 가능,N,탐색용 분류이며 기업의 방산업체 지정·군 납품을 의미하지 않음
CMP0179,에이엠피,환경측량,감시.정찰.수색/인프라관리/환경측량,항공안전기술원_드론정보포털_기업명_사업분야_20240424 (1).csv,2024-04-24,일반,군 환경·지형 조사와 교차 가능,N,탐색용 분류이며 기업의 방산업체 지정·군 납품을 의미하지 않음
CMP0183,에프엠웍스,감시.정찰.수색,감시.정찰.수색/인프라관리/공간정보/특수촬영/방역/방제/살포/환경측량/다목적 H/W/임무장비/지상통제장비/통합솔루션/앱,항공안전기술원_드론정보포털_기업명_사업분야_20240424 (1).csv,2024-04-24,직접,군 감시·정찰 임무와 직접 연결 가능,N,탐색용 분류이며 기업의 방산업체 지정·군 납품을 의미하지 않음
CMP0183,에프엠웍스,인프라관리,감시.정찰.수색/인프라관리/공간정보/특수촬영/방역/방제/살포/환경측량/다목적 H/W/임무장비/지상통제장비/통합솔루션/앱,항공안전기술원_드론정보포털_기업명_사업분야_20240424 (1).csv,2024-04-24,일반,민수 활용 중심이나 군 시설 관리와 교차 가능,N,탐색용 분류이며 기업의 방산업체 지정·군 납품을 의미하지 않음
CMP0183,에프엠웍스,공간정보,감시.정찰.수색/인프라관리/공간정보/특수촬영/방역/방제/살포/환경측량/다목적 H/W/임무장비/지상통제장비/통합솔루션/앱,항공안전기술원_드론정보포털_기업명_사업분야_20240424 (1).csv,2024-04-24,일반,군 지형·공간정보 용례와 교차 가능,N,탐색용 분류이며 기업의 방산업체 지정·군 납품을 의미하지 않음
CMP0183,에프엠웍스,특수촬영,감시.정찰.수색/인프라관리/공간정보/특수촬영/방역/방제/살포/환경측량/다목적 H/W/임무장비/지상통제장비/통합솔루션/앱,항공안전기술원_드론정보포털_기업명_사업분야_20240424 (1).csv,2024-04-24,일반,정찰 영상과 기술적으로 인접할 수 있음,N,탐색용 분류이며 기업의 방산업체 지정·군 납품을 의미하지 않음
CMP0183,에프엠웍스,방역/방제/살포,감시.정찰.수색/인프라관리/공간정보/특수촬영/방역/방제/살포/환경측량/다목적 H/W/임무장비/지상통제장비/통합솔루션/앱,항공안전기술원_드론정보포털_기업명_사업분야_20240424 (1).csv,2024-04-24,낮음,주로 민수 활용,N,탐색용 분류이며 기업의 방산업체 지정·군 납품을 의미하지 않음
CMP0183,에프엠웍스,환경측량,감시.정찰.수색/인프라관리/공간정보/특수촬영/방역/방제/살포/환경측량/다목적 H/W/임무장비/지상통제장비/통합솔루션/앱,항공안전기술원_드론정보포털_기업명_사업분야_20240424 (1).csv,2024-04-24,일반,군 환경·지형 조사와 교차 가능,N,탐색용 분류이며 기업의 방산업체 지정·군 납품을 의미하지 않음
CMP0183,에프엠웍스,다목적 H/W,감시.정찰.수색/인프라관리/공간정보/특수촬영/방역/방제/살포/환경측량/다목적 H/W/임무장비/지상통제장비/통합솔루션/앱,항공안전기술원_드론정보포털_기업명_사업분야_20240424 (1).csv,2024-04-24,인접,기체·전자·탑재체 하드웨어 공급망 후보,N,탐색용 분류이며 기업의 방산업체 지정·군 납품을 의미하지 않음
CMP0183,에프엠웍스,임무장비,감시.정찰.수색/인프라관리/공간정보/특수촬영/방역/방제/살포/환경측량/다목적 H/W/임무장비/지상통제장비/통합솔루션/앱,항공안전기술원_드론정보포털_기업명_사업분야_20240424 (1).csv,2024-04-24,직접,정찰·공격·지원 임무장비와 연결 가능,N,탐색용 분류이며 기업의 방산업체 지정·군 납품을 의미하지 않음
CMP0183,에프엠웍스,지상통제장비,감시.정찰.수색/인프라관리/공간정보/특수촬영/방역/방제/살포/환경측량/다목적 H/W/임무장비/지상통제장비/통합솔루션/앱,항공안전기술원_드론정보포털_기업명_사업분야_20240424 (1).csv,2024-04-24,직접,GCS·임무통제와 연결 가능,N,탐색용 분류이며 기업의 방산업체 지정·군 납품을 의미하지 않음
CMP0183,에프엠웍스,통합솔루션,감시.정찰.수색/인프라관리/공간정보/특수촬영/방역/방제/살포/환경측량/다목적 H/W/임무장비/지상통제장비/통합솔루션/앱,항공안전기술원_드론정보포털_기업명_사업분야_20240424 (1).csv,2024-04-24,인접,체계통합·운용 소프트웨어와 연결 가능,N,탐색용 분류이며 기업의 방산업체 지정·군 납품을 의미하지 않음
CMP0183,에프엠웍스,앱,감시.정찰.수색/인프라관리/공간정보/특수촬영/방역/방제/살포/환경측량/다목적 H/W/임무장비/지상통제장비/통합솔루션/앱,항공안전기술원_드론정보포털_기업명_사업분야_20240424 (1).csv,2024-04-24,낮음,세부 기능 확인 전 국방 연계 판단 불가,N,탐색용 분류이며 기업의 방산업체 지정·군 납품을 의미하지 않음
CMP0191,엠엠피,공간정보,공간정보/특수촬영,항공안전기술원_드론정보포털_기업명_사업분야_20240424 (1).csv,2024-04-24,일반,군 지형·공간정보 용례와 교차 가능,N,탐색용 분류이며 기업의 방산업체 지정·군 납품을 의미하지 않음
CMP0191,엠엠피,특수촬영,공간정보/특수촬영,항공안전기술원_드론정보포털_기업명_사업분야_20240424 (1).csv,2024-04-24,일반,정찰 영상과 기술적으로 인접할 수 있음,N,탐색용 분류이며 기업의 방산업체 지정·군 납품을 의미하지 않음
CMP0197,우리아이오,임무장비,임무장비/감시.정찰.수색/인프라관리/환경측량,항공안전기술원_드론정보포털_기업명_사업분야_20240424 (1).csv,2024-04-24,직접,정찰·공격·지원 임무장비와 연결 가능,N,탐색용 분류이며 기업의 방산업체 지정·군 납품을 의미하지 않음
CMP0197,우리아이오,감시.정찰.수색,임무장비/감시.정찰.수색/인프라관리/환경측량,항공안전기술원_드론정보포털_기업명_사업분야_20240424 (1).csv,2024-04-24,직접,군 감시·정찰 임무와 직접 연결 가능,N,탐색용 분류이며 기업의 방산업체 지정·군 납품을 의미하지 않음
CMP0197,우리아이오,인프라관리,임무장비/감시.정찰.수색/인프라관리/환경측량,항공안전기술원_드론정보포털_기업명_사업분야_20240424 (1).csv,2024-04-24,일반,민수 활용 중심이나 군 시설 관리와 교차 가능,N,탐색용 분류이며 기업의 방산업체 지정·군 납품을 의미하지 않음
CMP0197,우리아이오,환경측량,임무장비/감시.정찰.수색/인프라관리/환경측량,항공안전기술원_드론정보포털_기업명_사업분야_20240424 (1).csv,2024-04-24,일반,군 환경·지형 조사와 교차 가능,N,탐색용 분류이며 기업의 방산업체 지정·군 납품을 의미하지 않음
CMP0204,유인프라,감시.정찰.수색,감시.정찰.수색/인프라관리/공간정보/특수촬영/환경측량/드론스테이션/임무장비/지상통제장비/통합솔루션/기타,항공안전기술원_드론정보포털_기업명_사업분야_20240424 (1).csv,2024-04-24,직접,군 감시·정찰 임무와 직접 연결 가능,N,탐색용 분류이며 기업의 방산업체 지정·군 납품을 의미하지 않음
CMP0204,유인프라,인프라관리,감시.정찰.수색/인프라관리/공간정보/특수촬영/환경측량/드론스테이션/임무장비/지상통제장비/통합솔루션/기타,항공안전기술원_드론정보포털_기업명_사업분야_20240424 (1).csv,2024-04-24,일반,민수 활용 중심이나 군 시설 관리와 교차 가능,N,탐색용 분류이며 기업의 방산업체 지정·군 납품을 의미하지 않음
CMP0204,유인프라,공간정보,감시.정찰.수색/인프라관리/공간정보/특수촬영/환경측량/드론스테이션/임무장비/지상통제장비/통합솔루션/기타,항공안전기술원_드론정보포털_기업명_사업분야_20240424 (1).csv,2024-04-24,일반,군 지형·공간정보 용례와 교차 가능,N,탐색용 분류이며 기업의 방산업체 지정·군 납품을 의미하지 않음
CMP0204,유인프라,특수촬영,감시.정찰.수색/인프라관리/공간정보/특수촬영/환경측량/드론스테이션/임무장비/지상통제장비/통합솔루션/기타,항공안전기술원_드론정보포털_기업명_사업분야_20240424 (1).csv,2024-04-24,일반,정찰 영상과 기술적으로 인접할 수 있음,N,탐색용 분류이며 기업의 방산업체 지정·군 납품을 의미하지 않음
CMP0204,유인프라,환경측량,감시.정찰.수색/인프라관리/공간정보/특수촬영/환경측량/드론스테이션/임무장비/지상통제장비/통합솔루션/기타,항공안전기술원_드론정보포털_기업명_사업분야_20240424 (1).csv,2024-04-24,일반,군 환경·지형 조사와 교차 가능,N,탐색용 분류이며 기업의 방산업체 지정·군 납품을 의미하지 않음
CMP0204,유인프라,드론스테이션,감시.정찰.수색/인프라관리/공간정보/특수촬영/환경측량/드론스테이션/임무장비/지상통제장비/통합솔루션/기타,항공안전기술원_드론정보포털_기업명_사업분야_20240424 (1).csv,2024-04-24,인접,무인 운용·원격 통제 인프라 후보,N,탐색용 분류이며 기업의 방산업체 지정·군 납품을 의미하지 않음
CMP0204,유인프라,임무장비,감시.정찰.수색/인프라관리/공간정보/특수촬영/환경측량/드론스테이션/임무장비/지상통제장비/통합솔루션/기타,항공안전기술원_드론정보포털_기업명_사업분야_20240424 (1).csv,2024-04-24,직접,정찰·공격·지원 임무장비와 연결 가능,N,탐색용 분류이며 기업의 방산업체 지정·군 납품을 의미하지 않음
CMP0204,유인프라,지상통제장비,감시.정찰.수색/인프라관리/공간정보/특수촬영/환경측량/드론스테이션/임무장비/지상통제장비/통합솔루션/기타,항공안전기술원_드론정보포털_기업명_사업분야_20240424 (1).csv,2024-04-24,직접,GCS·임무통제와 연결 가능,N,탐색용 분류이며 기업의 방산업체 지정·군 납품을 의미하지 않음
CMP0204,유인프라,통합솔루션,감시.정찰.수색/인프라관리/공간정보/특수촬영/환경측량/드론스테이션/임무장비/지상통제장비/통합솔루션/기타,항공안전기술원_드론정보포털_기업명_사업분야_20240424 (1).csv,2024-04-24,인접,체계통합·운용 소프트웨어와 연결 가능,N,탐색용 분류이며 기업의 방산업체 지정·군 납품을 의미하지 않음
CMP0204,유인프라,기타,감시.정찰.수색/인프라관리/공간정보/특수촬영/환경측량/드론스테이션/임무장비/지상통제장비/통합솔루션/기타,항공안전기술원_드론정보포털_기업명_사업분야_20240424 (1).csv,2024-04-24,미확인,세부 내용 확인 필요,N,탐색용 분류이며 기업의 방산업체 지정·군 납품을 의미하지 않음
CMP0210,이스온,통합솔루션,통합솔루션/기타/다목적 H/W/드론스테이션/임무장비/감시.정찰.수색/인프라관리/환경측량,항공안전기술원_드론정보포털_기업명_사업분야_20240424 (1).csv,2024-04-24,인접,체계통합·운용 소프트웨어와 연결 가능,N,탐색용 분류이며 기업의 방산업체 지정·군 납품을 의미하지 않음
CMP0210,이스온,기타,통합솔루션/기타/다목적 H/W/드론스테이션/임무장비/감시.정찰.수색/인프라관리/환경측량,항공안전기술원_드론정보포털_기업명_사업분야_20240424 (1).csv,2024-04-24,미확인,세부 내용 확인 필요,N,탐색용 분류이며 기업의 방산업체 지정·군 납품을 의미하지 않음
CMP0210,이스온,다목적 H/W,통합솔루션/기타/다목적 H/W/드론스테이션/임무장비/감시.정찰.수색/인프라관리/환경측량,항공안전기술원_드론정보포털_기업명_사업분야_20240424 (1).csv,2024-04-24,인접,기체·전자·탑재체 하드웨어 공급망 후보,N,탐색용 분류이며 기업의 방산업체 지정·군 납품을 의미하지 않음
CMP0210,이스온,드론스테이션,통합솔루션/기타/다목적 H/W/드론스테이션/임무장비/감시.정찰.수색/인프라관리/환경측량,항공안전기술원_드론정보포털_기업명_사업분야_20240424 (1).csv,2024-04-24,인접,무인 운용·원격 통제 인프라 후보,N,탐색용 분류이며 기업의 방산업체 지정·군 납품을 의미하지 않음
CMP0210,이스온,임무장비,통합솔루션/기타/다목적 H/W/드론스테이션/임무장비/감시.정찰.수색/인프라관리/환경측량,항공안전기술원_드론정보포털_기업명_사업분야_20240424 (1).csv,2024-04-24,직접,정찰·공격·지원 임무장비와 연결 가능,N,탐색용 분류이며 기업의 방산업체 지정·군 납품을 의미하지 않음
CMP0210,이스온,감시.정찰.수색,통합솔루션/기타/다목적 H/W/드론스테이션/임무장비/감시.정찰.수색/인프라관리/환경측량,항공안전기술원_드론정보포털_기업명_사업분야_20240424 (1).csv,2024-04-24,직접,군 감시·정찰 임무와 직접 연결 가능,N,탐색용 분류이며 기업의 방산업체 지정·군 납품을 의미하지 않음
CMP0210,이스온,인프라관리,통합솔루션/기타/다목적 H/W/드론스테이션/임무장비/감시.정찰.수색/인프라관리/환경측량,항공안전기술원_드론정보포털_기업명_사업분야_20240424 (1).csv,2024-04-24,일반,민수 활용 중심이나 군 시설 관리와 교차 가능,N,탐색용 분류이며 기업의 방산업체 지정·군 납품을 의미하지 않음
CMP0210,이스온,환경측량,통합솔루션/기타/다목적 H/W/드론스테이션/임무장비/감시.정찰.수색/인프라관리/환경측량,항공안전기술원_드론정보포털_기업명_사업분야_20240424 (1).csv,2024-04-24,일반,군 환경·지형 조사와 교차 가능,N,탐색용 분류이며 기업의 방산업체 지정·군 납품을 의미하지 않음
CMP0236,코코드론,감시.정찰.수색,감시.정찰.수색/인프라관리/공간정보/특수촬영/취미·교육/드론스테이션,항공안전기술원_드론정보포털_기업명_사업분야_20240424 (1).csv,2024-04-24,직접,군 감시·정찰 임무와 직접 연결 가능,N,탐색용 분류이며 기업의 방산업체 지정·군 납품을 의미하지 않음
CMP0236,코코드론,인프라관리,감시.정찰.수색/인프라관리/공간정보/특수촬영/취미·교육/드론스테이션,항공안전기술원_드론정보포털_기업명_사업분야_20240424 (1).csv,2024-04-24,일반,민수 활용 중심이나 군 시설 관리와 교차 가능,N,탐색용 분류이며 기업의 방산업체 지정·군 납품을 의미하지 않음
CMP0236,코코드론,공간정보,감시.정찰.수색/인프라관리/공간정보/특수촬영/취미·교육/드론스테이션,항공안전기술원_드론정보포털_기업명_사업분야_20240424 (1).csv,2024-04-24,일반,군 지형·공간정보 용례와 교차 가능,N,탐색용 분류이며 기업의 방산업체 지정·군 납품을 의미하지 않음
CMP0236,코코드론,특수촬영,감시.정찰.수색/인프라관리/공간정보/특수촬영/취미·교육/드론스테이션,항공안전기술원_드론정보포털_기업명_사업분야_20240424 (1).csv,2024-04-24,일반,정찰 영상과 기술적으로 인접할 수 있음,N,탐색용 분류이며 기업의 방산업체 지정·군 납품을 의미하지 않음
CMP0236,코코드론,취미·교육,감시.정찰.수색/인프라관리/공간정보/특수촬영/취미·교육/드론스테이션,항공안전기술원_드론정보포털_기업명_사업분야_20240424 (1).csv,2024-04-24,낮음,국방 연계 판단 근거로 사용하지 않음,N,탐색용 분류이며 기업의 방산업체 지정·군 납품을 의미하지 않음
CMP0236,코코드론,드론스테이션,감시.정찰.수색/인프라관리/공간정보/특수촬영/취미·교육/드론스테이션,항공안전기술원_드론정보포털_기업명_사업분야_20240424 (1).csv,2024-04-24,인접,무인 운용·원격 통제 인프라 후보,N,탐색용 분류이며 기업의 방산업체 지정·군 납품을 의미하지 않음
CMP0237,클로버스튜디오,지상통제장비,지상통제장비/통합솔루션/앱,항공안전기술원_드론정보포털_기업명_사업분야_20240424 (1).csv,2024-04-24,직접,GCS·임무통제와 연결 가능,N,탐색용 분류이며 기업의 방산업체 지정·군 납품을 의미하지 않음
CMP0237,클로버스튜디오,통합솔루션,지상통제장비/통합솔루션/앱,항공안전기술원_드론정보포털_기업명_사업분야_20240424 (1).csv,2024-04-24,인접,체계통합·운용 소프트웨어와 연결 가능,N,탐색용 분류이며 기업의 방산업체 지정·군 납품을 의미하지 않음
CMP0237,클로버스튜디오,앱,지상통제장비/통합솔루션/앱,항공안전기술원_드론정보포털_기업명_사업분야_20240424 (1).csv,2024-04-24,낮음,세부 기능 확인 전 국방 연계 판단 불가,N,탐색용 분류이며 기업의 방산업체 지정·군 납품을 의미하지 않음
CMP0247,팰콘샵,감시.정찰.수색,감시.정찰.수색/인프라관리/물류·운송·구조/취미·교육/임무장비/모듈/통합솔루션,항공안전기술원_드론정보포털_기업명_사업분야_20240424 (1).csv,2024-04-24,직접,군 감시·정찰 임무와 직접 연결 가능,N,탐색용 분류이며 기업의 방산업체 지정·군 납품을 의미하지 않음
CMP0247,팰콘샵,인프라관리,감시.정찰.수색/인프라관리/물류·운송·구조/취미·교육/임무장비/모듈/통합솔루션,항공안전기술원_드론정보포털_기업명_사업분야_20240424 (1).csv,2024-04-24,일반,민수 활용 중심이나 군 시설 관리와 교차 가능,N,탐색용 분류이며 기업의 방산업체 지정·군 납품을 의미하지 않음
CMP0247,팰콘샵,물류·운송·구조,감시.정찰.수색/인프라관리/물류·운송·구조/취미·교육/임무장비/모듈/통합솔루션,항공안전기술원_드론정보포털_기업명_사업분야_20240424 (1).csv,2024-04-24,일반,군수·수송 용례와 교차 가능,N,탐색용 분류이며 기업의 방산업체 지정·군 납품을 의미하지 않음
CMP0247,팰콘샵,취미·교육,감시.정찰.수색/인프라관리/물류·운송·구조/취미·교육/임무장비/모듈/통합솔루션,항공안전기술원_드론정보포털_기업명_사업분야_20240424 (1).csv,2024-04-24,낮음,국방 연계 판단 근거로 사용하지 않음,N,탐색용 분류이며 기업의 방산업체 지정·군 납품을 의미하지 않음
CMP0247,팰콘샵,임무장비,감시.정찰.수색/인프라관리/물류·운송·구조/취미·교육/임무장비/모듈/통합솔루션,항공안전기술원_드론정보포털_기업명_사업분야_20240424 (1).csv,2024-04-24,직접,정찰·공격·지원 임무장비와 연결 가능,N,탐색용 분류이며 기업의 방산업체 지정·군 납품을 의미하지 않음
CMP0247,팰콘샵,모듈,감시.정찰.수색/인프라관리/물류·운송·구조/취미·교육/임무장비/모듈/통합솔루션,항공안전기술원_드론정보포털_기업명_사업분야_20240424 (1).csv,2024-04-24,인접,국방 드론 부품·모듈 공급망 후보,N,탐색용 분류이며 기업의 방산업체 지정·군 납품을 의미하지 않음
CMP0247,팰콘샵,통합솔루션,감시.정찰.수색/인프라관리/물류·운송·구조/취미·교육/임무장비/모듈/통합솔루션,항공안전기술원_드론정보포털_기업명_사업분야_20240424 (1).csv,2024-04-24,인접,체계통합·운용 소프트웨어와 연결 가능,N,탐색용 분류이며 기업의 방산업체 지정·군 납품을 의미하지 않음
CMP0253,프로펠,감시.정찰.수색,감시.정찰.수색/인프라관리/물류·운송·구조/공간정보/특수촬영/환경측량/다목적 H/W/드론스테이션/임무장비,항공안전기술원_드론정보포털_기업명_사업분야_20240424 (1).csv,2024-04-24,직접,군 감시·정찰 임무와 직접 연결 가능,N,탐색용 분류이며 기업의 방산업체 지정·군 납품을 의미하지 않음
CMP0253,프로펠,인프라관리,감시.정찰.수색/인프라관리/물류·운송·구조/공간정보/특수촬영/환경측량/다목적 H/W/드론스테이션/임무장비,항공안전기술원_드론정보포털_기업명_사업분야_20240424 (1).csv,2024-04-24,일반,민수 활용 중심이나 군 시설 관리와 교차 가능,N,탐색용 분류이며 기업의 방산업체 지정·군 납품을 의미하지 않음
CMP0253,프로펠,물류·운송·구조,감시.정찰.수색/인프라관리/물류·운송·구조/공간정보/특수촬영/환경측량/다목적 H/W/드론스테이션/임무장비,항공안전기술원_드론정보포털_기업명_사업분야_20240424 (1).csv,2024-04-24,일반,군수·수송 용례와 교차 가능,N,탐색용 분류이며 기업의 방산업체 지정·군 납품을 의미하지 않음
CMP0253,프로펠,공간정보,감시.정찰.수색/인프라관리/물류·운송·구조/공간정보/특수촬영/환경측량/다목적 H/W/드론스테이션/임무장비,항공안전기술원_드론정보포털_기업명_사업분야_20240424 (1).csv,2024-04-24,일반,군 지형·공간정보 용례와 교차 가능,N,탐색용 분류이며 기업의 방산업체 지정·군 납품을 의미하지 않음
CMP0253,프로펠,특수촬영,감시.정찰.수색/인프라관리/물류·운송·구조/공간정보/특수촬영/환경측량/다목적 H/W/드론스테이션/임무장비,항공안전기술원_드론정보포털_기업명_사업분야_20240424 (1).csv,2024-04-24,일반,정찰 영상과 기술적으로 인접할 수 있음,N,탐색용 분류이며 기업의 방산업체 지정·군 납품을 의미하지 않음
CMP0253,프로펠,환경측량,감시.정찰.수색/인프라관리/물류·운송·구조/공간정보/특수촬영/환경측량/다목적 H/W/드론스테이션/임무장비,항공안전기술원_드론정보포털_기업명_사업분야_20240424 (1).csv,2024-04-24,일반,군 환경·지형 조사와 교차 가능,N,탐색용 분류이며 기업의 방산업체 지정·군 납품을 의미하지 않음
CMP0253,프로펠,다목적 H/W,감시.정찰.수색/인프라관리/물류·운송·구조/공간정보/특수촬영/환경측량/다목적 H/W/드론스테이션/임무장비,항공안전기술원_드론정보포털_기업명_사업분야_20240424 (1).csv,2024-04-24,인접,기체·전자·탑재체 하드웨어 공급망 후보,N,탐색용 분류이며 기업의 방산업체 지정·군 납품을 의미하지 않음
CMP0253,프로펠,드론스테이션,감시.정찰.수색/인프라관리/물류·운송·구조/공간정보/특수촬영/환경측량/다목적 H/W/드론스테이션/임무장비,항공안전기술원_드론정보포털_기업명_사업분야_20240424 (1).csv,2024-04-24,인접,무인 운용·원격 통제 인프라 후보,N,탐색용 분류이며 기업의 방산업체 지정·군 납품을 의미하지 않음
CMP0253,프로펠,임무장비,감시.정찰.수색/인프라관리/물류·운송·구조/공간정보/특수촬영/환경측량/다목적 H/W/드론스테이션/임무장비,항공안전기술원_드론정보포털_기업명_사업분야_20240424 (1).csv,2024-04-24,직접,정찰·공격·지원 임무장비와 연결 가능,N,탐색용 분류이며 기업의 방산업체 지정·군 납품을 의미하지 않음
CMP0259,하늘로,지상통제장비,지상통제장비/기타,항공안전기술원_드론정보포털_기업명_사업분야_20240424 (1).csv,2024-04-24,직접,GCS·임무통제와 연결 가능,N,탐색용 분류이며 기업의 방산업체 지정·군 납품을 의미하지 않음
CMP0259,하늘로,기타,지상통제장비/기타,항공안전기술원_드론정보포털_기업명_사업분야_20240424 (1).csv,2024-04-24,미확인,세부 내용 확인 필요,N,탐색용 분류이며 기업의 방산업체 지정·군 납품을 의미하지 않음
CMP0280,한울드론,감시.정찰.수색,감시.정찰.수색/인프라관리/물류·운송·구조/임무장비/모듈,항공안전기술원_드론정보포털_기업명_사업분야_20240424 (1).csv,2024-04-24,직접,군 감시·정찰 임무와 직접 연결 가능,N,탐색용 분류이며 기업의 방산업체 지정·군 납품을 의미하지 않음
CMP0280,한울드론,인프라관리,감시.정찰.수색/인프라관리/물류·운송·구조/임무장비/모듈,항공안전기술원_드론정보포털_기업명_사업분야_20240424 (1).csv,2024-04-24,일반,민수 활용 중심이나 군 시설 관리와 교차 가능,N,탐색용 분류이며 기업의 방산업체 지정·군 납품을 의미하지 않음
CMP0280,한울드론,물류·운송·구조,감시.정찰.수색/인프라관리/물류·운송·구조/임무장비/모듈,항공안전기술원_드론정보포털_기업명_사업분야_20240424 (1).csv,2024-04-24,일반,군수·수송 용례와 교차 가능,N,탐색용 분류이며 기업의 방산업체 지정·군 납품을 의미하지 않음
CMP0280,한울드론,임무장비,감시.정찰.수색/인프라관리/물류·운송·구조/임무장비/모듈,항공안전기술원_드론정보포털_기업명_사업분야_20240424 (1).csv,2024-04-24,직접,정찰·공격·지원 임무장비와 연결 가능,N,탐색용 분류이며 기업의 방산업체 지정·군 납품을 의미하지 않음
CMP0280,한울드론,모듈,감시.정찰.수색/인프라관리/물류·운송·구조/임무장비/모듈,항공안전기술원_드론정보포털_기업명_사업분야_20240424 (1).csv,2024-04-24,인접,국방 드론 부품·모듈 공급망 후보,N,탐색용 분류이며 기업의 방산업체 지정·군 납품을 의미하지 않음
CMP0288,헤디,감시.정찰.수색,감시.정찰.수색/인프라관리/물류·운송·구조/방역/방제/살포/다목적 H/W/드론스테이션/임무장비/모듈/지상통제장비/앱/기타,항공안전기술원_드론정보포털_기업명_사업분야_20240424 (1).csv,2024-04-24,직접,군 감시·정찰 임무와 직접 연결 가능,N,탐색용 분류이며 기업의 방산업체 지정·군 납품을 의미하지 않음
CMP0288,헤디,인프라관리,감시.정찰.수색/인프라관리/물류·운송·구조/방역/방제/살포/다목적 H/W/드론스테이션/임무장비/모듈/지상통제장비/앱/기타,항공안전기술원_드론정보포털_기업명_사업분야_20240424 (1).csv,2024-04-24,일반,민수 활용 중심이나 군 시설 관리와 교차 가능,N,탐색용 분류이며 기업의 방산업체 지정·군 납품을 의미하지 않음
CMP0288,헤디,물류·운송·구조,감시.정찰.수색/인프라관리/물류·운송·구조/방역/방제/살포/다목적 H/W/드론스테이션/임무장비/모듈/지상통제장비/앱/기타,항공안전기술원_드론정보포털_기업명_사업분야_20240424 (1).csv,2024-04-24,일반,군수·수송 용례와 교차 가능,N,탐색용 분류이며 기업의 방산업체 지정·군 납품을 의미하지 않음
CMP0288,헤디,방역/방제/살포,감시.정찰.수색/인프라관리/물류·운송·구조/방역/방제/살포/다목적 H/W/드론스테이션/임무장비/모듈/지상통제장비/앱/기타,항공안전기술원_드론정보포털_기업명_사업분야_20240424 (1).csv,2024-04-24,낮음,주로 민수 활용,N,탐색용 분류이며 기업의 방산업체 지정·군 납품을 의미하지 않음
CMP0288,헤디,다목적 H/W,감시.정찰.수색/인프라관리/물류·운송·구조/방역/방제/살포/다목적 H/W/드론스테이션/임무장비/모듈/지상통제장비/앱/기타,항공안전기술원_드론정보포털_기업명_사업분야_20240424 (1).csv,2024-04-24,인접,기체·전자·탑재체 하드웨어 공급망 후보,N,탐색용 분류이며 기업의 방산업체 지정·군 납품을 의미하지 않음
CMP0288,헤디,드론스테이션,감시.정찰.수색/인프라관리/물류·운송·구조/방역/방제/살포/다목적 H/W/드론스테이션/임무장비/모듈/지상통제장비/앱/기타,항공안전기술원_드론정보포털_기업명_사업분야_20240424 (1).csv,2024-04-24,인접,무인 운용·원격 통제 인프라 후보,N,탐색용 분류이며 기업의 방산업체 지정·군 납품을 의미하지 않음
CMP0288,헤디,임무장비,감시.정찰.수색/인프라관리/물류·운송·구조/방역/방제/살포/다목적 H/W/드론스테이션/임무장비/모듈/지상통제장비/앱/기타,항공안전기술원_드론정보포털_기업명_사업분야_20240424 (1).csv,2024-04-24,직접,정찰·공격·지원 임무장비와 연결 가능,N,탐색용 분류이며 기업의 방산업체 지정·군 납품을 의미하지 않음
CMP0288,헤디,모듈,감시.정찰.수색/인프라관리/물류·운송·구조/방역/방제/살포/다목적 H/W/드론스테이션/임무장비/모듈/지상통제장비/앱/기타,항공안전기술원_드론정보포털_기업명_사업분야_20240424 (1).csv,2024-04-24,인접,국방 드론 부품·모듈 공급망 후보,N,탐색용 분류이며 기업의 방산업체 지정·군 납품을 의미하지 않음
CMP0288,헤디,지상통제장비,감시.정찰.수색/인프라관리/물류·운송·구조/방역/방제/살포/다목적 H/W/드론스테이션/임무장비/모듈/지상통제장비/앱/기타,항공안전기술원_드론정보포털_기업명_사업분야_20240424 (1).csv,2024-04-24,직접,GCS·임무통제와 연결 가능,N,탐색용 분류이며 기업의 방산업체 지정·군 납품을 의미하지 않음
CMP0288,헤디,앱,감시.정찰.수색/인프라관리/물류·운송·구조/방역/방제/살포/다목적 H/W/드론스테이션/임무장비/모듈/지상통제장비/앱/기타,항공안전기술원_드론정보포털_기업명_사업분야_20240424 (1).csv,2024-04-24,낮음,세부 기능 확인 전 국방 연계 판단 불가,N,탐색용 분류이며 기업의 방산업체 지정·군 납품을 의미하지 않음
CMP0288,헤디,기타,감시.정찰.수색/인프라관리/물류·운송·구조/방역/방제/살포/다목적 H/W/드론스테이션/임무장비/모듈/지상통제장비/앱/기타,항공안전기술원_드론정보포털_기업명_사업분야_20240424 (1).csv,2024-04-24,미확인,세부 내용 확인 필요,N,탐색용 분류이며 기업의 방산업체 지정·군 납품을 의미하지 않음
CMP0290,헬셀,통합솔루션,통합솔루션/드론스테이션/임무장비/감시.정찰.수색/인프라관리/물류·운송·구조/공간정보/특수촬영/방역/방제/살포/환경측량/다목적 H/W/방송·공연/취미·교육,항공안전기술원_드론정보포털_기업명_사업분야_20240424 (1).csv,2024-04-24,인접,체계통합·운용 소프트웨어와 연결 가능,N,탐색용 분류이며 기업의 방산업체 지정·군 납품을 의미하지 않음
CMP0290,헬셀,드론스테이션,통합솔루션/드론스테이션/임무장비/감시.정찰.수색/인프라관리/물류·운송·구조/공간정보/특수촬영/방역/방제/살포/환경측량/다목적 H/W/방송·공연/취미·교육,항공안전기술원_드론정보포털_기업명_사업분야_20240424 (1).csv,2024-04-24,인접,무인 운용·원격 통제 인프라 후보,N,탐색용 분류이며 기업의 방산업체 지정·군 납품을 의미하지 않음
CMP0290,헬셀,임무장비,통합솔루션/드론스테이션/임무장비/감시.정찰.수색/인프라관리/물류·운송·구조/공간정보/특수촬영/방역/방제/살포/환경측량/다목적 H/W/방송·공연/취미·교육,항공안전기술원_드론정보포털_기업명_사업분야_20240424 (1).csv,2024-04-24,직접,정찰·공격·지원 임무장비와 연결 가능,N,탐색용 분류이며 기업의 방산업체 지정·군 납품을 의미하지 않음
CMP0290,헬셀,감시.정찰.수색,통합솔루션/드론스테이션/임무장비/감시.정찰.수색/인프라관리/물류·운송·구조/공간정보/특수촬영/방역/방제/살포/환경측량/다목적 H/W/방송·공연/취미·교육,항공안전기술원_드론정보포털_기업명_사업분야_20240424 (1).csv,2024-04-24,직접,군 감시·정찰 임무와 직접 연결 가능,N,탐색용 분류이며 기업의 방산업체 지정·군 납품을 의미하지 않음
CMP0290,헬셀,인프라관리,통합솔루션/드론스테이션/임무장비/감시.정찰.수색/인프라관리/물류·운송·구조/공간정보/특수촬영/방역/방제/살포/환경측량/다목적 H/W/방송·공연/취미·교육,항공안전기술원_드론정보포털_기업명_사업분야_20240424 (1).csv,2024-04-24,일반,민수 활용 중심이나 군 시설 관리와 교차 가능,N,탐색용 분류이며 기업의 방산업체 지정·군 납품을 의미하지 않음
CMP0290,헬셀,물류·운송·구조,통합솔루션/드론스테이션/임무장비/감시.정찰.수색/인프라관리/물류·운송·구조/공간정보/특수촬영/방역/방제/살포/환경측량/다목적 H/W/방송·공연/취미·교육,항공안전기술원_드론정보포털_기업명_사업분야_20240424 (1).csv,2024-04-24,일반,군수·수송 용례와 교차 가능,N,탐색용 분류이며 기업의 방산업체 지정·군 납품을 의미하지 않음
CMP0290,헬셀,공간정보,통합솔루션/드론스테이션/임무장비/감시.정찰.수색/인프라관리/물류·운송·구조/공간정보/특수촬영/방역/방제/살포/환경측량/다목적 H/W/방송·공연/취미·교육,항공안전기술원_드론정보포털_기업명_사업분야_20240424 (1).csv,2024-04-24,일반,군 지형·공간정보 용례와 교차 가능,N,탐색용 분류이며 기업의 방산업체 지정·군 납품을 의미하지 않음
CMP0290,헬셀,특수촬영,통합솔루션/드론스테이션/임무장비/감시.정찰.수색/인프라관리/물류·운송·구조/공간정보/특수촬영/방역/방제/살포/환경측량/다목적 H/W/방송·공연/취미·교육,항공안전기술원_드론정보포털_기업명_사업분야_20240424 (1).csv,2024-04-24,일반,정찰 영상과 기술적으로 인접할 수 있음,N,탐색용 분류이며 기업의 방산업체 지정·군 납품을 의미하지 않음
CMP0290,헬셀,방역/방제/살포,통합솔루션/드론스테이션/임무장비/감시.정찰.수색/인프라관리/물류·운송·구조/공간정보/특수촬영/방역/방제/살포/환경측량/다목적 H/W/방송·공연/취미·교육,항공안전기술원_드론정보포털_기업명_사업분야_20240424 (1).csv,2024-04-24,낮음,주로 민수 활용,N,탐색용 분류이며 기업의 방산업체 지정·군 납품을 의미하지 않음
CMP0290,헬셀,환경측량,통합솔루션/드론스테이션/임무장비/감시.정찰.수색/인프라관리/물류·운송·구조/공간정보/특수촬영/방역/방제/살포/환경측량/다목적 H/W/방송·공연/취미·교육,항공안전기술원_드론정보포털_기업명_사업분야_20240424 (1).csv,2024-04-24,일반,군 환경·지형 조사와 교차 가능,N,탐색용 분류이며 기업의 방산업체 지정·군 납품을 의미하지 않음
CMP0290,헬셀,다목적 H/W,통합솔루션/드론스테이션/임무장비/감시.정찰.수색/인프라관리/물류·운송·구조/공간정보/특수촬영/방역/방제/살포/환경측량/다목적 H/W/방송·공연/취미·교육,항공안전기술원_드론정보포털_기업명_사업분야_20240424 (1).csv,2024-04-24,인접,기체·전자·탑재체 하드웨어 공급망 후보,N,탐색용 분류이며 기업의 방산업체 지정·군 납품을 의미하지 않음
CMP0290,헬셀,방송·공연,통합솔루션/드론스테이션/임무장비/감시.정찰.수색/인프라관리/물류·운송·구조/공간정보/특수촬영/방역/방제/살포/환경측량/다목적 H/W/방송·공연/취미·교육,항공안전기술원_드론정보포털_기업명_사업분야_20240424 (1).csv,2024-04-24,낮음,국방 연계 판단 근거로 사용하지 않음,N,탐색용 분류이며 기업의 방산업체 지정·군 납품을 의미하지 않음
CMP0290,헬셀,취미·교육,통합솔루션/드론스테이션/임무장비/감시.정찰.수색/인프라관리/물류·운송·구조/공간정보/특수촬영/방역/방제/살포/환경측량/다목적 H/W/방송·공연/취미·교육,항공안전기술원_드론정보포털_기업명_사업분야_20240424 (1).csv,2024-04-24,낮음,국방 연계 판단 근거로 사용하지 않음,N,탐색용 분류이며 기업의 방산업체 지정·군 납품을 의미하지 않음
CMP0297,휴론네트워크,환경측량,환경측량,항공안전기술원_드론정보포털_기업명_사업분야_20240424 (1).csv,2024-04-24,일반,군 환경·지형 조사와 교차 가능,N,탐색용 분류이며 기업의 방산업체 지정·군 납품을 의미하지 않음
CMP0298,휴머놀러지,감시.정찰.수색,감시.정찰.수색/인프라관리/지상통제장비/앱,항공안전기술원_드론정보포털_기업명_사업분야_20240424 (1).csv,2024-04-24,직접,군 감시·정찰 임무와 직접 연결 가능,N,탐색용 분류이며 기업의 방산업체 지정·군 납품을 의미하지 않음
CMP0298,휴머놀러지,인프라관리,감시.정찰.수색/인프라관리/지상통제장비/앱,항공안전기술원_드론정보포털_기업명_사업분야_20240424 (1).csv,2024-04-24,일반,민수 활용 중심이나 군 시설 관리와 교차 가능,N,탐색용 분류이며 기업의 방산업체 지정·군 납품을 의미하지 않음
CMP0298,휴머놀러지,지상통제장비,감시.정찰.수색/인프라관리/지상통제장비/앱,항공안전기술원_드론정보포털_기업명_사업분야_20240424 (1).csv,2024-04-24,직접,GCS·임무통제와 연결 가능,N,탐색용 분류이며 기업의 방산업체 지정·군 납품을 의미하지 않음
CMP0298,휴머놀러지,앱,감시.정찰.수색/인프라관리/지상통제장비/앱,항공안전기술원_드론정보포털_기업명_사업분야_20240424 (1).csv,2024-04-24,낮음,세부 기능 확인 전 국방 연계 판단 불가,N,탐색용 분류이며 기업의 방산업체 지정·군 납품을 의미하지 않음
CMP0115,비거텍코리아,감시.정찰.수색,감시.정찰.수색/인프라관리/물류·운송·구조/다목적 H/W/통합솔루션,항공안전기술원_드론정보포털_기업명_사업분야_20240424 (1).csv,2024-04-24,직접,군 감시·정찰 임무와 직접 연결 가능,N,탐색용 분류이며 기업의 방산업체 지정·군 납품을 의미하지 않음
CMP0115,비거텍코리아,인프라관리,감시.정찰.수색/인프라관리/물류·운송·구조/다목적 H/W/통합솔루션,항공안전기술원_드론정보포털_기업명_사업분야_20240424 (1).csv,2024-04-24,일반,민수 활용 중심이나 군 시설 관리와 교차 가능,N,탐색용 분류이며 기업의 방산업체 지정·군 납품을 의미하지 않음
CMP0115,비거텍코리아,물류·운송·구조,감시.정찰.수색/인프라관리/물류·운송·구조/다목적 H/W/통합솔루션,항공안전기술원_드론정보포털_기업명_사업분야_20240424 (1).csv,2024-04-24,일반,군수·수송 용례와 교차 가능,N,탐색용 분류이며 기업의 방산업체 지정·군 납품을 의미하지 않음
CMP0115,비거텍코리아,다목적 H/W,감시.정찰.수색/인프라관리/물류·운송·구조/다목적 H/W/통합솔루션,항공안전기술원_드론정보포털_기업명_사업분야_20240424 (1).csv,2024-04-24,인접,기체·전자·탑재체 하드웨어 공급망 후보,N,탐색용 분류이며 기업의 방산업체 지정·군 납품을 의미하지 않음
CMP0115,비거텍코리아,통합솔루션,감시.정찰.수색/인프라관리/물류·운송·구조/다목적 H/W/통합솔루션,항공안전기술원_드론정보포털_기업명_사업분야_20240424 (1).csv,2024-04-24,인접,체계통합·운용 소프트웨어와 연결 가능,N,탐색용 분류이며 기업의 방산업체 지정·군 납품을 의미하지 않음
CMP0177,에이엔에이치시스템즈,공간정보,공간정보/특수촬영/다목적 H/W/드론스테이션/지상통제장비/통합솔루션,항공안전기술원_드론정보포털_기업명_사업분야_20240424 (1).csv,2024-04-24,일반,군 지형·공간정보 용례와 교차 가능,N,탐색용 분류이며 기업의 방산업체 지정·군 납품을 의미하지 않음
CMP0177,에이엔에이치시스템즈,특수촬영,공간정보/특수촬영/다목적 H/W/드론스테이션/지상통제장비/통합솔루션,항공안전기술원_드론정보포털_기업명_사업분야_20240424 (1).csv,2024-04-24,일반,정찰 영상과 기술적으로 인접할 수 있음,N,탐색용 분류이며 기업의 방산업체 지정·군 납품을 의미하지 않음
CMP0177,에이엔에이치시스템즈,다목적 H/W,공간정보/특수촬영/다목적 H/W/드론스테이션/지상통제장비/통합솔루션,항공안전기술원_드론정보포털_기업명_사업분야_20240424 (1).csv,2024-04-24,인접,기체·전자·탑재체 하드웨어 공급망 후보,N,탐색용 분류이며 기업의 방산업체 지정·군 납품을 의미하지 않음
CMP0177,에이엔에이치시스템즈,드론스테이션,공간정보/특수촬영/다목적 H/W/드론스테이션/지상통제장비/통합솔루션,항공안전기술원_드론정보포털_기업명_사업분야_20240424 (1).csv,2024-04-24,인접,무인 운용·원격 통제 인프라 후보,N,탐색용 분류이며 기업의 방산업체 지정·군 납품을 의미하지 않음
CMP0177,에이엔에이치시스템즈,지상통제장비,공간정보/특수촬영/다목적 H/W/드론스테이션/지상통제장비/통합솔루션,항공안전기술원_드론정보포털_기업명_사업분야_20240424 (1).csv,2024-04-24,직접,GCS·임무통제와 연결 가능,N,탐색용 분류이며 기업의 방산업체 지정·군 납품을 의미하지 않음
CMP0177,에이엔에이치시스템즈,통합솔루션,공간정보/특수촬영/다목적 H/W/드론스테이션/지상통제장비/통합솔루션,항공안전기술원_드론정보포털_기업명_사업분야_20240424 (1).csv,2024-04-24,인접,체계통합·운용 소프트웨어와 연결 가능,N,탐색용 분류이며 기업의 방산업체 지정·군 납품을 의미하지 않음
CMP0187,엔클라우드,감시.정찰.수색,감시.정찰.수색/인프라관리/통합솔루션,항공안전기술원_드론정보포털_기업명_사업분야_20240424 (1).csv,2024-04-24,직접,군 감시·정찰 임무와 직접 연결 가능,N,탐색용 분류이며 기업의 방산업체 지정·군 납품을 의미하지 않음
CMP0187,엔클라우드,인프라관리,감시.정찰.수색/인프라관리/통합솔루션,항공안전기술원_드론정보포털_기업명_사업분야_20240424 (1).csv,2024-04-24,일반,민수 활용 중심이나 군 시설 관리와 교차 가능,N,탐색용 분류이며 기업의 방산업체 지정·군 납품을 의미하지 않음
CMP0187,엔클라우드,통합솔루션,감시.정찰.수색/인프라관리/통합솔루션,항공안전기술원_드론정보포털_기업명_사업분야_20240424 (1).csv,2024-04-24,인접,체계통합·운용 소프트웨어와 연결 가능,N,탐색용 분류이며 기업의 방산업체 지정·군 납품을 의미하지 않음
CMP0231,케이프로시스템,모듈,모듈/지상통제장비/통합솔루션/앱/기타/감시.정찰.수색/인프라관리/물류·운송·구조/공간정보/특수촬영/방역/방제/살포/환경측량/다목적 H/W/방송·공연/취미·교육/드론스테이션/안티드론/임무장비,항공안전기술원_드론정보포털_기업명_사업분야_20240424 (1).csv,2024-04-24,인접,국방 드론 부품·모듈 공급망 후보,N,탐색용 분류이며 기업의 방산업체 지정·군 납품을 의미하지 않음
CMP0231,케이프로시스템,지상통제장비,모듈/지상통제장비/통합솔루션/앱/기타/감시.정찰.수색/인프라관리/물류·운송·구조/공간정보/특수촬영/방역/방제/살포/환경측량/다목적 H/W/방송·공연/취미·교육/드론스테이션/안티드론/임무장비,항공안전기술원_드론정보포털_기업명_사업분야_20240424 (1).csv,2024-04-24,직접,GCS·임무통제와 연결 가능,N,탐색용 분류이며 기업의 방산업체 지정·군 납품을 의미하지 않음
CMP0231,케이프로시스템,통합솔루션,모듈/지상통제장비/통합솔루션/앱/기타/감시.정찰.수색/인프라관리/물류·운송·구조/공간정보/특수촬영/방역/방제/살포/환경측량/다목적 H/W/방송·공연/취미·교육/드론스테이션/안티드론/임무장비,항공안전기술원_드론정보포털_기업명_사업분야_20240424 (1).csv,2024-04-24,인접,체계통합·운용 소프트웨어와 연결 가능,N,탐색용 분류이며 기업의 방산업체 지정·군 납품을 의미하지 않음
CMP0231,케이프로시스템,앱,모듈/지상통제장비/통합솔루션/앱/기타/감시.정찰.수색/인프라관리/물류·운송·구조/공간정보/특수촬영/방역/방제/살포/환경측량/다목적 H/W/방송·공연/취미·교육/드론스테이션/안티드론/임무장비,항공안전기술원_드론정보포털_기업명_사업분야_20240424 (1).csv,2024-04-24,낮음,세부 기능 확인 전 국방 연계 판단 불가,N,탐색용 분류이며 기업의 방산업체 지정·군 납품을 의미하지 않음
CMP0231,케이프로시스템,기타,모듈/지상통제장비/통합솔루션/앱/기타/감시.정찰.수색/인프라관리/물류·운송·구조/공간정보/특수촬영/방역/방제/살포/환경측량/다목적 H/W/방송·공연/취미·교육/드론스테이션/안티드론/임무장비,항공안전기술원_드론정보포털_기업명_사업분야_20240424 (1).csv,2024-04-24,미확인,세부 내용 확인 필요,N,탐색용 분류이며 기업의 방산업체 지정·군 납품을 의미하지 않음
CMP0231,케이프로시스템,감시.정찰.수색,모듈/지상통제장비/통합솔루션/앱/기타/감시.정찰.수색/인프라관리/물류·운송·구조/공간정보/특수촬영/방역/방제/살포/환경측량/다목적 H/W/방송·공연/취미·교육/드론스테이션/안티드론/임무장비,항공안전기술원_드론정보포털_기업명_사업분야_20240424 (1).csv,2024-04-24,직접,군 감시·정찰 임무와 직접 연결 가능,N,탐색용 분류이며 기업의 방산업체 지정·군 납품을 의미하지 않음
CMP0231,케이프로시스템,인프라관리,모듈/지상통제장비/통합솔루션/앱/기타/감시.정찰.수색/인프라관리/물류·운송·구조/공간정보/특수촬영/방역/방제/살포/환경측량/다목적 H/W/방송·공연/취미·교육/드론스테이션/안티드론/임무장비,항공안전기술원_드론정보포털_기업명_사업분야_20240424 (1).csv,2024-04-24,일반,민수 활용 중심이나 군 시설 관리와 교차 가능,N,탐색용 분류이며 기업의 방산업체 지정·군 납품을 의미하지 않음
CMP0231,케이프로시스템,물류·운송·구조,모듈/지상통제장비/통합솔루션/앱/기타/감시.정찰.수색/인프라관리/물류·운송·구조/공간정보/특수촬영/방역/방제/살포/환경측량/다목적 H/W/방송·공연/취미·교육/드론스테이션/안티드론/임무장비,항공안전기술원_드론정보포털_기업명_사업분야_20240424 (1).csv,2024-04-24,일반,군수·수송 용례와 교차 가능,N,탐색용 분류이며 기업의 방산업체 지정·군 납품을 의미하지 않음
CMP0231,케이프로시스템,공간정보,모듈/지상통제장비/통합솔루션/앱/기타/감시.정찰.수색/인프라관리/물류·운송·구조/공간정보/특수촬영/방역/방제/살포/환경측량/다목적 H/W/방송·공연/취미·교육/드론스테이션/안티드론/임무장비,항공안전기술원_드론정보포털_기업명_사업분야_20240424 (1).csv,2024-04-24,일반,군 지형·공간정보 용례와 교차 가능,N,탐색용 분류이며 기업의 방산업체 지정·군 납품을 의미하지 않음
CMP0231,케이프로시스템,특수촬영,모듈/지상통제장비/통합솔루션/앱/기타/감시.정찰.수색/인프라관리/물류·운송·구조/공간정보/특수촬영/방역/방제/살포/환경측량/다목적 H/W/방송·공연/취미·교육/드론스테이션/안티드론/임무장비,항공안전기술원_드론정보포털_기업명_사업분야_20240424 (1).csv,2024-04-24,일반,정찰 영상과 기술적으로 인접할 수 있음,N,탐색용 분류이며 기업의 방산업체 지정·군 납품을 의미하지 않음
CMP0231,케이프로시스템,방역/방제/살포,모듈/지상통제장비/통합솔루션/앱/기타/감시.정찰.수색/인프라관리/물류·운송·구조/공간정보/특수촬영/방역/방제/살포/환경측량/다목적 H/W/방송·공연/취미·교육/드론스테이션/안티드론/임무장비,항공안전기술원_드론정보포털_기업명_사업분야_20240424 (1).csv,2024-04-24,낮음,주로 민수 활용,N,탐색용 분류이며 기업의 방산업체 지정·군 납품을 의미하지 않음
CMP0231,케이프로시스템,환경측량,모듈/지상통제장비/통합솔루션/앱/기타/감시.정찰.수색/인프라관리/물류·운송·구조/공간정보/특수촬영/방역/방제/살포/환경측량/다목적 H/W/방송·공연/취미·교육/드론스테이션/안티드론/임무장비,항공안전기술원_드론정보포털_기업명_사업분야_20240424 (1).csv,2024-04-24,일반,군 환경·지형 조사와 교차 가능,N,탐색용 분류이며 기업의 방산업체 지정·군 납품을 의미하지 않음
CMP0231,케이프로시스템,다목적 H/W,모듈/지상통제장비/통합솔루션/앱/기타/감시.정찰.수색/인프라관리/물류·운송·구조/공간정보/특수촬영/방역/방제/살포/환경측량/다목적 H/W/방송·공연/취미·교육/드론스테이션/안티드론/임무장비,항공안전기술원_드론정보포털_기업명_사업분야_20240424 (1).csv,2024-04-24,인접,기체·전자·탑재체 하드웨어 공급망 후보,N,탐색용 분류이며 기업의 방산업체 지정·군 납품을 의미하지 않음
CMP0231,케이프로시스템,방송·공연,모듈/지상통제장비/통합솔루션/앱/기타/감시.정찰.수색/인프라관리/물류·운송·구조/공간정보/특수촬영/방역/방제/살포/환경측량/다목적 H/W/방송·공연/취미·교육/드론스테이션/안티드론/임무장비,항공안전기술원_드론정보포털_기업명_사업분야_20240424 (1).csv,2024-04-24,낮음,국방 연계 판단 근거로 사용하지 않음,N,탐색용 분류이며 기업의 방산업체 지정·군 납품을 의미하지 않음
CMP0231,케이프로시스템,취미·교육,모듈/지상통제장비/통합솔루션/앱/기타/감시.정찰.수색/인프라관리/물류·운송·구조/공간정보/특수촬영/방역/방제/살포/환경측량/다목적 H/W/방송·공연/취미·교육/드론스테이션/안티드론/임무장비,항공안전기술원_드론정보포털_기업명_사업분야_20240424 (1).csv,2024-04-24,낮음,국방 연계 판단 근거로 사용하지 않음,N,탐색용 분류이며 기업의 방산업체 지정·군 납품을 의미하지 않음
CMP0231,케이프로시스템,드론스테이션,모듈/지상통제장비/통합솔루션/앱/기타/감시.정찰.수색/인프라관리/물류·운송·구조/공간정보/특수촬영/방역/방제/살포/환경측량/다목적 H/W/방송·공연/취미·교육/드론스테이션/안티드론/임무장비,항공안전기술원_드론정보포털_기업명_사업분야_20240424 (1).csv,2024-04-24,인접,무인 운용·원격 통제 인프라 후보,N,탐색용 분류이며 기업의 방산업체 지정·군 납품을 의미하지 않음
CMP0231,케이프로시스템,안티드론,모듈/지상통제장비/통합솔루션/앱/기타/감시.정찰.수색/인프라관리/물류·운송·구조/공간정보/특수촬영/방역/방제/살포/환경측량/다목적 H/W/방송·공연/취미·교육/드론스테이션/안티드론/임무장비,항공안전기술원_드론정보포털_기업명_사업분야_20240424 (1).csv,2024-04-24,직접,대드론·C-UAS 용례와 직접 연결되는 사업분야,N,탐색용 분류이며 기업의 방산업체 지정·군 납품을 의미하지 않음
CMP0231,케이프로시스템,임무장비,모듈/지상통제장비/통합솔루션/앱/기타/감시.정찰.수색/인프라관리/물류·운송·구조/공간정보/특수촬영/방역/방제/살포/환경측량/다목적 H/W/방송·공연/취미·교육/드론스테이션/안티드론/임무장비,항공안전기술원_드론정보포털_기업명_사업분야_20240424 (1).csv,2024-04-24,직접,정찰·공격·지원 임무장비와 연결 가능,N,탐색용 분류이며 기업의 방산업체 지정·군 납품을 의미하지 않음
CMP0287,허니,방역/방제/살포,방역/방제/살포/취미·교육,항공안전기술원_드론정보포털_기업명_사업분야_20240424 (1).csv,2024-04-24,낮음,주로 민수 활용,N,탐색용 분류이며 기업의 방산업체 지정·군 납품을 의미하지 않음
CMP0287,허니,취미·교육,방역/방제/살포/취미·교육,항공안전기술원_드론정보포털_기업명_사업분야_20240424 (1).csv,2024-04-24,낮음,국방 연계 판단 근거로 사용하지 않음,N,탐색용 분류이며 기업의 방산업체 지정·군 납품을 의미하지 않음
CMP0224,지오랩스(주),공간정보,공간정보/특수촬영/환경측량,항공안전기술원_드론정보포털_기업명_사업분야_20240424 (1).csv,2024-04-24,일반,군 지형·공간정보 용례와 교차 가능,N,탐색용 분류이며 기업의 방산업체 지정·군 납품을 의미하지 않음
CMP0224,지오랩스(주),특수촬영,공간정보/특수촬영/환경측량,항공안전기술원_드론정보포털_기업명_사업분야_20240424 (1).csv,2024-04-24,일반,정찰 영상과 기술적으로 인접할 수 있음,N,탐색용 분류이며 기업의 방산업체 지정·군 납품을 의미하지 않음
CMP0224,지오랩스(주),환경측량,공간정보/특수촬영/환경측량,항공안전기술원_드론정보포털_기업명_사업분야_20240424 (1).csv,2024-04-24,일반,군 환경·지형 조사와 교차 가능,N,탐색용 분류이며 기업의 방산업체 지정·군 납품을 의미하지 않음
CMP0225,진항공시스템,방역/방제/살포,방역/방제/살포/취미·교육,항공안전기술원_드론정보포털_기업명_사업분야_20240424 (1).csv,2024-04-24,낮음,주로 민수 활용,N,탐색용 분류이며 기업의 방산업체 지정·군 납품을 의미하지 않음
CMP0225,진항공시스템,취미·교육,방역/방제/살포/취미·교육,항공안전기술원_드론정보포털_기업명_사업분야_20240424 (1).csv,2024-04-24,낮음,국방 연계 판단 근거로 사용하지 않음,N,탐색용 분류이며 기업의 방산업체 지정·군 납품을 의미하지 않음
CMP0226,천풍,방역/방제/살포,방역/방제/살포,항공안전기술원_드론정보포털_기업명_사업분야_20240424 (1).csv,2024-04-24,낮음,주로 민수 활용,N,탐색용 분류이며 기업의 방산업체 지정·군 납품을 의미하지 않음
CMP0228,케바드론,감시.정찰.수색,감시.정찰.수색/인프라관리/공간정보/특수촬영,항공안전기술원_드론정보포털_기업명_사업분야_20240424 (1).csv,2024-04-24,직접,군 감시·정찰 임무와 직접 연결 가능,N,탐색용 분류이며 기업의 방산업체 지정·군 납품을 의미하지 않음
CMP0228,케바드론,인프라관리,감시.정찰.수색/인프라관리/공간정보/특수촬영,항공안전기술원_드론정보포털_기업명_사업분야_20240424 (1).csv,2024-04-24,일반,민수 활용 중심이나 군 시설 관리와 교차 가능,N,탐색용 분류이며 기업의 방산업체 지정·군 납품을 의미하지 않음
CMP0228,케바드론,공간정보,감시.정찰.수색/인프라관리/공간정보/특수촬영,항공안전기술원_드론정보포털_기업명_사업분야_20240424 (1).csv,2024-04-24,일반,군 지형·공간정보 용례와 교차 가능,N,탐색용 분류이며 기업의 방산업체 지정·군 납품을 의미하지 않음
CMP0228,케바드론,특수촬영,감시.정찰.수색/인프라관리/공간정보/특수촬영,항공안전기술원_드론정보포털_기업명_사업분야_20240424 (1).csv,2024-04-24,일반,정찰 영상과 기술적으로 인접할 수 있음,N,탐색용 분류이며 기업의 방산업체 지정·군 납품을 의미하지 않음
CMP0229,케이드론,방역/방제/살포,방역/방제/살포,항공안전기술원_드론정보포털_기업명_사업분야_20240424 (1).csv,2024-04-24,낮음,주로 민수 활용,N,탐색용 분류이며 기업의 방산업체 지정·군 납품을 의미하지 않음
CMP0230,케이텍,감시.정찰.수색,감시.정찰.수색/인프라관리/물류·운송·구조/환경측량/다목적 H/W/임무장비,항공안전기술원_드론정보포털_기업명_사업분야_20240424 (1).csv,2024-04-24,직접,군 감시·정찰 임무와 직접 연결 가능,N,탐색용 분류이며 기업의 방산업체 지정·군 납품을 의미하지 않음
CMP0230,케이텍,인프라관리,감시.정찰.수색/인프라관리/물류·운송·구조/환경측량/다목적 H/W/임무장비,항공안전기술원_드론정보포털_기업명_사업분야_20240424 (1).csv,2024-04-24,일반,민수 활용 중심이나 군 시설 관리와 교차 가능,N,탐색용 분류이며 기업의 방산업체 지정·군 납품을 의미하지 않음
CMP0230,케이텍,물류·운송·구조,감시.정찰.수색/인프라관리/물류·운송·구조/환경측량/다목적 H/W/임무장비,항공안전기술원_드론정보포털_기업명_사업분야_20240424 (1).csv,2024-04-24,일반,군수·수송 용례와 교차 가능,N,탐색용 분류이며 기업의 방산업체 지정·군 납품을 의미하지 않음
CMP0230,케이텍,환경측량,감시.정찰.수색/인프라관리/물류·운송·구조/환경측량/다목적 H/W/임무장비,항공안전기술원_드론정보포털_기업명_사업분야_20240424 (1).csv,2024-04-24,일반,군 환경·지형 조사와 교차 가능,N,탐색용 분류이며 기업의 방산업체 지정·군 납품을 의미하지 않음
CMP0230,케이텍,다목적 H/W,감시.정찰.수색/인프라관리/물류·운송·구조/환경측량/다목적 H/W/임무장비,항공안전기술원_드론정보포털_기업명_사업분야_20240424 (1).csv,2024-04-24,인접,기체·전자·탑재체 하드웨어 공급망 후보,N,탐색용 분류이며 기업의 방산업체 지정·군 납품을 의미하지 않음
CMP0230,케이텍,임무장비,감시.정찰.수색/인프라관리/물류·운송·구조/환경측량/다목적 H/W/임무장비,항공안전기술원_드론정보포털_기업명_사업분야_20240424 (1).csv,2024-04-24,직접,정찰·공격·지원 임무장비와 연결 가능,N,탐색용 분류이며 기업의 방산업체 지정·군 납품을 의미하지 않음
CMP0233,코리아드론(주),감시.정찰.수색,감시.정찰.수색/인프라관리/물류·운송·구조/방역/방제/살포/취미·교육/임무장비,항공안전기술원_드론정보포털_기업명_사업분야_20240424 (1).csv,2024-04-24,직접,군 감시·정찰 임무와 직접 연결 가능,N,탐색용 분류이며 기업의 방산업체 지정·군 납품을 의미하지 않음
CMP0233,코리아드론(주),인프라관리,감시.정찰.수색/인프라관리/물류·운송·구조/방역/방제/살포/취미·교육/임무장비,항공안전기술원_드론정보포털_기업명_사업분야_20240424 (1).csv,2024-04-24,일반,민수 활용 중심이나 군 시설 관리와 교차 가능,N,탐색용 분류이며 기업의 방산업체 지정·군 납품을 의미하지 않음
CMP0233,코리아드론(주),물류·운송·구조,감시.정찰.수색/인프라관리/물류·운송·구조/방역/방제/살포/취미·교육/임무장비,항공안전기술원_드론정보포털_기업명_사업분야_20240424 (1).csv,2024-04-24,일반,군수·수송 용례와 교차 가능,N,탐색용 분류이며 기업의 방산업체 지정·군 납품을 의미하지 않음
CMP0233,코리아드론(주),방역/방제/살포,감시.정찰.수색/인프라관리/물류·운송·구조/방역/방제/살포/취미·교육/임무장비,항공안전기술원_드론정보포털_기업명_사업분야_20240424 (1).csv,2024-04-24,낮음,주로 민수 활용,N,탐색용 분류이며 기업의 방산업체 지정·군 납품을 의미하지 않음
CMP0233,코리아드론(주),취미·교육,감시.정찰.수색/인프라관리/물류·운송·구조/방역/방제/살포/취미·교육/임무장비,항공안전기술원_드론정보포털_기업명_사업분야_20240424 (1).csv,2024-04-24,낮음,국방 연계 판단 근거로 사용하지 않음,N,탐색용 분류이며 기업의 방산업체 지정·군 납품을 의미하지 않음
CMP0233,코리아드론(주),임무장비,감시.정찰.수색/인프라관리/물류·운송·구조/방역/방제/살포/취미·교육/임무장비,항공안전기술원_드론정보포털_기업명_사업분야_20240424 (1).csv,2024-04-24,직접,정찰·공격·지원 임무장비와 연결 가능,N,탐색용 분류이며 기업의 방산업체 지정·군 납품을 의미하지 않음
CMP0232,코리아드론안전시스템,감시.정찰.수색,감시.정찰.수색/인프라관리/물류·운송·구조/공간정보/특수촬영/방역/방제/살포/환경측량/다목적 H/W/방송·공연/취미·교육/드론스테이션/임무장비/모듈/지상통제장비/통합솔루션/기타,항공안전기술원_드론정보포털_기업명_사업분야_20240424 (1).csv,2024-04-24,직접,군 감시·정찰 임무와 직접 연결 가능,N,탐색용 분류이며 기업의 방산업체 지정·군 납품을 의미하지 않음
CMP0232,코리아드론안전시스템,인프라관리,감시.정찰.수색/인프라관리/물류·운송·구조/공간정보/특수촬영/방역/방제/살포/환경측량/다목적 H/W/방송·공연/취미·교육/드론스테이션/임무장비/모듈/지상통제장비/통합솔루션/기타,항공안전기술원_드론정보포털_기업명_사업분야_20240424 (1).csv,2024-04-24,일반,민수 활용 중심이나 군 시설 관리와 교차 가능,N,탐색용 분류이며 기업의 방산업체 지정·군 납품을 의미하지 않음
CMP0232,코리아드론안전시스템,물류·운송·구조,감시.정찰.수색/인프라관리/물류·운송·구조/공간정보/특수촬영/방역/방제/살포/환경측량/다목적 H/W/방송·공연/취미·교육/드론스테이션/임무장비/모듈/지상통제장비/통합솔루션/기타,항공안전기술원_드론정보포털_기업명_사업분야_20240424 (1).csv,2024-04-24,일반,군수·수송 용례와 교차 가능,N,탐색용 분류이며 기업의 방산업체 지정·군 납품을 의미하지 않음
CMP0232,코리아드론안전시스템,공간정보,감시.정찰.수색/인프라관리/물류·운송·구조/공간정보/특수촬영/방역/방제/살포/환경측량/다목적 H/W/방송·공연/취미·교육/드론스테이션/임무장비/모듈/지상통제장비/통합솔루션/기타,항공안전기술원_드론정보포털_기업명_사업분야_20240424 (1).csv,2024-04-24,일반,군 지형·공간정보 용례와 교차 가능,N,탐색용 분류이며 기업의 방산업체 지정·군 납품을 의미하지 않음
CMP0232,코리아드론안전시스템,특수촬영,감시.정찰.수색/인프라관리/물류·운송·구조/공간정보/특수촬영/방역/방제/살포/환경측량/다목적 H/W/방송·공연/취미·교육/드론스테이션/임무장비/모듈/지상통제장비/통합솔루션/기타,항공안전기술원_드론정보포털_기업명_사업분야_20240424 (1).csv,2024-04-24,일반,정찰 영상과 기술적으로 인접할 수 있음,N,탐색용 분류이며 기업의 방산업체 지정·군 납품을 의미하지 않음
CMP0232,코리아드론안전시스템,방역/방제/살포,감시.정찰.수색/인프라관리/물류·운송·구조/공간정보/특수촬영/방역/방제/살포/환경측량/다목적 H/W/방송·공연/취미·교육/드론스테이션/임무장비/모듈/지상통제장비/통합솔루션/기타,항공안전기술원_드론정보포털_기업명_사업분야_20240424 (1).csv,2024-04-24,낮음,주로 민수 활용,N,탐색용 분류이며 기업의 방산업체 지정·군 납품을 의미하지 않음
CMP0232,코리아드론안전시스템,환경측량,감시.정찰.수색/인프라관리/물류·운송·구조/공간정보/특수촬영/방역/방제/살포/환경측량/다목적 H/W/방송·공연/취미·교육/드론스테이션/임무장비/모듈/지상통제장비/통합솔루션/기타,항공안전기술원_드론정보포털_기업명_사업분야_20240424 (1).csv,2024-04-24,일반,군 환경·지형 조사와 교차 가능,N,탐색용 분류이며 기업의 방산업체 지정·군 납품을 의미하지 않음
CMP0232,코리아드론안전시스템,다목적 H/W,감시.정찰.수색/인프라관리/물류·운송·구조/공간정보/특수촬영/방역/방제/살포/환경측량/다목적 H/W/방송·공연/취미·교육/드론스테이션/임무장비/모듈/지상통제장비/통합솔루션/기타,항공안전기술원_드론정보포털_기업명_사업분야_20240424 (1).csv,2024-04-24,인접,기체·전자·탑재체 하드웨어 공급망 후보,N,탐색용 분류이며 기업의 방산업체 지정·군 납품을 의미하지 않음
CMP0232,코리아드론안전시스템,방송·공연,감시.정찰.수색/인프라관리/물류·운송·구조/공간정보/특수촬영/방역/방제/살포/환경측량/다목적 H/W/방송·공연/취미·교육/드론스테이션/임무장비/모듈/지상통제장비/통합솔루션/기타,항공안전기술원_드론정보포털_기업명_사업분야_20240424 (1).csv,2024-04-24,낮음,국방 연계 판단 근거로 사용하지 않음,N,탐색용 분류이며 기업의 방산업체 지정·군 납품을 의미하지 않음
CMP0232,코리아드론안전시스템,취미·교육,감시.정찰.수색/인프라관리/물류·운송·구조/공간정보/특수촬영/방역/방제/살포/환경측량/다목적 H/W/방송·공연/취미·교육/드론스테이션/임무장비/모듈/지상통제장비/통합솔루션/기타,항공안전기술원_드론정보포털_기업명_사업분야_20240424 (1).csv,2024-04-24,낮음,국방 연계 판단 근거로 사용하지 않음,N,탐색용 분류이며 기업의 방산업체 지정·군 납품을 의미하지 않음
CMP0232,코리아드론안전시스템,드론스테이션,감시.정찰.수색/인프라관리/물류·운송·구조/공간정보/특수촬영/방역/방제/살포/환경측량/다목적 H/W/방송·공연/취미·교육/드론스테이션/임무장비/모듈/지상통제장비/통합솔루션/기타,항공안전기술원_드론정보포털_기업명_사업분야_20240424 (1).csv,2024-04-24,인접,무인 운용·원격 통제 인프라 후보,N,탐색용 분류이며 기업의 방산업체 지정·군 납품을 의미하지 않음
CMP0232,코리아드론안전시스템,임무장비,감시.정찰.수색/인프라관리/물류·운송·구조/공간정보/특수촬영/방역/방제/살포/환경측량/다목적 H/W/방송·공연/취미·교육/드론스테이션/임무장비/모듈/지상통제장비/통합솔루션/기타,항공안전기술원_드론정보포털_기업명_사업분야_20240424 (1).csv,2024-04-24,직접,정찰·공격·지원 임무장비와 연결 가능,N,탐색용 분류이며 기업의 방산업체 지정·군 납품을 의미하지 않음
CMP0232,코리아드론안전시스템,모듈,감시.정찰.수색/인프라관리/물류·운송·구조/공간정보/특수촬영/방역/방제/살포/환경측량/다목적 H/W/방송·공연/취미·교육/드론스테이션/임무장비/모듈/지상통제장비/통합솔루션/기타,항공안전기술원_드론정보포털_기업명_사업분야_20240424 (1).csv,2024-04-24,인접,국방 드론 부품·모듈 공급망 후보,N,탐색용 분류이며 기업의 방산업체 지정·군 납품을 의미하지 않음
CMP0232,코리아드론안전시스템,지상통제장비,감시.정찰.수색/인프라관리/물류·운송·구조/공간정보/특수촬영/방역/방제/살포/환경측량/다목적 H/W/방송·공연/취미·교육/드론스테이션/임무장비/모듈/지상통제장비/통합솔루션/기타,항공안전기술원_드론정보포털_기업명_사업분야_20240424 (1).csv,2024-04-24,직접,GCS·임무통제와 연결 가능,N,탐색용 분류이며 기업의 방산업체 지정·군 납품을 의미하지 않음
CMP0232,코리아드론안전시스템,통합솔루션,감시.정찰.수색/인프라관리/물류·운송·구조/공간정보/특수촬영/방역/방제/살포/환경측량/다목적 H/W/방송·공연/취미·교육/드론스테이션/임무장비/모듈/지상통제장비/통합솔루션/기타,항공안전기술원_드론정보포털_기업명_사업분야_20240424 (1).csv,2024-04-24,인접,체계통합·운용 소프트웨어와 연결 가능,N,탐색용 분류이며 기업의 방산업체 지정·군 납품을 의미하지 않음
CMP0232,코리아드론안전시스템,기타,감시.정찰.수색/인프라관리/물류·운송·구조/공간정보/특수촬영/방역/방제/살포/환경측량/다목적 H/W/방송·공연/취미·교육/드론스테이션/임무장비/모듈/지상통제장비/통합솔루션/기타,항공안전기술원_드론정보포털_기업명_사업분야_20240424 (1).csv,2024-04-24,미확인,세부 내용 확인 필요,N,탐색용 분류이며 기업의 방산업체 지정·군 납품을 의미하지 않음
CMP0237,클로버스튜디오,통합솔루션,통합솔루션,항공안전기술원_드론정보포털_기업명_사업분야_20240424 (1).csv,2024-04-24,인접,체계통합·운용 소프트웨어와 연결 가능,N,탐색용 분류이며 기업의 방산업체 지정·군 납품을 의미하지 않음
CMP0239,태경전자,감시.정찰.수색,감시.정찰.수색/인프라관리/임무장비/모듈/지상통제장비/기타,항공안전기술원_드론정보포털_기업명_사업분야_20240424 (1).csv,2024-04-24,직접,군 감시·정찰 임무와 직접 연결 가능,N,탐색용 분류이며 기업의 방산업체 지정·군 납품을 의미하지 않음
CMP0239,태경전자,인프라관리,감시.정찰.수색/인프라관리/임무장비/모듈/지상통제장비/기타,항공안전기술원_드론정보포털_기업명_사업분야_20240424 (1).csv,2024-04-24,일반,민수 활용 중심이나 군 시설 관리와 교차 가능,N,탐색용 분류이며 기업의 방산업체 지정·군 납품을 의미하지 않음
CMP0239,태경전자,임무장비,감시.정찰.수색/인프라관리/임무장비/모듈/지상통제장비/기타,항공안전기술원_드론정보포털_기업명_사업분야_20240424 (1).csv,2024-04-24,직접,정찰·공격·지원 임무장비와 연결 가능,N,탐색용 분류이며 기업의 방산업체 지정·군 납품을 의미하지 않음
CMP0239,태경전자,모듈,감시.정찰.수색/인프라관리/임무장비/모듈/지상통제장비/기타,항공안전기술원_드론정보포털_기업명_사업분야_20240424 (1).csv,2024-04-24,인접,국방 드론 부품·모듈 공급망 후보,N,탐색용 분류이며 기업의 방산업체 지정·군 납품을 의미하지 않음
CMP0239,태경전자,지상통제장비,감시.정찰.수색/인프라관리/임무장비/모듈/지상통제장비/기타,항공안전기술원_드론정보포털_기업명_사업분야_20240424 (1).csv,2024-04-24,직접,GCS·임무통제와 연결 가능,N,탐색용 분류이며 기업의 방산업체 지정·군 납품을 의미하지 않음
CMP0239,태경전자,기타,감시.정찰.수색/인프라관리/임무장비/모듈/지상통제장비/기타,항공안전기술원_드론정보포털_기업명_사업분야_20240424 (1).csv,2024-04-24,미확인,세부 내용 확인 필요,N,탐색용 분류이며 기업의 방산업체 지정·군 납품을 의미하지 않음
CMP0241,트라이셀인터내셔널,감시.정찰.수색,감시.정찰.수색/인프라관리/물류·운송·구조/공간정보/특수촬영/방역/방제/살포/임무장비,항공안전기술원_드론정보포털_기업명_사업분야_20240424 (1).csv,2024-04-24,직접,군 감시·정찰 임무와 직접 연결 가능,N,탐색용 분류이며 기업의 방산업체 지정·군 납품을 의미하지 않음
CMP0241,트라이셀인터내셔널,인프라관리,감시.정찰.수색/인프라관리/물류·운송·구조/공간정보/특수촬영/방역/방제/살포/임무장비,항공안전기술원_드론정보포털_기업명_사업분야_20240424 (1).csv,2024-04-24,일반,민수 활용 중심이나 군 시설 관리와 교차 가능,N,탐색용 분류이며 기업의 방산업체 지정·군 납품을 의미하지 않음
CMP0241,트라이셀인터내셔널,물류·운송·구조,감시.정찰.수색/인프라관리/물류·운송·구조/공간정보/특수촬영/방역/방제/살포/임무장비,항공안전기술원_드론정보포털_기업명_사업분야_20240424 (1).csv,2024-04-24,일반,군수·수송 용례와 교차 가능,N,탐색용 분류이며 기업의 방산업체 지정·군 납품을 의미하지 않음
CMP0241,트라이셀인터내셔널,공간정보,감시.정찰.수색/인프라관리/물류·운송·구조/공간정보/특수촬영/방역/방제/살포/임무장비,항공안전기술원_드론정보포털_기업명_사업분야_20240424 (1).csv,2024-04-24,일반,군 지형·공간정보 용례와 교차 가능,N,탐색용 분류이며 기업의 방산업체 지정·군 납품을 의미하지 않음
CMP0241,트라이셀인터내셔널,특수촬영,감시.정찰.수색/인프라관리/물류·운송·구조/공간정보/특수촬영/방역/방제/살포/임무장비,항공안전기술원_드론정보포털_기업명_사업분야_20240424 (1).csv,2024-04-24,일반,정찰 영상과 기술적으로 인접할 수 있음,N,탐색용 분류이며 기업의 방산업체 지정·군 납품을 의미하지 않음
CMP0241,트라이셀인터내셔널,방역/방제/살포,감시.정찰.수색/인프라관리/물류·운송·구조/공간정보/특수촬영/방역/방제/살포/임무장비,항공안전기술원_드론정보포털_기업명_사업분야_20240424 (1).csv,2024-04-24,낮음,주로 민수 활용,N,탐색용 분류이며 기업의 방산업체 지정·군 납품을 의미하지 않음
CMP0241,트라이셀인터내셔널,임무장비,감시.정찰.수색/인프라관리/물류·운송·구조/공간정보/특수촬영/방역/방제/살포/임무장비,항공안전기술원_드론정보포털_기업명_사업분야_20240424 (1).csv,2024-04-24,직접,정찰·공격·지원 임무장비와 연결 가능,N,탐색용 분류이며 기업의 방산업체 지정·군 납품을 의미하지 않음
CMP0242,파블로항공,물류·운송·구조,물류·운송·구조/환경측량/방송·공연/모듈,항공안전기술원_드론정보포털_기업명_사업분야_20240424 (1).csv,2024-04-24,일반,군수·수송 용례와 교차 가능,N,탐색용 분류이며 기업의 방산업체 지정·군 납품을 의미하지 않음
CMP0242,파블로항공,환경측량,물류·운송·구조/환경측량/방송·공연/모듈,항공안전기술원_드론정보포털_기업명_사업분야_20240424 (1).csv,2024-04-24,일반,군 환경·지형 조사와 교차 가능,N,탐색용 분류이며 기업의 방산업체 지정·군 납품을 의미하지 않음
CMP0242,파블로항공,방송·공연,물류·운송·구조/환경측량/방송·공연/모듈,항공안전기술원_드론정보포털_기업명_사업분야_20240424 (1).csv,2024-04-24,낮음,국방 연계 판단 근거로 사용하지 않음,N,탐색용 분류이며 기업의 방산업체 지정·군 납품을 의미하지 않음
CMP0242,파블로항공,모듈,물류·운송·구조/환경측량/방송·공연/모듈,항공안전기술원_드론정보포털_기업명_사업분야_20240424 (1).csv,2024-04-24,인접,국방 드론 부품·모듈 공급망 후보,N,탐색용 분류이며 기업의 방산업체 지정·군 납품을 의미하지 않음
CMP0243,파이온시스템즈,안티드론,안티드론/임무장비/모듈,항공안전기술원_드론정보포털_기업명_사업분야_20240424 (1).csv,2024-04-24,직접,대드론·C-UAS 용례와 직접 연결되는 사업분야,N,탐색용 분류이며 기업의 방산업체 지정·군 납품을 의미하지 않음
CMP0243,파이온시스템즈,임무장비,안티드론/임무장비/모듈,항공안전기술원_드론정보포털_기업명_사업분야_20240424 (1).csv,2024-04-24,직접,정찰·공격·지원 임무장비와 연결 가능,N,탐색용 분류이며 기업의 방산업체 지정·군 납품을 의미하지 않음
CMP0243,파이온시스템즈,모듈,안티드론/임무장비/모듈,항공안전기술원_드론정보포털_기업명_사업분야_20240424 (1).csv,2024-04-24,인접,국방 드론 부품·모듈 공급망 후보,N,탐색용 분류이며 기업의 방산업체 지정·군 납품을 의미하지 않음
CMP0244,파인ADS,감시.정찰.수색,감시.정찰.수색/인프라관리/공간정보/특수촬영,항공안전기술원_드론정보포털_기업명_사업분야_20240424 (1).csv,2024-04-24,직접,군 감시·정찰 임무와 직접 연결 가능,N,탐색용 분류이며 기업의 방산업체 지정·군 납품을 의미하지 않음
CMP0244,파인ADS,인프라관리,감시.정찰.수색/인프라관리/공간정보/특수촬영,항공안전기술원_드론정보포털_기업명_사업분야_20240424 (1).csv,2024-04-24,일반,민수 활용 중심이나 군 시설 관리와 교차 가능,N,탐색용 분류이며 기업의 방산업체 지정·군 납품을 의미하지 않음
CMP0244,파인ADS,공간정보,감시.정찰.수색/인프라관리/공간정보/특수촬영,항공안전기술원_드론정보포털_기업명_사업분야_20240424 (1).csv,2024-04-24,일반,군 지형·공간정보 용례와 교차 가능,N,탐색용 분류이며 기업의 방산업체 지정·군 납품을 의미하지 않음
CMP0244,파인ADS,특수촬영,감시.정찰.수색/인프라관리/공간정보/특수촬영,항공안전기술원_드론정보포털_기업명_사업분야_20240424 (1).csv,2024-04-24,일반,정찰 영상과 기술적으로 인접할 수 있음,N,탐색용 분류이며 기업의 방산업체 지정·군 납품을 의미하지 않음
CMP0245,파인브이티,감시.정찰.수색,감시.정찰.수색/인프라관리/물류·운송·구조/공간정보/특수촬영/방역/방제/살포/환경측량/다목적 H/W/드론스테이션/안티드론/임무장비/모듈/지상통제장비/통합솔루션/앱,항공안전기술원_드론정보포털_기업명_사업분야_20240424 (1).csv,2024-04-24,직접,군 감시·정찰 임무와 직접 연결 가능,N,탐색용 분류이며 기업의 방산업체 지정·군 납품을 의미하지 않음
CMP0245,파인브이티,인프라관리,감시.정찰.수색/인프라관리/물류·운송·구조/공간정보/특수촬영/방역/방제/살포/환경측량/다목적 H/W/드론스테이션/안티드론/임무장비/모듈/지상통제장비/통합솔루션/앱,항공안전기술원_드론정보포털_기업명_사업분야_20240424 (1).csv,2024-04-24,일반,민수 활용 중심이나 군 시설 관리와 교차 가능,N,탐색용 분류이며 기업의 방산업체 지정·군 납품을 의미하지 않음
CMP0245,파인브이티,물류·운송·구조,감시.정찰.수색/인프라관리/물류·운송·구조/공간정보/특수촬영/방역/방제/살포/환경측량/다목적 H/W/드론스테이션/안티드론/임무장비/모듈/지상통제장비/통합솔루션/앱,항공안전기술원_드론정보포털_기업명_사업분야_20240424 (1).csv,2024-04-24,일반,군수·수송 용례와 교차 가능,N,탐색용 분류이며 기업의 방산업체 지정·군 납품을 의미하지 않음
CMP0245,파인브이티,공간정보,감시.정찰.수색/인프라관리/물류·운송·구조/공간정보/특수촬영/방역/방제/살포/환경측량/다목적 H/W/드론스테이션/안티드론/임무장비/모듈/지상통제장비/통합솔루션/앱,항공안전기술원_드론정보포털_기업명_사업분야_20240424 (1).csv,2024-04-24,일반,군 지형·공간정보 용례와 교차 가능,N,탐색용 분류이며 기업의 방산업체 지정·군 납품을 의미하지 않음
CMP0245,파인브이티,특수촬영,감시.정찰.수색/인프라관리/물류·운송·구조/공간정보/특수촬영/방역/방제/살포/환경측량/다목적 H/W/드론스테이션/안티드론/임무장비/모듈/지상통제장비/통합솔루션/앱,항공안전기술원_드론정보포털_기업명_사업분야_20240424 (1).csv,2024-04-24,일반,정찰 영상과 기술적으로 인접할 수 있음,N,탐색용 분류이며 기업의 방산업체 지정·군 납품을 의미하지 않음
CMP0245,파인브이티,방역/방제/살포,감시.정찰.수색/인프라관리/물류·운송·구조/공간정보/특수촬영/방역/방제/살포/환경측량/다목적 H/W/드론스테이션/안티드론/임무장비/모듈/지상통제장비/통합솔루션/앱,항공안전기술원_드론정보포털_기업명_사업분야_20240424 (1).csv,2024-04-24,낮음,주로 민수 활용,N,탐색용 분류이며 기업의 방산업체 지정·군 납품을 의미하지 않음
CMP0245,파인브이티,환경측량,감시.정찰.수색/인프라관리/물류·운송·구조/공간정보/특수촬영/방역/방제/살포/환경측량/다목적 H/W/드론스테이션/안티드론/임무장비/모듈/지상통제장비/통합솔루션/앱,항공안전기술원_드론정보포털_기업명_사업분야_20240424 (1).csv,2024-04-24,일반,군 환경·지형 조사와 교차 가능,N,탐색용 분류이며 기업의 방산업체 지정·군 납품을 의미하지 않음
CMP0245,파인브이티,다목적 H/W,감시.정찰.수색/인프라관리/물류·운송·구조/공간정보/특수촬영/방역/방제/살포/환경측량/다목적 H/W/드론스테이션/안티드론/임무장비/모듈/지상통제장비/통합솔루션/앱,항공안전기술원_드론정보포털_기업명_사업분야_20240424 (1).csv,2024-04-24,인접,기체·전자·탑재체 하드웨어 공급망 후보,N,탐색용 분류이며 기업의 방산업체 지정·군 납품을 의미하지 않음
CMP0245,파인브이티,드론스테이션,감시.정찰.수색/인프라관리/물류·운송·구조/공간정보/특수촬영/방역/방제/살포/환경측량/다목적 H/W/드론스테이션/안티드론/임무장비/모듈/지상통제장비/통합솔루션/앱,항공안전기술원_드론정보포털_기업명_사업분야_20240424 (1).csv,2024-04-24,인접,무인 운용·원격 통제 인프라 후보,N,탐색용 분류이며 기업의 방산업체 지정·군 납품을 의미하지 않음
CMP0245,파인브이티,안티드론,감시.정찰.수색/인프라관리/물류·운송·구조/공간정보/특수촬영/방역/방제/살포/환경측량/다목적 H/W/드론스테이션/안티드론/임무장비/모듈/지상통제장비/통합솔루션/앱,항공안전기술원_드론정보포털_기업명_사업분야_20240424 (1).csv,2024-04-24,직접,대드론·C-UAS 용례와 직접 연결되는 사업분야,N,탐색용 분류이며 기업의 방산업체 지정·군 납품을 의미하지 않음
CMP0245,파인브이티,임무장비,감시.정찰.수색/인프라관리/물류·운송·구조/공간정보/특수촬영/방역/방제/살포/환경측량/다목적 H/W/드론스테이션/안티드론/임무장비/모듈/지상통제장비/통합솔루션/앱,항공안전기술원_드론정보포털_기업명_사업분야_20240424 (1).csv,2024-04-24,직접,정찰·공격·지원 임무장비와 연결 가능,N,탐색용 분류이며 기업의 방산업체 지정·군 납품을 의미하지 않음
CMP0245,파인브이티,모듈,감시.정찰.수색/인프라관리/물류·운송·구조/공간정보/특수촬영/방역/방제/살포/환경측량/다목적 H/W/드론스테이션/안티드론/임무장비/모듈/지상통제장비/통합솔루션/앱,항공안전기술원_드론정보포털_기업명_사업분야_20240424 (1).csv,2024-04-24,인접,국방 드론 부품·모듈 공급망 후보,N,탐색용 분류이며 기업의 방산업체 지정·군 납품을 의미하지 않음
CMP0245,파인브이티,지상통제장비,감시.정찰.수색/인프라관리/물류·운송·구조/공간정보/특수촬영/방역/방제/살포/환경측량/다목적 H/W/드론스테이션/안티드론/임무장비/모듈/지상통제장비/통합솔루션/앱,항공안전기술원_드론정보포털_기업명_사업분야_20240424 (1).csv,2024-04-24,직접,GCS·임무통제와 연결 가능,N,탐색용 분류이며 기업의 방산업체 지정·군 납품을 의미하지 않음
CMP0245,파인브이티,통합솔루션,감시.정찰.수색/인프라관리/물류·운송·구조/공간정보/특수촬영/방역/방제/살포/환경측량/다목적 H/W/드론스테이션/안티드론/임무장비/모듈/지상통제장비/통합솔루션/앱,항공안전기술원_드론정보포털_기업명_사업분야_20240424 (1).csv,2024-04-24,인접,체계통합·운용 소프트웨어와 연결 가능,N,탐색용 분류이며 기업의 방산업체 지정·군 납품을 의미하지 않음
CMP0245,파인브이티,앱,감시.정찰.수색/인프라관리/물류·운송·구조/공간정보/특수촬영/방역/방제/살포/환경측량/다목적 H/W/드론스테이션/안티드론/임무장비/모듈/지상통제장비/통합솔루션/앱,항공안전기술원_드론정보포털_기업명_사업분야_20240424 (1).csv,2024-04-24,낮음,세부 기능 확인 전 국방 연계 판단 불가,N,탐색용 분류이며 기업의 방산업체 지정·군 납품을 의미하지 않음
CMP0246,팝코즈(popcoz),방송·공연,방송·공연/취미·교육/드론스테이션/통합솔루션/앱,항공안전기술원_드론정보포털_기업명_사업분야_20240424 (1).csv,2024-04-24,낮음,국방 연계 판단 근거로 사용하지 않음,N,탐색용 분류이며 기업의 방산업체 지정·군 납품을 의미하지 않음
CMP0246,팝코즈(popcoz),취미·교육,방송·공연/취미·교육/드론스테이션/통합솔루션/앱,항공안전기술원_드론정보포털_기업명_사업분야_20240424 (1).csv,2024-04-24,낮음,국방 연계 판단 근거로 사용하지 않음,N,탐색용 분류이며 기업의 방산업체 지정·군 납품을 의미하지 않음
CMP0246,팝코즈(popcoz),드론스테이션,방송·공연/취미·교육/드론스테이션/통합솔루션/앱,항공안전기술원_드론정보포털_기업명_사업분야_20240424 (1).csv,2024-04-24,인접,무인 운용·원격 통제 인프라 후보,N,탐색용 분류이며 기업의 방산업체 지정·군 납품을 의미하지 않음
CMP0246,팝코즈(popcoz),통합솔루션,방송·공연/취미·교육/드론스테이션/통합솔루션/앱,항공안전기술원_드론정보포털_기업명_사업분야_20240424 (1).csv,2024-04-24,인접,체계통합·운용 소프트웨어와 연결 가능,N,탐색용 분류이며 기업의 방산업체 지정·군 납품을 의미하지 않음
CMP0246,팝코즈(popcoz),앱,방송·공연/취미·교육/드론스테이션/통합솔루션/앱,항공안전기술원_드론정보포털_기업명_사업분야_20240424 (1).csv,2024-04-24,낮음,세부 기능 확인 전 국방 연계 판단 불가,N,탐색용 분류이며 기업의 방산업체 지정·군 납품을 의미하지 않음
CMP0250,포토플랫폼,감시.정찰.수색,감시.정찰.수색/인프라관리/다목적 H/W/방송·공연/임무장비,항공안전기술원_드론정보포털_기업명_사업분야_20240424 (1).csv,2024-04-24,직접,군 감시·정찰 임무와 직접 연결 가능,N,탐색용 분류이며 기업의 방산업체 지정·군 납품을 의미하지 않음
CMP0250,포토플랫폼,인프라관리,감시.정찰.수색/인프라관리/다목적 H/W/방송·공연/임무장비,항공안전기술원_드론정보포털_기업명_사업분야_20240424 (1).csv,2024-04-24,일반,민수 활용 중심이나 군 시설 관리와 교차 가능,N,탐색용 분류이며 기업의 방산업체 지정·군 납품을 의미하지 않음
CMP0250,포토플랫폼,다목적 H/W,감시.정찰.수색/인프라관리/다목적 H/W/방송·공연/임무장비,항공안전기술원_드론정보포털_기업명_사업분야_20240424 (1).csv,2024-04-24,인접,기체·전자·탑재체 하드웨어 공급망 후보,N,탐색용 분류이며 기업의 방산업체 지정·군 납품을 의미하지 않음
CMP0250,포토플랫폼,방송·공연,감시.정찰.수색/인프라관리/다목적 H/W/방송·공연/임무장비,항공안전기술원_드론정보포털_기업명_사업분야_20240424 (1).csv,2024-04-24,낮음,국방 연계 판단 근거로 사용하지 않음,N,탐색용 분류이며 기업의 방산업체 지정·군 납품을 의미하지 않음
CMP0250,포토플랫폼,임무장비,감시.정찰.수색/인프라관리/다목적 H/W/방송·공연/임무장비,항공안전기술원_드론정보포털_기업명_사업분야_20240424 (1).csv,2024-04-24,직접,정찰·공격·지원 임무장비와 연결 가능,N,탐색용 분류이며 기업의 방산업체 지정·군 납품을 의미하지 않음
CMP0254,프리뉴,드론스테이션,드론스테이션/안티드론/모듈/공간정보/특수촬영/방역/방제/살포/환경측량/다목적 H/W/방송·공연/취미·교육/감시.정찰.수색/인프라관리/물류·운송·구조/지상통제장비/통합솔루션,항공안전기술원_드론정보포털_기업명_사업분야_20240424 (1).csv,2024-04-24,인접,무인 운용·원격 통제 인프라 후보,N,탐색용 분류이며 기업의 방산업체 지정·군 납품을 의미하지 않음
CMP0254,프리뉴,안티드론,드론스테이션/안티드론/모듈/공간정보/특수촬영/방역/방제/살포/환경측량/다목적 H/W/방송·공연/취미·교육/감시.정찰.수색/인프라관리/물류·운송·구조/지상통제장비/통합솔루션,항공안전기술원_드론정보포털_기업명_사업분야_20240424 (1).csv,2024-04-24,직접,대드론·C-UAS 용례와 직접 연결되는 사업분야,N,탐색용 분류이며 기업의 방산업체 지정·군 납품을 의미하지 않음
CMP0254,프리뉴,모듈,드론스테이션/안티드론/모듈/공간정보/특수촬영/방역/방제/살포/환경측량/다목적 H/W/방송·공연/취미·교육/감시.정찰.수색/인프라관리/물류·운송·구조/지상통제장비/통합솔루션,항공안전기술원_드론정보포털_기업명_사업분야_20240424 (1).csv,2024-04-24,인접,국방 드론 부품·모듈 공급망 후보,N,탐색용 분류이며 기업의 방산업체 지정·군 납품을 의미하지 않음
CMP0254,프리뉴,공간정보,드론스테이션/안티드론/모듈/공간정보/특수촬영/방역/방제/살포/환경측량/다목적 H/W/방송·공연/취미·교육/감시.정찰.수색/인프라관리/물류·운송·구조/지상통제장비/통합솔루션,항공안전기술원_드론정보포털_기업명_사업분야_20240424 (1).csv,2024-04-24,일반,군 지형·공간정보 용례와 교차 가능,N,탐색용 분류이며 기업의 방산업체 지정·군 납품을 의미하지 않음
CMP0254,프리뉴,특수촬영,드론스테이션/안티드론/모듈/공간정보/특수촬영/방역/방제/살포/환경측량/다목적 H/W/방송·공연/취미·교육/감시.정찰.수색/인프라관리/물류·운송·구조/지상통제장비/통합솔루션,항공안전기술원_드론정보포털_기업명_사업분야_20240424 (1).csv,2024-04-24,일반,정찰 영상과 기술적으로 인접할 수 있음,N,탐색용 분류이며 기업의 방산업체 지정·군 납품을 의미하지 않음
CMP0254,프리뉴,방역/방제/살포,드론스테이션/안티드론/모듈/공간정보/특수촬영/방역/방제/살포/환경측량/다목적 H/W/방송·공연/취미·교육/감시.정찰.수색/인프라관리/물류·운송·구조/지상통제장비/통합솔루션,항공안전기술원_드론정보포털_기업명_사업분야_20240424 (1).csv,2024-04-24,낮음,주로 민수 활용,N,탐색용 분류이며 기업의 방산업체 지정·군 납품을 의미하지 않음
CMP0254,프리뉴,환경측량,드론스테이션/안티드론/모듈/공간정보/특수촬영/방역/방제/살포/환경측량/다목적 H/W/방송·공연/취미·교육/감시.정찰.수색/인프라관리/물류·운송·구조/지상통제장비/통합솔루션,항공안전기술원_드론정보포털_기업명_사업분야_20240424 (1).csv,2024-04-24,일반,군 환경·지형 조사와 교차 가능,N,탐색용 분류이며 기업의 방산업체 지정·군 납품을 의미하지 않음
CMP0254,프리뉴,다목적 H/W,드론스테이션/안티드론/모듈/공간정보/특수촬영/방역/방제/살포/환경측량/다목적 H/W/방송·공연/취미·교육/감시.정찰.수색/인프라관리/물류·운송·구조/지상통제장비/통합솔루션,항공안전기술원_드론정보포털_기업명_사업분야_20240424 (1).csv,2024-04-24,인접,기체·전자·탑재체 하드웨어 공급망 후보,N,탐색용 분류이며 기업의 방산업체 지정·군 납품을 의미하지 않음
CMP0254,프리뉴,방송·공연,드론스테이션/안티드론/모듈/공간정보/특수촬영/방역/방제/살포/환경측량/다목적 H/W/방송·공연/취미·교육/감시.정찰.수색/인프라관리/물류·운송·구조/지상통제장비/통합솔루션,항공안전기술원_드론정보포털_기업명_사업분야_20240424 (1).csv,2024-04-24,낮음,국방 연계 판단 근거로 사용하지 않음,N,탐색용 분류이며 기업의 방산업체 지정·군 납품을 의미하지 않음
CMP0254,프리뉴,취미·교육,드론스테이션/안티드론/모듈/공간정보/특수촬영/방역/방제/살포/환경측량/다목적 H/W/방송·공연/취미·교육/감시.정찰.수색/인프라관리/물류·운송·구조/지상통제장비/통합솔루션,항공안전기술원_드론정보포털_기업명_사업분야_20240424 (1).csv,2024-04-24,낮음,국방 연계 판단 근거로 사용하지 않음,N,탐색용 분류이며 기업의 방산업체 지정·군 납품을 의미하지 않음
CMP0254,프리뉴,감시.정찰.수색,드론스테이션/안티드론/모듈/공간정보/특수촬영/방역/방제/살포/환경측량/다목적 H/W/방송·공연/취미·교육/감시.정찰.수색/인프라관리/물류·운송·구조/지상통제장비/통합솔루션,항공안전기술원_드론정보포털_기업명_사업분야_20240424 (1).csv,2024-04-24,직접,군 감시·정찰 임무와 직접 연결 가능,N,탐색용 분류이며 기업의 방산업체 지정·군 납품을 의미하지 않음
CMP0254,프리뉴,인프라관리,드론스테이션/안티드론/모듈/공간정보/특수촬영/방역/방제/살포/환경측량/다목적 H/W/방송·공연/취미·교육/감시.정찰.수색/인프라관리/물류·운송·구조/지상통제장비/통합솔루션,항공안전기술원_드론정보포털_기업명_사업분야_20240424 (1).csv,2024-04-24,일반,민수 활용 중심이나 군 시설 관리와 교차 가능,N,탐색용 분류이며 기업의 방산업체 지정·군 납품을 의미하지 않음
CMP0254,프리뉴,물류·운송·구조,드론스테이션/안티드론/모듈/공간정보/특수촬영/방역/방제/살포/환경측량/다목적 H/W/방송·공연/취미·교육/감시.정찰.수색/인프라관리/물류·운송·구조/지상통제장비/통합솔루션,항공안전기술원_드론정보포털_기업명_사업분야_20240424 (1).csv,2024-04-24,일반,군수·수송 용례와 교차 가능,N,탐색용 분류이며 기업의 방산업체 지정·군 납품을 의미하지 않음
CMP0254,프리뉴,지상통제장비,드론스테이션/안티드론/모듈/공간정보/특수촬영/방역/방제/살포/환경측량/다목적 H/W/방송·공연/취미·교육/감시.정찰.수색/인프라관리/물류·운송·구조/지상통제장비/통합솔루션,항공안전기술원_드론정보포털_기업명_사업분야_20240424 (1).csv,2024-04-24,직접,GCS·임무통제와 연결 가능,N,탐색용 분류이며 기업의 방산업체 지정·군 납품을 의미하지 않음
CMP0254,프리뉴,통합솔루션,드론스테이션/안티드론/모듈/공간정보/특수촬영/방역/방제/살포/환경측량/다목적 H/W/방송·공연/취미·교육/감시.정찰.수색/인프라관리/물류·운송·구조/지상통제장비/통합솔루션,항공안전기술원_드론정보포털_기업명_사업분야_20240424 (1).csv,2024-04-24,인접,체계통합·운용 소프트웨어와 연결 가능,N,탐색용 분류이며 기업의 방산업체 지정·군 납품을 의미하지 않음
CMP0256,피앤유드론,감시.정찰.수색,감시.정찰.수색/인프라관리/통합솔루션,항공안전기술원_드론정보포털_기업명_사업분야_20240424 (1).csv,2024-04-24,직접,군 감시·정찰 임무와 직접 연결 가능,N,탐색용 분류이며 기업의 방산업체 지정·군 납품을 의미하지 않음
CMP0256,피앤유드론,인프라관리,감시.정찰.수색/인프라관리/통합솔루션,항공안전기술원_드론정보포털_기업명_사업분야_20240424 (1).csv,2024-04-24,일반,민수 활용 중심이나 군 시설 관리와 교차 가능,N,탐색용 분류이며 기업의 방산업체 지정·군 납품을 의미하지 않음
CMP0256,피앤유드론,통합솔루션,감시.정찰.수색/인프라관리/통합솔루션,항공안전기술원_드론정보포털_기업명_사업분야_20240424 (1).csv,2024-04-24,인접,체계통합·운용 소프트웨어와 연결 가능,N,탐색용 분류이며 기업의 방산업체 지정·군 납품을 의미하지 않음
CMP0258,필라넷,안티드론,안티드론/지상통제장비,항공안전기술원_드론정보포털_기업명_사업분야_20240424 (1).csv,2024-04-24,직접,대드론·C-UAS 용례와 직접 연결되는 사업분야,N,탐색용 분류이며 기업의 방산업체 지정·군 납품을 의미하지 않음
CMP0258,필라넷,지상통제장비,안티드론/지상통제장비,항공안전기술원_드론정보포털_기업명_사업분야_20240424 (1).csv,2024-04-24,직접,GCS·임무통제와 연결 가능,N,탐색용 분류이며 기업의 방산업체 지정·군 납품을 의미하지 않음
CMP0261,하늘항공,물류·운송·구조,물류·운송·구조/방역/방제/살포,항공안전기술원_드론정보포털_기업명_사업분야_20240424 (1).csv,2024-04-24,일반,군수·수송 용례와 교차 가능,N,탐색용 분류이며 기업의 방산업체 지정·군 납품을 의미하지 않음
CMP0261,하늘항공,방역/방제/살포,물류·운송·구조/방역/방제/살포,항공안전기술원_드론정보포털_기업명_사업분야_20240424 (1).csv,2024-04-24,낮음,주로 민수 활용,N,탐색용 분류이며 기업의 방산업체 지정·군 납품을 의미하지 않음
CMP0262,하이즈복합재산업(주),감시.정찰.수색,감시.정찰.수색/인프라관리/물류·운송·구조/다목적 H/W,항공안전기술원_드론정보포털_기업명_사업분야_20240424 (1).csv,2024-04-24,직접,군 감시·정찰 임무와 직접 연결 가능,N,탐색용 분류이며 기업의 방산업체 지정·군 납품을 의미하지 않음
CMP0262,하이즈복합재산업(주),인프라관리,감시.정찰.수색/인프라관리/물류·운송·구조/다목적 H/W,항공안전기술원_드론정보포털_기업명_사업분야_20240424 (1).csv,2024-04-24,일반,민수 활용 중심이나 군 시설 관리와 교차 가능,N,탐색용 분류이며 기업의 방산업체 지정·군 납품을 의미하지 않음
CMP0262,하이즈복합재산업(주),물류·운송·구조,감시.정찰.수색/인프라관리/물류·운송·구조/다목적 H/W,항공안전기술원_드론정보포털_기업명_사업분야_20240424 (1).csv,2024-04-24,일반,군수·수송 용례와 교차 가능,N,탐색용 분류이며 기업의 방산업체 지정·군 납품을 의미하지 않음
CMP0262,하이즈복합재산업(주),다목적 H/W,감시.정찰.수색/인프라관리/물류·운송·구조/다목적 H/W,항공안전기술원_드론정보포털_기업명_사업분야_20240424 (1).csv,2024-04-24,인접,기체·전자·탑재체 하드웨어 공급망 후보,N,탐색용 분류이며 기업의 방산업체 지정·군 납품을 의미하지 않음
CMP0263,한강드론교육원,취미·교육,취미·교육,항공안전기술원_드론정보포털_기업명_사업분야_20240424 (1).csv,2024-04-24,낮음,국방 연계 판단 근거로 사용하지 않음,N,탐색용 분류이며 기업의 방산업체 지정·군 납품을 의미하지 않음
CMP0268,한국사업관리연구원,감시.정찰.수색,감시.정찰.수색/인프라관리/공간정보/특수촬영/방역/방제/살포/환경측량/취미·교육/드론스테이션/지상통제장비/통합솔루션,항공안전기술원_드론정보포털_기업명_사업분야_20240424 (1).csv,2024-04-24,직접,군 감시·정찰 임무와 직접 연결 가능,N,탐색용 분류이며 기업의 방산업체 지정·군 납품을 의미하지 않음
CMP0268,한국사업관리연구원,인프라관리,감시.정찰.수색/인프라관리/공간정보/특수촬영/방역/방제/살포/환경측량/취미·교육/드론스테이션/지상통제장비/통합솔루션,항공안전기술원_드론정보포털_기업명_사업분야_20240424 (1).csv,2024-04-24,일반,민수 활용 중심이나 군 시설 관리와 교차 가능,N,탐색용 분류이며 기업의 방산업체 지정·군 납품을 의미하지 않음
CMP0268,한국사업관리연구원,공간정보,감시.정찰.수색/인프라관리/공간정보/특수촬영/방역/방제/살포/환경측량/취미·교육/드론스테이션/지상통제장비/통합솔루션,항공안전기술원_드론정보포털_기업명_사업분야_20240424 (1).csv,2024-04-24,일반,군 지형·공간정보 용례와 교차 가능,N,탐색용 분류이며 기업의 방산업체 지정·군 납품을 의미하지 않음
CMP0268,한국사업관리연구원,특수촬영,감시.정찰.수색/인프라관리/공간정보/특수촬영/방역/방제/살포/환경측량/취미·교육/드론스테이션/지상통제장비/통합솔루션,항공안전기술원_드론정보포털_기업명_사업분야_20240424 (1).csv,2024-04-24,일반,정찰 영상과 기술적으로 인접할 수 있음,N,탐색용 분류이며 기업의 방산업체 지정·군 납품을 의미하지 않음
CMP0268,한국사업관리연구원,방역/방제/살포,감시.정찰.수색/인프라관리/공간정보/특수촬영/방역/방제/살포/환경측량/취미·교육/드론스테이션/지상통제장비/통합솔루션,항공안전기술원_드론정보포털_기업명_사업분야_20240424 (1).csv,2024-04-24,낮음,주로 민수 활용,N,탐색용 분류이며 기업의 방산업체 지정·군 납품을 의미하지 않음
CMP0268,한국사업관리연구원,환경측량,감시.정찰.수색/인프라관리/공간정보/특수촬영/방역/방제/살포/환경측량/취미·교육/드론스테이션/지상통제장비/통합솔루션,항공안전기술원_드론정보포털_기업명_사업분야_20240424 (1).csv,2024-04-24,일반,군 환경·지형 조사와 교차 가능,N,탐색용 분류이며 기업의 방산업체 지정·군 납품을 의미하지 않음
CMP0268,한국사업관리연구원,취미·교육,감시.정찰.수색/인프라관리/공간정보/특수촬영/방역/방제/살포/환경측량/취미·교육/드론스테이션/지상통제장비/통합솔루션,항공안전기술원_드론정보포털_기업명_사업분야_20240424 (1).csv,2024-04-24,낮음,국방 연계 판단 근거로 사용하지 않음,N,탐색용 분류이며 기업의 방산업체 지정·군 납품을 의미하지 않음
CMP0268,한국사업관리연구원,드론스테이션,감시.정찰.수색/인프라관리/공간정보/특수촬영/방역/방제/살포/환경측량/취미·교육/드론스테이션/지상통제장비/통합솔루션,항공안전기술원_드론정보포털_기업명_사업분야_20240424 (1).csv,2024-04-24,인접,무인 운용·원격 통제 인프라 후보,N,탐색용 분류이며 기업의 방산업체 지정·군 납품을 의미하지 않음
CMP0268,한국사업관리연구원,지상통제장비,감시.정찰.수색/인프라관리/공간정보/특수촬영/방역/방제/살포/환경측량/취미·교육/드론스테이션/지상통제장비/통합솔루션,항공안전기술원_드론정보포털_기업명_사업분야_20240424 (1).csv,2024-04-24,직접,GCS·임무통제와 연결 가능,N,탐색용 분류이며 기업의 방산업체 지정·군 납품을 의미하지 않음
CMP0268,한국사업관리연구원,통합솔루션,감시.정찰.수색/인프라관리/공간정보/특수촬영/방역/방제/살포/환경측량/취미·교육/드론스테이션/지상통제장비/통합솔루션,항공안전기술원_드론정보포털_기업명_사업분야_20240424 (1).csv,2024-04-24,인접,체계통합·운용 소프트웨어와 연결 가능,N,탐색용 분류이며 기업의 방산업체 지정·군 납품을 의미하지 않음
CMP0269,한국유에이브이,방역/방제/살포,방역/방제/살포,항공안전기술원_드론정보포털_기업명_사업분야_20240424 (1).csv,2024-04-24,낮음,주로 민수 활용,N,탐색용 분류이며 기업의 방산업체 지정·군 납품을 의미하지 않음
CMP0274,한국항공기술케이에이티,감시.정찰.수색,감시.정찰.수색/인프라관리,항공안전기술원_드론정보포털_기업명_사업분야_20240424 (1).csv,2024-04-24,직접,군 감시·정찰 임무와 직접 연결 가능,N,탐색용 분류이며 기업의 방산업체 지정·군 납품을 의미하지 않음
CMP0274,한국항공기술케이에이티,인프라관리,감시.정찰.수색/인프라관리,항공안전기술원_드론정보포털_기업명_사업분야_20240424 (1).csv,2024-04-24,일반,민수 활용 중심이나 군 시설 관리와 교차 가능,N,탐색용 분류이며 기업의 방산업체 지정·군 납품을 의미하지 않음
CMP0276,한국항공우주산업,감시.정찰.수색,감시.정찰.수색/인프라관리,항공안전기술원_드론정보포털_기업명_사업분야_20240424 (1).csv,2024-04-24,직접,군 감시·정찰 임무와 직접 연결 가능,N,탐색용 분류이며 기업의 방산업체 지정·군 납품을 의미하지 않음
CMP0276,한국항공우주산업,인프라관리,감시.정찰.수색/인프라관리,항공안전기술원_드론정보포털_기업명_사업분야_20240424 (1).csv,2024-04-24,일반,민수 활용 중심이나 군 시설 관리와 교차 가능,N,탐색용 분류이며 기업의 방산업체 지정·군 납품을 의미하지 않음
CMP0279,한빛드론,다목적 H/W,다목적 H/W/안티드론/감시.정찰.수색/인프라관리/환경측량/임무장비/통합솔루션,항공안전기술원_드론정보포털_기업명_사업분야_20240424 (1).csv,2024-04-24,인접,기체·전자·탑재체 하드웨어 공급망 후보,N,탐색용 분류이며 기업의 방산업체 지정·군 납품을 의미하지 않음
CMP0279,한빛드론,안티드론,다목적 H/W/안티드론/감시.정찰.수색/인프라관리/환경측량/임무장비/통합솔루션,항공안전기술원_드론정보포털_기업명_사업분야_20240424 (1).csv,2024-04-24,직접,대드론·C-UAS 용례와 직접 연결되는 사업분야,N,탐색용 분류이며 기업의 방산업체 지정·군 납품을 의미하지 않음
CMP0279,한빛드론,감시.정찰.수색,다목적 H/W/안티드론/감시.정찰.수색/인프라관리/환경측량/임무장비/통합솔루션,항공안전기술원_드론정보포털_기업명_사업분야_20240424 (1).csv,2024-04-24,직접,군 감시·정찰 임무와 직접 연결 가능,N,탐색용 분류이며 기업의 방산업체 지정·군 납품을 의미하지 않음
CMP0279,한빛드론,인프라관리,다목적 H/W/안티드론/감시.정찰.수색/인프라관리/환경측량/임무장비/통합솔루션,항공안전기술원_드론정보포털_기업명_사업분야_20240424 (1).csv,2024-04-24,일반,민수 활용 중심이나 군 시설 관리와 교차 가능,N,탐색용 분류이며 기업의 방산업체 지정·군 납품을 의미하지 않음
CMP0279,한빛드론,환경측량,다목적 H/W/안티드론/감시.정찰.수색/인프라관리/환경측량/임무장비/통합솔루션,항공안전기술원_드론정보포털_기업명_사업분야_20240424 (1).csv,2024-04-24,일반,군 환경·지형 조사와 교차 가능,N,탐색용 분류이며 기업의 방산업체 지정·군 납품을 의미하지 않음
CMP0279,한빛드론,임무장비,다목적 H/W/안티드론/감시.정찰.수색/인프라관리/환경측량/임무장비/통합솔루션,항공안전기술원_드론정보포털_기업명_사업분야_20240424 (1).csv,2024-04-24,직접,정찰·공격·지원 임무장비와 연결 가능,N,탐색용 분류이며 기업의 방산업체 지정·군 납품을 의미하지 않음
CMP0279,한빛드론,통합솔루션,다목적 H/W/안티드론/감시.정찰.수색/인프라관리/환경측량/임무장비/통합솔루션,항공안전기술원_드론정보포털_기업명_사업분야_20240424 (1).csv,2024-04-24,인접,체계통합·운용 소프트웨어와 연결 가능,N,탐색용 분류이며 기업의 방산업체 지정·군 납품을 의미하지 않음
CMP0285,해양드론기술,물류·운송·구조,물류·운송·구조/모듈/감시.정찰.수색/인프라관리,항공안전기술원_드론정보포털_기업명_사업분야_20240424 (1).csv,2024-04-24,일반,군수·수송 용례와 교차 가능,N,탐색용 분류이며 기업의 방산업체 지정·군 납품을 의미하지 않음
CMP0285,해양드론기술,모듈,물류·운송·구조/모듈/감시.정찰.수색/인프라관리,항공안전기술원_드론정보포털_기업명_사업분야_20240424 (1).csv,2024-04-24,인접,국방 드론 부품·모듈 공급망 후보,N,탐색용 분류이며 기업의 방산업체 지정·군 납품을 의미하지 않음
CMP0285,해양드론기술,감시.정찰.수색,물류·운송·구조/모듈/감시.정찰.수색/인프라관리,항공안전기술원_드론정보포털_기업명_사업분야_20240424 (1).csv,2024-04-24,직접,군 감시·정찰 임무와 직접 연결 가능,N,탐색용 분류이며 기업의 방산업체 지정·군 납품을 의미하지 않음
CMP0285,해양드론기술,인프라관리,물류·운송·구조/모듈/감시.정찰.수색/인프라관리,항공안전기술원_드론정보포털_기업명_사업분야_20240424 (1).csv,2024-04-24,일반,민수 활용 중심이나 군 시설 관리와 교차 가능,N,탐색용 분류이며 기업의 방산업체 지정·군 납품을 의미하지 않음
CMP0289,헥사팩토리,감시.정찰.수색,감시.정찰.수색/인프라관리/물류·운송·구조/공간정보/특수촬영/환경측량/다목적 H/W/방송·공연/취미·교육/드론스테이션/임무장비/모듈/지상통제장비/통합솔루션/앱,항공안전기술원_드론정보포털_기업명_사업분야_20240424 (1).csv,2024-04-24,직접,군 감시·정찰 임무와 직접 연결 가능,N,탐색용 분류이며 기업의 방산업체 지정·군 납품을 의미하지 않음
CMP0289,헥사팩토리,인프라관리,감시.정찰.수색/인프라관리/물류·운송·구조/공간정보/특수촬영/환경측량/다목적 H/W/방송·공연/취미·교육/드론스테이션/임무장비/모듈/지상통제장비/통합솔루션/앱,항공안전기술원_드론정보포털_기업명_사업분야_20240424 (1).csv,2024-04-24,일반,민수 활용 중심이나 군 시설 관리와 교차 가능,N,탐색용 분류이며 기업의 방산업체 지정·군 납품을 의미하지 않음
CMP0289,헥사팩토리,물류·운송·구조,감시.정찰.수색/인프라관리/물류·운송·구조/공간정보/특수촬영/환경측량/다목적 H/W/방송·공연/취미·교육/드론스테이션/임무장비/모듈/지상통제장비/통합솔루션/앱,항공안전기술원_드론정보포털_기업명_사업분야_20240424 (1).csv,2024-04-24,일반,군수·수송 용례와 교차 가능,N,탐색용 분류이며 기업의 방산업체 지정·군 납품을 의미하지 않음
CMP0289,헥사팩토리,공간정보,감시.정찰.수색/인프라관리/물류·운송·구조/공간정보/특수촬영/환경측량/다목적 H/W/방송·공연/취미·교육/드론스테이션/임무장비/모듈/지상통제장비/통합솔루션/앱,항공안전기술원_드론정보포털_기업명_사업분야_20240424 (1).csv,2024-04-24,일반,군 지형·공간정보 용례와 교차 가능,N,탐색용 분류이며 기업의 방산업체 지정·군 납품을 의미하지 않음
CMP0289,헥사팩토리,특수촬영,감시.정찰.수색/인프라관리/물류·운송·구조/공간정보/특수촬영/환경측량/다목적 H/W/방송·공연/취미·교육/드론스테이션/임무장비/모듈/지상통제장비/통합솔루션/앱,항공안전기술원_드론정보포털_기업명_사업분야_20240424 (1).csv,2024-04-24,일반,정찰 영상과 기술적으로 인접할 수 있음,N,탐색용 분류이며 기업의 방산업체 지정·군 납품을 의미하지 않음
CMP0289,헥사팩토리,환경측량,감시.정찰.수색/인프라관리/물류·운송·구조/공간정보/특수촬영/환경측량/다목적 H/W/방송·공연/취미·교육/드론스테이션/임무장비/모듈/지상통제장비/통합솔루션/앱,항공안전기술원_드론정보포털_기업명_사업분야_20240424 (1).csv,2024-04-24,일반,군 환경·지형 조사와 교차 가능,N,탐색용 분류이며 기업의 방산업체 지정·군 납품을 의미하지 않음
CMP0289,헥사팩토리,다목적 H/W,감시.정찰.수색/인프라관리/물류·운송·구조/공간정보/특수촬영/환경측량/다목적 H/W/방송·공연/취미·교육/드론스테이션/임무장비/모듈/지상통제장비/통합솔루션/앱,항공안전기술원_드론정보포털_기업명_사업분야_20240424 (1).csv,2024-04-24,인접,기체·전자·탑재체 하드웨어 공급망 후보,N,탐색용 분류이며 기업의 방산업체 지정·군 납품을 의미하지 않음
CMP0289,헥사팩토리,방송·공연,감시.정찰.수색/인프라관리/물류·운송·구조/공간정보/특수촬영/환경측량/다목적 H/W/방송·공연/취미·교육/드론스테이션/임무장비/모듈/지상통제장비/통합솔루션/앱,항공안전기술원_드론정보포털_기업명_사업분야_20240424 (1).csv,2024-04-24,낮음,국방 연계 판단 근거로 사용하지 않음,N,탐색용 분류이며 기업의 방산업체 지정·군 납품을 의미하지 않음
CMP0289,헥사팩토리,취미·교육,감시.정찰.수색/인프라관리/물류·운송·구조/공간정보/특수촬영/환경측량/다목적 H/W/방송·공연/취미·교육/드론스테이션/임무장비/모듈/지상통제장비/통합솔루션/앱,항공안전기술원_드론정보포털_기업명_사업분야_20240424 (1).csv,2024-04-24,낮음,국방 연계 판단 근거로 사용하지 않음,N,탐색용 분류이며 기업의 방산업체 지정·군 납품을 의미하지 않음
CMP0289,헥사팩토리,드론스테이션,감시.정찰.수색/인프라관리/물류·운송·구조/공간정보/특수촬영/환경측량/다목적 H/W/방송·공연/취미·교육/드론스테이션/임무장비/모듈/지상통제장비/통합솔루션/앱,항공안전기술원_드론정보포털_기업명_사업분야_20240424 (1).csv,2024-04-24,인접,무인 운용·원격 통제 인프라 후보,N,탐색용 분류이며 기업의 방산업체 지정·군 납품을 의미하지 않음
CMP0289,헥사팩토리,임무장비,감시.정찰.수색/인프라관리/물류·운송·구조/공간정보/특수촬영/환경측량/다목적 H/W/방송·공연/취미·교육/드론스테이션/임무장비/모듈/지상통제장비/통합솔루션/앱,항공안전기술원_드론정보포털_기업명_사업분야_20240424 (1).csv,2024-04-24,직접,정찰·공격·지원 임무장비와 연결 가능,N,탐색용 분류이며 기업의 방산업체 지정·군 납품을 의미하지 않음
CMP0289,헥사팩토리,모듈,감시.정찰.수색/인프라관리/물류·운송·구조/공간정보/특수촬영/환경측량/다목적 H/W/방송·공연/취미·교육/드론스테이션/임무장비/모듈/지상통제장비/통합솔루션/앱,항공안전기술원_드론정보포털_기업명_사업분야_20240424 (1).csv,2024-04-24,인접,국방 드론 부품·모듈 공급망 후보,N,탐색용 분류이며 기업의 방산업체 지정·군 납품을 의미하지 않음
CMP0289,헥사팩토리,지상통제장비,감시.정찰.수색/인프라관리/물류·운송·구조/공간정보/특수촬영/환경측량/다목적 H/W/방송·공연/취미·교육/드론스테이션/임무장비/모듈/지상통제장비/통합솔루션/앱,항공안전기술원_드론정보포털_기업명_사업분야_20240424 (1).csv,2024-04-24,직접,GCS·임무통제와 연결 가능,N,탐색용 분류이며 기업의 방산업체 지정·군 납품을 의미하지 않음
CMP0289,헥사팩토리,통합솔루션,감시.정찰.수색/인프라관리/물류·운송·구조/공간정보/특수촬영/환경측량/다목적 H/W/방송·공연/취미·교육/드론스테이션/임무장비/모듈/지상통제장비/통합솔루션/앱,항공안전기술원_드론정보포털_기업명_사업분야_20240424 (1).csv,2024-04-24,인접,체계통합·운용 소프트웨어와 연결 가능,N,탐색용 분류이며 기업의 방산업체 지정·군 납품을 의미하지 않음
CMP0289,헥사팩토리,앱,감시.정찰.수색/인프라관리/물류·운송·구조/공간정보/특수촬영/환경측량/다목적 H/W/방송·공연/취미·교육/드론스테이션/임무장비/모듈/지상통제장비/통합솔루션/앱,항공안전기술원_드론정보포털_기업명_사업분야_20240424 (1).csv,2024-04-24,낮음,세부 기능 확인 전 국방 연계 판단 불가,N,탐색용 분류이며 기업의 방산업체 지정·군 납품을 의미하지 않음
CMP0294,호그린에어,방역/방제/살포,방역/방제/살포/임무장비/모듈,항공안전기술원_드론정보포털_기업명_사업분야_20240424 (1).csv,2024-04-24,낮음,주로 민수 활용,N,탐색용 분류이며 기업의 방산업체 지정·군 납품을 의미하지 않음
CMP0294,호그린에어,임무장비,방역/방제/살포/임무장비/모듈,항공안전기술원_드론정보포털_기업명_사업분야_20240424 (1).csv,2024-04-24,직접,정찰·공격·지원 임무장비와 연결 가능,N,탐색용 분류이며 기업의 방산업체 지정·군 납품을 의미하지 않음
CMP0294,호그린에어,모듈,방역/방제/살포/임무장비/모듈,항공안전기술원_드론정보포털_기업명_사업분야_20240424 (1).csv,2024-04-24,인접,국방 드론 부품·모듈 공급망 후보,N,탐색용 분류이며 기업의 방산업체 지정·군 납품을 의미하지 않음
CMP0295,훈검항업,감시.정찰.수색,감시.정찰.수색/인프라관리/공간정보/특수촬영/환경측량/다목적 H/W/취미·교육/임무장비/모듈,항공안전기술원_드론정보포털_기업명_사업분야_20240424 (1).csv,2024-04-24,직접,군 감시·정찰 임무와 직접 연결 가능,N,탐색용 분류이며 기업의 방산업체 지정·군 납품을 의미하지 않음
CMP0295,훈검항업,인프라관리,감시.정찰.수색/인프라관리/공간정보/특수촬영/환경측량/다목적 H/W/취미·교육/임무장비/모듈,항공안전기술원_드론정보포털_기업명_사업분야_20240424 (1).csv,2024-04-24,일반,민수 활용 중심이나 군 시설 관리와 교차 가능,N,탐색용 분류이며 기업의 방산업체 지정·군 납품을 의미하지 않음
CMP0295,훈검항업,공간정보,감시.정찰.수색/인프라관리/공간정보/특수촬영/환경측량/다목적 H/W/취미·교육/임무장비/모듈,항공안전기술원_드론정보포털_기업명_사업분야_20240424 (1).csv,2024-04-24,일반,군 지형·공간정보 용례와 교차 가능,N,탐색용 분류이며 기업의 방산업체 지정·군 납품을 의미하지 않음
CMP0295,훈검항업,특수촬영,감시.정찰.수색/인프라관리/공간정보/특수촬영/환경측량/다목적 H/W/취미·교육/임무장비/모듈,항공안전기술원_드론정보포털_기업명_사업분야_20240424 (1).csv,2024-04-24,일반,정찰 영상과 기술적으로 인접할 수 있음,N,탐색용 분류이며 기업의 방산업체 지정·군 납품을 의미하지 않음
CMP0295,훈검항업,환경측량,감시.정찰.수색/인프라관리/공간정보/특수촬영/환경측량/다목적 H/W/취미·교육/임무장비/모듈,항공안전기술원_드론정보포털_기업명_사업분야_20240424 (1).csv,2024-04-24,일반,군 환경·지형 조사와 교차 가능,N,탐색용 분류이며 기업의 방산업체 지정·군 납품을 의미하지 않음
CMP0295,훈검항업,다목적 H/W,감시.정찰.수색/인프라관리/공간정보/특수촬영/환경측량/다목적 H/W/취미·교육/임무장비/모듈,항공안전기술원_드론정보포털_기업명_사업분야_20240424 (1).csv,2024-04-24,인접,기체·전자·탑재체 하드웨어 공급망 후보,N,탐색용 분류이며 기업의 방산업체 지정·군 납품을 의미하지 않음
CMP0295,훈검항업,취미·교육,감시.정찰.수색/인프라관리/공간정보/특수촬영/환경측량/다목적 H/W/취미·교육/임무장비/모듈,항공안전기술원_드론정보포털_기업명_사업분야_20240424 (1).csv,2024-04-24,낮음,국방 연계 판단 근거로 사용하지 않음,N,탐색용 분류이며 기업의 방산업체 지정·군 납품을 의미하지 않음
CMP0295,훈검항업,임무장비,감시.정찰.수색/인프라관리/공간정보/특수촬영/환경측량/다목적 H/W/취미·교육/임무장비/모듈,항공안전기술원_드론정보포털_기업명_사업분야_20240424 (1).csv,2024-04-24,직접,정찰·공격·지원 임무장비와 연결 가능,N,탐색용 분류이며 기업의 방산업체 지정·군 납품을 의미하지 않음
CMP0295,훈검항업,모듈,감시.정찰.수색/인프라관리/공간정보/특수촬영/환경측량/다목적 H/W/취미·교육/임무장비/모듈,항공안전기술원_드론정보포털_기업명_사업분야_20240424 (1).csv,2024-04-24,인접,국방 드론 부품·모듈 공급망 후보,N,탐색용 분류이며 기업의 방산업체 지정·군 납품을 의미하지 않음
CMP0299,휴먼드론개발,감시.정찰.수색,감시.정찰.수색/인프라관리/물류·운송·구조/방역/방제/살포/환경측량/임무장비,항공안전기술원_드론정보포털_기업명_사업분야_20240424 (1).csv,2024-04-24,직접,군 감시·정찰 임무와 직접 연결 가능,N,탐색용 분류이며 기업의 방산업체 지정·군 납품을 의미하지 않음
CMP0299,휴먼드론개발,인프라관리,감시.정찰.수색/인프라관리/물류·운송·구조/방역/방제/살포/환경측량/임무장비,항공안전기술원_드론정보포털_기업명_사업분야_20240424 (1).csv,2024-04-24,일반,민수 활용 중심이나 군 시설 관리와 교차 가능,N,탐색용 분류이며 기업의 방산업체 지정·군 납품을 의미하지 않음
CMP0299,휴먼드론개발,물류·운송·구조,감시.정찰.수색/인프라관리/물류·운송·구조/방역/방제/살포/환경측량/임무장비,항공안전기술원_드론정보포털_기업명_사업분야_20240424 (1).csv,2024-04-24,일반,군수·수송 용례와 교차 가능,N,탐색용 분류이며 기업의 방산업체 지정·군 납품을 의미하지 않음
CMP0299,휴먼드론개발,방역/방제/살포,감시.정찰.수색/인프라관리/물류·운송·구조/방역/방제/살포/환경측량/임무장비,항공안전기술원_드론정보포털_기업명_사업분야_20240424 (1).csv,2024-04-24,낮음,주로 민수 활용,N,탐색용 분류이며 기업의 방산업체 지정·군 납품을 의미하지 않음
CMP0299,휴먼드론개발,환경측량,감시.정찰.수색/인프라관리/물류·운송·구조/방역/방제/살포/환경측량/임무장비,항공안전기술원_드론정보포털_기업명_사업분야_20240424 (1).csv,2024-04-24,일반,군 환경·지형 조사와 교차 가능,N,탐색용 분류이며 기업의 방산업체 지정·군 납품을 의미하지 않음
CMP0299,휴먼드론개발,임무장비,감시.정찰.수색/인프라관리/물류·운송·구조/방역/방제/살포/환경측량/임무장비,항공안전기술원_드론정보포털_기업명_사업분야_20240424 (1).csv,2024-04-24,직접,정찰·공격·지원 임무장비와 연결 가능,N,탐색용 분류이며 기업의 방산업체 지정·군 납품을 의미하지 않음
CMP0300,휴인스,감시.정찰.수색,감시.정찰.수색/인프라관리/드론스테이션/지상통제장비,항공안전기술원_드론정보포털_기업명_사업분야_20240424 (1).csv,2024-04-24,직접,군 감시·정찰 임무와 직접 연결 가능,N,탐색용 분류이며 기업의 방산업체 지정·군 납품을 의미하지 않음
CMP0300,휴인스,인프라관리,감시.정찰.수색/인프라관리/드론스테이션/지상통제장비,항공안전기술원_드론정보포털_기업명_사업분야_20240424 (1).csv,2024-04-24,일반,민수 활용 중심이나 군 시설 관리와 교차 가능,N,탐색용 분류이며 기업의 방산업체 지정·군 납품을 의미하지 않음
CMP0300,휴인스,드론스테이션,감시.정찰.수색/인프라관리/드론스테이션/지상통제장비,항공안전기술원_드론정보포털_기업명_사업분야_20240424 (1).csv,2024-04-24,인접,무인 운용·원격 통제 인프라 후보,N,탐색용 분류이며 기업의 방산업체 지정·군 납품을 의미하지 않음
CMP0300,휴인스,지상통제장비,감시.정찰.수색/인프라관리/드론스테이션/지상통제장비,항공안전기술원_드론정보포털_기업명_사업분야_20240424 (1).csv,2024-04-24,직접,GCS·임무통제와 연결 가능,N,탐색용 분류이며 기업의 방산업체 지정·군 납품을 의미하지 않음
