record_id,contract_no,contract_date,contract_title,contractor,contract_agency,contract_amount_krw,planned_amount_krw,contract_status,relevance_status,match_field,source_duplicate_count,source_row,record_json
526226b7aece8eb6efc9f631,2024SCF0941,2025-01-15,초경량 무인비행장치(드론) 유지보수 정비,주식회사 자이언트드론,해군군수사령부,368217000,415613122,계약완료,TITLE_MATCH,"계약명, 계약업체",1,1080,"{""원본행번호"":""1080"",""계약일"":""2025-01-15"",""계약연도"":""2025"",""계약월"":""1"",""계약분기"":""Q1"",""연월"":""2025-01"",""계약명"":""초경량 무인비행장치(드론) 유지보수 정비"",""계약업체"":""주식회사 자이언트드론"",""계약기관"":""해군군수사령부"",""계약구분"":""물품"",""계약방법"":""일반경쟁"",""입찰방식"":""총액제"",""계약금액_원"":""368217000"",""계약금액_억원"":""3.68217"",""계약금액_조원"":""0.000368217"",""예정금액_원"":""415613122"",""예정금액_억원"":""4.15613122"",""예정금액_조원"":""0.000415613122"",""낙찰률"":""88.596"",""낙찰률_구간"":""80~90%"",""낙찰률_결측여부"":""False"",""낙찰률_100초과여부"":""False"",""계약금액_0원여부"":""False"",""계약상태"":""계약완료"",""계약번호"":""2024SCF0941"",""결정번호"":""41857"",""계약일_원본"":""20250115"",""계약금액_원본"":""368217000"",""계약예정금액_원본"":""415613122"",""원본중복건수"":""1"",""원본중복행여부"":""False"",""드론_검색발견필드"":""계약명, 계약업체""}"
1f88b58d945b1fcf18fe9e7a,2024UMM0943,2025-01-15,24-N-해상 대테러 작전 지원용 드론 제조,주식회사 인스페이스,국군재정관리단,187740000,189912109,계약완료,TITLE_MATCH,계약명,1,1101,"{""원본행번호"":""1101"",""계약일"":""2025-01-15"",""계약연도"":""2025"",""계약월"":""1"",""계약분기"":""Q1"",""연월"":""2025-01"",""계약명"":""24-N-해상 대테러 작전 지원용 드론 제조"",""계약업체"":""주식회사 인스페이스"",""계약기관"":""국군재정관리단"",""계약구분"":""물품"",""계약방법"":""제한경쟁"",""입찰방식"":""총액제"",""계약금액_원"":""187740000"",""계약금액_억원"":""1.8774"",""계약금액_조원"":""0.00018774"",""예정금액_원"":""189912109"",""예정금액_억원"":""1.89912109"",""예정금액_조원"":""0.000189912109"",""낙찰률"":""98.856"",""낙찰률_구간"":""90~100%"",""낙찰률_결측여부"":""False"",""낙찰률_100초과여부"":""False"",""계약금액_0원여부"":""False"",""계약상태"":""계약완료"",""계약번호"":""2024UMM0943"",""결정번호"":""31870"",""계약일_원본"":""20250115"",""계약금액_원본"":""187740000"",""계약예정금액_원본"":""189912109"",""원본중복건수"":""1"",""원본중복행여부"":""False"",""드론_검색발견필드"":""계약명""}"
eaf395c35fb499dadbab3728,2025LGF0001,2025-01-17,'25년 드론전술훈련 시뮬레이터 외주정비 계약,주식회사 이너시스템즈,육군정보학교,28828400,32712806,계약완료,TITLE_MATCH,계약명,1,1336,"{""원본행번호"":""1336"",""계약일"":""2025-01-17"",""계약연도"":""2025"",""계약월"":""1"",""계약분기"":""Q1"",""연월"":""2025-01"",""계약명"":""'25년 드론전술훈련 시뮬레이터 외주정비 계약"",""계약업체"":""주식회사 이너시스템즈"",""계약기관"":""육군정보학교"",""계약구분"":""용역"",""계약방법"":""수의계약"",""입찰방식"":""총액제"",""계약금액_원"":""28828400"",""계약금액_억원"":""0.288284"",""계약금액_조원"":""2.88284e-05"",""예정금액_원"":""32712806"",""예정금액_억원"":""0.32712806"",""예정금액_조원"":""3.2712806e-05"",""낙찰률"":""88.125"",""낙찰률_구간"":""80~90%"",""낙찰률_결측여부"":""False"",""낙찰률_100초과여부"":""False"",""계약금액_0원여부"":""False"",""계약상태"":""계약완료"",""계약번호"":""2025LGF0001"",""결정번호"":""00584"",""계약일_원본"":""20250117"",""계약금액_원본"":""28828400"",""계약예정금액_원본"":""32712806"",""원본중복건수"":""1"",""원본중복행여부"":""False"",""드론_검색발견필드"":""계약명""}"
36656300bd4f9192249a5cfb,2025LAZ0001,2025-02-10,'25-미래 드론작전 기본개념 연구용역,헤브론스타주식회사,드론작전사령부,25000000,28387666,계약완료,TITLE_MATCH,"계약명, 계약기관",1,2194,"{""원본행번호"":""2194"",""계약일"":""2025-02-10"",""계약연도"":""2025"",""계약월"":""2"",""계약분기"":""Q1"",""연월"":""2025-02"",""계약명"":""'25-미래 드론작전 기본개념 연구용역"",""계약업체"":""헤브론스타주식회사"",""계약기관"":""드론작전사령부"",""계약구분"":""용역"",""계약방법"":""수의계약"",""입찰방식"":""총액제"",""계약금액_원"":""25000000"",""계약금액_억원"":""0.25"",""계약금액_조원"":""2.5e-05"",""예정금액_원"":""28387666"",""예정금액_억원"":""0.28387666"",""예정금액_조원"":""2.8387666e-05"",""낙찰률"":""88.066"",""낙찰률_구간"":""80~90%"",""낙찰률_결측여부"":""False"",""낙찰률_100초과여부"":""False"",""계약금액_0원여부"":""False"",""계약상태"":""계약완료"",""계약번호"":""2025LAZ0001"",""결정번호"":""02077"",""계약일_원본"":""20250210"",""계약금액_원본"":""25000000"",""계약예정금액_원본"":""28387666"",""원본중복건수"":""1"",""원본중복행여부"":""False"",""드론_검색발견필드"":""계약명, 계약기관""}"
b7a99365bfa4045a3e4830a9,2025LKM0006,2025-02-13,(육성) 작전용드론 조종기 구매,(주)네스앤텍,제2632부대,10000000,10000000,계약완료,TITLE_MATCH,계약명,1,2462,"{""원본행번호"":""2462"",""계약일"":""2025-02-13"",""계약연도"":""2025"",""계약월"":""2"",""계약분기"":""Q1"",""연월"":""2025-02"",""계약명"":""(육성) 작전용드론 조종기 구매"",""계약업체"":""(주)네스앤텍"",""계약기관"":""제2632부대"",""계약구분"":""물품"",""계약방법"":""수의계약"",""입찰방식"":""총액제"",""계약금액_원"":""10000000"",""계약금액_억원"":""0.1"",""계약금액_조원"":""1e-05"",""예정금액_원"":""10000000"",""예정금액_억원"":""0.1"",""예정금액_조원"":""1e-05"",""낙찰률"":""100.0"",""낙찰률_구간"":""100% 초과"",""낙찰률_결측여부"":""False"",""낙찰률_100초과여부"":""False"",""계약금액_0원여부"":""False"",""계약상태"":""계약완료"",""계약번호"":""2025LKM0006"",""결정번호"":""03388"",""계약일_원본"":""20250213"",""계약금액_원본"":""10000000"",""계약예정금액_원본"":""10000000"",""원본중복건수"":""1"",""원본중복행여부"":""False"",""드론_검색발견필드"":""계약명""}"
a0558a400eb083edb2c80100,2025LFH0004,2025-02-25,25년 드론전술운용과정 소모성 물품 구매,드론알씨랜드,육군부사관학교,5780820,5898800,계약완료,TITLE_MATCH,"계약명, 계약업체",1,3290,"{""원본행번호"":""3290"",""계약일"":""2025-02-25"",""계약연도"":""2025"",""계약월"":""2"",""계약분기"":""Q1"",""연월"":""2025-02"",""계약명"":""25년 드론전술운용과정 소모성 물품 구매"",""계약업체"":""드론알씨랜드"",""계약기관"":""육군부사관학교"",""계약구분"":""물품"",""계약방법"":""수의계약"",""입찰방식"":""총액제"",""계약금액_원"":""5780820"",""계약금액_억원"":""0.0578082"",""계약금액_조원"":""5.78082e-06"",""예정금액_원"":""5898800"",""예정금액_억원"":""0.058988"",""예정금액_조원"":""5.8988e-06"",""낙찰률"":""98.0"",""낙찰률_구간"":""90~100%"",""낙찰률_결측여부"":""False"",""낙찰률_100초과여부"":""False"",""계약금액_0원여부"":""False"",""계약상태"":""계약완료"",""계약번호"":""2025LFH0004"",""결정번호"":""05475"",""계약일_원본"":""20250225"",""계약금액_원본"":""5780820"",""계약예정금액_원본"":""5898800"",""원본중복건수"":""1"",""원본중복행여부"":""False"",""드론_검색발견필드"":""계약명, 계약업체""}"
2310184d7c5bcb6a714871ad,2025LAZ0002,2025-03-06,''25년 작전모 구매,(주)캡보이트레이딩,드론작전사령부,12600000,12600000,계약완료,CONTEXT_REVIEW,계약기관,1,4137,"{""원본행번호"":""4137"",""계약일"":""2025-03-06"",""계약연도"":""2025"",""계약월"":""3"",""계약분기"":""Q1"",""연월"":""2025-03"",""계약명"":""''25년 작전모 구매"",""계약업체"":""(주)캡보이트레이딩"",""계약기관"":""드론작전사령부"",""계약구분"":""물품"",""계약방법"":""수의계약"",""입찰방식"":""총액제"",""계약금액_원"":""12600000"",""계약금액_억원"":""0.126"",""계약금액_조원"":""1.26e-05"",""예정금액_원"":""12600000"",""예정금액_억원"":""0.126"",""예정금액_조원"":""1.26e-05"",""낙찰률"":""100.0"",""낙찰률_구간"":""100% 초과"",""낙찰률_결측여부"":""False"",""낙찰률_100초과여부"":""False"",""계약금액_0원여부"":""False"",""계약상태"":""계약완료"",""계약번호"":""2025LAZ0002"",""결정번호"":""06888"",""계약일_원본"":""20250306"",""계약금액_원본"":""12600000"",""계약예정금액_원본"":""12600000"",""원본중복건수"":""1"",""원본중복행여부"":""False"",""드론_검색발견필드"":""계약기관""}"
f0a555ce56865481224489ce,2025LAZ0003,2025-03-12,샤클 등 7품목 구매,선우상사,드론작전사령부,4998500,4998500,계약완료,CONTEXT_REVIEW,계약기관,1,4746,"{""원본행번호"":""4746"",""계약일"":""2025-03-12"",""계약연도"":""2025"",""계약월"":""3"",""계약분기"":""Q1"",""연월"":""2025-03"",""계약명"":""샤클 등 7품목 구매"",""계약업체"":""선우상사"",""계약기관"":""드론작전사령부"",""계약구분"":""물품"",""계약방법"":""수의계약"",""입찰방식"":""총액제"",""계약금액_원"":""4998500"",""계약금액_억원"":""0.049985"",""계약금액_조원"":""4.9985e-06"",""예정금액_원"":""4998500"",""예정금액_억원"":""0.049985"",""예정금액_조원"":""4.9985e-06"",""낙찰률"":""100.0"",""낙찰률_구간"":""100% 초과"",""낙찰률_결측여부"":""False"",""낙찰률_100초과여부"":""False"",""계약금액_0원여부"":""False"",""계약상태"":""계약완료"",""계약번호"":""2025LAZ0003"",""결정번호"":""07973"",""계약일_원본"":""20250312"",""계약금액_원본"":""4998500"",""계약예정금액_원본"":""4998500"",""원본중복건수"":""1"",""원본중복행여부"":""False"",""드론_검색발견필드"":""계약기관""}"
7114f50e3afe852e1de5bbfa,2025SFL0014,2025-03-16,교육용 드론 구매,포항케이피엘(KPL),제3283부대,44900000,50377863,계약완료,TITLE_MATCH,계약명,1,5203,"{""원본행번호"":""5203"",""계약일"":""2025-03-16"",""계약연도"":""2025"",""계약월"":""3"",""계약분기"":""Q1"",""연월"":""2025-03"",""계약명"":""교육용 드론 구매"",""계약업체"":""포항케이피엘(KPL)"",""계약기관"":""제3283부대"",""계약구분"":""물품"",""계약방법"":""수의계약"",""입찰방식"":""총액제"",""계약금액_원"":""44900000"",""계약금액_억원"":""0.449"",""계약금액_조원"":""4.49e-05"",""예정금액_원"":""50377863"",""예정금액_억원"":""0.50377863"",""예정금액_조원"":""5.0377863e-05"",""낙찰률"":""89.126"",""낙찰률_구간"":""80~90%"",""낙찰률_결측여부"":""False"",""낙찰률_100초과여부"":""False"",""계약금액_0원여부"":""False"",""계약상태"":""계약완료"",""계약번호"":""2025SFL0014"",""결정번호"":""07175"",""계약일_원본"":""20250316"",""계약금액_원본"":""44900000"",""계약예정금액_원본"":""50377863"",""원본중복건수"":""1"",""원본중복행여부"":""False"",""드론_검색발견필드"":""계약명""}"
227e7a6b98fef77d8ccfa2f2,2025LKD0033,2025-03-17,25년 드론봇 교육센터 부수기재(배터리) 구매,주식회사 순돌이드론,제32보병사단,10000000,10000000,계약완료,TITLE_MATCH,"계약명, 계약업체",1,5324,"{""원본행번호"":""5324"",""계약일"":""2025-03-17"",""계약연도"":""2025"",""계약월"":""3"",""계약분기"":""Q1"",""연월"":""2025-03"",""계약명"":""25년 드론봇 교육센터 부수기재(배터리) 구매"",""계약업체"":""주식회사 순돌이드론"",""계약기관"":""제32보병사단"",""계약구분"":""물품"",""계약방법"":""수의계약"",""입찰방식"":""총액제"",""계약금액_원"":""10000000"",""계약금액_억원"":""0.1"",""계약금액_조원"":""1e-05"",""예정금액_원"":""10000000"",""예정금액_억원"":""0.1"",""예정금액_조원"":""1e-05"",""낙찰률"":""100.0"",""낙찰률_구간"":""100% 초과"",""낙찰률_결측여부"":""False"",""낙찰률_100초과여부"":""False"",""계약금액_0원여부"":""False"",""계약상태"":""계약완료"",""계약번호"":""2025LKD0033"",""결정번호"":""08964"",""계약일_원본"":""20250317"",""계약금액_원본"":""10000000"",""계약예정금액_원본"":""10000000"",""원본중복건수"":""1"",""원본중복행여부"":""False"",""드론_검색발견필드"":""계약명, 계약업체""}"
f32f682217ce80f03659654e,2025LCT0014,2025-03-18,실기동 전투실험용 포병관측드론 임차 용역,주식회사 아리온,육군포병학교,25919800,27284000,계약완료,TITLE_MATCH,계약명,1,5430,"{""원본행번호"":""5430"",""계약일"":""2025-03-18"",""계약연도"":""2025"",""계약월"":""3"",""계약분기"":""Q1"",""연월"":""2025-03"",""계약명"":""실기동 전투실험용 포병관측드론 임차 용역"",""계약업체"":""주식회사 아리온"",""계약기관"":""육군포병학교"",""계약구분"":""용역"",""계약방법"":""수의계약"",""입찰방식"":""총액제"",""계약금액_원"":""25919800"",""계약금액_억원"":""0.259198"",""계약금액_조원"":""2.59198e-05"",""예정금액_원"":""27284000"",""예정금액_억원"":""0.27284"",""예정금액_조원"":""2.7284e-05"",""낙찰률"":""95.0"",""낙찰률_구간"":""90~100%"",""낙찰률_결측여부"":""False"",""낙찰률_100초과여부"":""False"",""계약금액_0원여부"":""False"",""계약상태"":""계약완료"",""계약번호"":""2025LCT0014"",""결정번호"":""07532"",""계약일_원본"":""20250318"",""계약금액_원본"":""25919800"",""계약예정금액_원본"":""27284000"",""원본중복건수"":""1"",""원본중복행여부"":""False"",""드론_검색발견필드"":""계약명""}"
7b37a18124cd1ddb598e7067,2025LAZ0004,2025-03-20,'25년 안보폰 암호모듈 구매,주식회사 아르고,드론작전사령부,11550000,11550000,계약완료,CONTEXT_REVIEW,계약기관,1,5691,"{""원본행번호"":""5691"",""계약일"":""2025-03-20"",""계약연도"":""2025"",""계약월"":""3"",""계약분기"":""Q1"",""연월"":""2025-03"",""계약명"":""'25년 안보폰 암호모듈 구매"",""계약업체"":""주식회사 아르고"",""계약기관"":""드론작전사령부"",""계약구분"":""물품"",""계약방법"":""수의계약"",""입찰방식"":""총액제"",""계약금액_원"":""11550000"",""계약금액_억원"":""0.1155"",""계약금액_조원"":""1.155e-05"",""예정금액_원"":""11550000"",""예정금액_억원"":""0.1155"",""예정금액_조원"":""1.155e-05"",""낙찰률"":""100.0"",""낙찰률_구간"":""100% 초과"",""낙찰률_결측여부"":""False"",""낙찰률_100초과여부"":""False"",""계약금액_0원여부"":""False"",""계약상태"":""계약완료"",""계약번호"":""2025LAZ0004"",""결정번호"":""09972"",""계약일_원본"":""20250320"",""계약금액_원본"":""11550000"",""계약예정금액_원본"":""11550000"",""원본중복건수"":""1"",""원본중복행여부"":""False"",""드론_검색발견필드"":""계약기관""}"
802017f4d365df202b7466b5,2025LKD0050,2025-03-25,25년 드론봇 교육센터 냉방기 구매,대전지방조달청,제32보병사단,5819230,5819230,계약완료,TITLE_MATCH,계약명,2,6179,"{""원본행번호"":""6179"",""계약일"":""2025-03-25"",""계약연도"":""2025"",""계약월"":""3"",""계약분기"":""Q1"",""연월"":""2025-03"",""계약명"":""25년 드론봇 교육센터 냉방기 구매"",""계약업체"":""대전지방조달청"",""계약기관"":""제32보병사단"",""계약구분"":""물품"",""계약방법"":""일반경쟁"",""입찰방식"":""총액제"",""계약금액_원"":""5819230"",""계약금액_억원"":""0.0581923"",""계약금액_조원"":""5.81923e-06"",""예정금액_원"":""5819230"",""예정금액_억원"":""0.0581923"",""예정금액_조원"":""5.81923e-06"",""낙찰률"":""100.0"",""낙찰률_구간"":""100% 초과"",""낙찰률_결측여부"":""False"",""낙찰률_100초과여부"":""False"",""계약금액_0원여부"":""False"",""계약상태"":""계약완료"",""계약번호"":""2025LKD0050"",""결정번호"":""10978"",""계약일_원본"":""20250325"",""계약금액_원본"":""5819230"",""계약예정금액_원본"":""5819230"",""원본중복건수"":""2"",""원본중복행여부"":""True"",""드론_검색발견필드"":""계약명""}"
b241266ef99d64387341f82b,2025LGF0009,2025-04-03,개발단 25-1차 군집드론 102대형 SW라이센스 임차,주식회사 드론미디어,육군정보학교,28827000,28827000,계약완료,TITLE_MATCH,"계약명, 계약업체",1,7405,"{""원본행번호"":""7405"",""계약일"":""2025-04-03"",""계약연도"":""2025"",""계약월"":""4"",""계약분기"":""Q2"",""연월"":""2025-04"",""계약명"":""개발단 25-1차 군집드론 102대형 SW라이센스 임차"",""계약업체"":""주식회사 드론미디어"",""계약기관"":""육군정보학교"",""계약구분"":""물품"",""계약방법"":""수의계약"",""입찰방식"":""총액제"",""계약금액_원"":""28827000"",""계약금액_억원"":""0.28827"",""계약금액_조원"":""2.8827e-05"",""예정금액_원"":""28827000"",""예정금액_억원"":""0.28827"",""예정금액_조원"":""2.8827e-05"",""낙찰률"":""100.0"",""낙찰률_구간"":""100% 초과"",""낙찰률_결측여부"":""False"",""낙찰률_100초과여부"":""False"",""계약금액_0원여부"":""False"",""계약상태"":""계약완료"",""계약번호"":""2025LGF0009"",""결정번호"":""12590"",""계약일_원본"":""20250403"",""계약금액_원본"":""28827000"",""계약예정금액_원본"":""28827000"",""원본중복건수"":""1"",""원본중복행여부"":""False"",""드론_검색발견필드"":""계약명, 계약업체""}"
fd37bdff696df8f6787d00be,2025LAZ0005,2025-04-03,드론조종교관실무위탁교육 용역,캣츠,드론작전사령부,23100000,23100000,계약완료,TITLE_MATCH,"계약명, 계약기관",1,7374,"{""원본행번호"":""7374"",""계약일"":""2025-04-03"",""계약연도"":""2025"",""계약월"":""4"",""계약분기"":""Q2"",""연월"":""2025-04"",""계약명"":""드론조종교관실무위탁교육 용역"",""계약업체"":""캣츠"",""계약기관"":""드론작전사령부"",""계약구분"":""용역"",""계약방법"":""수의계약"",""입찰방식"":""총액제"",""계약금액_원"":""23100000"",""계약금액_억원"":""0.231"",""계약금액_조원"":""2.31e-05"",""예정금액_원"":""23100000"",""예정금액_억원"":""0.231"",""예정금액_조원"":""2.31e-05"",""낙찰률"":""100.0"",""낙찰률_구간"":""100% 초과"",""낙찰률_결측여부"":""False"",""낙찰률_100초과여부"":""False"",""계약금액_0원여부"":""False"",""계약상태"":""계약완료"",""계약번호"":""2025LAZ0005"",""결정번호"":""12566"",""계약일_원본"":""20250403"",""계약금액_원본"":""23100000"",""계약예정금액_원본"":""23100000"",""원본중복건수"":""1"",""원본중복행여부"":""False"",""드론_검색발견필드"":""계약명, 계약기관""}"
bf482d719f1ceedff664ff84,2025LGF0011,2025-04-07,회전익25-1차드론부수기재(중형정찰드론프레임등8종),주식회사 디메이커스,육군정보학교,19998000,19998000,계약완료,TITLE_MATCH,계약명,1,7652,"{""원본행번호"":""7652"",""계약일"":""2025-04-07"",""계약연도"":""2025"",""계약월"":""4"",""계약분기"":""Q2"",""연월"":""2025-04"",""계약명"":""회전익25-1차드론부수기재(중형정찰드론프레임등8종)"",""계약업체"":""주식회사 디메이커스"",""계약기관"":""육군정보학교"",""계약구분"":""물품"",""계약방법"":""수의계약"",""입찰방식"":""총액제"",""계약금액_원"":""19998000"",""계약금액_억원"":""0.19998"",""계약금액_조원"":""1.9998e-05"",""예정금액_원"":""19998000"",""예정금액_억원"":""0.19998"",""예정금액_조원"":""1.9998e-05"",""낙찰률"":""100.0"",""낙찰률_구간"":""100% 초과"",""낙찰률_결측여부"":""False"",""낙찰률_100초과여부"":""False"",""계약금액_0원여부"":""False"",""계약상태"":""계약완료"",""계약번호"":""2025LGF0011"",""결정번호"":""13049"",""계약일_원본"":""20250407"",""계약금액_원본"":""19998000"",""계약예정금액_원본"":""19998000"",""원본중복건수"":""1"",""원본중복행여부"":""False"",""드론_검색발견필드"":""계약명""}"
6db632a402e4774214796d9b,2025LKG0069,2025-04-07,드론교육센터 교육장비 구매,부산지방조달청,육군제53보병사단,5511000,5511000,계약완료,TITLE_MATCH,계약명,1,7665,"{""원본행번호"":""7665"",""계약일"":""2025-04-07"",""계약연도"":""2025"",""계약월"":""4"",""계약분기"":""Q2"",""연월"":""2025-04"",""계약명"":""드론교육센터 교육장비 구매"",""계약업체"":""부산지방조달청"",""계약기관"":""육군제53보병사단"",""계약구분"":""물품"",""계약방법"":""수의계약"",""입찰방식"":""총액제"",""계약금액_원"":""5511000"",""계약금액_억원"":""0.05511"",""계약금액_조원"":""5.511e-06"",""예정금액_원"":""5511000"",""예정금액_억원"":""0.05511"",""예정금액_조원"":""5.511e-06"",""낙찰률"":""100.0"",""낙찰률_구간"":""100% 초과"",""낙찰률_결측여부"":""False"",""낙찰률_100초과여부"":""False"",""계약금액_0원여부"":""False"",""계약상태"":""계약완료"",""계약번호"":""2025LKG0069"",""결정번호"":""13047"",""계약일_원본"":""20250407"",""계약금액_원본"":""5511000"",""계약예정금액_원본"":""5511000"",""원본중복건수"":""1"",""원본중복행여부"":""False"",""드론_검색발견필드"":""계약명""}"
d217320d61565b1668ac08fa,2025LAZ0006,2025-04-08,'25-2차 드론 수리부속 구매,성우엔지니어링,드론작전사령부,247654850,247654850,계약완료,TITLE_MATCH,"계약명, 계약기관",1,7773,"{""원본행번호"":""7773"",""계약일"":""2025-04-08"",""계약연도"":""2025"",""계약월"":""4"",""계약분기"":""Q2"",""연월"":""2025-04"",""계약명"":""'25-2차 드론 수리부속 구매"",""계약업체"":""성우엔지니어링"",""계약기관"":""드론작전사령부"",""계약구분"":""물품"",""계약방법"":""수의계약"",""입찰방식"":""총액제"",""계약금액_원"":""247654850"",""계약금액_억원"":""2.4765485"",""계약금액_조원"":""0.00024765485"",""예정금액_원"":""247654850"",""예정금액_억원"":""2.4765485"",""예정금액_조원"":""0.00024765485"",""낙찰률"":""100.0"",""낙찰률_구간"":""100% 초과"",""낙찰률_결측여부"":""False"",""낙찰률_100초과여부"":""False"",""계약금액_0원여부"":""False"",""계약상태"":""계약완료"",""계약번호"":""2025LAZ0006"",""결정번호"":""13247"",""계약일_원본"":""20250408"",""계약금액_원본"":""247654850"",""계약예정금액_원본"":""247654850"",""원본중복건수"":""1"",""원본중복행여부"":""False"",""드론_검색발견필드"":""계약명, 계약기관""}"
548f89fb3245281f9ff2cdc9,2025LAZ0007,2025-04-09,'25-2차 소형드론 외주정비,성우엔지니어링,드론작전사령부,8391000,8391000,계약완료,TITLE_MATCH,"계약명, 계약기관",2,7862,"{""원본행번호"":""7862"",""계약일"":""2025-04-09"",""계약연도"":""2025"",""계약월"":""4"",""계약분기"":""Q2"",""연월"":""2025-04"",""계약명"":""'25-2차 소형드론 외주정비"",""계약업체"":""성우엔지니어링"",""계약기관"":""드론작전사령부"",""계약구분"":""용역"",""계약방법"":""수의계약"",""입찰방식"":""총액제"",""계약금액_원"":""8391000"",""계약금액_억원"":""0.08391"",""계약금액_조원"":""8.391e-06"",""예정금액_원"":""8391000"",""예정금액_억원"":""0.08391"",""예정금액_조원"":""8.391e-06"",""낙찰률"":""100.0"",""낙찰률_구간"":""100% 초과"",""낙찰률_결측여부"":""False"",""낙찰률_100초과여부"":""False"",""계약금액_0원여부"":""False"",""계약상태"":""계약완료"",""계약번호"":""2025LAZ0007"",""결정번호"":""13616"",""계약일_원본"":""20250409"",""계약금액_원본"":""8391000"",""계약예정금액_원본"":""8391000"",""원본중복건수"":""2"",""원본중복행여부"":""True"",""드론_검색발견필드"":""계약명, 계약기관""}"
f1a64a8b2d4ded154b83b674,2025LKT0036,2025-04-15,25-17차 육성지원예산 교육용 드론 제조구매,주식회사 비씨디이엔씨,제31보병사단,27180720,30850742,계약완료,TITLE_MATCH,계약명,1,8359,"{""원본행번호"":""8359"",""계약일"":""2025-04-15"",""계약연도"":""2025"",""계약월"":""4"",""계약분기"":""Q2"",""연월"":""2025-04"",""계약명"":""25-17차 육성지원예산 교육용 드론 제조구매"",""계약업체"":""주식회사 비씨디이엔씨"",""계약기관"":""제31보병사단"",""계약구분"":""물품"",""계약방법"":""제한경쟁"",""입찰방식"":""총액제"",""계약금액_원"":""27180720"",""계약금액_억원"":""0.2718072"",""계약금액_조원"":""2.718072e-05"",""예정금액_원"":""30850742"",""예정금액_억원"":""0.30850742"",""예정금액_조원"":""3.0850742e-05"",""낙찰률"":""88.103"",""낙찰률_구간"":""80~90%"",""낙찰률_결측여부"":""False"",""낙찰률_100초과여부"":""False"",""계약금액_0원여부"":""False"",""계약상태"":""계약완료"",""계약번호"":""2025LKT0036"",""결정번호"":""10371"",""계약일_원본"":""20250415"",""계약금액_원본"":""27180720"",""계약예정금액_원본"":""30850742"",""원본중복건수"":""1"",""원본중복행여부"":""False"",""드론_검색발견필드"":""계약명""}"
a9ee9d55c70b8cc7de1d7ca1,2025LCG0098,2025-04-17,[25-육-58] 유도무기 및 드론의 적정 항재밍 연구용역,(사)한국전략문제연구소,육군본부,40900000,47771272,계약완료,TITLE_MATCH,계약명,2,8539,"{""원본행번호"":""8539"",""계약일"":""2025-04-17"",""계약연도"":""2025"",""계약월"":""4"",""계약분기"":""Q2"",""연월"":""2025-04"",""계약명"":""[25-육-58] 유도무기 및 드론의 적정 항재밍 연구용역"",""계약업체"":""(사)한국전략문제연구소"",""계약기관"":""육군본부"",""계약구분"":""용역"",""계약방법"":""협상에의한계약(전자)"",""입찰방식"":""총액제"",""계약금액_원"":""40900000"",""계약금액_억원"":""0.409"",""계약금액_조원"":""4.09e-05"",""예정금액_원"":""47771272"",""예정금액_억원"":""0.47771272"",""예정금액_조원"":""4.7771272e-05"",""낙찰률"":""85.6163"",""낙찰률_구간"":""80~90%"",""낙찰률_결측여부"":""False"",""낙찰률_100초과여부"":""False"",""계약금액_0원여부"":""False"",""계약상태"":""계약완료"",""계약번호"":""2025LCG0098"",""결정번호"":""05265"",""계약일_원본"":""20250417"",""계약금액_원본"":""40900000"",""계약예정금액_원본"":""47771272"",""원본중복건수"":""2"",""원본중복행여부"":""True"",""드론_검색발견필드"":""계약명""}"
682401282b20de6e6369e598,2025LAZ0009,2025-04-17,'25-1차 전산운영용품 구매,에스오에스미디어 (주),드론작전사령부,27982326,31788621,계약완료,CONTEXT_REVIEW,계약기관,1,8533,"{""원본행번호"":""8533"",""계약일"":""2025-04-17"",""계약연도"":""2025"",""계약월"":""4"",""계약분기"":""Q2"",""연월"":""2025-04"",""계약명"":""'25-1차 전산운영용품 구매"",""계약업체"":""에스오에스미디어 (주)"",""계약기관"":""드론작전사령부"",""계약구분"":""물품"",""계약방법"":""수의계약"",""입찰방식"":""총액제"",""계약금액_원"":""27982326"",""계약금액_억원"":""0.27982326"",""계약금액_조원"":""2.7982326e-05"",""예정금액_원"":""31788621"",""예정금액_억원"":""0.31788621"",""예정금액_조원"":""3.1788621e-05"",""낙찰률"":""88.026"",""낙찰률_구간"":""80~90%"",""낙찰률_결측여부"":""False"",""낙찰률_100초과여부"":""False"",""계약금액_0원여부"":""False"",""계약상태"":""계약완료"",""계약번호"":""2025LAZ0009"",""결정번호"":""13608"",""계약일_원본"":""20250417"",""계약금액_원본"":""27982326"",""계약예정금액_원본"":""31788621"",""원본중복건수"":""1"",""원본중복행여부"":""False"",""드론_검색발견필드"":""계약기관""}"
d716991f5e1f7f96fc9b529f,2025LAZ0010,2025-04-17,3D프린터 소모품 구매,주식회사 링크솔루션,드론작전사령부,9933000,9933000,계약완료,CONTEXT_REVIEW,계약기관,1,8534,"{""원본행번호"":""8534"",""계약일"":""2025-04-17"",""계약연도"":""2025"",""계약월"":""4"",""계약분기"":""Q2"",""연월"":""2025-04"",""계약명"":""3D프린터 소모품 구매"",""계약업체"":""주식회사 링크솔루션"",""계약기관"":""드론작전사령부"",""계약구분"":""물품"",""계약방법"":""수의계약"",""입찰방식"":""총액제"",""계약금액_원"":""9933000"",""계약금액_억원"":""0.09933"",""계약금액_조원"":""9.933e-06"",""예정금액_원"":""9933000"",""예정금액_억원"":""0.09933"",""예정금액_조원"":""9.933e-06"",""낙찰률"":""100.0"",""낙찰률_구간"":""100% 초과"",""낙찰률_결측여부"":""False"",""낙찰률_100초과여부"":""False"",""계약금액_0원여부"":""False"",""계약상태"":""계약완료"",""계약번호"":""2025LAZ0010"",""결정번호"":""14727"",""계약일_원본"":""20250417"",""계약금액_원본"":""9933000"",""계약예정금액_원본"":""9933000"",""원본중복건수"":""1"",""원본중복행여부"":""False"",""드론_검색발견필드"":""계약기관""}"
da26245a64e814f97084dd32,2025HCG0038,2025-04-18,항공우주체험 부스 운영 용역,주식회사 드론큰타이거즈,공군본부,19000000,19500000,계약완료,CONTEXT_REVIEW,계약업체,1,8658,"{""원본행번호"":""8658"",""계약일"":""2025-04-18"",""계약연도"":""2025"",""계약월"":""4"",""계약분기"":""Q2"",""연월"":""2025-04"",""계약명"":""항공우주체험 부스 운영 용역"",""계약업체"":""주식회사 드론큰타이거즈"",""계약기관"":""공군본부"",""계약구분"":""용역"",""계약방법"":""수의계약"",""입찰방식"":""총액제"",""계약금액_원"":""19000000"",""계약금액_억원"":""0.19"",""계약금액_조원"":""1.9e-05"",""예정금액_원"":""19500000"",""예정금액_억원"":""0.195"",""예정금액_조원"":""1.95e-05"",""낙찰률"":""97.44"",""낙찰률_구간"":""90~100%"",""낙찰률_결측여부"":""False"",""낙찰률_100초과여부"":""False"",""계약금액_0원여부"":""False"",""계약상태"":""계약완료"",""계약번호"":""2025HCG0038"",""결정번호"":""14855"",""계약일_원본"":""20250418"",""계약금액_원본"":""19000000"",""계약예정금액_원본"":""19500000"",""원본중복건수"":""1"",""원본중복행여부"":""False"",""드론_검색발견필드"":""계약업체""}"
110179d8e4983ff56502af86,2025HCG0038,2025-04-23,항공우주체험 부스 운영 용역,주식회사 드론큰타이거즈,공군본부,19000000,19500000,계약완료,CONTEXT_REVIEW,계약업체,1,9047,"{""원본행번호"":""9047"",""계약일"":""2025-04-23"",""계약연도"":""2025"",""계약월"":""4"",""계약분기"":""Q2"",""연월"":""2025-04"",""계약명"":""항공우주체험 부스 운영 용역"",""계약업체"":""주식회사 드론큰타이거즈"",""계약기관"":""공군본부"",""계약구분"":""용역"",""계약방법"":""수의계약"",""입찰방식"":""총액제"",""계약금액_원"":""19000000"",""계약금액_억원"":""0.19"",""계약금액_조원"":""1.9e-05"",""예정금액_원"":""19500000"",""예정금액_억원"":""0.195"",""예정금액_조원"":""1.95e-05"",""낙찰률"":""97.44"",""낙찰률_구간"":""90~100%"",""낙찰률_결측여부"":""False"",""낙찰률_100초과여부"":""False"",""계약금액_0원여부"":""False"",""계약상태"":""계약완료"",""계약번호"":""2025HCG0038"",""결정번호"":""14855"",""계약일_원본"":""20250423"",""계약금액_원본"":""19000000"",""계약예정금액_원본"":""19500000"",""원본중복건수"":""1"",""원본중복행여부"":""False"",""드론_검색발견필드"":""계약업체""}"
a1986330ddd0ff8f78d6ac0b,2025LKM0056,2025-04-23,드론교육센터 이동식냉난방기 구매,세야산업,제2632부대,5000000,5000000,계약완료,TITLE_MATCH,계약명,1,9129,"{""원본행번호"":""9129"",""계약일"":""2025-04-23"",""계약연도"":""2025"",""계약월"":""4"",""계약분기"":""Q2"",""연월"":""2025-04"",""계약명"":""드론교육센터 이동식냉난방기 구매"",""계약업체"":""세야산업"",""계약기관"":""제2632부대"",""계약구분"":""물품"",""계약방법"":""수의계약"",""입찰방식"":""총액제"",""계약금액_원"":""5000000"",""계약금액_억원"":""0.05"",""계약금액_조원"":""5e-06"",""예정금액_원"":""5000000"",""예정금액_억원"":""0.05"",""예정금액_조원"":""5e-06"",""낙찰률"":""100.0"",""낙찰률_구간"":""100% 초과"",""낙찰률_결측여부"":""False"",""낙찰률_100초과여부"":""False"",""계약금액_0원여부"":""False"",""계약상태"":""계약완료"",""계약번호"":""2025LKM0056"",""결정번호"":""15619"",""계약일_원본"":""20250423"",""계약금액_원본"":""5000000"",""계약예정금액_원본"":""5000000"",""원본중복건수"":""1"",""원본중복행여부"":""False"",""드론_검색발견필드"":""계약명""}"
0d082bc0c6c7e82de086bd94,2025LAZ0011,2025-04-24,'25년 원격무선통제(RCU) 유지보수,(주)한스웰,드론작전사령부,18210000,18210000,계약완료,CONTEXT_REVIEW,계약기관,1,9246,"{""원본행번호"":""9246"",""계약일"":""2025-04-24"",""계약연도"":""2025"",""계약월"":""4"",""계약분기"":""Q2"",""연월"":""2025-04"",""계약명"":""'25년 원격무선통제(RCU) 유지보수"",""계약업체"":""(주)한스웰"",""계약기관"":""드론작전사령부"",""계약구분"":""용역"",""계약방법"":""수의계약"",""입찰방식"":""총액제"",""계약금액_원"":""18210000"",""계약금액_억원"":""0.1821"",""계약금액_조원"":""1.821e-05"",""예정금액_원"":""18210000"",""예정금액_억원"":""0.1821"",""예정금액_조원"":""1.821e-05"",""낙찰률"":""100.0"",""낙찰률_구간"":""100% 초과"",""낙찰률_결측여부"":""False"",""낙찰률_100초과여부"":""False"",""계약금액_0원여부"":""False"",""계약상태"":""계약완료"",""계약번호"":""2025LAZ0011"",""결정번호"":""15884"",""계약일_원본"":""20250424"",""계약금액_원본"":""18210000"",""계약예정금액_원본"":""18210000"",""원본중복건수"":""1"",""원본중복행여부"":""False"",""드론_검색발견필드"":""계약기관""}"
6c7a42ed11424f326ce9afd7,2025LFN0035,2025-04-29,25년 생도 드론3종 자격증 취득 용역,주식회사 이십칠,육군3사관학교,91022400,101530193,계약완료,TITLE_MATCH,계약명,1,9660,"{""원본행번호"":""9660"",""계약일"":""2025-04-29"",""계약연도"":""2025"",""계약월"":""4"",""계약분기"":""Q2"",""연월"":""2025-04"",""계약명"":""25년 생도 드론3종 자격증 취득 용역"",""계약업체"":""주식회사 이십칠"",""계약기관"":""육군3사관학교"",""계약구분"":""용역"",""계약방법"":""수의계약"",""입찰방식"":""총액제"",""계약금액_원"":""91022400"",""계약금액_억원"":""0.910224"",""계약금액_조원"":""9.10224e-05"",""예정금액_원"":""101530193"",""예정금액_억원"":""1.01530193"",""예정금액_조원"":""0.000101530193"",""낙찰률"":""89.65"",""낙찰률_구간"":""80~90%"",""낙찰률_결측여부"":""False"",""낙찰률_100초과여부"":""False"",""계약금액_0원여부"":""False"",""계약상태"":""계약완료"",""계약번호"":""2025LFN0035"",""결정번호"":""15811"",""계약일_원본"":""20250429"",""계약금액_원본"":""91022400"",""계약예정금액_원본"":""101530193"",""원본중복건수"":""1"",""원본중복행여부"":""False"",""드론_검색발견필드"":""계약명""}"
6a87adb6c4c3690573bdf537,2025LDG0038,2025-04-29,드론 정비 용역,(주)휴인스,육군 탄약지원사령부,16884550,16884550,계약완료,TITLE_MATCH,계약명,1,9655,"{""원본행번호"":""9655"",""계약일"":""2025-04-29"",""계약연도"":""2025"",""계약월"":""4"",""계약분기"":""Q2"",""연월"":""2025-04"",""계약명"":""드론 정비 용역"",""계약업체"":""(주)휴인스"",""계약기관"":""육군 탄약지원사령부"",""계약구분"":""용역"",""계약방법"":""수의계약"",""입찰방식"":""총액제"",""계약금액_원"":""16884550"",""계약금액_억원"":""0.1688455"",""계약금액_조원"":""1.688455e-05"",""예정금액_원"":""16884550"",""예정금액_억원"":""0.1688455"",""예정금액_조원"":""1.688455e-05"",""낙찰률"":""100.0"",""낙찰률_구간"":""100% 초과"",""낙찰률_결측여부"":""False"",""낙찰률_100초과여부"":""False"",""계약금액_0원여부"":""False"",""계약상태"":""계약완료"",""계약번호"":""2025LDG0038"",""결정번호"":""15691"",""계약일_원본"":""20250429"",""계약금액_원본"":""16884550"",""계약예정금액_원본"":""16884550"",""원본중복건수"":""1"",""원본중복행여부"":""False"",""드론_검색발견필드"":""계약명""}"
bcdc7341fe4963856d22b0d2,2025LGF0016,2025-04-30,개발단 25-3차 드론부수기재(서보모터디스펜서등10종),에이유엑스 미디어(Aux media),육군정보학교,7100000,7109220,계약완료,TITLE_MATCH,계약명,1,9814,"{""원본행번호"":""9814"",""계약일"":""2025-04-30"",""계약연도"":""2025"",""계약월"":""4"",""계약분기"":""Q2"",""연월"":""2025-04"",""계약명"":""개발단 25-3차 드론부수기재(서보모터디스펜서등10종)"",""계약업체"":""에이유엑스 미디어(Aux media)"",""계약기관"":""육군정보학교"",""계약구분"":""물품"",""계약방법"":""수의계약"",""입찰방식"":""총액제"",""계약금액_원"":""7100000"",""계약금액_억원"":""0.071"",""계약금액_조원"":""7.1e-06"",""예정금액_원"":""7109220"",""예정금액_억원"":""0.0710922"",""예정금액_조원"":""7.10922e-06"",""낙찰률"":""99.8703"",""낙찰률_구간"":""90~100%"",""낙찰률_결측여부"":""False"",""낙찰률_100초과여부"":""False"",""계약금액_0원여부"":""False"",""계약상태"":""계약완료"",""계약번호"":""2025LGF0016"",""결정번호"":""14913"",""계약일_원본"":""20250430"",""계약금액_원본"":""7100000"",""계약예정금액_원본"":""7109220"",""원본중복건수"":""1"",""원본중복행여부"":""False"",""드론_검색발견필드"":""계약명""}"
959d3788e102af62443e9a2c,2025LCG0129,2025-05-09,25-육-149 참모총장배 자폭드론 경연대회 및 시연,명성기획,육군본부,42500000,42735733,계약완료,TITLE_MATCH,계약명,1,10497,"{""원본행번호"":""10497"",""계약일"":""2025-05-09"",""계약연도"":""2025"",""계약월"":""5"",""계약분기"":""Q2"",""연월"":""2025-05"",""계약명"":""25-육-149 참모총장배 자폭드론 경연대회 및 시연"",""계약업체"":""명성기획"",""계약기관"":""육군본부"",""계약구분"":""용역"",""계약방법"":""수의계약"",""입찰방식"":""총액제"",""계약금액_원"":""42500000"",""계약금액_억원"":""0.425"",""계약금액_조원"":""4.25e-05"",""예정금액_원"":""42735733"",""예정금액_억원"":""0.42735733"",""예정금액_조원"":""4.2735733e-05"",""낙찰률"":""99.4484"",""낙찰률_구간"":""90~100%"",""낙찰률_결측여부"":""False"",""낙찰률_100초과여부"":""False"",""계약금액_0원여부"":""False"",""계약상태"":""계약완료"",""계약번호"":""2025LCG0129"",""결정번호"":""18317"",""계약일_원본"":""20250509"",""계약금액_원본"":""42500000"",""계약예정금액_원본"":""42735733"",""원본중복건수"":""1"",""원본중복행여부"":""False"",""드론_검색발견필드"":""계약명""}"
3eaa080ec5c24fac03fa1f95,2025LFH0028,2025-05-09,25-2기 드론전술운용과정 실습재료비 구매,드론파일럿 주식회사,육군부사관학교,12990360,13191818,계약완료,TITLE_MATCH,"계약명, 계약업체",1,10516,"{""원본행번호"":""10516"",""계약일"":""2025-05-09"",""계약연도"":""2025"",""계약월"":""5"",""계약분기"":""Q2"",""연월"":""2025-05"",""계약명"":""25-2기 드론전술운용과정 실습재료비 구매"",""계약업체"":""드론파일럿 주식회사"",""계약기관"":""육군부사관학교"",""계약구분"":""물품"",""계약방법"":""수의계약"",""입찰방식"":""총액제"",""계약금액_원"":""12990360"",""계약금액_억원"":""0.1299036"",""계약금액_조원"":""1.299036e-05"",""예정금액_원"":""13191818"",""예정금액_억원"":""0.13191818"",""예정금액_조원"":""1.3191818e-05"",""낙찰률"":""98.4729"",""낙찰률_구간"":""90~100%"",""낙찰률_결측여부"":""False"",""낙찰률_100초과여부"":""False"",""계약금액_0원여부"":""False"",""계약상태"":""계약완료"",""계약번호"":""2025LFH0028"",""결정번호"":""18266"",""계약일_원본"":""20250509"",""계약금액_원본"":""12990360"",""계약예정금액_원본"":""13191818"",""원본중복건수"":""1"",""원본중복행여부"":""False"",""드론_검색발견필드"":""계약명, 계약업체""}"
c6e3021a1223afe53092f244,2025SFC0052,2025-05-13,25-덕-전투실험용 저피탐 정찰드론 임차,주식회사 플러스인,제9691부대,43000000,44092404,계약완료,TITLE_MATCH,계약명,1,10839,"{""원본행번호"":""10839"",""계약일"":""2025-05-13"",""계약연도"":""2025"",""계약월"":""5"",""계약분기"":""Q2"",""연월"":""2025-05"",""계약명"":""25-덕-전투실험용 저피탐 정찰드론 임차"",""계약업체"":""주식회사 플러스인"",""계약기관"":""제9691부대"",""계약구분"":""용역"",""계약방법"":""제한경쟁"",""입찰방식"":""총액제"",""계약금액_원"":""43000000"",""계약금액_억원"":""0.43"",""계약금액_조원"":""4.3e-05"",""예정금액_원"":""44092404"",""예정금액_억원"":""0.44092404"",""예정금액_조원"":""4.4092404e-05"",""낙찰률"":""97.522"",""낙찰률_구간"":""90~100%"",""낙찰률_결측여부"":""False"",""낙찰률_100초과여부"":""False"",""계약금액_0원여부"":""False"",""계약상태"":""계약완료"",""계약번호"":""2025SFC0052"",""결정번호"":""16855"",""계약일_원본"":""20250513"",""계약금액_원본"":""43000000"",""계약예정금액_원본"":""44092404"",""원본중복건수"":""1"",""원본중복행여부"":""False"",""드론_검색발견필드"":""계약명""}"
3138db654bfb46d1a4129b64,2025SFC0053,2025-05-13,25-덕-전투실험용 저피탐 자폭드론 임차,주식회사 아쎄따,제9691부대,40875765,48508183,계약완료,TITLE_MATCH,계약명,1,10840,"{""원본행번호"":""10840"",""계약일"":""2025-05-13"",""계약연도"":""2025"",""계약월"":""5"",""계약분기"":""Q2"",""연월"":""2025-05"",""계약명"":""25-덕-전투실험용 저피탐 자폭드론 임차"",""계약업체"":""주식회사 아쎄따"",""계약기관"":""제9691부대"",""계약구분"":""용역"",""계약방법"":""제한경쟁"",""입찰방식"":""총액제"",""계약금액_원"":""40875765"",""계약금액_억원"":""0.40875765"",""계약금액_조원"":""4.0875765e-05"",""예정금액_원"":""48508183"",""예정금액_억원"":""0.48508183"",""예정금액_조원"":""4.8508183e-05"",""낙찰률"":""84.265"",""낙찰률_구간"":""80~90%"",""낙찰률_결측여부"":""False"",""낙찰률_100초과여부"":""False"",""계약금액_0원여부"":""False"",""계약상태"":""계약완료"",""계약번호"":""2025SFC0053"",""결정번호"":""16852"",""계약일_원본"":""20250513"",""계약금액_원본"":""40875765"",""계약예정금액_원본"":""48508183"",""원본중복건수"":""1"",""원본중복행여부"":""False"",""드론_검색발견필드"":""계약명""}"
5f88825c84e81fd02d6a20be,2025LKT0036,2025-05-15,25-17차 육성지원예산 교육용 드론 제조구매,주식회사 비씨디이엔씨,제31보병사단,38829600,30850742,계약완료,TITLE_MATCH,계약명,1,11042,"{""원본행번호"":""11042"",""계약일"":""2025-05-15"",""계약연도"":""2025"",""계약월"":""5"",""계약분기"":""Q2"",""연월"":""2025-05"",""계약명"":""25-17차 육성지원예산 교육용 드론 제조구매"",""계약업체"":""주식회사 비씨디이엔씨"",""계약기관"":""제31보병사단"",""계약구분"":""물품"",""계약방법"":""제한경쟁"",""입찰방식"":""총액제"",""계약금액_원"":""38829600"",""계약금액_억원"":""0.388296"",""계약금액_조원"":""3.88296e-05"",""예정금액_원"":""30850742"",""예정금액_억원"":""0.30850742"",""예정금액_조원"":""3.0850742e-05"",""낙찰률"":""88.103"",""낙찰률_구간"":""80~90%"",""낙찰률_결측여부"":""False"",""낙찰률_100초과여부"":""False"",""계약금액_0원여부"":""False"",""계약상태"":""계약완료"",""계약번호"":""2025LKT0036"",""결정번호"":""10371"",""계약일_원본"":""20250515"",""계약금액_원본"":""38829600"",""계약예정금액_원본"":""30850742"",""원본중복건수"":""1"",""원본중복행여부"":""False"",""드론_검색발견필드"":""계약명""}"
8ffd1b37f348ce233aa0e8a8,2025LAZ0012,2025-05-15,25-드론 조종교관 양성 실무위탁교육,한서대학교,드론작전사령부,17240000,17261415,계약완료,TITLE_MATCH,"계약명, 계약기관",1,11005,"{""원본행번호"":""11005"",""계약일"":""2025-05-15"",""계약연도"":""2025"",""계약월"":""5"",""계약분기"":""Q2"",""연월"":""2025-05"",""계약명"":""25-드론 조종교관 양성 실무위탁교육"",""계약업체"":""한서대학교"",""계약기관"":""드론작전사령부"",""계약구분"":""용역"",""계약방법"":""수의계약"",""입찰방식"":""총액제"",""계약금액_원"":""17240000"",""계약금액_억원"":""0.1724"",""계약금액_조원"":""1.724e-05"",""예정금액_원"":""17261415"",""예정금액_억원"":""0.17261415"",""예정금액_조원"":""1.7261415e-05"",""낙찰률"":""99.8759"",""낙찰률_구간"":""90~100%"",""낙찰률_결측여부"":""False"",""낙찰률_100초과여부"":""False"",""계약금액_0원여부"":""False"",""계약상태"":""계약완료"",""계약번호"":""2025LAZ0012"",""결정번호"":""18967"",""계약일_원본"":""20250515"",""계약금액_원본"":""17240000"",""계약예정금액_원본"":""17261415"",""원본중복건수"":""1"",""원본중복행여부"":""False"",""드론_검색발견필드"":""계약명, 계약기관""}"
9f81688221b6ca7b24d0d8be,2025LAZ0012,2025-05-15,25-드론 조종교관 양성 실무위탁교육,한서대학교,드론작전사령부,16240000,17261415,계약완료,TITLE_MATCH,"계약명, 계약기관",1,11006,"{""원본행번호"":""11006"",""계약일"":""2025-05-15"",""계약연도"":""2025"",""계약월"":""5"",""계약분기"":""Q2"",""연월"":""2025-05"",""계약명"":""25-드론 조종교관 양성 실무위탁교육"",""계약업체"":""한서대학교"",""계약기관"":""드론작전사령부"",""계약구분"":""용역"",""계약방법"":""수의계약"",""입찰방식"":""총액제"",""계약금액_원"":""16240000"",""계약금액_억원"":""0.1624"",""계약금액_조원"":""1.624e-05"",""예정금액_원"":""17261415"",""예정금액_억원"":""0.17261415"",""예정금액_조원"":""1.7261415e-05"",""낙찰률"":""99.8759"",""낙찰률_구간"":""90~100%"",""낙찰률_결측여부"":""False"",""낙찰률_100초과여부"":""False"",""계약금액_0원여부"":""False"",""계약상태"":""계약완료"",""계약번호"":""2025LAZ0012"",""결정번호"":""18967"",""계약일_원본"":""20250515"",""계약금액_원본"":""16240000"",""계약예정금액_원본"":""17261415"",""원본중복건수"":""1"",""원본중복행여부"":""False"",""드론_검색발견필드"":""계약명, 계약기관""}"
30579f0c797c23031e95133d,2025LFP0032,2025-05-15,25년 드론교육센터 정보교육용품비 구매,주식회사 태등,육군보병학교,5250000,5250000,계약완료,TITLE_MATCH,계약명,1,11022,"{""원본행번호"":""11022"",""계약일"":""2025-05-15"",""계약연도"":""2025"",""계약월"":""5"",""계약분기"":""Q2"",""연월"":""2025-05"",""계약명"":""25년 드론교육센터 정보교육용품비 구매"",""계약업체"":""주식회사 태등"",""계약기관"":""육군보병학교"",""계약구분"":""물품"",""계약방법"":""수의계약"",""입찰방식"":""총액제"",""계약금액_원"":""5250000"",""계약금액_억원"":""0.0525"",""계약금액_조원"":""5.25e-06"",""예정금액_원"":""5250000"",""예정금액_억원"":""0.0525"",""예정금액_조원"":""5.25e-06"",""낙찰률"":""100.0"",""낙찰률_구간"":""100% 초과"",""낙찰률_결측여부"":""False"",""낙찰률_100초과여부"":""False"",""계약금액_0원여부"":""False"",""계약상태"":""계약완료"",""계약번호"":""2025LFP0032"",""결정번호"":""19257"",""계약일_원본"":""20250515"",""계약금액_원본"":""5250000"",""계약예정금액_원본"":""5250000"",""원본중복건수"":""1"",""원본중복행여부"":""False"",""드론_검색발견필드"":""계약명""}"
fb9a508e6ab259042fd13cfb,2025LBB0043,2025-05-16,'25년 경계용 드론 배터리 구매,(주)네스앤텍,제1군수지원여단,21505000,21505000,계약완료,TITLE_MATCH,계약명,1,11123,"{""원본행번호"":""11123"",""계약일"":""2025-05-16"",""계약연도"":""2025"",""계약월"":""5"",""계약분기"":""Q2"",""연월"":""2025-05"",""계약명"":""'25년 경계용 드론 배터리 구매"",""계약업체"":""(주)네스앤텍"",""계약기관"":""제1군수지원여단"",""계약구분"":""물품"",""계약방법"":""수의계약"",""입찰방식"":""총액제"",""계약금액_원"":""21505000"",""계약금액_억원"":""0.21505"",""계약금액_조원"":""2.1505e-05"",""예정금액_원"":""21505000"",""예정금액_억원"":""0.21505"",""예정금액_조원"":""2.1505e-05"",""낙찰률"":""100.0"",""낙찰률_구간"":""100% 초과"",""낙찰률_결측여부"":""False"",""낙찰률_100초과여부"":""False"",""계약금액_0원여부"":""False"",""계약상태"":""계약완료"",""계약번호"":""2025LBB0043"",""결정번호"":""19067"",""계약일_원본"":""20250516"",""계약금액_원본"":""21505000"",""계약예정금액_원본"":""21505000"",""원본중복건수"":""1"",""원본중복행여부"":""False"",""드론_검색발견필드"":""계약명""}"
dceb0cd6f80ba92961e60af5,2025LHG0047,2025-05-16,소총조준사격드론 수리용역,주식회사 유맥에어,제1862부대,16203000,16940000,계약완료,TITLE_MATCH,계약명,2,11163,"{""원본행번호"":""11163"",""계약일"":""2025-05-16"",""계약연도"":""2025"",""계약월"":""5"",""계약분기"":""Q2"",""연월"":""2025-05"",""계약명"":""소총조준사격드론 수리용역"",""계약업체"":""주식회사 유맥에어"",""계약기관"":""제1862부대"",""계약구분"":""물품"",""계약방법"":""수의계약"",""입찰방식"":""총액제"",""계약금액_원"":""16203000"",""계약금액_억원"":""0.16203"",""계약금액_조원"":""1.6203e-05"",""예정금액_원"":""16940000"",""예정금액_억원"":""0.1694"",""예정금액_조원"":""1.694e-05"",""낙찰률"":""95.6494"",""낙찰률_구간"":""90~100%"",""낙찰률_결측여부"":""False"",""낙찰률_100초과여부"":""False"",""계약금액_0원여부"":""False"",""계약상태"":""계약완료"",""계약번호"":""2025LHG0047"",""결정번호"":""19182"",""계약일_원본"":""20250516"",""계약금액_원본"":""16203000"",""계약예정금액_원본"":""16940000"",""원본중복건수"":""2"",""원본중복행여부"":""True"",""드론_검색발견필드"":""계약명""}"
ae95b5299dbe8ec315105f95,2025SFC0054,2025-05-22,드론 운용 최적화 기술 적용방안 연구,한성대학교 산학협력단,제9691부대,18690000,25216452,계약완료,TITLE_MATCH,계약명,1,11799,"{""원본행번호"":""11799"",""계약일"":""2025-05-22"",""계약연도"":""2025"",""계약월"":""5"",""계약분기"":""Q2"",""연월"":""2025-05"",""계약명"":""드론 운용 최적화 기술 적용방안 연구"",""계약업체"":""한성대학교 산학협력단"",""계약기관"":""제9691부대"",""계약구분"":""용역"",""계약방법"":""2단계경쟁(동시)"",""입찰방식"":""총액제"",""계약금액_원"":""18690000"",""계약금액_억원"":""0.1869"",""계약금액_조원"":""1.869e-05"",""예정금액_원"":""25216452"",""예정금액_억원"":""0.25216452"",""예정금액_조원"":""2.5216452e-05"",""낙찰률"":""74.118"",""낙찰률_구간"":""80% 미만"",""낙찰률_결측여부"":""False"",""낙찰률_100초과여부"":""False"",""계약금액_0원여부"":""False"",""계약상태"":""계약완료"",""계약번호"":""2025SFC0054"",""결정번호"":""15611"",""계약일_원본"":""20250522"",""계약금액_원본"":""18690000"",""계약예정금액_원본"":""25216452"",""원본중복건수"":""1"",""원본중복행여부"":""False"",""드론_검색발견필드"":""계약명""}"
ac1d3e81d2bd63baf6f25952,2025SFC0059,2025-05-23,25-덕-전투실험용 통신중계드론 임차,태경전자(주),제9691부대,36731174,40531909,계약완료,TITLE_MATCH,계약명,1,11920,"{""원본행번호"":""11920"",""계약일"":""2025-05-23"",""계약연도"":""2025"",""계약월"":""5"",""계약분기"":""Q2"",""연월"":""2025-05"",""계약명"":""25-덕-전투실험용 통신중계드론 임차"",""계약업체"":""태경전자(주)"",""계약기관"":""제9691부대"",""계약구분"":""용역"",""계약방법"":""제한경쟁"",""입찰방식"":""총액제"",""계약금액_원"":""36731174"",""계약금액_억원"":""0.36731174"",""계약금액_조원"":""3.6731174e-05"",""예정금액_원"":""40531909"",""예정금액_억원"":""0.40531909"",""예정금액_조원"":""4.0531909e-05"",""낙찰률"":""90.622"",""낙찰률_구간"":""90~100%"",""낙찰률_결측여부"":""False"",""낙찰률_100초과여부"":""False"",""계약금액_0원여부"":""False"",""계약상태"":""계약완료"",""계약번호"":""2025SFC0059"",""결정번호"":""15821"",""계약일_원본"":""20250523"",""계약금액_원본"":""36731174"",""계약예정금액_원본"":""40531909"",""원본중복건수"":""1"",""원본중복행여부"":""False"",""드론_검색발견필드"":""계약명""}"
544039f124d3d7f32fb49d92,2025SFC0060,2025-05-23,25-덕-전투실험용 물자수송드론 임차,주식회사 해양드론기술,제9691부대,26640000,30981580,계약완료,TITLE_MATCH,"계약명, 계약업체",1,11921,"{""원본행번호"":""11921"",""계약일"":""2025-05-23"",""계약연도"":""2025"",""계약월"":""5"",""계약분기"":""Q2"",""연월"":""2025-05"",""계약명"":""25-덕-전투실험용 물자수송드론 임차"",""계약업체"":""주식회사 해양드론기술"",""계약기관"":""제9691부대"",""계약구분"":""용역"",""계약방법"":""제한경쟁"",""입찰방식"":""총액제"",""계약금액_원"":""26640000"",""계약금액_억원"":""0.2664"",""계약금액_조원"":""2.664e-05"",""예정금액_원"":""30981580"",""예정금액_억원"":""0.3098158"",""예정금액_조원"":""3.098158e-05"",""낙찰률"":""85.986"",""낙찰률_구간"":""80~90%"",""낙찰률_결측여부"":""False"",""낙찰률_100초과여부"":""False"",""계약금액_0원여부"":""False"",""계약상태"":""계약완료"",""계약번호"":""2025SFC0060"",""결정번호"":""17276"",""계약일_원본"":""20250523"",""계약금액_원본"":""26640000"",""계약예정금액_원본"":""30981580"",""원본중복건수"":""1"",""원본중복행여부"":""False"",""드론_검색발견필드"":""계약명, 계약업체""}"
1fa64101819544a24d1ede3e,2025LNM0023,2025-05-23,2025년 FPV 드론 2차 구매,스카이옵스인더스트리,제72보병사단,5176000,5176000,계약완료,TITLE_MATCH,계약명,1,11877,"{""원본행번호"":""11877"",""계약일"":""2025-05-23"",""계약연도"":""2025"",""계약월"":""5"",""계약분기"":""Q2"",""연월"":""2025-05"",""계약명"":""2025년 FPV 드론 2차 구매"",""계약업체"":""스카이옵스인더스트리"",""계약기관"":""제72보병사단"",""계약구분"":""물품"",""계약방법"":""수의계약"",""입찰방식"":""총액제"",""계약금액_원"":""5176000"",""계약금액_억원"":""0.05176"",""계약금액_조원"":""5.176e-06"",""예정금액_원"":""5176000"",""예정금액_억원"":""0.05176"",""예정금액_조원"":""5.176e-06"",""낙찰률"":""100.0"",""낙찰률_구간"":""100% 초과"",""낙찰률_결측여부"":""False"",""낙찰률_100초과여부"":""False"",""계약금액_0원여부"":""False"",""계약상태"":""계약완료"",""계약번호"":""2025LNM0023"",""결정번호"":""20790"",""계약일_원본"":""20250523"",""계약금액_원본"":""5176000"",""계약예정금액_원본"":""5176000"",""원본중복건수"":""1"",""원본중복행여부"":""False"",""드론_검색발견필드"":""계약명""}"
69a18d789dd7b66678a56a02,2025LQH0038,2025-05-26,(육성)구기동대 드론 재밍건 제조 납품,주식회사 리즈너스,제3697부대,103575280,117673882,계약완료,TITLE_MATCH,계약명,1,12034,"{""원본행번호"":""12034"",""계약일"":""2025-05-26"",""계약연도"":""2025"",""계약월"":""5"",""계약분기"":""Q2"",""연월"":""2025-05"",""계약명"":""(육성)구기동대 드론 재밍건 제조 납품"",""계약업체"":""주식회사 리즈너스"",""계약기관"":""제3697부대"",""계약구분"":""물품"",""계약방법"":""제한경쟁"",""입찰방식"":""총액제"",""계약금액_원"":""103575280"",""계약금액_억원"":""1.0357528"",""계약금액_조원"":""0.00010357528"",""예정금액_원"":""117673882"",""예정금액_억원"":""1.17673882"",""예정금액_조원"":""0.000117673882"",""낙찰률"":""88.018"",""낙찰률_구간"":""80~90%"",""낙찰률_결측여부"":""False"",""낙찰률_100초과여부"":""False"",""계약금액_0원여부"":""False"",""계약상태"":""계약완료"",""계약번호"":""2025LQH0038"",""결정번호"":""17059"",""계약일_원본"":""20250526"",""계약금액_원본"":""103575280"",""계약예정금액_원본"":""117673882"",""원본중복건수"":""1"",""원본중복행여부"":""False"",""드론_검색발견필드"":""계약명""}"
543ef09aaee690ec0c827807,2025LQH0042,2025-05-26,(육성)구기동대 감시정찰드론 제조 납품,주식회사 자이언트드론,제3697부대,41415800,46325968,계약완료,TITLE_MATCH,"계약명, 계약업체",1,12035,"{""원본행번호"":""12035"",""계약일"":""2025-05-26"",""계약연도"":""2025"",""계약월"":""5"",""계약분기"":""Q2"",""연월"":""2025-05"",""계약명"":""(육성)구기동대 감시정찰드론 제조 납품"",""계약업체"":""주식회사 자이언트드론"",""계약기관"":""제3697부대"",""계약구분"":""물품"",""계약방법"":""수의계약"",""입찰방식"":""총액제"",""계약금액_원"":""41415800"",""계약금액_억원"":""0.414158"",""계약금액_조원"":""4.14158e-05"",""예정금액_원"":""46325968"",""예정금액_억원"":""0.46325968"",""예정금액_조원"":""4.6325968e-05"",""낙찰률"":""89.4"",""낙찰률_구간"":""80~90%"",""낙찰률_결측여부"":""False"",""낙찰률_100초과여부"":""False"",""계약금액_0원여부"":""False"",""계약상태"":""계약완료"",""계약번호"":""2025LQH0042"",""결정번호"":""18740"",""계약일_원본"":""20250526"",""계약금액_원본"":""41415800"",""계약예정금액_원본"":""46325968"",""원본중복건수"":""1"",""원본중복행여부"":""False"",""드론_검색발견필드"":""계약명, 계약업체""}"
303f2d9a6301a721dba5c60e,2025SFC0068,2025-05-27,25-덕-전투실험용 장기체공드론 임차,주식회사 해양드론기술,제9691부대,49535000,52975511,계약완료,TITLE_MATCH,"계약명, 계약업체",1,12214,"{""원본행번호"":""12214"",""계약일"":""2025-05-27"",""계약연도"":""2025"",""계약월"":""5"",""계약분기"":""Q2"",""연월"":""2025-05"",""계약명"":""25-덕-전투실험용 장기체공드론 임차"",""계약업체"":""주식회사 해양드론기술"",""계약기관"":""제9691부대"",""계약구분"":""용역"",""계약방법"":""수의계약"",""입찰방식"":""총액제"",""계약금액_원"":""49535000"",""계약금액_억원"":""0.49535"",""계약금액_조원"":""4.9535e-05"",""예정금액_원"":""52975511"",""예정금액_억원"":""0.52975511"",""예정금액_조원"":""5.2975511e-05"",""낙찰률"":""93.5055"",""낙찰률_구간"":""90~100%"",""낙찰률_결측여부"":""False"",""낙찰률_100초과여부"":""False"",""계약금액_0원여부"":""False"",""계약상태"":""계약완료"",""계약번호"":""2025SFC0068"",""결정번호"":""18218"",""계약일_원본"":""20250527"",""계약금액_원본"":""49535000"",""계약예정금액_원본"":""52975511"",""원본중복건수"":""1"",""원본중복행여부"":""False"",""드론_검색발견필드"":""계약명, 계약업체""}"
b33ac2d7111d8b012179b4c8,2025SFC0067,2025-05-27,25-덕-전투실험용 드론스테이션 임차,주식회사 아르고스다인,제9691부대,49000000,49969605,계약완료,TITLE_MATCH,계약명,1,12213,"{""원본행번호"":""12213"",""계약일"":""2025-05-27"",""계약연도"":""2025"",""계약월"":""5"",""계약분기"":""Q2"",""연월"":""2025-05"",""계약명"":""25-덕-전투실험용 드론스테이션 임차"",""계약업체"":""주식회사 아르고스다인"",""계약기관"":""제9691부대"",""계약구분"":""용역"",""계약방법"":""수의계약"",""입찰방식"":""총액제"",""계약금액_원"":""49000000"",""계약금액_억원"":""0.49"",""계약금액_조원"":""4.9e-05"",""예정금액_원"":""49969605"",""예정금액_억원"":""0.49969605"",""예정금액_조원"":""4.9969605e-05"",""낙찰률"":""98.0596"",""낙찰률_구간"":""90~100%"",""낙찰률_결측여부"":""False"",""낙찰률_100초과여부"":""False"",""계약금액_0원여부"":""False"",""계약상태"":""계약완료"",""계약번호"":""2025SFC0067"",""결정번호"":""15822"",""계약일_원본"":""20250527"",""계약금액_원본"":""49000000"",""계약예정금액_원본"":""49969605"",""원본중복건수"":""1"",""원본중복행여부"":""False"",""드론_검색발견필드"":""계약명""}"
a7404cc7d190066b751cab0b,2025SFC0066,2025-05-27,25-덕-전투실험용 대드론자폭무인기 임차,주식회사 니어스랩,제9691부대,31000000,31190738,계약완료,TITLE_MATCH,계약명,1,12212,"{""원본행번호"":""12212"",""계약일"":""2025-05-27"",""계약연도"":""2025"",""계약월"":""5"",""계약분기"":""Q2"",""연월"":""2025-05"",""계약명"":""25-덕-전투실험용 대드론자폭무인기 임차"",""계약업체"":""주식회사 니어스랩"",""계약기관"":""제9691부대"",""계약구분"":""용역"",""계약방법"":""수의계약"",""입찰방식"":""총액제"",""계약금액_원"":""31000000"",""계약금액_억원"":""0.31"",""계약금액_조원"":""3.1e-05"",""예정금액_원"":""31190738"",""예정금액_억원"":""0.31190738"",""예정금액_조원"":""3.1190738e-05"",""낙찰률"":""99.3885"",""낙찰률_구간"":""90~100%"",""낙찰률_결측여부"":""False"",""낙찰률_100초과여부"":""False"",""계약금액_0원여부"":""False"",""계약상태"":""계약완료"",""계약번호"":""2025SFC0066"",""결정번호"":""17664"",""계약일_원본"":""20250527"",""계약금액_원본"":""31000000"",""계약예정금액_원본"":""31190738"",""원본중복건수"":""1"",""원본중복행여부"":""False"",""드론_검색발견필드"":""계약명""}"
50da58a9f65830eb679272fb,2025LKT0049,2025-05-27,25-203차 육성지원예산 FPV 드론 제조구매,주식회사 포스웨이브,제31보병사단,19693300,21451103,계약완료,TITLE_MATCH,계약명,1,12170,"{""원본행번호"":""12170"",""계약일"":""2025-05-27"",""계약연도"":""2025"",""계약월"":""5"",""계약분기"":""Q2"",""연월"":""2025-05"",""계약명"":""25-203차 육성지원예산 FPV 드론 제조구매"",""계약업체"":""주식회사 포스웨이브"",""계약기관"":""제31보병사단"",""계약구분"":""물품"",""계약방법"":""제한경쟁"",""입찰방식"":""총액제"",""계약금액_원"":""19693300"",""계약금액_억원"":""0.196933"",""계약금액_조원"":""1.96933e-05"",""예정금액_원"":""21451103"",""예정금액_억원"":""0.21451103"",""예정금액_조원"":""2.1451103e-05"",""낙찰률"":""91.805"",""낙찰률_구간"":""90~100%"",""낙찰률_결측여부"":""False"",""낙찰률_100초과여부"":""False"",""계약금액_0원여부"":""False"",""계약상태"":""계약완료"",""계약번호"":""2025LKT0049"",""결정번호"":""17229"",""계약일_원본"":""20250527"",""계약금액_원본"":""19693300"",""계약예정금액_원본"":""21451103"",""원본중복건수"":""1"",""원본중복행여부"":""False"",""드론_검색발견필드"":""계약명""}"
14a9ad0d3ae525a0ceec64f6,2025LAZ0013,2025-05-27,25-발사대 로프 구매,슈프림번지,드론작전사령부,15840000,15900099,계약완료,CONTEXT_REVIEW,계약기관,1,12133,"{""원본행번호"":""12133"",""계약일"":""2025-05-27"",""계약연도"":""2025"",""계약월"":""5"",""계약분기"":""Q2"",""연월"":""2025-05"",""계약명"":""25-발사대 로프 구매"",""계약업체"":""슈프림번지"",""계약기관"":""드론작전사령부"",""계약구분"":""물품"",""계약방법"":""수의계약"",""입찰방식"":""총액제"",""계약금액_원"":""15840000"",""계약금액_억원"":""0.1584"",""계약금액_조원"":""1.584e-05"",""예정금액_원"":""15900099"",""예정금액_억원"":""0.15900099"",""예정금액_조원"":""1.5900099e-05"",""낙찰률"":""99.622"",""낙찰률_구간"":""90~100%"",""낙찰률_결측여부"":""False"",""낙찰률_100초과여부"":""False"",""계약금액_0원여부"":""False"",""계약상태"":""계약완료"",""계약번호"":""2025LAZ0013"",""결정번호"":""21148"",""계약일_원본"":""20250527"",""계약금액_원본"":""15840000"",""계약예정금액_원본"":""15900099"",""원본중복건수"":""1"",""원본중복행여부"":""False"",""드론_검색발견필드"":""계약기관""}"
692b923b4c6a6e660af764a8,2025LMH0111,2025-05-28,(A067) 소형정찰드론 구매,서울지방조달청,제7군단,406344000,406344000,계약완료,TITLE_MATCH,계약명,1,12301,"{""원본행번호"":""12301"",""계약일"":""2025-05-28"",""계약연도"":""2025"",""계약월"":""5"",""계약분기"":""Q2"",""연월"":""2025-05"",""계약명"":""(A067) 소형정찰드론 구매"",""계약업체"":""서울지방조달청"",""계약기관"":""제7군단"",""계약구분"":""물품"",""계약방법"":""수의계약"",""입찰방식"":""총액제"",""계약금액_원"":""406344000"",""계약금액_억원"":""4.06344"",""계약금액_조원"":""0.000406344"",""예정금액_원"":""406344000"",""예정금액_억원"":""4.06344"",""예정금액_조원"":""0.000406344"",""낙찰률"":""100.0"",""낙찰률_구간"":""100% 초과"",""낙찰률_결측여부"":""False"",""낙찰률_100초과여부"":""False"",""계약금액_0원여부"":""False"",""계약상태"":""계약완료"",""계약번호"":""2025LMH0111"",""결정번호"":""22881"",""계약일_원본"":""20250528"",""계약금액_원본"":""406344000"",""계약예정금액_원본"":""406344000"",""원본중복건수"":""1"",""원본중복행여부"":""False"",""드론_검색발견필드"":""계약명""}"
21e21d5ff4c5b518e87ac39f,2025LHD0026,2025-05-29,소총조준사격드론 장비 수리부속 정비용역(A032),주식회사 유맥에어,제21보병사단,41800000,43174196,계약완료,TITLE_MATCH,계약명,1,12404,"{""원본행번호"":""12404"",""계약일"":""2025-05-29"",""계약연도"":""2025"",""계약월"":""5"",""계약분기"":""Q2"",""연월"":""2025-05"",""계약명"":""소총조준사격드론 장비 수리부속 정비용역(A032)"",""계약업체"":""주식회사 유맥에어"",""계약기관"":""제21보병사단"",""계약구분"":""용역"",""계약방법"":""수의계약"",""입찰방식"":""총액제"",""계약금액_원"":""41800000"",""계약금액_억원"":""0.418"",""계약금액_조원"":""4.18e-05"",""예정금액_원"":""43174196"",""예정금액_억원"":""0.43174196"",""예정금액_조원"":""4.3174196e-05"",""낙찰률"":""96.8171"",""낙찰률_구간"":""90~100%"",""낙찰률_결측여부"":""False"",""낙찰률_100초과여부"":""False"",""계약금액_0원여부"":""False"",""계약상태"":""계약완료"",""계약번호"":""2025LHD0026"",""결정번호"":""21430"",""계약일_원본"":""20250529"",""계약금액_원본"":""41800000"",""계약예정금액_원본"":""43174196"",""원본중복건수"":""1"",""원본중복행여부"":""False"",""드론_검색발견필드"":""계약명""}"
d9d9d4f5b9e2a6ae8a7d39c2,2025HCL0176,2025-05-29,25-119 드론,주식회사 한컴어썸텍,공군사관학교,4000000,4000000,계약완료,TITLE_MATCH,계약명,1,12358,"{""원본행번호"":""12358"",""계약일"":""2025-05-29"",""계약연도"":""2025"",""계약월"":""5"",""계약분기"":""Q2"",""연월"":""2025-05"",""계약명"":""25-119 드론"",""계약업체"":""주식회사 한컴어썸텍"",""계약기관"":""공군사관학교"",""계약구분"":""물품"",""계약방법"":""수의계약"",""입찰방식"":""총액제"",""계약금액_원"":""4000000"",""계약금액_억원"":""0.04"",""계약금액_조원"":""4e-06"",""예정금액_원"":""4000000"",""예정금액_억원"":""0.04"",""예정금액_조원"":""4e-06"",""낙찰률"":""100.0"",""낙찰률_구간"":""100% 초과"",""낙찰률_결측여부"":""False"",""낙찰률_100초과여부"":""False"",""계약금액_0원여부"":""False"",""계약상태"":""계약완료"",""계약번호"":""2025HCL0176"",""결정번호"":""22017"",""계약일_원본"":""20250529"",""계약금액_원본"":""4000000"",""계약예정금액_원본"":""4000000"",""원본중복건수"":""1"",""원본중복행여부"":""False"",""드론_검색발견필드"":""계약명""}"
b3c64a53639a12b43dcb6efa,2025LAZ0014,2025-06-04,25-제초용역(강원도),주식회사 영도건설,드론작전사령부,8500000,8500000,계약완료,CONTEXT_REVIEW,계약기관,1,12895,"{""원본행번호"":""12895"",""계약일"":""2025-06-04"",""계약연도"":""2025"",""계약월"":""6"",""계약분기"":""Q2"",""연월"":""2025-06"",""계약명"":""25-제초용역(강원도)"",""계약업체"":""주식회사 영도건설"",""계약기관"":""드론작전사령부"",""계약구분"":""용역"",""계약방법"":""수의계약"",""입찰방식"":""총액제"",""계약금액_원"":""8500000"",""계약금액_억원"":""0.085"",""계약금액_조원"":""8.5e-06"",""예정금액_원"":""8500000"",""예정금액_억원"":""0.085"",""예정금액_조원"":""8.5e-06"",""낙찰률"":""100.0"",""낙찰률_구간"":""100% 초과"",""낙찰률_결측여부"":""False"",""낙찰률_100초과여부"":""False"",""계약금액_0원여부"":""False"",""계약상태"":""계약완료"",""계약번호"":""2025LAZ0014"",""결정번호"":""22723"",""계약일_원본"":""20250604"",""계약금액_원본"":""8500000"",""계약예정금액_원본"":""8500000"",""원본중복건수"":""1"",""원본중복행여부"":""False"",""드론_검색발견필드"":""계약기관""}"
0acb55cb8df83365574d9f05,2025LAZ0015,2025-06-09,25-1차 정비피복 구매,지벤컴퍼니웨어,드론작전사령부,15780600,15813733,계약완료,CONTEXT_REVIEW,계약기관,1,13171,"{""원본행번호"":""13171"",""계약일"":""2025-06-09"",""계약연도"":""2025"",""계약월"":""6"",""계약분기"":""Q2"",""연월"":""2025-06"",""계약명"":""25-1차 정비피복 구매"",""계약업체"":""지벤컴퍼니웨어"",""계약기관"":""드론작전사령부"",""계약구분"":""물품"",""계약방법"":""수의계약"",""입찰방식"":""총액제"",""계약금액_원"":""15780600"",""계약금액_억원"":""0.157806"",""계약금액_조원"":""1.57806e-05"",""예정금액_원"":""15813733"",""예정금액_억원"":""0.15813733"",""예정금액_조원"":""1.5813733e-05"",""낙찰률"":""99.7905"",""낙찰률_구간"":""90~100%"",""낙찰률_결측여부"":""False"",""낙찰률_100초과여부"":""False"",""계약금액_0원여부"":""False"",""계약상태"":""계약완료"",""계약번호"":""2025LAZ0015"",""결정번호"":""23231"",""계약일_원본"":""20250609"",""계약금액_원본"":""15780600"",""계약예정금액_원본"":""15813733"",""원본중복건수"":""1"",""원본중복행여부"":""False"",""드론_검색발견필드"":""계약기관""}"
7ebbd1a3510b082e5fee9f62,2025MDR0062,2025-06-09,25년 군사교리 2과제 연구용역,(사)한국대드론산업협회,제9965부대,10990000,10990000,계약완료,CONTEXT_REVIEW,계약업체,1,13279,"{""원본행번호"":""13279"",""계약일"":""2025-06-09"",""계약연도"":""2025"",""계약월"":""6"",""계약분기"":""Q2"",""연월"":""2025-06"",""계약명"":""25년 군사교리 2과제 연구용역"",""계약업체"":""(사)한국대드론산업협회"",""계약기관"":""제9965부대"",""계약구분"":""용역"",""계약방법"":""수의계약"",""입찰방식"":""총액제"",""계약금액_원"":""10990000"",""계약금액_억원"":""0.1099"",""계약금액_조원"":""1.099e-05"",""예정금액_원"":""10990000"",""예정금액_억원"":""0.1099"",""예정금액_조원"":""1.099e-05"",""낙찰률"":""100.0"",""낙찰률_구간"":""100% 초과"",""낙찰률_결측여부"":""False"",""낙찰률_100초과여부"":""False"",""계약금액_0원여부"":""False"",""계약상태"":""계약완료"",""계약번호"":""2025MDR0062"",""결정번호"":""18424"",""계약일_원본"":""20250609"",""계약금액_원본"":""10990000"",""계약예정금액_원본"":""10990000"",""원본중복건수"":""1"",""원본중복행여부"":""False"",""드론_검색발견필드"":""계약업체""}"
7d90f2e7a55d7399b1bbc69e,2025LAZ0016,2025-06-10,25-방제용역 계약,(주)세스코,드론작전사령부,6048000,6109785,계약완료,CONTEXT_REVIEW,계약기관,1,13360,"{""원본행번호"":""13360"",""계약일"":""2025-06-10"",""계약연도"":""2025"",""계약월"":""6"",""계약분기"":""Q2"",""연월"":""2025-06"",""계약명"":""25-방제용역 계약"",""계약업체"":""(주)세스코"",""계약기관"":""드론작전사령부"",""계약구분"":""용역"",""계약방법"":""수의계약"",""입찰방식"":""총액제"",""계약금액_원"":""6048000"",""계약금액_억원"":""0.06048"",""계약금액_조원"":""6.048e-06"",""예정금액_원"":""6109785"",""예정금액_억원"":""0.06109785"",""예정금액_조원"":""6.109785e-06"",""낙찰률"":""98.9888"",""낙찰률_구간"":""90~100%"",""낙찰률_결측여부"":""False"",""낙찰률_100초과여부"":""False"",""계약금액_0원여부"":""False"",""계약상태"":""계약완료"",""계약번호"":""2025LAZ0016"",""결정번호"":""23259"",""계약일_원본"":""20250610"",""계약금액_원본"":""6048000"",""계약예정금액_원본"":""6109785"",""원본중복건수"":""1"",""원본중복행여부"":""False"",""드론_검색발견필드"":""계약기관""}"
1a8b05c1d12a86b0c97a5a43,2025LFH0040,2025-06-11,1차 드론 실습재료비 구매,주식회사 래이오,육군부사관학교,35094481,39876176,계약완료,TITLE_MATCH,계약명,1,13537,"{""원본행번호"":""13537"",""계약일"":""2025-06-11"",""계약연도"":""2025"",""계약월"":""6"",""계약분기"":""Q2"",""연월"":""2025-06"",""계약명"":""1차 드론 실습재료비 구매"",""계약업체"":""주식회사 래이오"",""계약기관"":""육군부사관학교"",""계약구분"":""물품"",""계약방법"":""수의계약"",""입찰방식"":""총액제"",""계약금액_원"":""35094481"",""계약금액_억원"":""0.35094481"",""계약금액_조원"":""3.5094481e-05"",""예정금액_원"":""39876176"",""예정금액_억원"":""0.39876176"",""예정금액_조원"":""3.9876176e-05"",""낙찰률"":""88.008"",""낙찰률_구간"":""80~90%"",""낙찰률_결측여부"":""False"",""낙찰률_100초과여부"":""False"",""계약금액_0원여부"":""False"",""계약상태"":""계약완료"",""계약번호"":""2025LFH0040"",""결정번호"":""22170"",""계약일_원본"":""20250611"",""계약금액_원본"":""35094481"",""계약예정금액_원본"":""39876176"",""원본중복건수"":""1"",""원본중복행여부"":""False"",""드론_검색발견필드"":""계약명""}"
a0ed044df1062857e9bbdfb4,2025LMR0095,2025-06-11,드론교육센터 이동식 냉난방기 구매,주식회사 광명인터내셔널,제5군단사령부,4576000,4576000,계약완료,TITLE_MATCH,계약명,1,13570,"{""원본행번호"":""13570"",""계약일"":""2025-06-11"",""계약연도"":""2025"",""계약월"":""6"",""계약분기"":""Q2"",""연월"":""2025-06"",""계약명"":""드론교육센터 이동식 냉난방기 구매"",""계약업체"":""주식회사 광명인터내셔널"",""계약기관"":""제5군단사령부"",""계약구분"":""물품"",""계약방법"":""수의계약"",""입찰방식"":""총액제"",""계약금액_원"":""4576000"",""계약금액_억원"":""0.04576"",""계약금액_조원"":""4.576e-06"",""예정금액_원"":""4576000"",""예정금액_억원"":""0.04576"",""예정금액_조원"":""4.576e-06"",""낙찰률"":""100.0"",""낙찰률_구간"":""100% 초과"",""낙찰률_결측여부"":""False"",""낙찰률_100초과여부"":""False"",""계약금액_0원여부"":""False"",""계약상태"":""계약완료"",""계약번호"":""2025LMR0095"",""결정번호"":""23703"",""계약일_원본"":""20250611"",""계약금액_원본"":""4576000"",""계약예정금액_원본"":""4576000"",""원본중복건수"":""1"",""원본중복행여부"":""False"",""드론_검색발견필드"":""계약명""}"
f5fe78f977984620a1353c98,2025HCM0139,2025-06-12,25년 전시용 항공기 등 도장용역 계약,주식회사 자이언트드론,공군교육사령부,82047460,93263018,계약완료,CONTEXT_REVIEW,계약업체,1,13642,"{""원본행번호"":""13642"",""계약일"":""2025-06-12"",""계약연도"":""2025"",""계약월"":""6"",""계약분기"":""Q2"",""연월"":""2025-06"",""계약명"":""25년 전시용 항공기 등 도장용역 계약"",""계약업체"":""주식회사 자이언트드론"",""계약기관"":""공군교육사령부"",""계약구분"":""용역"",""계약방법"":""제한경쟁"",""입찰방식"":""총액제"",""계약금액_원"":""82047460"",""계약금액_억원"":""0.8204746"",""계약금액_조원"":""8.204746e-05"",""예정금액_원"":""93263018"",""예정금액_억원"":""0.93263018"",""예정금액_조원"":""9.3263018e-05"",""낙찰률"":""87.974"",""낙찰률_구간"":""80~90%"",""낙찰률_결측여부"":""False"",""낙찰률_100초과여부"":""False"",""계약금액_0원여부"":""False"",""계약상태"":""계약완료"",""계약번호"":""2025HCM0139"",""결정번호"":""21436"",""계약일_원본"":""20250612"",""계약금액_원본"":""82047460"",""계약예정금액_원본"":""93263018"",""원본중복건수"":""1"",""원본중복행여부"":""False"",""드론_검색발견필드"":""계약업체""}"
e3301d25e7520f820a9473b9,2025SFC0076,2025-06-12,25-덕-전투실험용 군집자폭드론 임차,주식회사 네드솔루션스,제9691부대,42000000,42005016,계약완료,TITLE_MATCH,계약명,1,13737,"{""원본행번호"":""13737"",""계약일"":""2025-06-12"",""계약연도"":""2025"",""계약월"":""6"",""계약분기"":""Q2"",""연월"":""2025-06"",""계약명"":""25-덕-전투실험용 군집자폭드론 임차"",""계약업체"":""주식회사 네드솔루션스"",""계약기관"":""제9691부대"",""계약구분"":""용역"",""계약방법"":""수의계약"",""입찰방식"":""총액제"",""계약금액_원"":""42000000"",""계약금액_억원"":""0.42"",""계약금액_조원"":""4.2e-05"",""예정금액_원"":""42005016"",""예정금액_억원"":""0.42005016"",""예정금액_조원"":""4.2005016e-05"",""낙찰률"":""99.9881"",""낙찰률_구간"":""90~100%"",""낙찰률_결측여부"":""False"",""낙찰률_100초과여부"":""False"",""계약금액_0원여부"":""False"",""계약상태"":""계약완료"",""계약번호"":""2025SFC0076"",""결정번호"":""21398"",""계약일_원본"":""20250612"",""계약금액_원본"":""42000000"",""계약예정금액_원본"":""42005016"",""원본중복건수"":""1"",""원본중복행여부"":""False"",""드론_검색발견필드"":""계약명""}"
ea7eb514fb4c2477607f3fae,2025MDZ0006,2025-06-16,상호운용성을확보한 군사용상용드론의 효율적획득방안,한성대학교 산학협력단,합동상호운용성기술센터,41200000,48547271,계약완료,TITLE_MATCH,계약명,1,14031,"{""원본행번호"":""14031"",""계약일"":""2025-06-16"",""계약연도"":""2025"",""계약월"":""6"",""계약분기"":""Q2"",""연월"":""2025-06"",""계약명"":""상호운용성을확보한 군사용상용드론의 효율적획득방안"",""계약업체"":""한성대학교 산학협력단"",""계약기관"":""합동상호운용성기술센터"",""계약구분"":""용역"",""계약방법"":""협상에의한계약(전자)"",""입찰방식"":""총액제"",""계약금액_원"":""41200000"",""계약금액_억원"":""0.412"",""계약금액_조원"":""4.12e-05"",""예정금액_원"":""48547271"",""예정금액_억원"":""0.48547271"",""예정금액_조원"":""4.8547271e-05"",""낙찰률"":""84.8657"",""낙찰률_구간"":""80~90%"",""낙찰률_결측여부"":""False"",""낙찰률_100초과여부"":""False"",""계약금액_0원여부"":""False"",""계약상태"":""계약완료"",""계약번호"":""2025MDZ0006"",""결정번호"":""14265"",""계약일_원본"":""20250616"",""계약금액_원본"":""41200000"",""계약예정금액_원본"":""48547271"",""원본중복건수"":""1"",""원본중복행여부"":""False"",""드론_검색발견필드"":""계약명""}"
dc23d75ed8738e67b276c0ce,2025LHK0071,2025-06-16,25년 군단 드론교육센터 비품 구매 (발전기),"춘천사랑종합유통,필립스A/S",제2군단,1529000,1534467,계약완료,TITLE_MATCH,계약명,1,13984,"{""원본행번호"":""13984"",""계약일"":""2025-06-16"",""계약연도"":""2025"",""계약월"":""6"",""계약분기"":""Q2"",""연월"":""2025-06"",""계약명"":""25년 군단 드론교육센터 비품 구매 (발전기)"",""계약업체"":""춘천사랑종합유통,필립스A/S"",""계약기관"":""제2군단"",""계약구분"":""물품"",""계약방법"":""수의계약"",""입찰방식"":""총액제"",""계약금액_원"":""1529000"",""계약금액_억원"":""0.01529"",""계약금액_조원"":""1.529e-06"",""예정금액_원"":""1534467"",""예정금액_억원"":""0.01534467"",""예정금액_조원"":""1.534467e-06"",""낙찰률"":""99.6437"",""낙찰률_구간"":""90~100%"",""낙찰률_결측여부"":""False"",""낙찰률_100초과여부"":""False"",""계약금액_0원여부"":""False"",""계약상태"":""계약완료"",""계약번호"":""2025LHK0071"",""결정번호"":""24066"",""계약일_원본"":""20250616"",""계약금액_원본"":""1529000"",""계약예정금액_원본"":""1534467"",""원본중복건수"":""1"",""원본중복행여부"":""False"",""드론_검색발견필드"":""계약명""}"
573020f2c5d78362dd192d6f,2025LAZ0017,2025-06-19,25-2차 전산운영용품 구매,주식회사 아온,드론작전사령부,23834150,27070845,계약완료,CONTEXT_REVIEW,계약기관,1,14367,"{""원본행번호"":""14367"",""계약일"":""2025-06-19"",""계약연도"":""2025"",""계약월"":""6"",""계약분기"":""Q2"",""연월"":""2025-06"",""계약명"":""25-2차 전산운영용품 구매"",""계약업체"":""주식회사 아온"",""계약기관"":""드론작전사령부"",""계약구분"":""물품"",""계약방법"":""수의계약"",""입찰방식"":""총액제"",""계약금액_원"":""23834150"",""계약금액_억원"":""0.2383415"",""계약금액_조원"":""2.383415e-05"",""예정금액_원"":""27070845"",""예정금액_억원"":""0.27070845"",""예정금액_조원"":""2.7070845e-05"",""낙찰률"":""88.043"",""낙찰률_구간"":""80~90%"",""낙찰률_결측여부"":""False"",""낙찰률_100초과여부"":""False"",""계약금액_0원여부"":""False"",""계약상태"":""계약완료"",""계약번호"":""2025LAZ0017"",""결정번호"":""23047"",""계약일_원본"":""20250619"",""계약금액_원본"":""23834150"",""계약예정금액_원본"":""27070845"",""원본중복건수"":""1"",""원본중복행여부"":""False"",""드론_검색발견필드"":""계약기관""}"
5157021ab5839fffb5809c65,2025LQH0038,2025-06-24,(육성)구기동대 드론 재밍건 제조 납품,주식회사 리즈너스,제3697부대,103575280,117673882,계약완료,TITLE_MATCH,계약명,1,14921,"{""원본행번호"":""14921"",""계약일"":""2025-06-24"",""계약연도"":""2025"",""계약월"":""6"",""계약분기"":""Q2"",""연월"":""2025-06"",""계약명"":""(육성)구기동대 드론 재밍건 제조 납품"",""계약업체"":""주식회사 리즈너스"",""계약기관"":""제3697부대"",""계약구분"":""물품"",""계약방법"":""제한경쟁"",""입찰방식"":""총액제"",""계약금액_원"":""103575280"",""계약금액_억원"":""1.0357528"",""계약금액_조원"":""0.00010357528"",""예정금액_원"":""117673882"",""예정금액_억원"":""1.17673882"",""예정금액_조원"":""0.000117673882"",""낙찰률"":""88.018"",""낙찰률_구간"":""80~90%"",""낙찰률_결측여부"":""False"",""낙찰률_100초과여부"":""False"",""계약금액_0원여부"":""False"",""계약상태"":""계약완료"",""계약번호"":""2025LQH0038"",""결정번호"":""17059"",""계약일_원본"":""20250624"",""계약금액_원본"":""103575280"",""계약예정금액_원본"":""117673882"",""원본중복건수"":""1"",""원본중복행여부"":""False"",""드론_검색발견필드"":""계약명""}"
5e3fb742c2f2a9dbb7511c05,2025SCK0093,2025-06-27,프로펠러 등 4종 구매,주식회사 경기드론,해군교육사령부,1880000,1880000,계약완료,CONTEXT_REVIEW,계약업체,1,15343,"{""원본행번호"":""15343"",""계약일"":""2025-06-27"",""계약연도"":""2025"",""계약월"":""6"",""계약분기"":""Q2"",""연월"":""2025-06"",""계약명"":""프로펠러 등 4종 구매"",""계약업체"":""주식회사 경기드론"",""계약기관"":""해군교육사령부"",""계약구분"":""물품"",""계약방법"":""수의계약"",""입찰방식"":""총액제"",""계약금액_원"":""1880000"",""계약금액_억원"":""0.0188"",""계약금액_조원"":""1.88e-06"",""예정금액_원"":""1880000"",""예정금액_억원"":""0.0188"",""예정금액_조원"":""1.88e-06"",""낙찰률"":""100.0"",""낙찰률_구간"":""100% 초과"",""낙찰률_결측여부"":""False"",""낙찰률_100초과여부"":""False"",""계약금액_0원여부"":""False"",""계약상태"":""계약완료"",""계약번호"":""2025SCK0093"",""결정번호"":""25806"",""계약일_원본"":""20250627"",""계약금액_원본"":""1880000"",""계약예정금액_원본"":""1880000"",""원본중복건수"":""1"",""원본중복행여부"":""False"",""드론_검색발견필드"":""계약업체""}"
bfbecad0d69939b806e35a6a,2025LKD0101,2025-07-04,육-25년 작전용 드론 통합구매,주식회사 순돌이드론,제32보병사단,105245540,119163284,계약완료,TITLE_MATCH,"계약명, 계약업체",1,15917,"{""원본행번호"":""15917"",""계약일"":""2025-07-04"",""계약연도"":""2025"",""계약월"":""7"",""계약분기"":""Q3"",""연월"":""2025-07"",""계약명"":""육-25년 작전용 드론 통합구매"",""계약업체"":""주식회사 순돌이드론"",""계약기관"":""제32보병사단"",""계약구분"":""물품"",""계약방법"":""제한경쟁"",""입찰방식"":""총액제"",""계약금액_원"":""105245540"",""계약금액_억원"":""1.0524554"",""계약금액_조원"":""0.00010524554"",""예정금액_원"":""119163284"",""예정금액_억원"":""1.19163284"",""예정금액_조원"":""0.000119163284"",""낙찰률"":""88.32"",""낙찰률_구간"":""80~90%"",""낙찰률_결측여부"":""False"",""낙찰률_100초과여부"":""False"",""계약금액_0원여부"":""False"",""계약상태"":""계약완료"",""계약번호"":""2025LKD0101"",""결정번호"":""26773"",""계약일_원본"":""20250704"",""계약금액_원본"":""105245540"",""계약예정금액_원본"":""119163284"",""원본중복건수"":""1"",""원본중복행여부"":""False"",""드론_검색발견필드"":""계약명, 계약업체""}"
5ad9fba48b34798bc16e2fb6,2025SFC0088,2025-07-04,25-덕-전투실험용 소형폭탄투하드론 임차,주식회사 코리아디펜스인더스트리,제9691부대,43600000,43619338,계약완료,TITLE_MATCH,계약명,1,15967,"{""원본행번호"":""15967"",""계약일"":""2025-07-04"",""계약연도"":""2025"",""계약월"":""7"",""계약분기"":""Q3"",""연월"":""2025-07"",""계약명"":""25-덕-전투실험용 소형폭탄투하드론 임차"",""계약업체"":""주식회사 코리아디펜스인더스트리"",""계약기관"":""제9691부대"",""계약구분"":""용역"",""계약방법"":""수의계약"",""입찰방식"":""총액제"",""계약금액_원"":""43600000"",""계약금액_억원"":""0.436"",""계약금액_조원"":""4.36e-05"",""예정금액_원"":""43619338"",""예정금액_억원"":""0.43619338"",""예정금액_조원"":""4.3619338e-05"",""낙찰률"":""99.9557"",""낙찰률_구간"":""90~100%"",""낙찰률_결측여부"":""False"",""낙찰률_100초과여부"":""False"",""계약금액_0원여부"":""False"",""계약상태"":""계약완료"",""계약번호"":""2025SFC0088"",""결정번호"":""28948"",""계약일_원본"":""20250704"",""계약금액_원본"":""43600000"",""계약예정금액_원본"":""43619338"",""원본중복건수"":""1"",""원본중복행여부"":""False"",""드론_검색발견필드"":""계약명""}"
17bc8709b25f23cb9700212b,2025LFH0040,2025-07-08,1차 드론 실습재료비 구매,주식회사 래이오,육군부사관학교,35094481,39876176,계약완료,TITLE_MATCH,계약명,1,16145,"{""원본행번호"":""16145"",""계약일"":""2025-07-08"",""계약연도"":""2025"",""계약월"":""7"",""계약분기"":""Q3"",""연월"":""2025-07"",""계약명"":""1차 드론 실습재료비 구매"",""계약업체"":""주식회사 래이오"",""계약기관"":""육군부사관학교"",""계약구분"":""물품"",""계약방법"":""수의계약"",""입찰방식"":""총액제"",""계약금액_원"":""35094481"",""계약금액_억원"":""0.35094481"",""계약금액_조원"":""3.5094481e-05"",""예정금액_원"":""39876176"",""예정금액_억원"":""0.39876176"",""예정금액_조원"":""3.9876176e-05"",""낙찰률"":""88.008"",""낙찰률_구간"":""80~90%"",""낙찰률_결측여부"":""False"",""낙찰률_100초과여부"":""False"",""계약금액_0원여부"":""False"",""계약상태"":""계약완료"",""계약번호"":""2025LFH0040"",""결정번호"":""22170"",""계약일_원본"":""20250708"",""계약금액_원본"":""35094481"",""계약예정금액_원본"":""39876176"",""원본중복건수"":""1"",""원본중복행여부"":""False"",""드론_검색발견필드"":""계약명""}"
bba3313221124280e4b7bf19,2025LMH0138,2025-07-08,소형정찰드론 배터리팩 구매(A101),(주)두시텍,제7군단,18150000,19800000,계약완료,TITLE_MATCH,계약명,1,16162,"{""원본행번호"":""16162"",""계약일"":""2025-07-08"",""계약연도"":""2025"",""계약월"":""7"",""계약분기"":""Q3"",""연월"":""2025-07"",""계약명"":""소형정찰드론 배터리팩 구매(A101)"",""계약업체"":""(주)두시텍"",""계약기관"":""제7군단"",""계약구분"":""물품"",""계약방법"":""수의계약"",""입찰방식"":""총액제"",""계약금액_원"":""18150000"",""계약금액_억원"":""0.1815"",""계약금액_조원"":""1.815e-05"",""예정금액_원"":""19800000"",""예정금액_억원"":""0.198"",""예정금액_조원"":""1.98e-05"",""낙찰률"":""91.67"",""낙찰률_구간"":""90~100%"",""낙찰률_결측여부"":""False"",""낙찰률_100초과여부"":""False"",""계약금액_0원여부"":""False"",""계약상태"":""계약완료"",""계약번호"":""2025LMH0138"",""결정번호"":""29315"",""계약일_원본"":""20250708"",""계약금액_원본"":""18150000"",""계약예정금액_원본"":""19800000"",""원본중복건수"":""1"",""원본중복행여부"":""False"",""드론_검색발견필드"":""계약명""}"
e4df82f0b8e5e50afa42e81a,2025SCH0128,2025-07-08,25-2-12호 표적용 드론 중형 등 2종 구매,주식회사 헬셀,해군작전사령부,11700000,11766602,계약완료,TITLE_MATCH,계약명,1,16175,"{""원본행번호"":""16175"",""계약일"":""2025-07-08"",""계약연도"":""2025"",""계약월"":""7"",""계약분기"":""Q3"",""연월"":""2025-07"",""계약명"":""25-2-12호 표적용 드론 중형 등 2종 구매"",""계약업체"":""주식회사 헬셀"",""계약기관"":""해군작전사령부"",""계약구분"":""물품"",""계약방법"":""수의계약"",""입찰방식"":""총액제"",""계약금액_원"":""11700000"",""계약금액_억원"":""0.117"",""계약금액_조원"":""1.17e-05"",""예정금액_원"":""11766602"",""예정금액_억원"":""0.11766602"",""예정금액_조원"":""1.1766602e-05"",""낙찰률"":""99.434"",""낙찰률_구간"":""90~100%"",""낙찰률_결측여부"":""False"",""낙찰률_100초과여부"":""False"",""계약금액_0원여부"":""False"",""계약상태"":""계약완료"",""계약번호"":""2025SCH0128"",""결정번호"":""28895"",""계약일_원본"":""20250708"",""계약금액_원본"":""11700000"",""계약예정금액_원본"":""11766602"",""원본중복건수"":""1"",""원본중복행여부"":""False"",""드론_검색발견필드"":""계약명""}"
254d46b6adaae613a4d25461,2025LAZ0018,2025-07-09,25-드론장비 비보급품 구매,주식회사 제이디폼,드론작전사령부,28532120,30165702,계약완료,TITLE_MATCH,"계약명, 계약기관",2,16227,"{""원본행번호"":""16227"",""계약일"":""2025-07-09"",""계약연도"":""2025"",""계약월"":""7"",""계약분기"":""Q3"",""연월"":""2025-07"",""계약명"":""25-드론장비 비보급품 구매"",""계약업체"":""주식회사 제이디폼"",""계약기관"":""드론작전사령부"",""계약구분"":""물품"",""계약방법"":""수의계약"",""입찰방식"":""총액제"",""계약금액_원"":""28532120"",""계약금액_억원"":""0.2853212"",""계약금액_조원"":""2.853212e-05"",""예정금액_원"":""30165702"",""예정금액_억원"":""0.30165702"",""예정금액_조원"":""3.0165702e-05"",""낙찰률"":""94.584"",""낙찰률_구간"":""90~100%"",""낙찰률_결측여부"":""False"",""낙찰률_100초과여부"":""False"",""계약금액_0원여부"":""False"",""계약상태"":""계약완료"",""계약번호"":""2025LAZ0018"",""결정번호"":""20883"",""계약일_원본"":""20250709"",""계약금액_원본"":""28532120"",""계약예정금액_원본"":""30165702"",""원본중복건수"":""2"",""원본중복행여부"":""True"",""드론_검색발견필드"":""계약명, 계약기관""}"
1e8285218ca013f5050869c5,2025MDS0115,2025-07-11,상용 드론 제조 구매,주식회사 포스웨이브,제3707부대,41335830,45364828,계약완료,TITLE_MATCH,계약명,1,16486,"{""원본행번호"":""16486"",""계약일"":""2025-07-11"",""계약연도"":""2025"",""계약월"":""7"",""계약분기"":""Q3"",""연월"":""2025-07"",""계약명"":""상용 드론 제조 구매"",""계약업체"":""주식회사 포스웨이브"",""계약기관"":""제3707부대"",""계약구분"":""물품"",""계약방법"":""제한경쟁"",""입찰방식"":""총액제"",""계약금액_원"":""41335830"",""계약금액_억원"":""0.4133583"",""계약금액_조원"":""4.133583e-05"",""예정금액_원"":""45364828"",""예정금액_억원"":""0.45364828"",""예정금액_조원"":""4.5364828e-05"",""낙찰률"":""91.118"",""낙찰률_구간"":""90~100%"",""낙찰률_결측여부"":""False"",""낙찰률_100초과여부"":""False"",""계약금액_0원여부"":""False"",""계약상태"":""계약완료"",""계약번호"":""2025MDS0115"",""결정번호"":""24871"",""계약일_원본"":""20250711"",""계약금액_원본"":""41335830"",""계약예정금액_원본"":""45364828"",""원본중복건수"":""1"",""원본중복행여부"":""False"",""드론_검색발견필드"":""계약명""}"
636f386e1aa8d52dde09d8b2,2025LQG0082,2025-07-21,(육성) 00부대 FPV 드론 제조 납품,주식회사 자이언트드론,육군 52보병사단,38887200,43917656,계약완료,TITLE_MATCH,"계약명, 계약업체",1,17105,"{""원본행번호"":""17105"",""계약일"":""2025-07-21"",""계약연도"":""2025"",""계약월"":""7"",""계약분기"":""Q3"",""연월"":""2025-07"",""계약명"":""(육성) 00부대 FPV 드론 제조 납품"",""계약업체"":""주식회사 자이언트드론"",""계약기관"":""육군 52보병사단"",""계약구분"":""물품"",""계약방법"":""제한경쟁"",""입찰방식"":""총액제"",""계약금액_원"":""38887200"",""계약금액_억원"":""0.388872"",""계약금액_조원"":""3.88872e-05"",""예정금액_원"":""43917656"",""예정금액_억원"":""0.43917656"",""예정금액_조원"":""4.3917656e-05"",""낙찰률"":""88.545"",""낙찰률_구간"":""80~90%"",""낙찰률_결측여부"":""False"",""낙찰률_100초과여부"":""False"",""계약금액_0원여부"":""False"",""계약상태"":""계약완료"",""계약번호"":""2025LQG0082"",""결정번호"":""29894"",""계약일_원본"":""20250721"",""계약금액_원본"":""38887200"",""계약예정금액_원본"":""43917656"",""원본중복건수"":""1"",""원본중복행여부"":""False"",""드론_검색발견필드"":""계약명, 계약업체""}"
53a7dbfcb862f95524ebdd2f,2025UMM0693,2025-07-24,25-N-공병업무지원용 드론 제조,주식회사 엔에이치,국군재정관리단,122978970,139360081,계약완료,TITLE_MATCH,계약명,1,17404,"{""원본행번호"":""17404"",""계약일"":""2025-07-24"",""계약연도"":""2025"",""계약월"":""7"",""계약분기"":""Q3"",""연월"":""2025-07"",""계약명"":""25-N-공병업무지원용 드론 제조"",""계약업체"":""주식회사 엔에이치"",""계약기관"":""국군재정관리단"",""계약구분"":""물품"",""계약방법"":""제한경쟁"",""입찰방식"":""총액제"",""계약금액_원"":""122978970"",""계약금액_억원"":""1.2297897"",""계약금액_조원"":""0.00012297897"",""예정금액_원"":""139360081"",""예정금액_억원"":""1.39360081"",""예정금액_조원"":""0.000139360081"",""낙찰률"":""88.245"",""낙찰률_구간"":""80~90%"",""낙찰률_결측여부"":""False"",""낙찰률_100초과여부"":""False"",""계약금액_0원여부"":""False"",""계약상태"":""계약완료"",""계약번호"":""2025UMM0693"",""결정번호"":""25013"",""계약일_원본"":""20250724"",""계약금액_원본"":""122978970"",""계약예정금액_원본"":""139360081"",""원본중복건수"":""1"",""원본중복행여부"":""False"",""드론_검색발견필드"":""계약명""}"
2f5a2f20d8b8dcbc0e6f13e3,2024LAZ0061,2025-07-24,작전지휘시설 선행 연구용역,에이스 컴퍼니,드론작전사령부,74185710,84534750,계약완료,CONTEXT_REVIEW,계약기관,1,17332,"{""원본행번호"":""17332"",""계약일"":""2025-07-24"",""계약연도"":""2025"",""계약월"":""7"",""계약분기"":""Q3"",""연월"":""2025-07"",""계약명"":""작전지휘시설 선행 연구용역"",""계약업체"":""에이스 컴퍼니"",""계약기관"":""드론작전사령부"",""계약구분"":""용역"",""계약방법"":""일반경쟁"",""입찰방식"":""총액제"",""계약금액_원"":""74185710"",""계약금액_억원"":""0.7418571"",""계약금액_조원"":""7.418571e-05"",""예정금액_원"":""84534750"",""예정금액_억원"":""0.8453475"",""예정금액_조원"":""8.453475e-05"",""낙찰률"":""87.757"",""낙찰률_구간"":""80~90%"",""낙찰률_결측여부"":""False"",""낙찰률_100초과여부"":""False"",""계약금액_0원여부"":""False"",""계약상태"":""계약완료"",""계약번호"":""2024LAZ0061"",""결정번호"":""60985"",""계약일_원본"":""20250724"",""계약금액_원본"":""74185710"",""계약예정금액_원본"":""84534750"",""원본중복건수"":""1"",""원본중복행여부"":""False"",""드론_검색발견필드"":""계약기관""}"
5d434445bab47af690d5f245,2024LAZ0051,2025-07-24,24-원거리 데이터링크 소형 통신모듈 임차용역,주식회사 휴니드테크놀러지스,드론작전사령부,47800000,49375327,계약완료,CONTEXT_REVIEW,계약기관,1,17331,"{""원본행번호"":""17331"",""계약일"":""2025-07-24"",""계약연도"":""2025"",""계약월"":""7"",""계약분기"":""Q3"",""연월"":""2025-07"",""계약명"":""24-원거리 데이터링크 소형 통신모듈 임차용역"",""계약업체"":""주식회사 휴니드테크놀러지스"",""계약기관"":""드론작전사령부"",""계약구분"":""용역"",""계약방법"":""수의계약"",""입찰방식"":""총액제"",""계약금액_원"":""47800000"",""계약금액_억원"":""0.478"",""계약금액_조원"":""4.78e-05"",""예정금액_원"":""49375327"",""예정금액_억원"":""0.49375327"",""예정금액_조원"":""4.9375327e-05"",""낙찰률"":""96.8095"",""낙찰률_구간"":""90~100%"",""낙찰률_결측여부"":""False"",""낙찰률_100초과여부"":""False"",""계약금액_0원여부"":""False"",""계약상태"":""계약완료"",""계약번호"":""2024LAZ0051"",""결정번호"":""56660"",""계약일_원본"":""20250724"",""계약금액_원본"":""47800000"",""계약예정금액_원본"":""49375327"",""원본중복건수"":""1"",""원본중복행여부"":""False"",""드론_검색발견필드"":""계약기관""}"
a4491d676d6d6d00c5c8c2fa,2025LAZ0019,2025-07-25,'25-3차 드론조종교관 양성 실무 위탁교육 용역,캣츠,드론작전사령부,9800000,10039407,계약완료,TITLE_MATCH,"계약명, 계약기관",1,17432,"{""원본행번호"":""17432"",""계약일"":""2025-07-25"",""계약연도"":""2025"",""계약월"":""7"",""계약분기"":""Q3"",""연월"":""2025-07"",""계약명"":""'25-3차 드론조종교관 양성 실무 위탁교육 용역"",""계약업체"":""캣츠"",""계약기관"":""드론작전사령부"",""계약구분"":""용역"",""계약방법"":""수의계약"",""입찰방식"":""총액제"",""계약금액_원"":""9800000"",""계약금액_억원"":""0.098"",""계약금액_조원"":""9.8e-06"",""예정금액_원"":""10039407"",""예정금액_억원"":""0.10039407"",""예정금액_조원"":""1.0039407e-05"",""낙찰률"":""97.6153"",""낙찰률_구간"":""90~100%"",""낙찰률_결측여부"":""False"",""낙찰률_100초과여부"":""False"",""계약금액_0원여부"":""False"",""계약상태"":""계약완료"",""계약번호"":""2025LAZ0019"",""결정번호"":""31606"",""계약일_원본"":""20250725"",""계약금액_원본"":""9800000"",""계약예정금액_원본"":""10039407"",""원본중복건수"":""1"",""원본중복행여부"":""False"",""드론_검색발견필드"":""계약명, 계약기관""}"
0bc51a71486cdf57ea6248cc,2025LNG0130,2025-07-29,(벤처나라)예비군기동대 교육용 드론 구매,주식회사 순돌이드론,육군 제1군단,2500000,2500000,계약완료,TITLE_MATCH,"계약명, 계약업체",1,17678,"{""원본행번호"":""17678"",""계약일"":""2025-07-29"",""계약연도"":""2025"",""계약월"":""7"",""계약분기"":""Q3"",""연월"":""2025-07"",""계약명"":""(벤처나라)예비군기동대 교육용 드론 구매"",""계약업체"":""주식회사 순돌이드론"",""계약기관"":""육군 제1군단"",""계약구분"":""물품"",""계약방법"":""제한경쟁"",""입찰방식"":""총액제"",""계약금액_원"":""2500000"",""계약금액_억원"":""0.025"",""계약금액_조원"":""2.5e-06"",""예정금액_원"":""2500000"",""예정금액_억원"":""0.025"",""예정금액_조원"":""2.5e-06"",""낙찰률"":""100.0"",""낙찰률_구간"":""100% 초과"",""낙찰률_결측여부"":""False"",""낙찰률_100초과여부"":""False"",""계약금액_0원여부"":""False"",""계약상태"":""계약완료"",""계약번호"":""2025LNG0130"",""결정번호"":""33741"",""계약일_원본"":""20250729"",""계약금액_원본"":""2500000"",""계약예정금액_원본"":""2500000"",""원본중복건수"":""1"",""원본중복행여부"":""False"",""드론_검색발견필드"":""계약명, 계약업체""}"
f2f9e04b0ebbaf9b3d79302a,2025MDK0037,2025-07-30,25년 군 상용드론(UAV 포함) 보험 계약 의뢰,한화손해보험 주식회사,국군수송사령부,608400000,1264346228,계약완료,TITLE_MATCH,계약명,1,17791,"{""원본행번호"":""17791"",""계약일"":""2025-07-30"",""계약연도"":""2025"",""계약월"":""7"",""계약분기"":""Q3"",""연월"":""2025-07"",""계약명"":""25년 군 상용드론(UAV 포함) 보험 계약 의뢰"",""계약업체"":""한화손해보험 주식회사"",""계약기관"":""국군수송사령부"",""계약구분"":""용역"",""계약방법"":""일반경쟁"",""입찰방식"":""총액제"",""계약금액_원"":""608400000"",""계약금액_억원"":""6.084"",""계약금액_조원"":""0.0006084"",""예정금액_원"":""1264346228"",""예정금액_억원"":""12.64346228"",""예정금액_조원"":""0.001264346228"",""낙찰률"":""48.119"",""낙찰률_구간"":""80% 미만"",""낙찰률_결측여부"":""False"",""낙찰률_100초과여부"":""False"",""계약금액_0원여부"":""False"",""계약상태"":""계약완료"",""계약번호"":""2025MDK0037"",""결정번호"":""25717"",""계약일_원본"":""20250730"",""계약금액_원본"":""608400000"",""계약예정금액_원본"":""1264346228"",""원본중복건수"":""1"",""원본중복행여부"":""False"",""드론_검색발견필드"":""계약명""}"
9f63aa55be96794bf8b521f2,2025LFT0053,2025-07-30,전투실험용 드론 임차,주식회사 호산이엔,육군공병학교,16000000,17000000,계약완료,TITLE_MATCH,계약명,1,17771,"{""원본행번호"":""17771"",""계약일"":""2025-07-30"",""계약연도"":""2025"",""계약월"":""7"",""계약분기"":""Q3"",""연월"":""2025-07"",""계약명"":""전투실험용 드론 임차"",""계약업체"":""주식회사 호산이엔"",""계약기관"":""육군공병학교"",""계약구분"":""용역"",""계약방법"":""수의계약"",""입찰방식"":""총액제"",""계약금액_원"":""16000000"",""계약금액_억원"":""0.16"",""계약금액_조원"":""1.6e-05"",""예정금액_원"":""17000000"",""예정금액_억원"":""0.17"",""예정금액_조원"":""1.7e-05"",""낙찰률"":""94.12"",""낙찰률_구간"":""90~100%"",""낙찰률_결측여부"":""False"",""낙찰률_100초과여부"":""False"",""계약금액_0원여부"":""False"",""계약상태"":""계약완료"",""계약번호"":""2025LFT0053"",""결정번호"":""31170"",""계약일_원본"":""20250730"",""계약금액_원본"":""16000000"",""계약예정금액_원본"":""17000000"",""원본중복건수"":""1"",""원본중복행여부"":""False"",""드론_검색발견필드"":""계약명""}"
59bae8645fa9a5fa4a010039,2025LCM0051,2025-07-31,'25년 전투실험용 임차용역(차량장착형드론),(주)풍산,육군교육사령부,22000000,22238302,계약완료,TITLE_MATCH,계약명,1,17843,"{""원본행번호"":""17843"",""계약일"":""2025-07-31"",""계약연도"":""2025"",""계약월"":""7"",""계약분기"":""Q3"",""연월"":""2025-07"",""계약명"":""'25년 전투실험용 임차용역(차량장착형드론)"",""계약업체"":""(주)풍산"",""계약기관"":""육군교육사령부"",""계약구분"":""용역"",""계약방법"":""수의계약"",""입찰방식"":""총액제"",""계약금액_원"":""22000000"",""계약금액_억원"":""0.22"",""계약금액_조원"":""2.2e-05"",""예정금액_원"":""22238302"",""예정금액_억원"":""0.22238302"",""예정금액_조원"":""2.2238302e-05"",""낙찰률"":""98.9284"",""낙찰률_구간"":""90~100%"",""낙찰률_결측여부"":""False"",""낙찰률_100초과여부"":""False"",""계약금액_0원여부"":""False"",""계약상태"":""계약완료"",""계약번호"":""2025LCM0051"",""결정번호"":""32241"",""계약일_원본"":""20250731"",""계약금액_원본"":""22000000"",""계약예정금액_원본"":""22238302"",""원본중복건수"":""1"",""원본중복행여부"":""False"",""드론_검색발견필드"":""계약명""}"
3c66c5f44178d61fe400eb0c,2025LMH0158,2025-08-01,C070.25년 드론 시뮬레이터 및 PC구매,캣츠,제7군단,31000000,35950000,계약완료,TITLE_MATCH,계약명,1,17968,"{""원본행번호"":""17968"",""계약일"":""2025-08-01"",""계약연도"":""2025"",""계약월"":""8"",""계약분기"":""Q3"",""연월"":""2025-08"",""계약명"":""C070.25년 드론 시뮬레이터 및 PC구매"",""계약업체"":""캣츠"",""계약기관"":""제7군단"",""계약구분"":""물품"",""계약방법"":""수의계약"",""입찰방식"":""총액제"",""계약금액_원"":""31000000"",""계약금액_억원"":""0.31"",""계약금액_조원"":""3.1e-05"",""예정금액_원"":""35950000"",""예정금액_억원"":""0.3595"",""예정금액_조원"":""3.595e-05"",""낙찰률"":""86.23"",""낙찰률_구간"":""80~90%"",""낙찰률_결측여부"":""False"",""낙찰률_100초과여부"":""False"",""계약금액_0원여부"":""False"",""계약상태"":""계약완료"",""계약번호"":""2025LMH0158"",""결정번호"":""32662"",""계약일_원본"":""20250801"",""계약금액_원본"":""31000000"",""계약예정금액_원본"":""35950000"",""원본중복건수"":""1"",""원본중복행여부"":""False"",""드론_검색발견필드"":""계약명""}"
33a9399c36e7917ca1cb049d,2025LCM0053,2025-08-05,'25년 전투실험용 임차용역(AI정찰드론),주식회사 아리온,육군교육사령부,19800000,19919142,계약완료,TITLE_MATCH,계약명,1,18199,"{""원본행번호"":""18199"",""계약일"":""2025-08-05"",""계약연도"":""2025"",""계약월"":""8"",""계약분기"":""Q3"",""연월"":""2025-08"",""계약명"":""'25년 전투실험용 임차용역(AI정찰드론)"",""계약업체"":""주식회사 아리온"",""계약기관"":""육군교육사령부"",""계약구분"":""용역"",""계약방법"":""수의계약"",""입찰방식"":""총액제"",""계약금액_원"":""19800000"",""계약금액_억원"":""0.198"",""계약금액_조원"":""1.98e-05"",""예정금액_원"":""19919142"",""예정금액_억원"":""0.19919142"",""예정금액_조원"":""1.9919142e-05"",""낙찰률"":""99.4019"",""낙찰률_구간"":""90~100%"",""낙찰률_결측여부"":""False"",""낙찰률_100초과여부"":""False"",""계약금액_0원여부"":""False"",""계약상태"":""계약완료"",""계약번호"":""2025LCM0053"",""결정번호"":""31063"",""계약일_원본"":""20250805"",""계약금액_원본"":""19800000"",""계약예정금액_원본"":""19919142"",""원본중복건수"":""1"",""원본중복행여부"":""False"",""드론_검색발견필드"":""계약명""}"
67857884e2c265a8f7598d18,2025LKD0101,2025-08-06,육-25년 작전용 드론 통합구매,주식회사 순돌이드론,제32보병사단,105245540,119163284,계약완료,TITLE_MATCH,"계약명, 계약업체",1,18304,"{""원본행번호"":""18304"",""계약일"":""2025-08-06"",""계약연도"":""2025"",""계약월"":""8"",""계약분기"":""Q3"",""연월"":""2025-08"",""계약명"":""육-25년 작전용 드론 통합구매"",""계약업체"":""주식회사 순돌이드론"",""계약기관"":""제32보병사단"",""계약구분"":""물품"",""계약방법"":""제한경쟁"",""입찰방식"":""총액제"",""계약금액_원"":""105245540"",""계약금액_억원"":""1.0524554"",""계약금액_조원"":""0.00010524554"",""예정금액_원"":""119163284"",""예정금액_억원"":""1.19163284"",""예정금액_조원"":""0.000119163284"",""낙찰률"":""88.32"",""낙찰률_구간"":""80~90%"",""낙찰률_결측여부"":""False"",""낙찰률_100초과여부"":""False"",""계약금액_0원여부"":""False"",""계약상태"":""계약완료"",""계약번호"":""2025LKD0101"",""결정번호"":""26773"",""계약일_원본"":""20250806"",""계약금액_원본"":""105245540"",""계약예정금액_원본"":""119163284"",""원본중복건수"":""1"",""원본중복행여부"":""False"",""드론_검색발견필드"":""계약명, 계약업체""}"
9f0330721bb7912e76479616,2025UMM0738,2025-08-06,25-N-상용드론 군 시범운용(임차),주식회사 해양드론기술,국군재정관리단,70550000,71141350,계약완료,TITLE_MATCH,"계약명, 계약업체",1,18357,"{""원본행번호"":""18357"",""계약일"":""2025-08-06"",""계약연도"":""2025"",""계약월"":""8"",""계약분기"":""Q3"",""연월"":""2025-08"",""계약명"":""25-N-상용드론 군 시범운용(임차)"",""계약업체"":""주식회사 해양드론기술"",""계약기관"":""국군재정관리단"",""계약구분"":""용역"",""계약방법"":""협상에의한계약(전자)"",""입찰방식"":""총액제"",""계약금액_원"":""70550000"",""계약금액_억원"":""0.7055"",""계약금액_조원"":""7.055e-05"",""예정금액_원"":""71141350"",""예정금액_억원"":""0.7114135"",""예정금액_조원"":""7.114135e-05"",""낙찰률"":""99.17"",""낙찰률_구간"":""90~100%"",""낙찰률_결측여부"":""False"",""낙찰률_100초과여부"":""False"",""계약금액_0원여부"":""False"",""계약상태"":""계약완료"",""계약번호"":""2025UMM0738"",""결정번호"":""23934"",""계약일_원본"":""20250806"",""계약금액_원본"":""70550000"",""계약예정금액_원본"":""71141350"",""원본중복건수"":""1"",""원본중복행여부"":""False"",""드론_검색발견필드"":""계약명, 계약업체""}"
46a928da48f053b83aa2e7d9,2025LKG0250,2025-08-07,17해안감시대대 SWID 드론 배터리 구매,(주)네스앤텍,육군제53보병사단,11031140,11372240,계약완료,TITLE_MATCH,계약명,2,18439,"{""원본행번호"":""18439"",""계약일"":""2025-08-07"",""계약연도"":""2025"",""계약월"":""8"",""계약분기"":""Q3"",""연월"":""2025-08"",""계약명"":""17해안감시대대 SWID 드론 배터리 구매"",""계약업체"":""(주)네스앤텍"",""계약기관"":""육군제53보병사단"",""계약구분"":""물품"",""계약방법"":""수의계약"",""입찰방식"":""총액제"",""계약금액_원"":""11031140"",""계약금액_억원"":""0.1103114"",""계약금액_조원"":""1.103114e-05"",""예정금액_원"":""11372240"",""예정금액_억원"":""0.1137224"",""예정금액_조원"":""1.137224e-05"",""낙찰률"":""97.0"",""낙찰률_구간"":""90~100%"",""낙찰률_결측여부"":""False"",""낙찰률_100초과여부"":""False"",""계약금액_0원여부"":""False"",""계약상태"":""계약완료"",""계약번호"":""2025LKG0250"",""결정번호"":""33395"",""계약일_원본"":""20250807"",""계약금액_원본"":""11031140"",""계약예정금액_원본"":""11372240"",""원본중복건수"":""2"",""원본중복행여부"":""True"",""드론_검색발견필드"":""계약명""}"
49f8b242dd1f6f1c206cc474,2025LKG0251,2025-08-07,18해안감시대대 SWID 드론 배터리 구매,(주)네스앤텍,육군제53보병사단,10063340,10374540,계약완료,TITLE_MATCH,계약명,2,18441,"{""원본행번호"":""18441"",""계약일"":""2025-08-07"",""계약연도"":""2025"",""계약월"":""8"",""계약분기"":""Q3"",""연월"":""2025-08"",""계약명"":""18해안감시대대 SWID 드론 배터리 구매"",""계약업체"":""(주)네스앤텍"",""계약기관"":""육군제53보병사단"",""계약구분"":""물품"",""계약방법"":""수의계약"",""입찰방식"":""총액제"",""계약금액_원"":""10063340"",""계약금액_억원"":""0.1006334"",""계약금액_조원"":""1.006334e-05"",""예정금액_원"":""10374540"",""예정금액_억원"":""0.1037454"",""예정금액_조원"":""1.037454e-05"",""낙찰률"":""97.0"",""낙찰률_구간"":""90~100%"",""낙찰률_결측여부"":""False"",""낙찰률_100초과여부"":""False"",""계약금액_0원여부"":""False"",""계약상태"":""계약완료"",""계약번호"":""2025LKG0251"",""결정번호"":""33396"",""계약일_원본"":""20250807"",""계약금액_원본"":""10063340"",""계약예정금액_원본"":""10374540"",""원본중복건수"":""2"",""원본중복행여부"":""True"",""드론_검색발견필드"":""계약명""}"
d2f5e1b5cffe3f20f192daff,2025LKG0258,2025-08-08,18해감대대 드론 배터리조립체 구매,유콘시스템 주식회사,육군제53보병사단,8300000,8500000,계약완료,TITLE_MATCH,계약명,1,18532,"{""원본행번호"":""18532"",""계약일"":""2025-08-08"",""계약연도"":""2025"",""계약월"":""8"",""계약분기"":""Q3"",""연월"":""2025-08"",""계약명"":""18해감대대 드론 배터리조립체 구매"",""계약업체"":""유콘시스템 주식회사"",""계약기관"":""육군제53보병사단"",""계약구분"":""물품"",""계약방법"":""수의계약"",""입찰방식"":""총액제"",""계약금액_원"":""8300000"",""계약금액_억원"":""0.083"",""계약금액_조원"":""8.3e-06"",""예정금액_원"":""8500000"",""예정금액_억원"":""0.085"",""예정금액_조원"":""8.5e-06"",""낙찰률"":""97.65"",""낙찰률_구간"":""90~100%"",""낙찰률_결측여부"":""False"",""낙찰률_100초과여부"":""False"",""계약금액_0원여부"":""False"",""계약상태"":""계약완료"",""계약번호"":""2025LKG0258"",""결정번호"":""33564"",""계약일_원본"":""20250808"",""계약금액_원본"":""8300000"",""계약예정금액_원본"":""8500000"",""원본중복건수"":""1"",""원본중복행여부"":""False"",""드론_검색발견필드"":""계약명""}"
1efb5f4b9766546dd722449d,2025LKG0259,2025-08-08,126여단 17해감대대 드론 배터리조립체 구매,유콘시스템 주식회사,육군제53보병사단,6596000,6800000,계약완료,TITLE_MATCH,계약명,1,18533,"{""원본행번호"":""18533"",""계약일"":""2025-08-08"",""계약연도"":""2025"",""계약월"":""8"",""계약분기"":""Q3"",""연월"":""2025-08"",""계약명"":""126여단 17해감대대 드론 배터리조립체 구매"",""계약업체"":""유콘시스템 주식회사"",""계약기관"":""육군제53보병사단"",""계약구분"":""물품"",""계약방법"":""수의계약"",""입찰방식"":""총액제"",""계약금액_원"":""6596000"",""계약금액_억원"":""0.06596"",""계약금액_조원"":""6.596e-06"",""예정금액_원"":""6800000"",""예정금액_억원"":""0.068"",""예정금액_조원"":""6.8e-06"",""낙찰률"":""97.0"",""낙찰률_구간"":""90~100%"",""낙찰률_결측여부"":""False"",""낙찰률_100초과여부"":""False"",""계약금액_0원여부"":""False"",""계약상태"":""계약완료"",""계약번호"":""2025LKG0259"",""결정번호"":""33574"",""계약일_원본"":""20250808"",""계약금액_원본"":""6596000"",""계약예정금액_원본"":""6800000"",""원본중복건수"":""1"",""원본중복행여부"":""False"",""드론_검색발견필드"":""계약명""}"
4dde0f128275afa1e41ca306,2025LCG0197,2025-08-14,25-육-218 참모총장배 드론봇 페스티벌,지에이치엠 주식회사,육군본부,55343550,62887076,계약완료,TITLE_MATCH,계약명,1,18917,"{""원본행번호"":""18917"",""계약일"":""2025-08-14"",""계약연도"":""2025"",""계약월"":""8"",""계약분기"":""Q3"",""연월"":""2025-08"",""계약명"":""25-육-218 참모총장배 드론봇 페스티벌"",""계약업체"":""지에이치엠 주식회사"",""계약기관"":""육군본부"",""계약구분"":""용역"",""계약방법"":""제한경쟁"",""입찰방식"":""총액제"",""계약금액_원"":""55343550"",""계약금액_억원"":""0.5534355"",""계약금액_조원"":""5.534355e-05"",""예정금액_원"":""62887076"",""예정금액_억원"":""0.62887076"",""예정금액_조원"":""6.2887076e-05"",""낙찰률"":""88.004"",""낙찰률_구간"":""80~90%"",""낙찰률_결측여부"":""False"",""낙찰률_100초과여부"":""False"",""계약금액_0원여부"":""False"",""계약상태"":""계약완료"",""계약번호"":""2025LCG0197"",""결정번호"":""32528"",""계약일_원본"":""20250814"",""계약금액_원본"":""55343550"",""계약예정금액_원본"":""62887076"",""원본중복건수"":""1"",""원본중복행여부"":""False"",""드론_검색발견필드"":""계약명""}"
954defb0678765f9c30607db,2025HCL0240,2025-08-19,25-사관생도 항공우주특성화교육 용역,피스퀘어드론교육원,공군사관학교,53090000,59970917,계약완료,CONTEXT_REVIEW,계약업체,1,19202,"{""원본행번호"":""19202"",""계약일"":""2025-08-19"",""계약연도"":""2025"",""계약월"":""8"",""계약분기"":""Q3"",""연월"":""2025-08"",""계약명"":""25-사관생도 항공우주특성화교육 용역"",""계약업체"":""피스퀘어드론교육원"",""계약기관"":""공군사관학교"",""계약구분"":""물품"",""계약방법"":""수의계약"",""입찰방식"":""총액제"",""계약금액_원"":""53090000"",""계약금액_억원"":""0.5309"",""계약금액_조원"":""5.309e-05"",""예정금액_원"":""59970917"",""예정금액_억원"":""0.59970917"",""예정금액_조원"":""5.9970917e-05"",""낙찰률"":""88.526"",""낙찰률_구간"":""80~90%"",""낙찰률_결측여부"":""False"",""낙찰률_100초과여부"":""False"",""계약금액_0원여부"":""False"",""계약상태"":""계약완료"",""계약번호"":""2025HCL0240"",""결정번호"":""33497"",""계약일_원본"":""20250819"",""계약금액_원본"":""53090000"",""계약예정금액_원본"":""59970917"",""원본중복건수"":""1"",""원본중복행여부"":""False"",""드론_검색발견필드"":""계약업체""}"
fe23e4464f23fd1e07268dbb,2025LCM0056,2025-08-19,25년 전투실험용 임차용역(군집자폭드론),주식회사 리즈너스,육군교육사령부,44004400,50092519,계약완료,TITLE_MATCH,계약명,1,19231,"{""원본행번호"":""19231"",""계약일"":""2025-08-19"",""계약연도"":""2025"",""계약월"":""8"",""계약분기"":""Q3"",""연월"":""2025-08"",""계약명"":""25년 전투실험용 임차용역(군집자폭드론)"",""계약업체"":""주식회사 리즈너스"",""계약기관"":""육군교육사령부"",""계약구분"":""용역"",""계약방법"":""제한경쟁"",""입찰방식"":""총액제"",""계약금액_원"":""44004400"",""계약금액_억원"":""0.440044"",""계약금액_조원"":""4.40044e-05"",""예정금액_원"":""50092519"",""예정금액_억원"":""0.50092519"",""예정금액_조원"":""5.0092519e-05"",""낙찰률"":""87.846"",""낙찰률_구간"":""80~90%"",""낙찰률_결측여부"":""False"",""낙찰률_100초과여부"":""False"",""계약금액_0원여부"":""False"",""계약상태"":""계약완료"",""계약번호"":""2025LCM0056"",""결정번호"":""31062"",""계약일_원본"":""20250819"",""계약금액_원본"":""44004400"",""계약예정금액_원본"":""50092519"",""원본중복건수"":""1"",""원본중복행여부"":""False"",""드론_검색발견필드"":""계약명""}"
56cc9ba1201051920e7b7457,2025LCM0057,2025-08-19,'25년 전투실험용 임차용역(종이자폭드론),주식회사 리즈너스,육군교육사령부,44004400,49936221,계약완료,TITLE_MATCH,계약명,1,19232,"{""원본행번호"":""19232"",""계약일"":""2025-08-19"",""계약연도"":""2025"",""계약월"":""8"",""계약분기"":""Q3"",""연월"":""2025-08"",""계약명"":""'25년 전투실험용 임차용역(종이자폭드론)"",""계약업체"":""주식회사 리즈너스"",""계약기관"":""육군교육사령부"",""계약구분"":""용역"",""계약방법"":""제한경쟁"",""입찰방식"":""총액제"",""계약금액_원"":""44004400"",""계약금액_억원"":""0.440044"",""계약금액_조원"":""4.40044e-05"",""예정금액_원"":""49936221"",""예정금액_억원"":""0.49936221"",""예정금액_조원"":""4.9936221e-05"",""낙찰률"":""88.121"",""낙찰률_구간"":""80~90%"",""낙찰률_결측여부"":""False"",""낙찰률_100초과여부"":""False"",""계약금액_0원여부"":""False"",""계약상태"":""계약완료"",""계약번호"":""2025LCM0057"",""결정번호"":""31061"",""계약일_원본"":""20250819"",""계약금액_원본"":""44004400"",""계약예정금액_원본"":""49936221"",""원본중복건수"":""1"",""원본중복행여부"":""False"",""드론_검색발견필드"":""계약명""}"
e5658a41893ab3042e76b87e,2025MDR0113,2025-08-20,특수 Live 전술훈련체계 구축사업 드론 구매,태경전자(주),제9965부대,62678700,70430957,계약완료,TITLE_MATCH,계약명,1,19416,"{""원본행번호"":""19416"",""계약일"":""2025-08-20"",""계약연도"":""2025"",""계약월"":""8"",""계약분기"":""Q3"",""연월"":""2025-08"",""계약명"":""특수 Live 전술훈련체계 구축사업 드론 구매"",""계약업체"":""태경전자(주)"",""계약기관"":""제9965부대"",""계약구분"":""물품"",""계약방법"":""제한경쟁"",""입찰방식"":""총액제"",""계약금액_원"":""62678700"",""계약금액_억원"":""0.626787"",""계약금액_조원"":""6.26787e-05"",""예정금액_원"":""70430957"",""예정금액_억원"":""0.70430957"",""예정금액_조원"":""7.0430957e-05"",""낙찰률"":""88.993"",""낙찰률_구간"":""80~90%"",""낙찰률_결측여부"":""False"",""낙찰률_100초과여부"":""False"",""계약금액_0원여부"":""False"",""계약상태"":""계약완료"",""계약번호"":""2025MDR0113"",""결정번호"":""31196"",""계약일_원본"":""20250820"",""계약금액_원본"":""62678700"",""계약예정금액_원본"":""70430957"",""원본중복건수"":""1"",""원본중복행여부"":""False"",""드론_검색발견필드"":""계약명""}"
e8219c36cb4650f4a181199d,2025LFP0061,2025-08-20,25년 2차 정보교육예산(드론부수기재 구매) 계약,기부기프트,육군보병학교,52989096,60204462,계약완료,TITLE_MATCH,계약명,3,19363,"{""원본행번호"":""19363"",""계약일"":""2025-08-20"",""계약연도"":""2025"",""계약월"":""8"",""계약분기"":""Q3"",""연월"":""2025-08"",""계약명"":""25년 2차 정보교육예산(드론부수기재 구매) 계약"",""계약업체"":""기부기프트"",""계약기관"":""육군보병학교"",""계약구분"":""물품"",""계약방법"":""수의계약"",""입찰방식"":""총액제"",""계약금액_원"":""52989096"",""계약금액_억원"":""0.52989096"",""계약금액_조원"":""5.2989096e-05"",""예정금액_원"":""60204462"",""예정금액_억원"":""0.60204462"",""예정금액_조원"":""6.0204462e-05"",""낙찰률"":""88.015"",""낙찰률_구간"":""80~90%"",""낙찰률_결측여부"":""False"",""낙찰률_100초과여부"":""False"",""계약금액_0원여부"":""False"",""계약상태"":""계약완료"",""계약번호"":""2025LFP0061"",""결정번호"":""32120"",""계약일_원본"":""20250820"",""계약금액_원본"":""52989096"",""계약예정금액_원본"":""60204462"",""원본중복건수"":""3"",""원본중복행여부"":""True"",""드론_검색발견필드"":""계약명""}"
39a1ff196b6625b2cd748ed2,2025LAZ0020,2025-08-20,OO체계 MS 워크스테이션 구매,주식회사 세종아이티엘,드론작전사령부,1980000,1980000,계약완료,CONTEXT_REVIEW,계약기관,1,19321,"{""원본행번호"":""19321"",""계약일"":""2025-08-20"",""계약연도"":""2025"",""계약월"":""8"",""계약분기"":""Q3"",""연월"":""2025-08"",""계약명"":""OO체계 MS 워크스테이션 구매"",""계약업체"":""주식회사 세종아이티엘"",""계약기관"":""드론작전사령부"",""계약구분"":""물품"",""계약방법"":""수의계약"",""입찰방식"":""총액제"",""계약금액_원"":""1980000"",""계약금액_억원"":""0.0198"",""계약금액_조원"":""1.98e-06"",""예정금액_원"":""1980000"",""예정금액_억원"":""0.0198"",""예정금액_조원"":""1.98e-06"",""낙찰률"":""100.0"",""낙찰률_구간"":""100% 초과"",""낙찰률_결측여부"":""False"",""낙찰률_100초과여부"":""False"",""계약금액_0원여부"":""False"",""계약상태"":""계약완료"",""계약번호"":""2025LAZ0020"",""결정번호"":""35067"",""계약일_원본"":""20250820"",""계약금액_원본"":""1980000"",""계약예정금액_원본"":""1980000"",""원본중복건수"":""1"",""원본중복행여부"":""False"",""드론_검색발견필드"":""계약기관""}"
7013535f2f7f9d8595e0492f,2025LAZ0021,2025-08-21,'25-1차 체육활동(체력검정 비품) 구매,서현산업,드론작전사령부,17406000,17406000,계약완료,CONTEXT_REVIEW,계약기관,1,19480,"{""원본행번호"":""19480"",""계약일"":""2025-08-21"",""계약연도"":""2025"",""계약월"":""8"",""계약분기"":""Q3"",""연월"":""2025-08"",""계약명"":""'25-1차 체육활동(체력검정 비품) 구매"",""계약업체"":""서현산업"",""계약기관"":""드론작전사령부"",""계약구분"":""물품"",""계약방법"":""수의계약"",""입찰방식"":""총액제"",""계약금액_원"":""17406000"",""계약금액_억원"":""0.17406"",""계약금액_조원"":""1.7406e-05"",""예정금액_원"":""17406000"",""예정금액_억원"":""0.17406"",""예정금액_조원"":""1.7406e-05"",""낙찰률"":""100.0"",""낙찰률_구간"":""100% 초과"",""낙찰률_결측여부"":""False"",""낙찰률_100초과여부"":""False"",""계약금액_0원여부"":""False"",""계약상태"":""계약완료"",""계약번호"":""2025LAZ0021"",""결정번호"":""35232"",""계약일_원본"":""20250821"",""계약금액_원본"":""17406000"",""계약예정금액_원본"":""17406000"",""원본중복건수"":""1"",""원본중복행여부"":""False"",""드론_검색발견필드"":""계약기관""}"
4ad6ef4baed1822c12bfec46,2025LQH0038,2025-08-22,(육성)구기동대 드론 재밍건 제조 납품,주식회사 리즈너스,제3697부대,103575280,117673882,계약완료,TITLE_MATCH,계약명,1,19636,"{""원본행번호"":""19636"",""계약일"":""2025-08-22"",""계약연도"":""2025"",""계약월"":""8"",""계약분기"":""Q3"",""연월"":""2025-08"",""계약명"":""(육성)구기동대 드론 재밍건 제조 납품"",""계약업체"":""주식회사 리즈너스"",""계약기관"":""제3697부대"",""계약구분"":""물품"",""계약방법"":""제한경쟁"",""입찰방식"":""총액제"",""계약금액_원"":""103575280"",""계약금액_억원"":""1.0357528"",""계약금액_조원"":""0.00010357528"",""예정금액_원"":""117673882"",""예정금액_억원"":""1.17673882"",""예정금액_조원"":""0.000117673882"",""낙찰률"":""88.018"",""낙찰률_구간"":""80~90%"",""낙찰률_결측여부"":""False"",""낙찰률_100초과여부"":""False"",""계약금액_0원여부"":""False"",""계약상태"":""계약완료"",""계약번호"":""2025LQH0038"",""결정번호"":""17059"",""계약일_원본"":""20250822"",""계약금액_원본"":""103575280"",""계약예정금액_원본"":""117673882"",""원본중복건수"":""1"",""원본중복행여부"":""False"",""드론_검색발견필드"":""계약명""}"
14e5c7bb16c0d011fbd28304,2025LAZ0023,2025-08-25,'25-6차 비보급품 구매,성우엔지니어링,드론작전사령부,201042000,201042909,계약완료,CONTEXT_REVIEW,계약기관,1,19711,"{""원본행번호"":""19711"",""계약일"":""2025-08-25"",""계약연도"":""2025"",""계약월"":""8"",""계약분기"":""Q3"",""연월"":""2025-08"",""계약명"":""'25-6차 비보급품 구매"",""계약업체"":""성우엔지니어링"",""계약기관"":""드론작전사령부"",""계약구분"":""물품"",""계약방법"":""수의계약"",""입찰방식"":""총액제"",""계약금액_원"":""201042000"",""계약금액_억원"":""2.01042"",""계약금액_조원"":""0.000201042"",""예정금액_원"":""201042909"",""예정금액_억원"":""2.01042909"",""예정금액_조원"":""0.000201042909"",""낙찰률"":""99.9995"",""낙찰률_구간"":""90~100%"",""낙찰률_결측여부"":""False"",""낙찰률_100초과여부"":""False"",""계약금액_0원여부"":""False"",""계약상태"":""계약완료"",""계약번호"":""2025LAZ0023"",""결정번호"":""35668"",""계약일_원본"":""20250825"",""계약금액_원본"":""201042000"",""계약예정금액_원본"":""201042909"",""원본중복건수"":""1"",""원본중복행여부"":""False"",""드론_검색발견필드"":""계약기관""}"
66af811ac68d98bdb615fffc,2025LAZ0022,2025-08-25,'25-3차 소형드론 외주정비,성우엔지니어링,드론작전사령부,18900000,18900000,계약완료,TITLE_MATCH,"계약명, 계약기관",2,19709,"{""원본행번호"":""19709"",""계약일"":""2025-08-25"",""계약연도"":""2025"",""계약월"":""8"",""계약분기"":""Q3"",""연월"":""2025-08"",""계약명"":""'25-3차 소형드론 외주정비"",""계약업체"":""성우엔지니어링"",""계약기관"":""드론작전사령부"",""계약구분"":""용역"",""계약방법"":""수의계약"",""입찰방식"":""총액제"",""계약금액_원"":""18900000"",""계약금액_억원"":""0.189"",""계약금액_조원"":""1.89e-05"",""예정금액_원"":""18900000"",""예정금액_억원"":""0.189"",""예정금액_조원"":""1.89e-05"",""낙찰률"":""100.0"",""낙찰률_구간"":""100% 초과"",""낙찰률_결측여부"":""False"",""낙찰률_100초과여부"":""False"",""계약금액_0원여부"":""False"",""계약상태"":""계약완료"",""계약번호"":""2025LAZ0022"",""결정번호"":""35586"",""계약일_원본"":""20250825"",""계약금액_원본"":""18900000"",""계약예정금액_원본"":""18900000"",""원본중복건수"":""2"",""원본중복행여부"":""True"",""드론_검색발견필드"":""계약명, 계약기관""}"
b2c7b7c0e08bccb3fa0ae161,2025SFH0088,2025-08-26,25-B-수직이착륙 고정익 드론 외주정비 용역,주식회사억세스위,제9196부대,58853000,58853000,계약완료,TITLE_MATCH,계약명,1,19899,"{""원본행번호"":""19899"",""계약일"":""2025-08-26"",""계약연도"":""2025"",""계약월"":""8"",""계약분기"":""Q3"",""연월"":""2025-08"",""계약명"":""25-B-수직이착륙 고정익 드론 외주정비 용역"",""계약업체"":""주식회사억세스위"",""계약기관"":""제9196부대"",""계약구분"":""용역"",""계약방법"":""수의계약"",""입찰방식"":""총액제"",""계약금액_원"":""58853000"",""계약금액_억원"":""0.58853"",""계약금액_조원"":""5.8853e-05"",""예정금액_원"":""58853000"",""예정금액_억원"":""0.58853"",""예정금액_조원"":""5.8853e-05"",""낙찰률"":""100.0"",""낙찰률_구간"":""100% 초과"",""낙찰률_결측여부"":""False"",""낙찰률_100초과여부"":""False"",""계약금액_0원여부"":""False"",""계약상태"":""계약완료"",""계약번호"":""2025SFH0088"",""결정번호"":""35537"",""계약일_원본"":""20250826"",""계약금액_원본"":""58853000"",""계약예정금액_원본"":""58853000"",""원본중복건수"":""1"",""원본중복행여부"":""False"",""드론_검색발견필드"":""계약명""}"
58c5a0b0e94286b436429f0b,2025LKT0069,2025-08-27,25-345차 육성지원예산 감시정찰용 드론 제조구매,주식회사 포스웨이브,제31보병사단,77835740,88028526,계약완료,TITLE_MATCH,계약명,1,19966,"{""원본행번호"":""19966"",""계약일"":""2025-08-27"",""계약연도"":""2025"",""계약월"":""8"",""계약분기"":""Q3"",""연월"":""2025-08"",""계약명"":""25-345차 육성지원예산 감시정찰용 드론 제조구매"",""계약업체"":""주식회사 포스웨이브"",""계약기관"":""제31보병사단"",""계약구분"":""물품"",""계약방법"":""제한경쟁"",""입찰방식"":""총액제"",""계약금액_원"":""77835740"",""계약금액_억원"":""0.7783574"",""계약금액_조원"":""7.783574e-05"",""예정금액_원"":""88028526"",""예정금액_억원"":""0.88028526"",""예정금액_조원"":""8.8028526e-05"",""낙찰률"":""88.421"",""낙찰률_구간"":""80~90%"",""낙찰률_결측여부"":""False"",""낙찰률_100초과여부"":""False"",""계약금액_0원여부"":""False"",""계약상태"":""계약완료"",""계약번호"":""2025LKT0069"",""결정번호"":""32492"",""계약일_원본"":""20250827"",""계약금액_원본"":""77835740"",""계약예정금액_원본"":""88028526"",""원본중복건수"":""1"",""원본중복행여부"":""False"",""드론_검색발견필드"":""계약명""}"
67a798ac2474ff2c3fa2841b,2025LAZ0024,2025-08-27,'25년 특수건강검진 용역,의료법인 희경의료재단,드론작전사령부,5639980,5639980,계약완료,CONTEXT_REVIEW,계약기관,1,19931,"{""원본행번호"":""19931"",""계약일"":""2025-08-27"",""계약연도"":""2025"",""계약월"":""8"",""계약분기"":""Q3"",""연월"":""2025-08"",""계약명"":""'25년 특수건강검진 용역"",""계약업체"":""의료법인 희경의료재단"",""계약기관"":""드론작전사령부"",""계약구분"":""용역"",""계약방법"":""수의계약"",""입찰방식"":""총액제"",""계약금액_원"":""5639980"",""계약금액_억원"":""0.0563998"",""계약금액_조원"":""5.63998e-06"",""예정금액_원"":""5639980"",""예정금액_억원"":""0.0563998"",""예정금액_조원"":""5.63998e-06"",""낙찰률"":""100.0"",""낙찰률_구간"":""100% 초과"",""낙찰률_결측여부"":""False"",""낙찰률_100초과여부"":""False"",""계약금액_0원여부"":""False"",""계약상태"":""계약완료"",""계약번호"":""2025LAZ0024"",""결정번호"":""36370"",""계약일_원본"":""20250827"",""계약금액_원본"":""5639980"",""계약예정금액_원본"":""5639980"",""원본중복건수"":""1"",""원본중복행여부"":""False"",""드론_검색발견필드"":""계약기관""}"
5ef2911f357dc612d3023ac0,2025UMM0844,2025-08-28,25-N-함정 작전지원용 드론 제조,주식회사억세스위,국군재정관리단,924000000,1109703166,계약완료,TITLE_MATCH,계약명,1,20150,"{""원본행번호"":""20150"",""계약일"":""2025-08-28"",""계약연도"":""2025"",""계약월"":""8"",""계약분기"":""Q3"",""연월"":""2025-08"",""계약명"":""25-N-함정 작전지원용 드론 제조"",""계약업체"":""주식회사억세스위"",""계약기관"":""국군재정관리단"",""계약구분"":""물품"",""계약방법"":""일반경쟁"",""입찰방식"":""총액제"",""계약금액_원"":""924000000"",""계약금액_억원"":""9.24"",""계약금액_조원"":""0.000924"",""예정금액_원"":""1109703166"",""예정금액_억원"":""11.09703166"",""예정금액_조원"":""0.001109703166"",""낙찰률"":""83.265"",""낙찰률_구간"":""80~90%"",""낙찰률_결측여부"":""False"",""낙찰률_100초과여부"":""False"",""계약금액_0원여부"":""False"",""계약상태"":""계약완료"",""계약번호"":""2025UMM0844"",""결정번호"":""32308"",""계약일_원본"":""20250828"",""계약금액_원본"":""924000000"",""계약예정금액_원본"":""1109703166"",""원본중복건수"":""1"",""원본중복행여부"":""False"",""드론_검색발견필드"":""계약명""}"
2eff4ffbdea2407da96db37f,2025HCG0089,2025-08-29,총장배 드론 종합경연대회 운영 용역,넥스브레인 주식회사,공군본부,49500000,50000000,계약완료,TITLE_MATCH,계약명,1,20164,"{""원본행번호"":""20164"",""계약일"":""2025-08-29"",""계약연도"":""2025"",""계약월"":""8"",""계약분기"":""Q3"",""연월"":""2025-08"",""계약명"":""총장배 드론 종합경연대회 운영 용역"",""계약업체"":""넥스브레인 주식회사"",""계약기관"":""공군본부"",""계약구분"":""용역"",""계약방법"":""수의계약"",""입찰방식"":""총액제"",""계약금액_원"":""49500000"",""계약금액_억원"":""0.495"",""계약금액_조원"":""4.95e-05"",""예정금액_원"":""50000000"",""예정금액_억원"":""0.5"",""예정금액_조원"":""5e-05"",""낙찰률"":""99.0"",""낙찰률_구간"":""90~100%"",""낙찰률_결측여부"":""False"",""낙찰률_100초과여부"":""False"",""계약금액_0원여부"":""False"",""계약상태"":""계약완료"",""계약번호"":""2025HCG0089"",""결정번호"":""29919"",""계약일_원본"":""20250829"",""계약금액_원본"":""49500000"",""계약예정금액_원본"":""50000000"",""원본중복건수"":""1"",""원본중복행여부"":""False"",""드론_검색발견필드"":""계약명""}"
1e48d81db4fd102200efe229,2025MCD0109,2025-08-29,드론 통합관제체계 구축 추진전략 수립 연구,주식회사 아이비리더스,국방부(운영지원과),41000000,45578000,계약완료,TITLE_MATCH,계약명,1,20227,"{""원본행번호"":""20227"",""계약일"":""2025-08-29"",""계약연도"":""2025"",""계약월"":""8"",""계약분기"":""Q3"",""연월"":""2025-08"",""계약명"":""드론 통합관제체계 구축 추진전략 수립 연구"",""계약업체"":""주식회사 아이비리더스"",""계약기관"":""국방부(운영지원과)"",""계약구분"":""용역"",""계약방법"":""협상에의한계약(전자)"",""입찰방식"":""총액제"",""계약금액_원"":""41000000"",""계약금액_억원"":""0.41"",""계약금액_조원"":""4.1e-05"",""예정금액_원"":""45578000"",""예정금액_억원"":""0.45578"",""예정금액_조원"":""4.5578e-05"",""낙찰률"":""89.9557"",""낙찰률_구간"":""80~90%"",""낙찰률_결측여부"":""False"",""낙찰률_100초과여부"":""False"",""계약금액_0원여부"":""False"",""계약상태"":""계약완료"",""계약번호"":""2025MCD0109"",""결정번호"":""30559"",""계약일_원본"":""20250829"",""계약금액_원본"":""41000000"",""계약예정금액_원본"":""45578000"",""원본중복건수"":""1"",""원본중복행여부"":""False"",""드론_검색발견필드"":""계약명""}"
1b96c5f50ca156c8847aacc4,2025LHQ0065,2025-09-02,25년 제3회 드론봇 전투경영대회(드론배틀 용역계약),주식회사 플러스인,제2작전사령부,18374000,19547000,계약완료,TITLE_MATCH,계약명,1,20441,"{""원본행번호"":""20441"",""계약일"":""2025-09-02"",""계약연도"":""2025"",""계약월"":""9"",""계약분기"":""Q3"",""연월"":""2025-09"",""계약명"":""25년 제3회 드론봇 전투경영대회(드론배틀 용역계약)"",""계약업체"":""주식회사 플러스인"",""계약기관"":""제2작전사령부"",""계약구분"":""물품"",""계약방법"":""수의계약"",""입찰방식"":""총액제"",""계약금액_원"":""18374000"",""계약금액_억원"":""0.18374"",""계약금액_조원"":""1.8374e-05"",""예정금액_원"":""19547000"",""예정금액_억원"":""0.19547"",""예정금액_조원"":""1.9547e-05"",""낙찰률"":""94.0"",""낙찰률_구간"":""90~100%"",""낙찰률_결측여부"":""False"",""낙찰률_100초과여부"":""False"",""계약금액_0원여부"":""False"",""계약상태"":""계약완료"",""계약번호"":""2025LHQ0065"",""결정번호"":""36467"",""계약일_원본"":""20250902"",""계약금액_원본"":""18374000"",""계약예정금액_원본"":""19547000"",""원본중복건수"":""1"",""원본중복행여부"":""False"",""드론_검색발견필드"":""계약명""}"
dd7cb19fa2bbb84b4fc77f43,2025LAZ0025,2025-09-04,제4회 국방부 장관배 드론봇챌린지 표적기 운영 용역,캣츠,드론작전사령부,20490000,21014199,계약완료,TITLE_MATCH,"계약명, 계약기관",1,20626,"{""원본행번호"":""20626"",""계약일"":""2025-09-04"",""계약연도"":""2025"",""계약월"":""9"",""계약분기"":""Q3"",""연월"":""2025-09"",""계약명"":""제4회 국방부 장관배 드론봇챌린지 표적기 운영 용역"",""계약업체"":""캣츠"",""계약기관"":""드론작전사령부"",""계약구분"":""용역"",""계약방법"":""수의계약"",""입찰방식"":""총액제"",""계약금액_원"":""20490000"",""계약금액_억원"":""0.2049"",""계약금액_조원"":""2.049e-05"",""예정금액_원"":""21014199"",""예정금액_억원"":""0.21014199"",""예정금액_조원"":""2.1014199e-05"",""낙찰률"":""97.5055"",""낙찰률_구간"":""90~100%"",""낙찰률_결측여부"":""False"",""낙찰률_100초과여부"":""False"",""계약금액_0원여부"":""False"",""계약상태"":""계약완료"",""계약번호"":""2025LAZ0025"",""결정번호"":""37127"",""계약일_원본"":""20250904"",""계약금액_원본"":""20490000"",""계약예정금액_원본"":""21014199"",""원본중복건수"":""1"",""원본중복행여부"":""False"",""드론_검색발견필드"":""계약명, 계약기관""}"
b15b99c7b30c6f6d18b3687c,2025LHQ0068,2025-09-04,25년 제3회 드론봇 전투경영대회 용역계약,주식회사 대성안전개발,제2작전사령부,10475990,11860030,계약완료,TITLE_MATCH,계약명,1,20652,"{""원본행번호"":""20652"",""계약일"":""2025-09-04"",""계약연도"":""2025"",""계약월"":""9"",""계약분기"":""Q3"",""연월"":""2025-09"",""계약명"":""25년 제3회 드론봇 전투경영대회 용역계약"",""계약업체"":""주식회사 대성안전개발"",""계약기관"":""제2작전사령부"",""계약구분"":""용역"",""계약방법"":""수의계약"",""입찰방식"":""총액제"",""계약금액_원"":""10475990"",""계약금액_억원"":""0.1047599"",""계약금액_조원"":""1.047599e-05"",""예정금액_원"":""11860030"",""예정금액_억원"":""0.1186003"",""예정금액_조원"":""1.186003e-05"",""낙찰률"":""88.33"",""낙찰률_구간"":""80~90%"",""낙찰률_결측여부"":""False"",""낙찰률_100초과여부"":""False"",""계약금액_0원여부"":""False"",""계약상태"":""계약완료"",""계약번호"":""2025LHQ0068"",""결정번호"":""35768"",""계약일_원본"":""20250904"",""계약금액_원본"":""10475990"",""계약예정금액_원본"":""11860030"",""원본중복건수"":""1"",""원본중복행여부"":""False"",""드론_검색발견필드"":""계약명""}"
d8691503bdeff968948639fe,2025UMM0862,2025-09-05,(256194-D) 교육용 상용드론 제조,주식회사 자이언트드론,육군군수사령부,459510970,520044230,계약완료,TITLE_MATCH,"계약명, 계약업체",1,20811,"{""원본행번호"":""20811"",""계약일"":""2025-09-05"",""계약연도"":""2025"",""계약월"":""9"",""계약분기"":""Q3"",""연월"":""2025-09"",""계약명"":""(256194-D) 교육용 상용드론 제조"",""계약업체"":""주식회사 자이언트드론"",""계약기관"":""육군군수사령부"",""계약구분"":""물품"",""계약방법"":""제한경쟁"",""입찰방식"":""총액제"",""계약금액_원"":""459510970"",""계약금액_억원"":""4.5951097"",""계약금액_조원"":""0.00045951097"",""예정금액_원"":""520044230"",""예정금액_억원"":""5.2004423"",""예정금액_조원"":""0.00052004423"",""낙찰률"":""88.359"",""낙찰률_구간"":""80~90%"",""낙찰률_결측여부"":""False"",""낙찰률_100초과여부"":""False"",""계약금액_0원여부"":""False"",""계약상태"":""계약완료"",""계약번호"":""2025UMM0862"",""결정번호"":""32013"",""계약일_원본"":""20250905"",""계약금액_원본"":""459510970"",""계약예정금액_원본"":""520044230"",""원본중복건수"":""1"",""원본중복행여부"":""False"",""드론_검색발견필드"":""계약명, 계약업체""}"
85e8feb35039e01a58fc1a84,2025UMM0862,2025-09-05,(256194-D) 교육용 상용드론 제조,주식회사 자이언트드론,국군재정관리단,459510970,520044230,계약완료,TITLE_MATCH,"계약명, 계약업체",1,20812,"{""원본행번호"":""20812"",""계약일"":""2025-09-05"",""계약연도"":""2025"",""계약월"":""9"",""계약분기"":""Q3"",""연월"":""2025-09"",""계약명"":""(256194-D) 교육용 상용드론 제조"",""계약업체"":""주식회사 자이언트드론"",""계약기관"":""국군재정관리단"",""계약구분"":""물품"",""계약방법"":""제한경쟁"",""입찰방식"":""총액제"",""계약금액_원"":""459510970"",""계약금액_억원"":""4.5951097"",""계약금액_조원"":""0.00045951097"",""예정금액_원"":""520044230"",""예정금액_억원"":""5.2004423"",""예정금액_조원"":""0.00052004423"",""낙찰률"":""88.359"",""낙찰률_구간"":""80~90%"",""낙찰률_결측여부"":""False"",""낙찰률_100초과여부"":""False"",""계약금액_0원여부"":""False"",""계약상태"":""계약완료"",""계약번호"":""2025UMM0862"",""결정번호"":""32013"",""계약일_원본"":""20250905"",""계약금액_원본"":""459510970"",""계약예정금액_원본"":""520044230"",""원본중복건수"":""1"",""원본중복행여부"":""False"",""드론_검색발견필드"":""계약명, 계약업체""}"
ee250ce6121678e4ae4136cd,2025U315010,2025-09-08,근거리정찰드론 TMMR 연동 케이블,엘아이지디펜스앤에어로스페이스 주식회사,첨단기술총괄계약팀,17800000,17867248,계약완료,TITLE_MATCH,계약명,1,20923,"{""원본행번호"":""20923"",""계약일"":""2025-09-08"",""계약연도"":""2025"",""계약월"":""9"",""계약분기"":""Q3"",""연월"":""2025-09"",""계약명"":""근거리정찰드론 TMMR 연동 케이블"",""계약업체"":""엘아이지디펜스앤에어로스페이스 주식회사"",""계약기관"":""첨단기술총괄계약팀"",""계약구분"":""물품"",""계약방법"":""수의계약"",""입찰방식"":""총액제"",""계약금액_원"":""17800000"",""계약금액_억원"":""0.178"",""계약금액_조원"":""1.78e-05"",""예정금액_원"":""17867248"",""예정금액_억원"":""0.17867248"",""예정금액_조원"":""1.7867248e-05"",""낙찰률"":""0.0"",""낙찰률_구간"":""80% 미만"",""낙찰률_결측여부"":""False"",""낙찰률_100초과여부"":""False"",""계약금액_0원여부"":""False"",""계약상태"":""계약완료"",""계약번호"":""2025U315010"",""결정번호"":""3001B"",""계약일_원본"":""20250908"",""계약금액_원본"":""17800000"",""계약예정금액_원본"":""17867248"",""원본중복건수"":""1"",""원본중복행여부"":""False"",""드론_검색발견필드"":""계약명""}"
b11e66a9615ddd4a0062e0b2,2025LAZ0027,2025-09-09,제4회 국방부 장관배 드론봇챌린지 대회장 구성,(주)보인씨엔아이,드론작전사령부,21320000,11305126,계약완료,TITLE_MATCH,"계약명, 계약기관",1,20948,"{""원본행번호"":""20948"",""계약일"":""2025-09-09"",""계약연도"":""2025"",""계약월"":""9"",""계약분기"":""Q3"",""연월"":""2025-09"",""계약명"":""제4회 국방부 장관배 드론봇챌린지 대회장 구성"",""계약업체"":""(주)보인씨엔아이"",""계약기관"":""드론작전사령부"",""계약구분"":""용역"",""계약방법"":""수의계약"",""입찰방식"":""총액제"",""계약금액_원"":""21320000"",""계약금액_억원"":""0.2132"",""계약금액_조원"":""2.132e-05"",""예정금액_원"":""11305126"",""예정금액_억원"":""0.11305126"",""예정금액_조원"":""1.1305126e-05"",""낙찰률"":""99.5124"",""낙찰률_구간"":""90~100%"",""낙찰률_결측여부"":""False"",""낙찰률_100초과여부"":""False"",""계약금액_0원여부"":""False"",""계약상태"":""계약완료"",""계약번호"":""2025LAZ0027"",""결정번호"":""37658"",""계약일_원본"":""20250909"",""계약금액_원본"":""21320000"",""계약예정금액_원본"":""11305126"",""원본중복건수"":""1"",""원본중복행여부"":""False"",""드론_검색발견필드"":""계약명, 계약기관""}"
c296c3186ce31da2915f04a4,2025LAZ0027,2025-09-09,제4회 국방부 장관배 드론봇챌린지 대회장 구성,(주)보인씨엔아이,드론작전사령부,11250000,11305126,계약완료,TITLE_MATCH,"계약명, 계약기관",1,20947,"{""원본행번호"":""20947"",""계약일"":""2025-09-09"",""계약연도"":""2025"",""계약월"":""9"",""계약분기"":""Q3"",""연월"":""2025-09"",""계약명"":""제4회 국방부 장관배 드론봇챌린지 대회장 구성"",""계약업체"":""(주)보인씨엔아이"",""계약기관"":""드론작전사령부"",""계약구분"":""용역"",""계약방법"":""수의계약"",""입찰방식"":""총액제"",""계약금액_원"":""11250000"",""계약금액_억원"":""0.1125"",""계약금액_조원"":""1.125e-05"",""예정금액_원"":""11305126"",""예정금액_억원"":""0.11305126"",""예정금액_조원"":""1.1305126e-05"",""낙찰률"":""99.5124"",""낙찰률_구간"":""90~100%"",""낙찰률_결측여부"":""False"",""낙찰률_100초과여부"":""False"",""계약금액_0원여부"":""False"",""계약상태"":""계약완료"",""계약번호"":""2025LAZ0027"",""결정번호"":""37658"",""계약일_원본"":""20250909"",""계약금액_원본"":""11250000"",""계약예정금액_원본"":""11305126"",""원본중복건수"":""1"",""원본중복행여부"":""False"",""드론_검색발견필드"":""계약명, 계약기관""}"
483ed2f5539bdc46a38d034a,2025LAZ0026,2025-09-09,제4회 국방부 장관배 드론봇챌린지 영상 제작 용역,트렌드코리아 주식회사,드론작전사령부,6290000,5004203,계약완료,TITLE_MATCH,"계약명, 계약기관",1,20945,"{""원본행번호"":""20945"",""계약일"":""2025-09-09"",""계약연도"":""2025"",""계약월"":""9"",""계약분기"":""Q3"",""연월"":""2025-09"",""계약명"":""제4회 국방부 장관배 드론봇챌린지 영상 제작 용역"",""계약업체"":""트렌드코리아 주식회사"",""계약기관"":""드론작전사령부"",""계약구분"":""용역"",""계약방법"":""수의계약"",""입찰방식"":""총액제"",""계약금액_원"":""6290000"",""계약금액_억원"":""0.0629"",""계약금액_조원"":""6.29e-06"",""예정금액_원"":""5004203"",""예정금액_억원"":""0.05004203"",""예정금액_조원"":""5.004203e-06"",""낙찰률"":""98.9169"",""낙찰률_구간"":""90~100%"",""낙찰률_결측여부"":""False"",""낙찰률_100초과여부"":""False"",""계약금액_0원여부"":""False"",""계약상태"":""계약완료"",""계약번호"":""2025LAZ0026"",""결정번호"":""37556"",""계약일_원본"":""20250909"",""계약금액_원본"":""6290000"",""계약예정금액_원본"":""5004203"",""원본중복건수"":""1"",""원본중복행여부"":""False"",""드론_검색발견필드"":""계약명, 계약기관""}"
78929ba02e16ce4580eb4c29,2025LAZ0026,2025-09-09,제4회 국방부 장관배 드론봇챌린지 영상 제작 용역,트렌드코리아 주식회사,드론작전사령부,4950000,5004203,계약완료,TITLE_MATCH,"계약명, 계약기관",1,20946,"{""원본행번호"":""20946"",""계약일"":""2025-09-09"",""계약연도"":""2025"",""계약월"":""9"",""계약분기"":""Q3"",""연월"":""2025-09"",""계약명"":""제4회 국방부 장관배 드론봇챌린지 영상 제작 용역"",""계약업체"":""트렌드코리아 주식회사"",""계약기관"":""드론작전사령부"",""계약구분"":""용역"",""계약방법"":""수의계약"",""입찰방식"":""총액제"",""계약금액_원"":""4950000"",""계약금액_억원"":""0.0495"",""계약금액_조원"":""4.95e-06"",""예정금액_원"":""5004203"",""예정금액_억원"":""0.05004203"",""예정금액_조원"":""5.004203e-06"",""낙찰률"":""98.9169"",""낙찰률_구간"":""90~100%"",""낙찰률_결측여부"":""False"",""낙찰률_100초과여부"":""False"",""계약금액_0원여부"":""False"",""계약상태"":""계약완료"",""계약번호"":""2025LAZ0026"",""결정번호"":""37556"",""계약일_원본"":""20250909"",""계약금액_원본"":""4950000"",""계약예정금액_원본"":""5004203"",""원본중복건수"":""1"",""원본중복행여부"":""False"",""드론_검색발견필드"":""계약명, 계약기관""}"
d0ad2b2e6378b21e3ea036d5,2025LKT0069,2025-09-11,25-345차 육성지원예산 감시정찰용 드론 제조구매,주식회사 포스웨이브,제31보병사단,77835740,88028526,계약완료,TITLE_MATCH,계약명,1,21178,"{""원본행번호"":""21178"",""계약일"":""2025-09-11"",""계약연도"":""2025"",""계약월"":""9"",""계약분기"":""Q3"",""연월"":""2025-09"",""계약명"":""25-345차 육성지원예산 감시정찰용 드론 제조구매"",""계약업체"":""주식회사 포스웨이브"",""계약기관"":""제31보병사단"",""계약구분"":""물품"",""계약방법"":""제한경쟁"",""입찰방식"":""총액제"",""계약금액_원"":""77835740"",""계약금액_억원"":""0.7783574"",""계약금액_조원"":""7.783574e-05"",""예정금액_원"":""88028526"",""예정금액_억원"":""0.88028526"",""예정금액_조원"":""8.8028526e-05"",""낙찰률"":""88.421"",""낙찰률_구간"":""80~90%"",""낙찰률_결측여부"":""False"",""낙찰률_100초과여부"":""False"",""계약금액_0원여부"":""False"",""계약상태"":""계약완료"",""계약번호"":""2025LKT0069"",""결정번호"":""32492"",""계약일_원본"":""20250911"",""계약금액_원본"":""77835740"",""계약예정금액_원본"":""88028526"",""원본중복건수"":""1"",""원본중복행여부"":""False"",""드론_검색발견필드"":""계약명""}"
0db5896db2eedd5e32a1a170,2025LCM0064,2025-09-11,'25년 AI 드론봇챌린지 행사진행 용역,에이스기획,육군교육사령부,46609684,48505454,계약완료,TITLE_MATCH,계약명,1,21152,"{""원본행번호"":""21152"",""계약일"":""2025-09-11"",""계약연도"":""2025"",""계약월"":""9"",""계약분기"":""Q3"",""연월"":""2025-09"",""계약명"":""'25년 AI 드론봇챌린지 행사진행 용역"",""계약업체"":""에이스기획"",""계약기관"":""육군교육사령부"",""계약구분"":""용역"",""계약방법"":""수의계약"",""입찰방식"":""총액제"",""계약금액_원"":""46609684"",""계약금액_억원"":""0.46609684"",""계약금액_조원"":""4.6609684e-05"",""예정금액_원"":""48505454"",""예정금액_억원"":""0.48505454"",""예정금액_조원"":""4.8505454e-05"",""낙찰률"":""96.0916"",""낙찰률_구간"":""90~100%"",""낙찰률_결측여부"":""False"",""낙찰률_100초과여부"":""False"",""계약금액_0원여부"":""False"",""계약상태"":""계약완료"",""계약번호"":""2025LCM0064"",""결정번호"":""34384"",""계약일_원본"":""20250911"",""계약금액_원본"":""46609684"",""계약예정금액_원본"":""48505454"",""원본중복건수"":""1"",""원본중복행여부"":""False"",""드론_검색발견필드"":""계약명""}"
c41d477f45b9ffa193927aa2,2025LFH0058,2025-09-11,2차 드론 실습재료비 구매,신메디칼,육군부사관학교,13487003,15325640,계약완료,TITLE_MATCH,계약명,1,21160,"{""원본행번호"":""21160"",""계약일"":""2025-09-11"",""계약연도"":""2025"",""계약월"":""9"",""계약분기"":""Q3"",""연월"":""2025-09"",""계약명"":""2차 드론 실습재료비 구매"",""계약업체"":""신메디칼"",""계약기관"":""육군부사관학교"",""계약구분"":""물품"",""계약방법"":""수의계약"",""입찰방식"":""총액제"",""계약금액_원"":""13487003"",""계약금액_억원"":""0.13487003"",""계약금액_조원"":""1.3487003e-05"",""예정금액_원"":""15325640"",""예정금액_억원"":""0.1532564"",""예정금액_조원"":""1.532564e-05"",""낙찰률"":""88.002"",""낙찰률_구간"":""80~90%"",""낙찰률_결측여부"":""False"",""낙찰률_100초과여부"":""False"",""계약금액_0원여부"":""False"",""계약상태"":""계약완료"",""계약번호"":""2025LFH0058"",""결정번호"":""37241"",""계약일_원본"":""20250911"",""계약금액_원본"":""13487003"",""계약예정금액_원본"":""15325640"",""원본중복건수"":""1"",""원본중복행여부"":""False"",""드론_검색발견필드"":""계약명""}"
ee71cca38c2a88697fa8ee9c,2025LQG0099,2025-09-11,(육성) 00부대 스피커 드론 제조 납품,주식회사 순돌이드론,육군 52보병사단,9000000,9000000,계약완료,TITLE_MATCH,"계약명, 계약업체",1,21189,"{""원본행번호"":""21189"",""계약일"":""2025-09-11"",""계약연도"":""2025"",""계약월"":""9"",""계약분기"":""Q3"",""연월"":""2025-09"",""계약명"":""(육성) 00부대 스피커 드론 제조 납품"",""계약업체"":""주식회사 순돌이드론"",""계약기관"":""육군 52보병사단"",""계약구분"":""물품"",""계약방법"":""수의계약"",""입찰방식"":""총액제"",""계약금액_원"":""9000000"",""계약금액_억원"":""0.09"",""계약금액_조원"":""9e-06"",""예정금액_원"":""9000000"",""예정금액_억원"":""0.09"",""예정금액_조원"":""9e-06"",""낙찰률"":""100.0"",""낙찰률_구간"":""100% 초과"",""낙찰률_결측여부"":""False"",""낙찰률_100초과여부"":""False"",""계약금액_0원여부"":""False"",""계약상태"":""계약완료"",""계약번호"":""2025LQG0099"",""결정번호"":""37613"",""계약일_원본"":""20250911"",""계약금액_원본"":""9000000"",""계약예정금액_원본"":""9000000"",""원본중복건수"":""1"",""원본중복행여부"":""False"",""드론_검색발견필드"":""계약명, 계약업체""}"
656985daed2311a1dadf314c,2025LKG0258,2025-09-11,18해감대대 드론 배터리조립체 구매,유콘시스템 주식회사,육군제53보병사단,8300000,8500000,계약완료,TITLE_MATCH,계약명,1,21173,"{""원본행번호"":""21173"",""계약일"":""2025-09-11"",""계약연도"":""2025"",""계약월"":""9"",""계약분기"":""Q3"",""연월"":""2025-09"",""계약명"":""18해감대대 드론 배터리조립체 구매"",""계약업체"":""유콘시스템 주식회사"",""계약기관"":""육군제53보병사단"",""계약구분"":""물품"",""계약방법"":""수의계약"",""입찰방식"":""총액제"",""계약금액_원"":""8300000"",""계약금액_억원"":""0.083"",""계약금액_조원"":""8.3e-06"",""예정금액_원"":""8500000"",""예정금액_억원"":""0.085"",""예정금액_조원"":""8.5e-06"",""낙찰률"":""97.65"",""낙찰률_구간"":""90~100%"",""낙찰률_결측여부"":""False"",""낙찰률_100초과여부"":""False"",""계약금액_0원여부"":""False"",""계약상태"":""계약완료"",""계약번호"":""2025LKG0258"",""결정번호"":""33564"",""계약일_원본"":""20250911"",""계약금액_원본"":""8300000"",""계약예정금액_원본"":""8500000"",""원본중복건수"":""1"",""원본중복행여부"":""False"",""드론_검색발견필드"":""계약명""}"
14f1b65079151460545a3120,2025LQG0082,2025-09-15,(육성) 00부대 FPV 드론 제조 납품,주식회사 자이언트드론,육군 52보병사단,38887200,43917656,계약완료,TITLE_MATCH,"계약명, 계약업체",1,21372,"{""원본행번호"":""21372"",""계약일"":""2025-09-15"",""계약연도"":""2025"",""계약월"":""9"",""계약분기"":""Q3"",""연월"":""2025-09"",""계약명"":""(육성) 00부대 FPV 드론 제조 납품"",""계약업체"":""주식회사 자이언트드론"",""계약기관"":""육군 52보병사단"",""계약구분"":""물품"",""계약방법"":""제한경쟁"",""입찰방식"":""총액제"",""계약금액_원"":""38887200"",""계약금액_억원"":""0.388872"",""계약금액_조원"":""3.88872e-05"",""예정금액_원"":""43917656"",""예정금액_억원"":""0.43917656"",""예정금액_조원"":""4.3917656e-05"",""낙찰률"":""88.545"",""낙찰률_구간"":""80~90%"",""낙찰률_결측여부"":""False"",""낙찰률_100초과여부"":""False"",""계약금액_0원여부"":""False"",""계약상태"":""계약완료"",""계약번호"":""2025LQG0082"",""결정번호"":""29894"",""계약일_원본"":""20250915"",""계약금액_원본"":""38887200"",""계약예정금액_원본"":""43917656"",""원본중복건수"":""1"",""원본중복행여부"":""False"",""드론_검색발견필드"":""계약명, 계약업체""}"
f1da1c561f0737d686450662,2025LNG0141,2025-09-15,25년 드론봇 페스티벌 드론라이트쇼 공연 용역,주식회사 스카이아트,육군 제1군단,35200000,39967010,계약완료,TITLE_MATCH,계약명,1,21366,"{""원본행번호"":""21366"",""계약일"":""2025-09-15"",""계약연도"":""2025"",""계약월"":""9"",""계약분기"":""Q3"",""연월"":""2025-09"",""계약명"":""25년 드론봇 페스티벌 드론라이트쇼 공연 용역"",""계약업체"":""주식회사 스카이아트"",""계약기관"":""육군 제1군단"",""계약구분"":""용역"",""계약방법"":""수의계약"",""입찰방식"":""총액제"",""계약금액_원"":""35200000"",""계약금액_억원"":""0.352"",""계약금액_조원"":""3.52e-05"",""예정금액_원"":""39967010"",""예정금액_억원"":""0.3996701"",""예정금액_조원"":""3.996701e-05"",""낙찰률"":""88.072"",""낙찰률_구간"":""80~90%"",""낙찰률_결측여부"":""False"",""낙찰률_100초과여부"":""False"",""계약금액_0원여부"":""False"",""계약상태"":""계약완료"",""계약번호"":""2025LNG0141"",""결정번호"":""37006"",""계약일_원본"":""20250915"",""계약금액_원본"":""35200000"",""계약예정금액_원본"":""39967010"",""원본중복건수"":""1"",""원본중복행여부"":""False"",""드론_검색발견필드"":""계약명""}"
59d87afe1442a159d2e3aa4f,2025LCM0066,2025-09-15,'25년 전투실험용 임차용역(스텔스드론),애즈미 주식회사,육군교육사령부,21890000,21983531,계약완료,TITLE_MATCH,계약명,1,21340,"{""원본행번호"":""21340"",""계약일"":""2025-09-15"",""계약연도"":""2025"",""계약월"":""9"",""계약분기"":""Q3"",""연월"":""2025-09"",""계약명"":""'25년 전투실험용 임차용역(스텔스드론)"",""계약업체"":""애즈미 주식회사"",""계약기관"":""육군교육사령부"",""계약구분"":""용역"",""계약방법"":""수의계약"",""입찰방식"":""총액제"",""계약금액_원"":""21890000"",""계약금액_억원"":""0.2189"",""계약금액_조원"":""2.189e-05"",""예정금액_원"":""21983531"",""예정금액_억원"":""0.21983531"",""예정금액_조원"":""2.1983531e-05"",""낙찰률"":""99.5745"",""낙찰률_구간"":""90~100%"",""낙찰률_결측여부"":""False"",""낙찰률_100초과여부"":""False"",""계약금액_0원여부"":""False"",""계약상태"":""계약완료"",""계약번호"":""2025LCM0066"",""결정번호"":""38133"",""계약일_원본"":""20250915"",""계약금액_원본"":""21890000"",""계약예정금액_원본"":""21983531"",""원본중복건수"":""1"",""원본중복행여부"":""False"",""드론_검색발견필드"":""계약명""}"
b7f4a36362717ea00cf69422,2025MDK0051,2025-09-16,항공장비(드론) 유지비 수의계약 의뢰,(주)두산 모빌리티 이노베이션,국군수송사령부,21670000,21670000,계약완료,TITLE_MATCH,계약명,1,21469,"{""원본행번호"":""21469"",""계약일"":""2025-09-16"",""계약연도"":""2025"",""계약월"":""9"",""계약분기"":""Q3"",""연월"":""2025-09"",""계약명"":""항공장비(드론) 유지비 수의계약 의뢰"",""계약업체"":""(주)두산 모빌리티 이노베이션"",""계약기관"":""국군수송사령부"",""계약구분"":""용역"",""계약방법"":""수의계약"",""입찰방식"":""총액제"",""계약금액_원"":""21670000"",""계약금액_억원"":""0.2167"",""계약금액_조원"":""2.167e-05"",""예정금액_원"":""21670000"",""예정금액_억원"":""0.2167"",""예정금액_조원"":""2.167e-05"",""낙찰률"":""100.0"",""낙찰률_구간"":""100% 초과"",""낙찰률_결측여부"":""False"",""낙찰률_100초과여부"":""False"",""계약금액_0원여부"":""False"",""계약상태"":""계약완료"",""계약번호"":""2025MDK0051"",""결정번호"":""38264"",""계약일_원본"":""20250916"",""계약금액_원본"":""21670000"",""계약예정금액_원본"":""21670000"",""원본중복건수"":""1"",""원본중복행여부"":""False"",""드론_검색발견필드"":""계약명""}"
fb31a9540b8a7815d2851743,2025LGC0077,2025-09-17,학교 드론 교육과정 체계화 연구 학술용역,중원대학교 산학협력단,육군학생군사학교,18003010,0,계약완료,TITLE_MATCH,계약명,2,21513,"{""원본행번호"":""21513"",""계약일"":""2025-09-17"",""계약연도"":""2025"",""계약월"":""9"",""계약분기"":""Q3"",""연월"":""2025-09"",""계약명"":""학교 드론 교육과정 체계화 연구 학술용역"",""계약업체"":""중원대학교 산학협력단"",""계약기관"":""육군학생군사학교"",""계약구분"":""용역"",""계약방법"":""협상에의한계약(전자)"",""입찰방식"":""총액제"",""계약금액_원"":""18003010"",""계약금액_억원"":""0.1800301"",""계약금액_조원"":""1.800301e-05"",""예정금액_원"":""0"",""예정금액_억원"":""0.0"",""예정금액_조원"":""0.0"",""낙찰률"":""0.0"",""낙찰률_구간"":""80% 미만"",""낙찰률_결측여부"":""False"",""낙찰률_100초과여부"":""False"",""계약금액_0원여부"":""False"",""계약상태"":""계약완료"",""계약번호"":""2025LGC0077"",""결정번호"":""32638"",""계약일_원본"":""20250917"",""계약금액_원본"":""18003010"",""계약예정금액_원본"":""0"",""원본중복건수"":""2"",""원본중복행여부"":""True"",""드론_검색발견필드"":""계약명""}"
9ae4057a8decf0a18ccc7d50,2025LKM0089,2025-09-18,(육성) 106-2대대(완주) 안티드론건 제조구매,주식회사 담스테크,제2632부대,27700000,27700000,계약완료,TITLE_MATCH,계약명,1,21608,"{""원본행번호"":""21608"",""계약일"":""2025-09-18"",""계약연도"":""2025"",""계약월"":""9"",""계약분기"":""Q3"",""연월"":""2025-09"",""계약명"":""(육성) 106-2대대(완주) 안티드론건 제조구매"",""계약업체"":""주식회사 담스테크"",""계약기관"":""제2632부대"",""계약구분"":""물품"",""계약방법"":""수의계약"",""입찰방식"":""총액제"",""계약금액_원"":""27700000"",""계약금액_억원"":""0.277"",""계약금액_조원"":""2.77e-05"",""예정금액_원"":""27700000"",""예정금액_억원"":""0.277"",""예정금액_조원"":""2.77e-05"",""낙찰률"":""100.0"",""낙찰률_구간"":""100% 초과"",""낙찰률_결측여부"":""False"",""낙찰률_100초과여부"":""False"",""계약금액_0원여부"":""False"",""계약상태"":""계약완료"",""계약번호"":""2025LKM0089"",""결정번호"":""38738"",""계약일_원본"":""20250918"",""계약금액_원본"":""27700000"",""계약예정금액_원본"":""27700000"",""원본중복건수"":""1"",""원본중복행여부"":""False"",""드론_검색발견필드"":""계약명""}"
e3caec727bfacd580cf14396,2025MDS0115,2025-09-19,상용 드론 제조 구매,주식회사 포스웨이브,제3707부대,41335830,45364828,계약완료,TITLE_MATCH,계약명,1,21735,"{""원본행번호"":""21735"",""계약일"":""2025-09-19"",""계약연도"":""2025"",""계약월"":""9"",""계약분기"":""Q3"",""연월"":""2025-09"",""계약명"":""상용 드론 제조 구매"",""계약업체"":""주식회사 포스웨이브"",""계약기관"":""제3707부대"",""계약구분"":""물품"",""계약방법"":""제한경쟁"",""입찰방식"":""총액제"",""계약금액_원"":""41335830"",""계약금액_억원"":""0.4133583"",""계약금액_조원"":""4.133583e-05"",""예정금액_원"":""45364828"",""예정금액_억원"":""0.45364828"",""예정금액_조원"":""4.5364828e-05"",""낙찰률"":""91.118"",""낙찰률_구간"":""90~100%"",""낙찰률_결측여부"":""False"",""낙찰률_100초과여부"":""False"",""계약금액_0원여부"":""False"",""계약상태"":""계약완료"",""계약번호"":""2025MDS0115"",""결정번호"":""24871"",""계약일_원본"":""20250919"",""계약금액_원본"":""41335830"",""계약예정금액_원본"":""45364828"",""원본중복건수"":""1"",""원본중복행여부"":""False"",""드론_검색발견필드"":""계약명""}"
5b2c75a124c0d9d1c9c15cef,2025LPF0110,2025-09-22,25년 예비군 육성지원(드론 시뮬레이터) 설치납품,캣츠,제51보병사단,9082640,9268000,계약완료,TITLE_MATCH,계약명,1,21805,"{""원본행번호"":""21805"",""계약일"":""2025-09-22"",""계약연도"":""2025"",""계약월"":""9"",""계약분기"":""Q3"",""연월"":""2025-09"",""계약명"":""25년 예비군 육성지원(드론 시뮬레이터) 설치납품"",""계약업체"":""캣츠"",""계약기관"":""제51보병사단"",""계약구분"":""물품"",""계약방법"":""수의계약"",""입찰방식"":""총액제"",""계약금액_원"":""9082640"",""계약금액_억원"":""0.0908264"",""계약금액_조원"":""9.08264e-06"",""예정금액_원"":""9268000"",""예정금액_억원"":""0.09268"",""예정금액_조원"":""9.268e-06"",""낙찰률"":""98.0"",""낙찰률_구간"":""90~100%"",""낙찰률_결측여부"":""False"",""낙찰률_100초과여부"":""False"",""계약금액_0원여부"":""False"",""계약상태"":""계약완료"",""계약번호"":""2025LPF0110"",""결정번호"":""39056"",""계약일_원본"":""20250922"",""계약금액_원본"":""9082640"",""계약예정금액_원본"":""9268000"",""원본중복건수"":""1"",""원본중복행여부"":""False"",""드론_검색발견필드"":""계약명""}"
cf5a22cc968ae6d981ee8117,2025LFH0059,2025-09-22,2차 드론 자산취득비 구매,두두상사,육군부사관학교,8728568,9918690,계약완료,TITLE_MATCH,계약명,1,21794,"{""원본행번호"":""21794"",""계약일"":""2025-09-22"",""계약연도"":""2025"",""계약월"":""9"",""계약분기"":""Q3"",""연월"":""2025-09"",""계약명"":""2차 드론 자산취득비 구매"",""계약업체"":""두두상사"",""계약기관"":""육군부사관학교"",""계약구분"":""물품"",""계약방법"":""수의계약"",""입찰방식"":""총액제"",""계약금액_원"":""8728568"",""계약금액_억원"":""0.08728568"",""계약금액_조원"":""8.728568e-06"",""예정금액_원"":""9918690"",""예정금액_억원"":""0.0991869"",""예정금액_조원"":""9.91869e-06"",""낙찰률"":""88.001"",""낙찰률_구간"":""80~90%"",""낙찰률_결측여부"":""False"",""낙찰률_100초과여부"":""False"",""계약금액_0원여부"":""False"",""계약상태"":""계약완료"",""계약번호"":""2025LFH0059"",""결정번호"":""37497"",""계약일_원본"":""20250922"",""계약금액_원본"":""8728568"",""계약예정금액_원본"":""9918690"",""원본중복건수"":""1"",""원본중복행여부"":""False"",""드론_검색발견필드"":""계약명""}"
a0dc19654e3271f24d3733f6,2025LGF0035,2025-09-24,개발단25-8차드론부수기재(다목적기체구성품등16종),주식회사 순돌이드론,육군정보학교,20000000,21381638,계약완료,TITLE_MATCH,"계약명, 계약업체",1,21982,"{""원본행번호"":""21982"",""계약일"":""2025-09-24"",""계약연도"":""2025"",""계약월"":""9"",""계약분기"":""Q3"",""연월"":""2025-09"",""계약명"":""개발단25-8차드론부수기재(다목적기체구성품등16종)"",""계약업체"":""주식회사 순돌이드론"",""계약기관"":""육군정보학교"",""계약구분"":""물품"",""계약방법"":""수의계약"",""입찰방식"":""총액제"",""계약금액_원"":""20000000"",""계약금액_억원"":""0.2"",""계약금액_조원"":""2e-05"",""예정금액_원"":""21381638"",""예정금액_억원"":""0.21381638"",""예정금액_조원"":""2.1381638e-05"",""낙찰률"":""93.5382"",""낙찰률_구간"":""90~100%"",""낙찰률_결측여부"":""False"",""낙찰률_100초과여부"":""False"",""계약금액_0원여부"":""False"",""계약상태"":""계약완료"",""계약번호"":""2025LGF0035"",""결정번호"":""39247"",""계약일_원본"":""20250924"",""계약금액_원본"":""20000000"",""계약예정금액_원본"":""21381638"",""원본중복건수"":""1"",""원본중복행여부"":""False"",""드론_검색발견필드"":""계약명, 계약업체""}"
751b8d440bacf535c9769973,2025LAZ0028,2025-09-24,'25-4차 소형드론 외주정비,성우엔지니어링,드론작전사령부,5010000,5010000,계약완료,TITLE_MATCH,"계약명, 계약기관",1,21957,"{""원본행번호"":""21957"",""계약일"":""2025-09-24"",""계약연도"":""2025"",""계약월"":""9"",""계약분기"":""Q3"",""연월"":""2025-09"",""계약명"":""'25-4차 소형드론 외주정비"",""계약업체"":""성우엔지니어링"",""계약기관"":""드론작전사령부"",""계약구분"":""용역"",""계약방법"":""수의계약"",""입찰방식"":""총액제"",""계약금액_원"":""5010000"",""계약금액_억원"":""0.0501"",""계약금액_조원"":""5.01e-06"",""예정금액_원"":""5010000"",""예정금액_억원"":""0.0501"",""예정금액_조원"":""5.01e-06"",""낙찰률"":""100.0"",""낙찰률_구간"":""100% 초과"",""낙찰률_결측여부"":""False"",""낙찰률_100초과여부"":""False"",""계약금액_0원여부"":""False"",""계약상태"":""계약완료"",""계약번호"":""2025LAZ0028"",""결정번호"":""39697"",""계약일_원본"":""20250924"",""계약금액_원본"":""5010000"",""계약예정금액_원본"":""5010000"",""원본중복건수"":""1"",""원본중복행여부"":""False"",""드론_검색발견필드"":""계약명, 계약기관""}"
3275ca53f63a474334696d08,2025UMM0920,2025-09-25,25-M-수로정찰용 드론 제조,(주)휴인스,국군재정관리단,331282600,394527982,계약완료,TITLE_MATCH,계약명,1,22136,"{""원본행번호"":""22136"",""계약일"":""2025-09-25"",""계약연도"":""2025"",""계약월"":""9"",""계약분기"":""Q3"",""연월"":""2025-09"",""계약명"":""25-M-수로정찰용 드론 제조"",""계약업체"":""(주)휴인스"",""계약기관"":""국군재정관리단"",""계약구분"":""물품"",""계약방법"":""일반경쟁"",""입찰방식"":""총액제"",""계약금액_원"":""331282600"",""계약금액_억원"":""3.312826"",""계약금액_조원"":""0.0003312826"",""예정금액_원"":""394527982"",""예정금액_억원"":""3.94527982"",""예정금액_조원"":""0.000394527982"",""낙찰률"":""83.969"",""낙찰률_구간"":""80~90%"",""낙찰률_결측여부"":""False"",""낙찰률_100초과여부"":""False"",""계약금액_0원여부"":""False"",""계약상태"":""계약완료"",""계약번호"":""2025UMM0920"",""결정번호"":""20688"",""계약일_원본"":""20250925"",""계약금액_원본"":""331282600"",""계약예정금액_원본"":""394527982"",""원본중복건수"":""1"",""원본중복행여부"":""False"",""드론_검색발견필드"":""계약명""}"
dffe25e7bb6f3e878b3ce192,2025HCG0097,2025-09-29,ADEX 2025 드론 엔터존 운영 용역,주식회사 파블로항공,공군본부,50000000,50000000,계약완료,TITLE_MATCH,계약명,1,22249,"{""원본행번호"":""22249"",""계약일"":""2025-09-29"",""계약연도"":""2025"",""계약월"":""9"",""계약분기"":""Q3"",""연월"":""2025-09"",""계약명"":""ADEX 2025 드론 엔터존 운영 용역"",""계약업체"":""주식회사 파블로항공"",""계약기관"":""공군본부"",""계약구분"":""용역"",""계약방법"":""수의계약"",""입찰방식"":""총액제"",""계약금액_원"":""50000000"",""계약금액_억원"":""0.5"",""계약금액_조원"":""5e-05"",""예정금액_원"":""50000000"",""예정금액_억원"":""0.5"",""예정금액_조원"":""5e-05"",""낙찰률"":""100.0"",""낙찰률_구간"":""100% 초과"",""낙찰률_결측여부"":""False"",""낙찰률_100초과여부"":""False"",""계약금액_0원여부"":""False"",""계약상태"":""계약완료"",""계약번호"":""2025HCG0097"",""결정번호"":""34078"",""계약일_원본"":""20250929"",""계약금액_원본"":""50000000"",""계약예정금액_원본"":""50000000"",""원본중복건수"":""1"",""원본중복행여부"":""False"",""드론_검색발견필드"":""계약명""}"
b2572438eb7fcacfc1238650,2025MCD0126,2025-09-29,예비군 드론부대 및 훈련체계 혁신 방향 연구,사단법인 창끝전투,국방부(운영지원과),19411510,21352670,계약완료,TITLE_MATCH,계약명,1,22325,"{""원본행번호"":""22325"",""계약일"":""2025-09-29"",""계약연도"":""2025"",""계약월"":""9"",""계약분기"":""Q3"",""연월"":""2025-09"",""계약명"":""예비군 드론부대 및 훈련체계 혁신 방향 연구"",""계약업체"":""사단법인 창끝전투"",""계약기관"":""국방부(운영지원과)"",""계약구분"":""용역"",""계약방법"":""수의계약"",""입찰방식"":""총액제"",""계약금액_원"":""19411510"",""계약금액_억원"":""0.1941151"",""계약금액_조원"":""1.941151e-05"",""예정금액_원"":""21352670"",""예정금액_억원"":""0.2135267"",""예정금액_조원"":""2.135267e-05"",""낙찰률"":""100.0"",""낙찰률_구간"":""100% 초과"",""낙찰률_결측여부"":""False"",""낙찰률_100초과여부"":""False"",""계약금액_0원여부"":""False"",""계약상태"":""계약완료"",""계약번호"":""2025MCD0126"",""결정번호"":""40140"",""계약일_원본"":""20250929"",""계약금액_원본"":""19411510"",""계약예정금액_원본"":""21352670"",""원본중복건수"":""1"",""원본중복행여부"":""False"",""드론_검색발견필드"":""계약명""}"
ef1f5e7268f8260069a5dd1a,2025LCM0068,2025-09-30,'25년 AI 드론봇 전투발전 콘퍼런스 기념품 구매,남광기업사,육군교육사령부,9900000,10000000,계약완료,TITLE_MATCH,계약명,1,22379,"{""원본행번호"":""22379"",""계약일"":""2025-09-30"",""계약연도"":""2025"",""계약월"":""9"",""계약분기"":""Q3"",""연월"":""2025-09"",""계약명"":""'25년 AI 드론봇 전투발전 콘퍼런스 기념품 구매"",""계약업체"":""남광기업사"",""계약기관"":""육군교육사령부"",""계약구분"":""물품"",""계약방법"":""수의계약"",""입찰방식"":""총액제"",""계약금액_원"":""9900000"",""계약금액_억원"":""0.099"",""계약금액_조원"":""9.9e-06"",""예정금액_원"":""10000000"",""예정금액_억원"":""0.1"",""예정금액_조원"":""1e-05"",""낙찰률"":""99.0"",""낙찰률_구간"":""90~100%"",""낙찰률_결측여부"":""False"",""낙찰률_100초과여부"":""False"",""계약금액_0원여부"":""False"",""계약상태"":""계약완료"",""계약번호"":""2025LCM0068"",""결정번호"":""40363"",""계약일_원본"":""20250930"",""계약금액_원본"":""9900000"",""계약예정금액_원본"":""10000000"",""원본중복건수"":""1"",""원본중복행여부"":""False"",""드론_검색발견필드"":""계약명""}"
5ad7232cabb1a04e9d5d45d4,2025LAZ0029,2025-10-02,'25년 전투발전 연구 용역,사단법인 밀리테크 협회,드론작전사령부,24100000,26198449,계약완료,CONTEXT_REVIEW,계약기관,1,22552,"{""원본행번호"":""22552"",""계약일"":""2025-10-02"",""계약연도"":""2025"",""계약월"":""10"",""계약분기"":""Q4"",""연월"":""2025-10"",""계약명"":""'25년 전투발전 연구 용역"",""계약업체"":""사단법인 밀리테크 협회"",""계약기관"":""드론작전사령부"",""계약구분"":""용역"",""계약방법"":""협상에의한계약(전자)"",""입찰방식"":""총액제"",""계약금액_원"":""24100000"",""계약금액_억원"":""0.241"",""계약금액_조원"":""2.41e-05"",""예정금액_원"":""26198449"",""예정금액_억원"":""0.26198449"",""예정금액_조원"":""2.6198449e-05"",""낙찰률"":""91.9902"",""낙찰률_구간"":""90~100%"",""낙찰률_결측여부"":""False"",""낙찰률_100초과여부"":""False"",""계약금액_0원여부"":""False"",""계약상태"":""계약완료"",""계약번호"":""2025LAZ0029"",""결정번호"":""34391"",""계약일_원본"":""20251002"",""계약금액_원본"":""24100000"",""계약예정금액_원본"":""26198449"",""원본중복건수"":""1"",""원본중복행여부"":""False"",""드론_검색발견필드"":""계약기관""}"
87e90bcffc5864390683b161,2025LGQ0056,2025-10-10,25년 감시정찰용 드론 구매,주식회사 발렌베리,제36보병사단,64562940,73309404,계약완료,TITLE_MATCH,계약명,1,22650,"{""원본행번호"":""22650"",""계약일"":""2025-10-10"",""계약연도"":""2025"",""계약월"":""10"",""계약분기"":""Q4"",""연월"":""2025-10"",""계약명"":""25년 감시정찰용 드론 구매"",""계약업체"":""주식회사 발렌베리"",""계약기관"":""제36보병사단"",""계약구분"":""물품"",""계약방법"":""제한경쟁"",""입찰방식"":""총액제"",""계약금액_원"":""64562940"",""계약금액_억원"":""0.6456294"",""계약금액_조원"":""6.456294e-05"",""예정금액_원"":""73309404"",""예정금액_억원"":""0.73309404"",""예정금액_조원"":""7.3309404e-05"",""낙찰률"":""88.069"",""낙찰률_구간"":""80~90%"",""낙찰률_결측여부"":""False"",""낙찰률_100초과여부"":""False"",""계약금액_0원여부"":""False"",""계약상태"":""계약완료"",""계약번호"":""2025LGQ0056"",""결정번호"":""37418"",""계약일_원본"":""20251010"",""계약금액_원본"":""64562940"",""계약예정금액_원본"":""73309404"",""원본중복건수"":""1"",""원본중복행여부"":""False"",""드론_검색발견필드"":""계약명""}"
d6d1ce00ef08ce57eef9b696,2025LCG0233,2025-10-13,25-육-226 민관군 드론봇협력체계 구축 전략 연구,중원대학교 산학협력단,육군본부,17662531,20037125,계약완료,TITLE_MATCH,계약명,1,22715,"{""원본행번호"":""22715"",""계약일"":""2025-10-13"",""계약연도"":""2025"",""계약월"":""10"",""계약분기"":""Q4"",""연월"":""2025-10"",""계약명"":""25-육-226 민관군 드론봇협력체계 구축 전략 연구"",""계약업체"":""중원대학교 산학협력단"",""계약기관"":""육군본부"",""계약구분"":""용역"",""계약방법"":""2단계경쟁(동시)"",""입찰방식"":""총액제"",""계약금액_원"":""17662531"",""계약금액_억원"":""0.17662531"",""계약금액_조원"":""1.7662531e-05"",""예정금액_원"":""20037125"",""예정금액_억원"":""0.20037125"",""예정금액_조원"":""2.0037125e-05"",""낙찰률"":""88.149"",""낙찰률_구간"":""80~90%"",""낙찰률_결측여부"":""False"",""낙찰률_100초과여부"":""False"",""계약금액_0원여부"":""False"",""계약상태"":""계약완료"",""계약번호"":""2025LCG0233"",""결정번호"":""33710"",""계약일_원본"":""20251013"",""계약금액_원본"":""17662531"",""계약예정금액_원본"":""20037125"",""원본중복건수"":""1"",""원본중복행여부"":""False"",""드론_검색발견필드"":""계약명""}"
d489b0a41290128df8c6c1b8,2025LCM0071,2025-10-14,'25년 초소형 정찰드론 업체정비 용역,주식회사 숨비,육군교육사령부,35600000,35651000,계약완료,TITLE_MATCH,계약명,1,22831,"{""원본행번호"":""22831"",""계약일"":""2025-10-14"",""계약연도"":""2025"",""계약월"":""10"",""계약분기"":""Q4"",""연월"":""2025-10"",""계약명"":""'25년 초소형 정찰드론 업체정비 용역"",""계약업체"":""주식회사 숨비"",""계약기관"":""육군교육사령부"",""계약구분"":""용역"",""계약방법"":""수의계약"",""입찰방식"":""총액제"",""계약금액_원"":""35600000"",""계약금액_억원"":""0.356"",""계약금액_조원"":""3.56e-05"",""예정금액_원"":""35651000"",""예정금액_억원"":""0.35651"",""예정금액_조원"":""3.5651e-05"",""낙찰률"":""99.8569"",""낙찰률_구간"":""90~100%"",""낙찰률_결측여부"":""False"",""낙찰률_100초과여부"":""False"",""계약금액_0원여부"":""False"",""계약상태"":""계약완료"",""계약번호"":""2025LCM0071"",""결정번호"":""40406"",""계약일_원본"":""20251014"",""계약금액_원본"":""35600000"",""계약예정금액_원본"":""35651000"",""원본중복건수"":""1"",""원본중복행여부"":""False"",""드론_검색발견필드"":""계약명""}"
15cd01c88ba37acfeb78eea6,2025LCM0072,2025-10-14,'25년 AI 드론봇 전투발전 콘퍼런스 진행 용역,에코마이스 주식회사,육군교육사령부,33320000,33997017,계약완료,TITLE_MATCH,계약명,1,22832,"{""원본행번호"":""22832"",""계약일"":""2025-10-14"",""계약연도"":""2025"",""계약월"":""10"",""계약분기"":""Q4"",""연월"":""2025-10"",""계약명"":""'25년 AI 드론봇 전투발전 콘퍼런스 진행 용역"",""계약업체"":""에코마이스 주식회사"",""계약기관"":""육군교육사령부"",""계약구분"":""용역"",""계약방법"":""수의계약"",""입찰방식"":""총액제"",""계약금액_원"":""33320000"",""계약금액_억원"":""0.3332"",""계약금액_조원"":""3.332e-05"",""예정금액_원"":""33997017"",""예정금액_억원"":""0.33997017"",""예정금액_조원"":""3.3997017e-05"",""낙찰률"":""98.0086"",""낙찰률_구간"":""90~100%"",""낙찰률_결측여부"":""False"",""낙찰률_100초과여부"":""False"",""계약금액_0원여부"":""False"",""계약상태"":""계약완료"",""계약번호"":""2025LCM0072"",""결정번호"":""41018"",""계약일_원본"":""20251014"",""계약금액_원본"":""33320000"",""계약예정금액_원본"":""33997017"",""원본중복건수"":""1"",""원본중복행여부"":""False"",""드론_검색발견필드"":""계약명""}"
dab07899117e397fff06a960,2025LCM0070,2025-10-14,'25년 초소형 정찰드론 소모성 부품 구매,주식회사 숨비,육군교육사령부,17360200,17360200,계약완료,TITLE_MATCH,계약명,1,22830,"{""원본행번호"":""22830"",""계약일"":""2025-10-14"",""계약연도"":""2025"",""계약월"":""10"",""계약분기"":""Q4"",""연월"":""2025-10"",""계약명"":""'25년 초소형 정찰드론 소모성 부품 구매"",""계약업체"":""주식회사 숨비"",""계약기관"":""육군교육사령부"",""계약구분"":""용역"",""계약방법"":""수의계약"",""입찰방식"":""총액제"",""계약금액_원"":""17360200"",""계약금액_억원"":""0.173602"",""계약금액_조원"":""1.73602e-05"",""예정금액_원"":""17360200"",""예정금액_억원"":""0.173602"",""예정금액_조원"":""1.73602e-05"",""낙찰률"":""100.0"",""낙찰률_구간"":""100% 초과"",""낙찰률_결측여부"":""False"",""낙찰률_100초과여부"":""False"",""계약금액_0원여부"":""False"",""계약상태"":""계약완료"",""계약번호"":""2025LCM0070"",""결정번호"":""40404"",""계약일_원본"":""20251014"",""계약금액_원본"":""17360200"",""계약예정금액_원본"":""17360200"",""원본중복건수"":""1"",""원본중복행여부"":""False"",""드론_검색발견필드"":""계약명""}"
631847cefc3f9dee8e5ee8e4,2025LFH0058,2025-10-14,2차 드론 실습재료비 구매,신메디칼,육군부사관학교,13487003,15325640,계약완료,TITLE_MATCH,계약명,1,22839,"{""원본행번호"":""22839"",""계약일"":""2025-10-14"",""계약연도"":""2025"",""계약월"":""10"",""계약분기"":""Q4"",""연월"":""2025-10"",""계약명"":""2차 드론 실습재료비 구매"",""계약업체"":""신메디칼"",""계약기관"":""육군부사관학교"",""계약구분"":""물품"",""계약방법"":""수의계약"",""입찰방식"":""총액제"",""계약금액_원"":""13487003"",""계약금액_억원"":""0.13487003"",""계약금액_조원"":""1.3487003e-05"",""예정금액_원"":""15325640"",""예정금액_억원"":""0.1532564"",""예정금액_조원"":""1.532564e-05"",""낙찰률"":""88.002"",""낙찰률_구간"":""80~90%"",""낙찰률_결측여부"":""False"",""낙찰률_100초과여부"":""False"",""계약금액_0원여부"":""False"",""계약상태"":""계약완료"",""계약번호"":""2025LFH0058"",""결정번호"":""37241"",""계약일_원본"":""20251014"",""계약금액_원본"":""13487003"",""계약예정금액_원본"":""15325640"",""원본중복건수"":""1"",""원본중복행여부"":""False"",""드론_검색발견필드"":""계약명""}"
881bd62ac207b4022f5096cd,2025LKG0258,2025-10-14,18해감대대 드론 배터리조립체 구매,유콘시스템 주식회사,육군제53보병사단,8300000,8500000,계약완료,TITLE_MATCH,계약명,1,22857,"{""원본행번호"":""22857"",""계약일"":""2025-10-14"",""계약연도"":""2025"",""계약월"":""10"",""계약분기"":""Q4"",""연월"":""2025-10"",""계약명"":""18해감대대 드론 배터리조립체 구매"",""계약업체"":""유콘시스템 주식회사"",""계약기관"":""육군제53보병사단"",""계약구분"":""물품"",""계약방법"":""수의계약"",""입찰방식"":""총액제"",""계약금액_원"":""8300000"",""계약금액_억원"":""0.083"",""계약금액_조원"":""8.3e-06"",""예정금액_원"":""8500000"",""예정금액_억원"":""0.085"",""예정금액_조원"":""8.5e-06"",""낙찰률"":""97.65"",""낙찰률_구간"":""90~100%"",""낙찰률_결측여부"":""False"",""낙찰률_100초과여부"":""False"",""계약금액_0원여부"":""False"",""계약상태"":""계약완료"",""계약번호"":""2025LKG0258"",""결정번호"":""33564"",""계약일_원본"":""20251014"",""계약금액_원본"":""8300000"",""계약예정금액_원본"":""8500000"",""원본중복건수"":""1"",""원본중복행여부"":""False"",""드론_검색발견필드"":""계약명""}"
0093c0f009d22141fc6da5d8,2025LCM0073,2025-10-15,'25년 소형 2형 정찰드론 소모성 부품 구매,(주)네스앤텍,육군교육사령부,39755700,39805700,계약완료,TITLE_MATCH,계약명,1,22918,"{""원본행번호"":""22918"",""계약일"":""2025-10-15"",""계약연도"":""2025"",""계약월"":""10"",""계약분기"":""Q4"",""연월"":""2025-10"",""계약명"":""'25년 소형 2형 정찰드론 소모성 부품 구매"",""계약업체"":""(주)네스앤텍"",""계약기관"":""육군교육사령부"",""계약구분"":""물품"",""계약방법"":""수의계약"",""입찰방식"":""총액제"",""계약금액_원"":""39755700"",""계약금액_억원"":""0.397557"",""계약금액_조원"":""3.97557e-05"",""예정금액_원"":""39805700"",""예정금액_억원"":""0.398057"",""예정금액_조원"":""3.98057e-05"",""낙찰률"":""99.87"",""낙찰률_구간"":""90~100%"",""낙찰률_결측여부"":""False"",""낙찰률_100초과여부"":""False"",""계약금액_0원여부"":""False"",""계약상태"":""계약완료"",""계약번호"":""2025LCM0073"",""결정번호"":""41359"",""계약일_원본"":""20251015"",""계약금액_원본"":""39755700"",""계약예정금액_원본"":""39805700"",""원본중복건수"":""1"",""원본중복행여부"":""False"",""드론_검색발견필드"":""계약명""}"
2d9c50e2f55dda033e80ddb4,2025LCM0074,2025-10-15,'25년 소형 2형 정찰드론 정비 용역,(주)네스앤텍,육군교육사령부,19225000,19275000,계약완료,TITLE_MATCH,계약명,1,22919,"{""원본행번호"":""22919"",""계약일"":""2025-10-15"",""계약연도"":""2025"",""계약월"":""10"",""계약분기"":""Q4"",""연월"":""2025-10"",""계약명"":""'25년 소형 2형 정찰드론 정비 용역"",""계약업체"":""(주)네스앤텍"",""계약기관"":""육군교육사령부"",""계약구분"":""용역"",""계약방법"":""수의계약"",""입찰방식"":""총액제"",""계약금액_원"":""19225000"",""계약금액_억원"":""0.19225"",""계약금액_조원"":""1.9225e-05"",""예정금액_원"":""19275000"",""예정금액_억원"":""0.19275"",""예정금액_조원"":""1.9275e-05"",""낙찰률"":""99.74"",""낙찰률_구간"":""90~100%"",""낙찰률_결측여부"":""False"",""낙찰률_100초과여부"":""False"",""계약금액_0원여부"":""False"",""계약상태"":""계약완료"",""계약번호"":""2025LCM0074"",""결정번호"":""41358"",""계약일_원본"":""20251015"",""계약금액_원본"":""19225000"",""계약예정금액_원본"":""19275000"",""원본중복건수"":""1"",""원본중복행여부"":""False"",""드론_검색발견필드"":""계약명""}"
db8c90913a5f1f962ac368cd,2025LGQ0061,2025-10-17,00부대 전투실험용 군집드론 시범운용(임차),주식회사 프리뉴,제36보병사단,69500000,77784200,계약완료,TITLE_MATCH,계약명,1,23116,"{""원본행번호"":""23116"",""계약일"":""2025-10-17"",""계약연도"":""2025"",""계약월"":""10"",""계약분기"":""Q4"",""연월"":""2025-10"",""계약명"":""00부대 전투실험용 군집드론 시범운용(임차)"",""계약업체"":""주식회사 프리뉴"",""계약기관"":""제36보병사단"",""계약구분"":""용역"",""계약방법"":""협상에의한계약(전자)"",""입찰방식"":""총액제"",""계약금액_원"":""69500000"",""계약금액_억원"":""0.695"",""계약금액_조원"":""6.95e-05"",""예정금액_원"":""77784200"",""예정금액_억원"":""0.777842"",""예정금액_조원"":""7.77842e-05"",""낙찰률"":""73.8407"",""낙찰률_구간"":""80% 미만"",""낙찰률_결측여부"":""False"",""낙찰률_100초과여부"":""False"",""계약금액_0원여부"":""False"",""계약상태"":""계약완료"",""계약번호"":""2025LGQ0061"",""결정번호"":""34347"",""계약일_원본"":""20251017"",""계약금액_원본"":""69500000"",""계약예정금액_원본"":""77784200"",""원본중복건수"":""1"",""원본중복행여부"":""False"",""드론_검색발견필드"":""계약명""}"
6a337f3ce625dc9f629483b6,2025LNG0156,2025-10-17,드론봇페스티벌 행사기념 모자 구매,(주)캡보이트레이딩,육군 제1군단,8400000,8400000,계약완료,TITLE_MATCH,계약명,1,23143,"{""원본행번호"":""23143"",""계약일"":""2025-10-17"",""계약연도"":""2025"",""계약월"":""10"",""계약분기"":""Q4"",""연월"":""2025-10"",""계약명"":""드론봇페스티벌 행사기념 모자 구매"",""계약업체"":""(주)캡보이트레이딩"",""계약기관"":""육군 제1군단"",""계약구분"":""물품"",""계약방법"":""수의계약"",""입찰방식"":""총액제"",""계약금액_원"":""8400000"",""계약금액_억원"":""0.084"",""계약금액_조원"":""8.4e-06"",""예정금액_원"":""8400000"",""예정금액_억원"":""0.084"",""예정금액_조원"":""8.4e-06"",""낙찰률"":""100.0"",""낙찰률_구간"":""100% 초과"",""낙찰률_결측여부"":""False"",""낙찰률_100초과여부"":""False"",""계약금액_0원여부"":""False"",""계약상태"":""계약완료"",""계약번호"":""2025LNG0156"",""결정번호"":""41773"",""계약일_원본"":""20251017"",""계약금액_원본"":""8400000"",""계약예정금액_원본"":""8400000"",""원본중복건수"":""1"",""원본중복행여부"":""False"",""드론_검색발견필드"":""계약명""}"
0fa395c8f5cc202caa8a0ad7,2025LCM0072,2025-10-20,'25년 AI 드론봇 전투발전 콘퍼런스 진행 용역,에코마이스 주식회사,육군교육사령부,48178000,33997017,계약완료,TITLE_MATCH,계약명,1,23217,"{""원본행번호"":""23217"",""계약일"":""2025-10-20"",""계약연도"":""2025"",""계약월"":""10"",""계약분기"":""Q4"",""연월"":""2025-10"",""계약명"":""'25년 AI 드론봇 전투발전 콘퍼런스 진행 용역"",""계약업체"":""에코마이스 주식회사"",""계약기관"":""육군교육사령부"",""계약구분"":""용역"",""계약방법"":""수의계약"",""입찰방식"":""총액제"",""계약금액_원"":""48178000"",""계약금액_억원"":""0.48178"",""계약금액_조원"":""4.8178e-05"",""예정금액_원"":""33997017"",""예정금액_억원"":""0.33997017"",""예정금액_조원"":""3.3997017e-05"",""낙찰률"":""98.0086"",""낙찰률_구간"":""90~100%"",""낙찰률_결측여부"":""False"",""낙찰률_100초과여부"":""False"",""계약금액_0원여부"":""False"",""계약상태"":""계약완료"",""계약번호"":""2025LCM0072"",""결정번호"":""41018"",""계약일_원본"":""20251020"",""계약금액_원본"":""48178000"",""계약예정금액_원본"":""33997017"",""원본중복건수"":""1"",""원본중복행여부"":""False"",""드론_검색발견필드"":""계약명""}"
409de35a64680d6e6d21b41f,2025LCM0072,2025-10-23,'25년 AI 드론봇 전투발전 콘퍼런스 진행 용역,에코마이스 주식회사,육군교육사령부,47400000,33997017,계약완료,TITLE_MATCH,계약명,1,23601,"{""원본행번호"":""23601"",""계약일"":""2025-10-23"",""계약연도"":""2025"",""계약월"":""10"",""계약분기"":""Q4"",""연월"":""2025-10"",""계약명"":""'25년 AI 드론봇 전투발전 콘퍼런스 진행 용역"",""계약업체"":""에코마이스 주식회사"",""계약기관"":""육군교육사령부"",""계약구분"":""용역"",""계약방법"":""수의계약"",""입찰방식"":""총액제"",""계약금액_원"":""47400000"",""계약금액_억원"":""0.474"",""계약금액_조원"":""4.74e-05"",""예정금액_원"":""33997017"",""예정금액_억원"":""0.33997017"",""예정금액_조원"":""3.3997017e-05"",""낙찰률"":""98.0086"",""낙찰률_구간"":""90~100%"",""낙찰률_결측여부"":""False"",""낙찰률_100초과여부"":""False"",""계약금액_0원여부"":""False"",""계약상태"":""계약완료"",""계약번호"":""2025LCM0072"",""결정번호"":""41018"",""계약일_원본"":""20251023"",""계약금액_원본"":""47400000"",""계약예정금액_원본"":""33997017"",""원본중복건수"":""1"",""원본중복행여부"":""False"",""드론_검색발견필드"":""계약명""}"
a2488d316943905826f6f71c,2025LGF0036,2025-10-24,개발단25-9차드론부수기재(초소형드론기체구성품14종),수성알씨(수성RC),육군정보학교,20000000,20843321,계약완료,TITLE_MATCH,계약명,1,23767,"{""원본행번호"":""23767"",""계약일"":""2025-10-24"",""계약연도"":""2025"",""계약월"":""10"",""계약분기"":""Q4"",""연월"":""2025-10"",""계약명"":""개발단25-9차드론부수기재(초소형드론기체구성품14종)"",""계약업체"":""수성알씨(수성RC)"",""계약기관"":""육군정보학교"",""계약구분"":""물품"",""계약방법"":""수의계약"",""입찰방식"":""총액제"",""계약금액_원"":""20000000"",""계약금액_억원"":""0.2"",""계약금액_조원"":""2e-05"",""예정금액_원"":""20843321"",""예정금액_억원"":""0.20843321"",""예정금액_조원"":""2.0843321e-05"",""낙찰률"":""95.954"",""낙찰률_구간"":""90~100%"",""낙찰률_결측여부"":""False"",""낙찰률_100초과여부"":""False"",""계약금액_0원여부"":""False"",""계약상태"":""계약완료"",""계약번호"":""2025LGF0036"",""결정번호"":""42590"",""계약일_원본"":""20251024"",""계약금액_원본"":""20000000"",""계약예정금액_원본"":""20843321"",""원본중복건수"":""1"",""원본중복행여부"":""False"",""드론_검색발견필드"":""계약명""}"
3bd2c5f8b4ee5a34d6b5193c,2025LGF0037,2025-10-24,개발단25-10차드론부수기재(초소형 기체구성품13종),드론알씨랜드,육군정보학교,19300000,19758414,계약완료,TITLE_MATCH,"계약명, 계약업체",1,23768,"{""원본행번호"":""23768"",""계약일"":""2025-10-24"",""계약연도"":""2025"",""계약월"":""10"",""계약분기"":""Q4"",""연월"":""2025-10"",""계약명"":""개발단25-10차드론부수기재(초소형 기체구성품13종)"",""계약업체"":""드론알씨랜드"",""계약기관"":""육군정보학교"",""계약구분"":""물품"",""계약방법"":""수의계약"",""입찰방식"":""총액제"",""계약금액_원"":""19300000"",""계약금액_억원"":""0.193"",""계약금액_조원"":""1.93e-05"",""예정금액_원"":""19758414"",""예정금액_억원"":""0.19758414"",""예정금액_조원"":""1.9758414e-05"",""낙찰률"":""97.6799"",""낙찰률_구간"":""90~100%"",""낙찰률_결측여부"":""False"",""낙찰률_100초과여부"":""False"",""계약금액_0원여부"":""False"",""계약상태"":""계약완료"",""계약번호"":""2025LGF0037"",""결정번호"":""42653"",""계약일_원본"":""20251024"",""계약금액_원본"":""19300000"",""계약예정금액_원본"":""19758414"",""원본중복건수"":""1"",""원본중복행여부"":""False"",""드론_검색발견필드"":""계약명, 계약업체""}"
103a191c85b2735bfe02b8d0,2025LCM0077,2025-10-24,'25년 통신중계드론 소모성 부품 구매,(주)휴인스,육군교육사령부,17200000,17280000,계약완료,TITLE_MATCH,계약명,1,23752,"{""원본행번호"":""23752"",""계약일"":""2025-10-24"",""계약연도"":""2025"",""계약월"":""10"",""계약분기"":""Q4"",""연월"":""2025-10"",""계약명"":""'25년 통신중계드론 소모성 부품 구매"",""계약업체"":""(주)휴인스"",""계약기관"":""육군교육사령부"",""계약구분"":""물품"",""계약방법"":""수의계약"",""입찰방식"":""총액제"",""계약금액_원"":""17200000"",""계약금액_억원"":""0.172"",""계약금액_조원"":""1.72e-05"",""예정금액_원"":""17280000"",""예정금액_억원"":""0.1728"",""예정금액_조원"":""1.728e-05"",""낙찰률"":""99.54"",""낙찰률_구간"":""90~100%"",""낙찰률_결측여부"":""False"",""낙찰률_100초과여부"":""False"",""계약금액_0원여부"":""False"",""계약상태"":""계약완료"",""계약번호"":""2025LCM0077"",""결정번호"":""42088"",""계약일_원본"":""20251024"",""계약금액_원본"":""17200000"",""계약예정금액_원본"":""17280000"",""원본중복건수"":""1"",""원본중복행여부"":""False"",""드론_검색발견필드"":""계약명""}"
424e822cc0259679cb93a4a3,2025LGF0038,2025-10-24,개발단25-11차드론부수기재(드론배터리3종),알씨파워,육군정보학교,12600000,13091442,계약완료,TITLE_MATCH,계약명,1,23769,"{""원본행번호"":""23769"",""계약일"":""2025-10-24"",""계약연도"":""2025"",""계약월"":""10"",""계약분기"":""Q4"",""연월"":""2025-10"",""계약명"":""개발단25-11차드론부수기재(드론배터리3종)"",""계약업체"":""알씨파워"",""계약기관"":""육군정보학교"",""계약구분"":""물품"",""계약방법"":""수의계약"",""입찰방식"":""총액제"",""계약금액_원"":""12600000"",""계약금액_억원"":""0.126"",""계약금액_조원"":""1.26e-05"",""예정금액_원"":""13091442"",""예정금액_억원"":""0.13091442"",""예정금액_조원"":""1.3091442e-05"",""낙찰률"":""96.2461"",""낙찰률_구간"":""90~100%"",""낙찰률_결측여부"":""False"",""낙찰률_100초과여부"":""False"",""계약금액_0원여부"":""False"",""계약상태"":""계약완료"",""계약번호"":""2025LGF0038"",""결정번호"":""42668"",""계약일_원본"":""20251024"",""계약금액_원본"":""12600000"",""계약예정금액_원본"":""13091442"",""원본중복건수"":""1"",""원본중복행여부"":""False"",""드론_검색발견필드"":""계약명""}"
834755d31c2954ad60b1b225,2025LAZ0030,2025-10-24,실내공기질 측정 대행 용역,주식회사 블루스쿼드,드론작전사령부,2640000,2665040,계약완료,CONTEXT_REVIEW,계약기관,1,23737,"{""원본행번호"":""23737"",""계약일"":""2025-10-24"",""계약연도"":""2025"",""계약월"":""10"",""계약분기"":""Q4"",""연월"":""2025-10"",""계약명"":""실내공기질 측정 대행 용역"",""계약업체"":""주식회사 블루스쿼드"",""계약기관"":""드론작전사령부"",""계약구분"":""용역"",""계약방법"":""수의계약"",""입찰방식"":""총액제"",""계약금액_원"":""2640000"",""계약금액_억원"":""0.0264"",""계약금액_조원"":""2.64e-06"",""예정금액_원"":""2665040"",""예정금액_억원"":""0.0266504"",""예정금액_조원"":""2.66504e-06"",""낙찰률"":""99.0604"",""낙찰률_구간"":""90~100%"",""낙찰률_결측여부"":""False"",""낙찰률_100초과여부"":""False"",""계약금액_0원여부"":""False"",""계약상태"":""계약완료"",""계약번호"":""2025LAZ0030"",""결정번호"":""42060"",""계약일_원본"":""20251024"",""계약금액_원본"":""2640000"",""계약예정금액_원본"":""2665040"",""원본중복건수"":""1"",""원본중복행여부"":""False"",""드론_검색발견필드"":""계약기관""}"
7c7174fdd1e46951f455aae8,2025LAZ0032,2025-10-27,'25-3차 전산운영용품 구매,서현산업,드론작전사령부,20790000,21785296,계약완료,CONTEXT_REVIEW,계약기관,1,23884,"{""원본행번호"":""23884"",""계약일"":""2025-10-27"",""계약연도"":""2025"",""계약월"":""10"",""계약분기"":""Q4"",""연월"":""2025-10"",""계약명"":""'25-3차 전산운영용품 구매"",""계약업체"":""서현산업"",""계약기관"":""드론작전사령부"",""계약구분"":""물품"",""계약방법"":""수의계약"",""입찰방식"":""총액제"",""계약금액_원"":""20790000"",""계약금액_억원"":""0.2079"",""계약금액_조원"":""2.079e-05"",""예정금액_원"":""21785296"",""예정금액_억원"":""0.21785296"",""예정금액_조원"":""2.1785296e-05"",""낙찰률"":""95.4313"",""낙찰률_구간"":""90~100%"",""낙찰률_결측여부"":""False"",""낙찰률_100초과여부"":""False"",""계약금액_0원여부"":""False"",""계약상태"":""계약완료"",""계약번호"":""2025LAZ0032"",""결정번호"":""41997"",""계약일_원본"":""20251027"",""계약금액_원본"":""20790000"",""계약예정금액_원본"":""21785296"",""원본중복건수"":""1"",""원본중복행여부"":""False"",""드론_검색발견필드"":""계약기관""}"
2a3bc5095c90c9db6a9c7f08,2025LHG0109,2025-10-27,소총조준사격드론 배터리구매 1차,주식회사 유맥에어,제1862부대,12900000,12936000,계약완료,TITLE_MATCH,계약명,1,23920,"{""원본행번호"":""23920"",""계약일"":""2025-10-27"",""계약연도"":""2025"",""계약월"":""10"",""계약분기"":""Q4"",""연월"":""2025-10"",""계약명"":""소총조준사격드론 배터리구매 1차"",""계약업체"":""주식회사 유맥에어"",""계약기관"":""제1862부대"",""계약구분"":""물품"",""계약방법"":""수의계약"",""입찰방식"":""총액제"",""계약금액_원"":""12900000"",""계약금액_억원"":""0.129"",""계약금액_조원"":""1.29e-05"",""예정금액_원"":""12936000"",""예정금액_억원"":""0.12936"",""예정금액_조원"":""1.2936e-05"",""낙찰률"":""99.7217"",""낙찰률_구간"":""90~100%"",""낙찰률_결측여부"":""False"",""낙찰률_100초과여부"":""False"",""계약금액_0원여부"":""False"",""계약상태"":""계약완료"",""계약번호"":""2025LHG0109"",""결정번호"":""43279"",""계약일_원본"":""20251027"",""계약금액_원본"":""12900000"",""계약예정금액_원본"":""12936000"",""원본중복건수"":""1"",""원본중복행여부"":""False"",""드론_검색발견필드"":""계약명""}"
5a1450dd53ced154ee273751,2025LAZ0031,2025-10-27,'25-5차 교육훈련장비 구매,캣츠,드론작전사령부,11597000,11597055,계약완료,CONTEXT_REVIEW,계약기관,1,23883,"{""원본행번호"":""23883"",""계약일"":""2025-10-27"",""계약연도"":""2025"",""계약월"":""10"",""계약분기"":""Q4"",""연월"":""2025-10"",""계약명"":""'25-5차 교육훈련장비 구매"",""계약업체"":""캣츠"",""계약기관"":""드론작전사령부"",""계약구분"":""물품"",""계약방법"":""수의계약"",""입찰방식"":""총액제"",""계약금액_원"":""11597000"",""계약금액_억원"":""0.11597"",""계약금액_조원"":""1.1597e-05"",""예정금액_원"":""11597055"",""예정금액_억원"":""0.11597055"",""예정금액_조원"":""1.1597055e-05"",""낙찰률"":""99.9995"",""낙찰률_구간"":""90~100%"",""낙찰률_결측여부"":""False"",""낙찰률_100초과여부"":""False"",""계약금액_0원여부"":""False"",""계약상태"":""계약완료"",""계약번호"":""2025LAZ0031"",""결정번호"":""42217"",""계약일_원본"":""20251027"",""계약금액_원본"":""11597000"",""계약예정금액_원본"":""11597055"",""원본중복건수"":""1"",""원본중복행여부"":""False"",""드론_검색발견필드"":""계약기관""}"
445c19f7368cd1dd13e66687,2025LHG0108,2025-10-27,소총조준사격드론 수리부속구매,주식회사 유맥에어,제1862부대,6680000,6688000,계약완료,TITLE_MATCH,계약명,1,23919,"{""원본행번호"":""23919"",""계약일"":""2025-10-27"",""계약연도"":""2025"",""계약월"":""10"",""계약분기"":""Q4"",""연월"":""2025-10"",""계약명"":""소총조준사격드론 수리부속구매"",""계약업체"":""주식회사 유맥에어"",""계약기관"":""제1862부대"",""계약구분"":""물품"",""계약방법"":""수의계약"",""입찰방식"":""총액제"",""계약금액_원"":""6680000"",""계약금액_억원"":""0.0668"",""계약금액_조원"":""6.68e-06"",""예정금액_원"":""6688000"",""예정금액_억원"":""0.06688"",""예정금액_조원"":""6.688e-06"",""낙찰률"":""99.8804"",""낙찰률_구간"":""90~100%"",""낙찰률_결측여부"":""False"",""낙찰률_100초과여부"":""False"",""계약금액_0원여부"":""False"",""계약상태"":""계약완료"",""계약번호"":""2025LHG0108"",""결정번호"":""43278"",""계약일_원본"":""20251027"",""계약금액_원본"":""6680000"",""계약예정금액_원본"":""6688000"",""원본중복건수"":""1"",""원본중복행여부"":""False"",""드론_검색발견필드"":""계약명""}"
a567b7df7e6153fd7c2ff6e7,2025LHG0107,2025-10-27,소총조준사격드론 수리용역 2차,주식회사 유맥에어,제1862부대,900000,902000,계약완료,TITLE_MATCH,계약명,1,23918,"{""원본행번호"":""23918"",""계약일"":""2025-10-27"",""계약연도"":""2025"",""계약월"":""10"",""계약분기"":""Q4"",""연월"":""2025-10"",""계약명"":""소총조준사격드론 수리용역 2차"",""계약업체"":""주식회사 유맥에어"",""계약기관"":""제1862부대"",""계약구분"":""물품"",""계약방법"":""수의계약"",""입찰방식"":""총액제"",""계약금액_원"":""900000"",""계약금액_억원"":""0.009"",""계약금액_조원"":""9e-07"",""예정금액_원"":""902000"",""예정금액_억원"":""0.00902"",""예정금액_조원"":""9.02e-07"",""낙찰률"":""99.7783"",""낙찰률_구간"":""90~100%"",""낙찰률_결측여부"":""False"",""낙찰률_100초과여부"":""False"",""계약금액_0원여부"":""False"",""계약상태"":""계약완료"",""계약번호"":""2025LHG0107"",""결정번호"":""43276"",""계약일_원본"":""20251027"",""계약금액_원본"":""900000"",""계약예정금액_원본"":""902000"",""원본중복건수"":""1"",""원본중복행여부"":""False"",""드론_검색발견필드"":""계약명""}"
189a0a729be8f6a1a63adb49,2025UMM1000,2025-10-29,다목적 모듈 복합드론,태경전자(주),국군재정관리단,126820000,129070350,계약완료,TITLE_MATCH,계약명,1,24253,"{""원본행번호"":""24253"",""계약일"":""2025-10-29"",""계약연도"":""2025"",""계약월"":""10"",""계약분기"":""Q4"",""연월"":""2025-10"",""계약명"":""다목적 모듈 복합드론"",""계약업체"":""태경전자(주)"",""계약기관"":""국군재정관리단"",""계약구분"":""물품"",""계약방법"":""2단계경쟁(동시)"",""입찰방식"":""총액제"",""계약금액_원"":""126820000"",""계약금액_억원"":""1.2682"",""계약금액_조원"":""0.00012682"",""예정금액_원"":""129070350"",""예정금액_억원"":""1.2907035"",""예정금액_조원"":""0.00012907035"",""낙찰률"":""98.26"",""낙찰률_구간"":""90~100%"",""낙찰률_결측여부"":""False"",""낙찰률_100초과여부"":""False"",""계약금액_0원여부"":""False"",""계약상태"":""계약완료"",""계약번호"":""2025UMM1000"",""결정번호"":""38299"",""계약일_원본"":""20251029"",""계약금액_원본"":""126820000"",""계약예정금액_원본"":""129070350"",""원본중복건수"":""1"",""원본중복행여부"":""False"",""드론_검색발견필드"":""계약명""}"
74c25a488705856236b3a57b,2025LAZ0034,2025-10-29,교리교범연구 도서구매 계약의뢰,주식회사 교보문고,드론작전사령부,1245450,1245450,계약완료,CONTEXT_REVIEW,계약기관,2,24144,"{""원본행번호"":""24144"",""계약일"":""2025-10-29"",""계약연도"":""2025"",""계약월"":""10"",""계약분기"":""Q4"",""연월"":""2025-10"",""계약명"":""교리교범연구 도서구매 계약의뢰"",""계약업체"":""주식회사 교보문고"",""계약기관"":""드론작전사령부"",""계약구분"":""물품"",""계약방법"":""수의계약"",""입찰방식"":""총액제"",""계약금액_원"":""1245450"",""계약금액_억원"":""0.0124545"",""계약금액_조원"":""1.24545e-06"",""예정금액_원"":""1245450"",""예정금액_억원"":""0.0124545"",""예정금액_조원"":""1.24545e-06"",""낙찰률"":""100.0"",""낙찰률_구간"":""100% 초과"",""낙찰률_결측여부"":""False"",""낙찰률_100초과여부"":""False"",""계약금액_0원여부"":""False"",""계약상태"":""계약완료"",""계약번호"":""2025LAZ0034"",""결정번호"":""44088"",""계약일_원본"":""20251029"",""계약금액_원본"":""1245450"",""계약예정금액_원본"":""1245450"",""원본중복건수"":""2"",""원본중복행여부"":""True"",""드론_검색발견필드"":""계약기관""}"
c1bfe13ca6d4063b402f0897,2025LQG0109,2025-11-03,(육성) 00부대 드론 재밍건 제조 납품,주식회사 코렉스,육군 52보병사단,97954160,111158440,계약완료,TITLE_MATCH,계약명,1,24690,"{""원본행번호"":""24690"",""계약일"":""2025-11-03"",""계약연도"":""2025"",""계약월"":""11"",""계약분기"":""Q4"",""연월"":""2025-11"",""계약명"":""(육성) 00부대 드론 재밍건 제조 납품"",""계약업체"":""주식회사 코렉스"",""계약기관"":""육군 52보병사단"",""계약구분"":""물품"",""계약방법"":""제한경쟁"",""입찰방식"":""총액제"",""계약금액_원"":""97954160"",""계약금액_억원"":""0.9795416"",""계약금액_조원"":""9.795416e-05"",""예정금액_원"":""111158440"",""예정금액_억원"":""1.1115844"",""예정금액_조원"":""0.00011115844"",""낙찰률"":""88.121"",""낙찰률_구간"":""80~90%"",""낙찰률_결측여부"":""False"",""낙찰률_100초과여부"":""False"",""계약금액_0원여부"":""False"",""계약상태"":""계약완료"",""계약번호"":""2025LQG0109"",""결정번호"":""40651"",""계약일_원본"":""20251103"",""계약금액_원본"":""97954160"",""계약예정금액_원본"":""111158440"",""원본중복건수"":""1"",""원본중복행여부"":""False"",""드론_검색발견필드"":""계약명""}"
6e0e613fb4e84c006ed9aafa,2025LAZ0033,2025-11-03,25-4차 드론 조종교관 실무위탁교육 용역,캣츠,드론작전사령부,6000000,6111473,계약완료,TITLE_MATCH,"계약명, 계약기관",1,24630,"{""원본행번호"":""24630"",""계약일"":""2025-11-03"",""계약연도"":""2025"",""계약월"":""11"",""계약분기"":""Q4"",""연월"":""2025-11"",""계약명"":""25-4차 드론 조종교관 실무위탁교육 용역"",""계약업체"":""캣츠"",""계약기관"":""드론작전사령부"",""계약구분"":""용역"",""계약방법"":""수의계약"",""입찰방식"":""총액제"",""계약금액_원"":""6000000"",""계약금액_억원"":""0.06"",""계약금액_조원"":""6e-06"",""예정금액_원"":""6111473"",""예정금액_억원"":""0.06111473"",""예정금액_조원"":""6.111473e-06"",""낙찰률"":""98.176"",""낙찰률_구간"":""90~100%"",""낙찰률_결측여부"":""False"",""낙찰률_100초과여부"":""False"",""계약금액_0원여부"":""False"",""계약상태"":""계약완료"",""계약번호"":""2025LAZ0033"",""결정번호"":""42871"",""계약일_원본"":""20251103"",""계약금액_원본"":""6000000"",""계약예정금액_원본"":""6111473"",""원본중복건수"":""1"",""원본중복행여부"":""False"",""드론_검색발견필드"":""계약명, 계약기관""}"
4bc2a79f9373ac8115b27ac0,2025LPC0122,2025-11-04,소총조준사격드론 배터리 구매,주식회사 유맥에어,제25보병사단,32598720,33264000,계약완료,TITLE_MATCH,계약명,1,24816,"{""원본행번호"":""24816"",""계약일"":""2025-11-04"",""계약연도"":""2025"",""계약월"":""11"",""계약분기"":""Q4"",""연월"":""2025-11"",""계약명"":""소총조준사격드론 배터리 구매"",""계약업체"":""주식회사 유맥에어"",""계약기관"":""제25보병사단"",""계약구분"":""물품"",""계약방법"":""수의계약"",""입찰방식"":""총액제"",""계약금액_원"":""32598720"",""계약금액_억원"":""0.3259872"",""계약금액_조원"":""3.259872e-05"",""예정금액_원"":""33264000"",""예정금액_억원"":""0.33264"",""예정금액_조원"":""3.3264e-05"",""낙찰률"":""98.0"",""낙찰률_구간"":""90~100%"",""낙찰률_결측여부"":""False"",""낙찰률_100초과여부"":""False"",""계약금액_0원여부"":""False"",""계약상태"":""계약완료"",""계약번호"":""2025LPC0122"",""결정번호"":""44571"",""계약일_원본"":""20251104"",""계약금액_원본"":""32598720"",""계약예정금액_원본"":""33264000"",""원본중복건수"":""1"",""원본중복행여부"":""False"",""드론_검색발견필드"":""계약명""}"
7a502baa912d830a94c16738,2025LPC0121,2025-11-04,소총조준사격드론 외주정비 및 유지 용역,주식회사 유맥에어,제25보병사단,20702000,20702000,계약완료,TITLE_MATCH,계약명,1,24815,"{""원본행번호"":""24815"",""계약일"":""2025-11-04"",""계약연도"":""2025"",""계약월"":""11"",""계약분기"":""Q4"",""연월"":""2025-11"",""계약명"":""소총조준사격드론 외주정비 및 유지 용역"",""계약업체"":""주식회사 유맥에어"",""계약기관"":""제25보병사단"",""계약구분"":""용역"",""계약방법"":""수의계약"",""입찰방식"":""총액제"",""계약금액_원"":""20702000"",""계약금액_억원"":""0.20702"",""계약금액_조원"":""2.0702e-05"",""예정금액_원"":""20702000"",""예정금액_억원"":""0.20702"",""예정금액_조원"":""2.0702e-05"",""낙찰률"":""100.0"",""낙찰률_구간"":""100% 초과"",""낙찰률_결측여부"":""False"",""낙찰률_100초과여부"":""False"",""계약금액_0원여부"":""False"",""계약상태"":""계약완료"",""계약번호"":""2025LPC0121"",""결정번호"":""44221"",""계약일_원본"":""20251104"",""계약금액_원본"":""20702000"",""계약예정금액_원본"":""20702000"",""원본중복건수"":""1"",""원본중복행여부"":""False"",""드론_검색발견필드"":""계약명""}"
516e62aa8f561713425dc550,2025LKG0326,2025-11-04,(53사단) 127여단 드론 부속 구매,(주)네스앤텍,육군제53보병사단,17267960,17987460,계약완료,TITLE_MATCH,계약명,1,24793,"{""원본행번호"":""24793"",""계약일"":""2025-11-04"",""계약연도"":""2025"",""계약월"":""11"",""계약분기"":""Q4"",""연월"":""2025-11"",""계약명"":""(53사단) 127여단 드론 부속 구매"",""계약업체"":""(주)네스앤텍"",""계약기관"":""육군제53보병사단"",""계약구분"":""물품"",""계약방법"":""수의계약"",""입찰방식"":""총액제"",""계약금액_원"":""17267960"",""계약금액_억원"":""0.1726796"",""계약금액_조원"":""1.726796e-05"",""예정금액_원"":""17987460"",""예정금액_억원"":""0.1798746"",""예정금액_조원"":""1.798746e-05"",""낙찰률"":""96.0"",""낙찰률_구간"":""90~100%"",""낙찰률_결측여부"":""False"",""낙찰률_100초과여부"":""False"",""계약금액_0원여부"":""False"",""계약상태"":""계약완료"",""계약번호"":""2025LKG0326"",""결정번호"":""45036"",""계약일_원본"":""20251104"",""계약금액_원본"":""17267960"",""계약예정금액_원본"":""17987460"",""원본중복건수"":""1"",""원본중복행여부"":""False"",""드론_검색발견필드"":""계약명""}"
eb2c8b9b2a1e8dea4ce29931,2025UMM1008,2025-11-05,25-D-전장이동통제용 드론 제조,(주)두산 모빌리티 이노베이션,국군재정관리단,964220000,965468869,계약완료,TITLE_MATCH,계약명,1,24983,"{""원본행번호"":""24983"",""계약일"":""2025-11-05"",""계약연도"":""2025"",""계약월"":""11"",""계약분기"":""Q4"",""연월"":""2025-11"",""계약명"":""25-D-전장이동통제용 드론 제조"",""계약업체"":""(주)두산 모빌리티 이노베이션"",""계약기관"":""국군재정관리단"",""계약구분"":""물품"",""계약방법"":""수의계약"",""입찰방식"":""총액제"",""계약금액_원"":""964220000"",""계약금액_억원"":""9.6422"",""계약금액_조원"":""0.00096422"",""예정금액_원"":""965468869"",""예정금액_억원"":""9.65468869"",""예정금액_조원"":""0.000965468869"",""낙찰률"":""99.8706"",""낙찰률_구간"":""90~100%"",""낙찰률_결측여부"":""False"",""낙찰률_100초과여부"":""False"",""계약금액_0원여부"":""False"",""계약상태"":""계약완료"",""계약번호"":""2025UMM1008"",""결정번호"":""33098"",""계약일_원본"":""20251105"",""계약금액_원본"":""964220000"",""계약예정금액_원본"":""965468869"",""원본중복건수"":""1"",""원본중복행여부"":""False"",""드론_검색발견필드"":""계약명""}"
31347f1ebc0c00cabedd07da,2025LFH0065,2025-11-05,집행잔액 1차 드론 실습재료비 구매,월드유통,육군부사관학교,41382108,47024908,계약완료,TITLE_MATCH,계약명,1,24890,"{""원본행번호"":""24890"",""계약일"":""2025-11-05"",""계약연도"":""2025"",""계약월"":""11"",""계약분기"":""Q4"",""연월"":""2025-11"",""계약명"":""집행잔액 1차 드론 실습재료비 구매"",""계약업체"":""월드유통"",""계약기관"":""육군부사관학교"",""계약구분"":""물품"",""계약방법"":""수의계약"",""입찰방식"":""총액제"",""계약금액_원"":""41382108"",""계약금액_억원"":""0.41382108"",""계약금액_조원"":""4.1382108e-05"",""예정금액_원"":""47024908"",""예정금액_억원"":""0.47024908"",""예정금액_조원"":""4.7024908e-05"",""낙찰률"":""88.0"",""낙찰률_구간"":""80~90%"",""낙찰률_결측여부"":""False"",""낙찰률_100초과여부"":""False"",""계약금액_0원여부"":""False"",""계약상태"":""계약완료"",""계약번호"":""2025LFH0065"",""결정번호"":""43403"",""계약일_원본"":""20251105"",""계약금액_원본"":""41382108"",""계약예정금액_원본"":""47024908"",""원본중복건수"":""1"",""원본중복행여부"":""False"",""드론_검색발견필드"":""계약명""}"
7ab9a5b75bfd1ad51ee1d9db,2025SCG0080,2025-11-05,드론 시뮬레이터 구매,지앤피코리아,해군본부,13041000,14819012,계약완료,TITLE_MATCH,계약명,1,24955,"{""원본행번호"":""24955"",""계약일"":""2025-11-05"",""계약연도"":""2025"",""계약월"":""11"",""계약분기"":""Q4"",""연월"":""2025-11"",""계약명"":""드론 시뮬레이터 구매"",""계약업체"":""지앤피코리아"",""계약기관"":""해군본부"",""계약구분"":""물품"",""계약방법"":""수의계약"",""입찰방식"":""총액제"",""계약금액_원"":""13041000"",""계약금액_억원"":""0.13041"",""계약금액_조원"":""1.3041e-05"",""예정금액_원"":""14819012"",""예정금액_억원"":""0.14819012"",""예정금액_조원"":""1.4819012e-05"",""낙찰률"":""88.001"",""낙찰률_구간"":""80~90%"",""낙찰률_결측여부"":""False"",""낙찰률_100초과여부"":""False"",""계약금액_0원여부"":""False"",""계약상태"":""계약완료"",""계약번호"":""2025SCG0080"",""결정번호"":""41667"",""계약일_원본"":""20251105"",""계약금액_원본"":""13041000"",""계약예정금액_원본"":""14819012"",""원본중복건수"":""1"",""원본중복행여부"":""False"",""드론_검색발견필드"":""계약명""}"
b295b82d4cf55c5365ac7d6b,2025LKH0127,2025-11-05,14해감대대 경계용 드론 수리부속 구매,(주)네스앤텍,제39보병사단,10702450,10702450,계약완료,TITLE_MATCH,계약명,1,24911,"{""원본행번호"":""24911"",""계약일"":""2025-11-05"",""계약연도"":""2025"",""계약월"":""11"",""계약분기"":""Q4"",""연월"":""2025-11"",""계약명"":""14해감대대 경계용 드론 수리부속 구매"",""계약업체"":""(주)네스앤텍"",""계약기관"":""제39보병사단"",""계약구분"":""물품"",""계약방법"":""수의계약"",""입찰방식"":""총액제"",""계약금액_원"":""10702450"",""계약금액_억원"":""0.1070245"",""계약금액_조원"":""1.070245e-05"",""예정금액_원"":""10702450"",""예정금액_억원"":""0.1070245"",""예정금액_조원"":""1.070245e-05"",""낙찰률"":""100.0"",""낙찰률_구간"":""100% 초과"",""낙찰률_결측여부"":""False"",""낙찰률_100초과여부"":""False"",""계약금액_0원여부"":""False"",""계약상태"":""계약완료"",""계약번호"":""2025LKH0127"",""결정번호"":""45468"",""계약일_원본"":""20251105"",""계약금액_원본"":""10702450"",""계약예정금액_원본"":""10702450"",""원본중복건수"":""1"",""원본중복행여부"":""False"",""드론_검색발견필드"":""계약명""}"
a4ea3bca489fe0198b8e26b5,2025LNS0096,2025-11-06,(통합)'25년 예비군부대 정찰용 드론 제조납품,주식회사 포스웨이브,제55보병사단,81397280,92439869,계약완료,TITLE_MATCH,계약명,1,25062,"{""원본행번호"":""25062"",""계약일"":""2025-11-06"",""계약연도"":""2025"",""계약월"":""11"",""계약분기"":""Q4"",""연월"":""2025-11"",""계약명"":""(통합)'25년 예비군부대 정찰용 드론 제조납품"",""계약업체"":""주식회사 포스웨이브"",""계약기관"":""제55보병사단"",""계약구분"":""물품"",""계약방법"":""제한경쟁"",""입찰방식"":""총액제"",""계약금액_원"":""81397280"",""계약금액_억원"":""0.8139728"",""계약금액_조원"":""8.139728e-05"",""예정금액_원"":""92439869"",""예정금액_억원"":""0.92439869"",""예정금액_조원"":""9.2439869e-05"",""낙찰률"":""88.054"",""낙찰률_구간"":""80~90%"",""낙찰률_결측여부"":""False"",""낙찰률_100초과여부"":""False"",""계약금액_0원여부"":""False"",""계약상태"":""계약완료"",""계약번호"":""2025LNS0096"",""결정번호"":""42636"",""계약일_원본"":""20251106"",""계약금액_원본"":""81397280"",""계약예정금액_원본"":""92439869"",""원본중복건수"":""1"",""원본중복행여부"":""False"",""드론_검색발견필드"":""계약명""}"
ba78b11cb82938c0be5e592f,2025LKM0109,2025-11-06,(육성) 작전용드론 제조구매,캣츠,제2632부대,41487800,46943563,계약완료,TITLE_MATCH,계약명,1,25056,"{""원본행번호"":""25056"",""계약일"":""2025-11-06"",""계약연도"":""2025"",""계약월"":""11"",""계약분기"":""Q4"",""연월"":""2025-11"",""계약명"":""(육성) 작전용드론 제조구매"",""계약업체"":""캣츠"",""계약기관"":""제2632부대"",""계약구분"":""물품"",""계약방법"":""제한경쟁"",""입찰방식"":""총액제"",""계약금액_원"":""41487800"",""계약금액_억원"":""0.414878"",""계약금액_조원"":""4.14878e-05"",""예정금액_원"":""46943563"",""예정금액_억원"":""0.46943563"",""예정금액_조원"":""4.6943563e-05"",""낙찰률"":""88.378"",""낙찰률_구간"":""80~90%"",""낙찰률_결측여부"":""False"",""낙찰률_100초과여부"":""False"",""계약금액_0원여부"":""False"",""계약상태"":""계약완료"",""계약번호"":""2025LKM0109"",""결정번호"":""40620"",""계약일_원본"":""20251106"",""계약금액_원본"":""41487800"",""계약예정금액_원본"":""46943563"",""원본중복건수"":""1"",""원본중복행여부"":""False"",""드론_검색발견필드"":""계약명""}"
f6d4fc9a453cfda8a8d0bea4,2025LAZ0035,2025-11-06,'25-2차 행정용품(복사용지),대기문구사,드론작전사령부,18452000,21088000,계약완료,CONTEXT_REVIEW,계약기관,1,25017,"{""원본행번호"":""25017"",""계약일"":""2025-11-06"",""계약연도"":""2025"",""계약월"":""11"",""계약분기"":""Q4"",""연월"":""2025-11"",""계약명"":""'25-2차 행정용품(복사용지)"",""계약업체"":""대기문구사"",""계약기관"":""드론작전사령부"",""계약구분"":""물품"",""계약방법"":""수의계약"",""입찰방식"":""총액제"",""계약금액_원"":""18452000"",""계약금액_억원"":""0.18452"",""계약금액_조원"":""1.8452e-05"",""예정금액_원"":""21088000"",""예정금액_억원"":""0.21088"",""예정금액_조원"":""2.1088e-05"",""낙찰률"":""87.5"",""낙찰률_구간"":""80~90%"",""낙찰률_결측여부"":""False"",""낙찰률_100초과여부"":""False"",""계약금액_0원여부"":""False"",""계약상태"":""계약완료"",""계약번호"":""2025LAZ0035"",""결정번호"":""44892"",""계약일_원본"":""20251106"",""계약금액_원본"":""18452000"",""계약예정금액_원본"":""21088000"",""원본중복건수"":""1"",""원본중복행여부"":""False"",""드론_검색발견필드"":""계약기관""}"
db73a1edb21fd8e0638bc9b9,2025LBA0090,2025-11-07,00부대 경계용드론 외주정비 용역,(주)네스앤텍,제5군수지원여단,15350040,15350040,계약완료,TITLE_MATCH,계약명,1,25135,"{""원본행번호"":""25135"",""계약일"":""2025-11-07"",""계약연도"":""2025"",""계약월"":""11"",""계약분기"":""Q4"",""연월"":""2025-11"",""계약명"":""00부대 경계용드론 외주정비 용역"",""계약업체"":""(주)네스앤텍"",""계약기관"":""제5군수지원여단"",""계약구분"":""용역"",""계약방법"":""수의계약"",""입찰방식"":""총액제"",""계약금액_원"":""15350040"",""계약금액_억원"":""0.1535004"",""계약금액_조원"":""1.535004e-05"",""예정금액_원"":""15350040"",""예정금액_억원"":""0.1535004"",""예정금액_조원"":""1.535004e-05"",""낙찰률"":""100.0"",""낙찰률_구간"":""100% 초과"",""낙찰률_결측여부"":""False"",""낙찰률_100초과여부"":""False"",""계약금액_0원여부"":""False"",""계약상태"":""계약완료"",""계약번호"":""2025LBA0090"",""결정번호"":""45362"",""계약일_원본"":""20251107"",""계약금액_원본"":""15350040"",""계약예정금액_원본"":""15350040"",""원본중복건수"":""1"",""원본중복행여부"":""False"",""드론_검색발견필드"":""계약명""}"
c942cde344cd7e5cbdc2ecf6,2025SCK0155,2025-11-07,마포 걸레세트 등 180종 구매,주식회사 청정드론,해군교육사령부,11491270,13057190,계약완료,CONTEXT_REVIEW,계약업체,1,25236,"{""원본행번호"":""25236"",""계약일"":""2025-11-07"",""계약연도"":""2025"",""계약월"":""11"",""계약분기"":""Q4"",""연월"":""2025-11"",""계약명"":""마포 걸레세트 등 180종 구매"",""계약업체"":""주식회사 청정드론"",""계약기관"":""해군교육사령부"",""계약구분"":""물품"",""계약방법"":""수의계약"",""입찰방식"":""총액제"",""계약금액_원"":""11491270"",""계약금액_억원"":""0.1149127"",""계약금액_조원"":""1.149127e-05"",""예정금액_원"":""13057190"",""예정금액_억원"":""0.1305719"",""예정금액_조원"":""1.305719e-05"",""낙찰률"":""88.007"",""낙찰률_구간"":""80~90%"",""낙찰률_결측여부"":""False"",""낙찰률_100초과여부"":""False"",""계약금액_0원여부"":""False"",""계약상태"":""계약완료"",""계약번호"":""2025SCK0155"",""결정번호"":""42580"",""계약일_원본"":""20251107"",""계약금액_원본"":""11491270"",""계약예정금액_원본"":""13057190"",""원본중복건수"":""1"",""원본중복행여부"":""False"",""드론_검색발견필드"":""계약업체""}"
55887632e7d0e01c9f67a9e9,2025LPF0124,2025-11-07,25년 00대대 드론 부품교체 구매,(주)네스앤텍,제51보병사단,5991170,5991170,계약완료,TITLE_MATCH,계약명,1,25202,"{""원본행번호"":""25202"",""계약일"":""2025-11-07"",""계약연도"":""2025"",""계약월"":""11"",""계약분기"":""Q4"",""연월"":""2025-11"",""계약명"":""25년 00대대 드론 부품교체 구매"",""계약업체"":""(주)네스앤텍"",""계약기관"":""제51보병사단"",""계약구분"":""물품"",""계약방법"":""수의계약"",""입찰방식"":""총액제"",""계약금액_원"":""5991170"",""계약금액_억원"":""0.0599117"",""계약금액_조원"":""5.99117e-06"",""예정금액_원"":""5991170"",""예정금액_억원"":""0.0599117"",""예정금액_조원"":""5.99117e-06"",""낙찰률"":""100.0"",""낙찰률_구간"":""100% 초과"",""낙찰률_결측여부"":""False"",""낙찰률_100초과여부"":""False"",""계약금액_0원여부"":""False"",""계약상태"":""계약완료"",""계약번호"":""2025LPF0124"",""결정번호"":""45989"",""계약일_원본"":""20251107"",""계약금액_원본"":""5991170"",""계약예정금액_원본"":""5991170"",""원본중복건수"":""1"",""원본중복행여부"":""False"",""드론_검색발견필드"":""계약명""}"
9c304dbeaca71325652fe832,2025LFN0035,2025-11-10,25년 생도 드론3종 자격증 취득 용역,주식회사 이십칠,육군3사관학교,113778000,101530193,계약완료,TITLE_MATCH,계약명,1,25349,"{""원본행번호"":""25349"",""계약일"":""2025-11-10"",""계약연도"":""2025"",""계약월"":""11"",""계약분기"":""Q4"",""연월"":""2025-11"",""계약명"":""25년 생도 드론3종 자격증 취득 용역"",""계약업체"":""주식회사 이십칠"",""계약기관"":""육군3사관학교"",""계약구분"":""용역"",""계약방법"":""수의계약"",""입찰방식"":""총액제"",""계약금액_원"":""113778000"",""계약금액_억원"":""1.13778"",""계약금액_조원"":""0.000113778"",""예정금액_원"":""101530193"",""예정금액_억원"":""1.01530193"",""예정금액_조원"":""0.000101530193"",""낙찰률"":""89.65"",""낙찰률_구간"":""80~90%"",""낙찰률_결측여부"":""False"",""낙찰률_100초과여부"":""False"",""계약금액_0원여부"":""False"",""계약상태"":""계약완료"",""계약번호"":""2025LFN0035"",""결정번호"":""15811"",""계약일_원본"":""20251110"",""계약금액_원본"":""113778000"",""계약예정금액_원본"":""101530193"",""원본중복건수"":""1"",""원본중복행여부"":""False"",""드론_검색발견필드"":""계약명""}"
6b62d4a6ca5a1fea3d1496c5,2025LAZ0036,2025-11-10,'25-8차 드론 수리부속 (베인서보 등 14품목) 구매 계,준트레이딩,드론작전사령부,30079158,34179855,계약완료,TITLE_MATCH,"계약명, 계약기관",1,25321,"{""원본행번호"":""25321"",""계약일"":""2025-11-10"",""계약연도"":""2025"",""계약월"":""11"",""계약분기"":""Q4"",""연월"":""2025-11"",""계약명"":""'25-8차 드론 수리부속 (베인서보 등 14품목) 구매 계"",""계약업체"":""준트레이딩"",""계약기관"":""드론작전사령부"",""계약구분"":""물품"",""계약방법"":""수의계약"",""입찰방식"":""총액제"",""계약금액_원"":""30079158"",""계약금액_억원"":""0.30079158"",""계약금액_조원"":""3.0079158e-05"",""예정금액_원"":""34179855"",""예정금액_억원"":""0.34179855"",""예정금액_조원"":""3.4179855e-05"",""낙찰률"":""88.002"",""낙찰률_구간"":""80~90%"",""낙찰률_결측여부"":""False"",""낙찰률_100초과여부"":""False"",""계약금액_0원여부"":""False"",""계약상태"":""계약완료"",""계약번호"":""2025LAZ0036"",""결정번호"":""43797"",""계약일_원본"":""20251110"",""계약금액_원본"":""30079158"",""계약예정금액_원본"":""34179855"",""원본중복건수"":""1"",""원본중복행여부"":""False"",""드론_검색발견필드"":""계약명, 계약기관""}"
988898c0dba27a4449141ef8,2023UMM1003,2025-11-11,23-N-기지경계용 드론 제조 및 모니터링 체계 구축,주식회사 프리뉴,해군군수사령부,1576839000,1885084214,계약완료,TITLE_MATCH,계약명,1,25449,"{""원본행번호"":""25449"",""계약일"":""2025-11-11"",""계약연도"":""2025"",""계약월"":""11"",""계약분기"":""Q4"",""연월"":""2025-11"",""계약명"":""23-N-기지경계용 드론 제조 및 모니터링 체계 구축"",""계약업체"":""주식회사 프리뉴"",""계약기관"":""해군군수사령부"",""계약구분"":""물품"",""계약방법"":""일반경쟁"",""입찰방식"":""총액제"",""계약금액_원"":""1576839000"",""계약금액_억원"":""15.76839"",""계약금액_조원"":""0.001576839"",""예정금액_원"":""1885084214"",""예정금액_억원"":""18.85084214"",""예정금액_조원"":""0.001885084214"",""낙찰률"":""83.648"",""낙찰률_구간"":""80~90%"",""낙찰률_결측여부"":""False"",""낙찰률_100초과여부"":""False"",""계약금액_0원여부"":""False"",""계약상태"":""계약완료"",""계약번호"":""2023UMM1003"",""결정번호"":""25934"",""계약일_원본"":""20251111"",""계약금액_원본"":""1576839000"",""계약예정금액_원본"":""1885084214"",""원본중복건수"":""1"",""원본중복행여부"":""False"",""드론_검색발견필드"":""계약명""}"
0ae39f32002e79d110e380c9,2025LGQ0061,2025-11-11,00부대 전투실험용 군집드론 시범운용(임차),주식회사 프리뉴,제36보병사단,72000000,77784200,계약완료,TITLE_MATCH,계약명,1,25505,"{""원본행번호"":""25505"",""계약일"":""2025-11-11"",""계약연도"":""2025"",""계약월"":""11"",""계약분기"":""Q4"",""연월"":""2025-11"",""계약명"":""00부대 전투실험용 군집드론 시범운용(임차)"",""계약업체"":""주식회사 프리뉴"",""계약기관"":""제36보병사단"",""계약구분"":""용역"",""계약방법"":""협상에의한계약(전자)"",""입찰방식"":""총액제"",""계약금액_원"":""72000000"",""계약금액_억원"":""0.72"",""계약금액_조원"":""7.2e-05"",""예정금액_원"":""77784200"",""예정금액_억원"":""0.777842"",""예정금액_조원"":""7.77842e-05"",""낙찰률"":""73.8407"",""낙찰률_구간"":""80% 미만"",""낙찰률_결측여부"":""False"",""낙찰률_100초과여부"":""False"",""계약금액_0원여부"":""False"",""계약상태"":""계약완료"",""계약번호"":""2025LGQ0061"",""결정번호"":""34347"",""계약일_원본"":""20251111"",""계약금액_원본"":""72000000"",""계약예정금액_원본"":""77784200"",""원본중복건수"":""1"",""원본중복행여부"":""False"",""드론_검색발견필드"":""계약명""}"
20b34e0d5355cfdc9e43998b,2025LFP0108,2025-11-12,25년 드론교육센터 정보교육예산 부수기재 6차 계약,주식회사 디알티,육군보병학교,9972600,9972600,계약완료,TITLE_MATCH,계약명,1,25672,"{""원본행번호"":""25672"",""계약일"":""2025-11-12"",""계약연도"":""2025"",""계약월"":""11"",""계약분기"":""Q4"",""연월"":""2025-11"",""계약명"":""25년 드론교육센터 정보교육예산 부수기재 6차 계약"",""계약업체"":""주식회사 디알티"",""계약기관"":""육군보병학교"",""계약구분"":""물품"",""계약방법"":""수의계약"",""입찰방식"":""총액제"",""계약금액_원"":""9972600"",""계약금액_억원"":""0.099726"",""계약금액_조원"":""9.9726e-06"",""예정금액_원"":""9972600"",""예정금액_억원"":""0.099726"",""예정금액_조원"":""9.9726e-06"",""낙찰률"":""100.0"",""낙찰률_구간"":""100% 초과"",""낙찰률_결측여부"":""False"",""낙찰률_100초과여부"":""False"",""계약금액_0원여부"":""False"",""계약상태"":""계약완료"",""계약번호"":""2025LFP0108"",""결정번호"":""47042"",""계약일_원본"":""20251112"",""계약금액_원본"":""9972600"",""계약예정금액_원본"":""9972600"",""원본중복건수"":""1"",""원본중복행여부"":""False"",""드론_검색발견필드"":""계약명""}"
c0d86333bb018f25f4f1fe90,2025LGQ0073,2025-11-12,00부대 드론 드론 공방전 시연 임차용역(안티드론),(주)비스타컴,제36보병사단,1450000,1450000,계약완료,TITLE_MATCH,계약명,1,25674,"{""원본행번호"":""25674"",""계약일"":""2025-11-12"",""계약연도"":""2025"",""계약월"":""11"",""계약분기"":""Q4"",""연월"":""2025-11"",""계약명"":""00부대 드론 드론 공방전 시연 임차용역(안티드론)"",""계약업체"":""(주)비스타컴"",""계약기관"":""제36보병사단"",""계약구분"":""용역"",""계약방법"":""수의계약"",""입찰방식"":""총액제"",""계약금액_원"":""1450000"",""계약금액_억원"":""0.0145"",""계약금액_조원"":""1.45e-06"",""예정금액_원"":""1450000"",""예정금액_억원"":""0.0145"",""예정금액_조원"":""1.45e-06"",""낙찰률"":""100.0"",""낙찰률_구간"":""100% 초과"",""낙찰률_결측여부"":""False"",""낙찰률_100초과여부"":""False"",""계약금액_0원여부"":""False"",""계약상태"":""계약완료"",""계약번호"":""2025LGQ0073"",""결정번호"":""46869"",""계약일_원본"":""20251112"",""계약금액_원본"":""1450000"",""계약예정금액_원본"":""1450000"",""원본중복건수"":""1"",""원본중복행여부"":""False"",""드론_검색발견필드"":""계약명""}"
93de986b1f5475a1a7a6d18e,2025LGQ0075,2025-11-13,00부대 드론 드론 공방전 시연 임차용역(군집드론),주식회사 유비파이,제36보병사단,16000000,16000000,계약완료,TITLE_MATCH,계약명,1,25796,"{""원본행번호"":""25796"",""계약일"":""2025-11-13"",""계약연도"":""2025"",""계약월"":""11"",""계약분기"":""Q4"",""연월"":""2025-11"",""계약명"":""00부대 드론 드론 공방전 시연 임차용역(군집드론)"",""계약업체"":""주식회사 유비파이"",""계약기관"":""제36보병사단"",""계약구분"":""용역"",""계약방법"":""수의계약"",""입찰방식"":""총액제"",""계약금액_원"":""16000000"",""계약금액_억원"":""0.16"",""계약금액_조원"":""1.6e-05"",""예정금액_원"":""16000000"",""예정금액_억원"":""0.16"",""예정금액_조원"":""1.6e-05"",""낙찰률"":""100.0"",""낙찰률_구간"":""100% 초과"",""낙찰률_결측여부"":""False"",""낙찰률_100초과여부"":""False"",""계약금액_0원여부"":""False"",""계약상태"":""계약완료"",""계약번호"":""2025LGQ0075"",""결정번호"":""46866"",""계약일_원본"":""20251113"",""계약금액_원본"":""16000000"",""계약예정금액_원본"":""16000000"",""원본중복건수"":""1"",""원본중복행여부"":""False"",""드론_검색발견필드"":""계약명""}"
bae3b9ff19af747b060748f7,2025LGQ0074,2025-11-13,00부대 드론 드론 공방전 시연 임차용역(수송드론),캣츠,제36보병사단,1000000,1000000,계약완료,TITLE_MATCH,계약명,1,25795,"{""원본행번호"":""25795"",""계약일"":""2025-11-13"",""계약연도"":""2025"",""계약월"":""11"",""계약분기"":""Q4"",""연월"":""2025-11"",""계약명"":""00부대 드론 드론 공방전 시연 임차용역(수송드론)"",""계약업체"":""캣츠"",""계약기관"":""제36보병사단"",""계약구분"":""용역"",""계약방법"":""수의계약"",""입찰방식"":""총액제"",""계약금액_원"":""1000000"",""계약금액_억원"":""0.01"",""계약금액_조원"":""1e-06"",""예정금액_원"":""1000000"",""예정금액_억원"":""0.01"",""예정금액_조원"":""1e-06"",""낙찰률"":""100.0"",""낙찰률_구간"":""100% 초과"",""낙찰률_결측여부"":""False"",""낙찰률_100초과여부"":""False"",""계약금액_0원여부"":""False"",""계약상태"":""계약완료"",""계약번호"":""2025LGQ0074"",""결정번호"":""46867"",""계약일_원본"":""20251113"",""계약금액_원본"":""1000000"",""계약예정금액_원본"":""1000000"",""원본중복건수"":""1"",""원본중복행여부"":""False"",""드론_검색발견필드"":""계약명""}"
2af4ab0c34aa4d4dbc47ff3e,2025UMM1035,2025-11-17,(257202-D) 실험연구용 드론 제조,주식회사 아리온,드론작전사령부,255357550,289587993,계약완료,TITLE_MATCH,"계약명, 계약기관",1,26217,"{""원본행번호"":""26217"",""계약일"":""2025-11-17"",""계약연도"":""2025"",""계약월"":""11"",""계약분기"":""Q4"",""연월"":""2025-11"",""계약명"":""(257202-D) 실험연구용 드론 제조"",""계약업체"":""주식회사 아리온"",""계약기관"":""드론작전사령부"",""계약구분"":""물품"",""계약방법"":""제한경쟁"",""입찰방식"":""총액제"",""계약금액_원"":""255357550"",""계약금액_억원"":""2.5535755"",""계약금액_조원"":""0.00025535755"",""예정금액_원"":""289587993"",""예정금액_억원"":""2.89587993"",""예정금액_조원"":""0.000289587993"",""낙찰률"":""88.179"",""낙찰률_구간"":""80~90%"",""낙찰률_결측여부"":""False"",""낙찰률_100초과여부"":""False"",""계약금액_0원여부"":""False"",""계약상태"":""계약완료"",""계약번호"":""2025UMM1035"",""결정번호"":""35478"",""계약일_원본"":""20251117"",""계약금액_원본"":""255357550"",""계약예정금액_원본"":""289587993"",""원본중복건수"":""1"",""원본중복행여부"":""False"",""드론_검색발견필드"":""계약명, 계약기관""}"
b65a8cc1295b43938f9003d1,2025UMM1035,2025-11-17,(257202-D) 실험연구용 드론 제조,주식회사 아리온,국군재정관리단,255357550,289587993,계약완료,TITLE_MATCH,계약명,1,26218,"{""원본행번호"":""26218"",""계약일"":""2025-11-17"",""계약연도"":""2025"",""계약월"":""11"",""계약분기"":""Q4"",""연월"":""2025-11"",""계약명"":""(257202-D) 실험연구용 드론 제조"",""계약업체"":""주식회사 아리온"",""계약기관"":""국군재정관리단"",""계약구분"":""물품"",""계약방법"":""제한경쟁"",""입찰방식"":""총액제"",""계약금액_원"":""255357550"",""계약금액_억원"":""2.5535755"",""계약금액_조원"":""0.00025535755"",""예정금액_원"":""289587993"",""예정금액_억원"":""2.89587993"",""예정금액_조원"":""0.000289587993"",""낙찰률"":""88.179"",""낙찰률_구간"":""80~90%"",""낙찰률_결측여부"":""False"",""낙찰률_100초과여부"":""False"",""계약금액_0원여부"":""False"",""계약상태"":""계약완료"",""계약번호"":""2025UMM1035"",""결정번호"":""35478"",""계약일_원본"":""20251117"",""계약금액_원본"":""255357550"",""계약예정금액_원본"":""289587993"",""원본중복건수"":""1"",""원본중복행여부"":""False"",""드론_검색발견필드"":""계약명""}"
c13ec716fcbd0853143d1349,2025UMM0693,2025-11-17,25-N-공병업무지원용 드론 제조,주식회사 엔에이치,국군재정관리단,122978970,139360081,계약완료,TITLE_MATCH,계약명,1,26216,"{""원본행번호"":""26216"",""계약일"":""2025-11-17"",""계약연도"":""2025"",""계약월"":""11"",""계약분기"":""Q4"",""연월"":""2025-11"",""계약명"":""25-N-공병업무지원용 드론 제조"",""계약업체"":""주식회사 엔에이치"",""계약기관"":""국군재정관리단"",""계약구분"":""물품"",""계약방법"":""제한경쟁"",""입찰방식"":""총액제"",""계약금액_원"":""122978970"",""계약금액_억원"":""1.2297897"",""계약금액_조원"":""0.00012297897"",""예정금액_원"":""139360081"",""예정금액_억원"":""1.39360081"",""예정금액_조원"":""0.000139360081"",""낙찰률"":""88.245"",""낙찰률_구간"":""80~90%"",""낙찰률_결측여부"":""False"",""낙찰률_100초과여부"":""False"",""계약금액_0원여부"":""False"",""계약상태"":""계약완료"",""계약번호"":""2025UMM0693"",""결정번호"":""25013"",""계약일_원본"":""20251117"",""계약금액_원본"":""122978970"",""계약예정금액_원본"":""139360081"",""원본중복건수"":""1"",""원본중복행여부"":""False"",""드론_검색발견필드"":""계약명""}"
8a4965f2fea13802ef9880ca,2025SCH0209,2025-11-17,25-3-29호 표적용 드론 구매,주식회사 헬셀,해군작전사령부,18718000,19104825,계약완료,TITLE_MATCH,계약명,1,26189,"{""원본행번호"":""26189"",""계약일"":""2025-11-17"",""계약연도"":""2025"",""계약월"":""11"",""계약분기"":""Q4"",""연월"":""2025-11"",""계약명"":""25-3-29호 표적용 드론 구매"",""계약업체"":""주식회사 헬셀"",""계약기관"":""해군작전사령부"",""계약구분"":""물품"",""계약방법"":""수의계약"",""입찰방식"":""총액제"",""계약금액_원"":""18718000"",""계약금액_억원"":""0.18718"",""계약금액_조원"":""1.8718e-05"",""예정금액_원"":""19104825"",""예정금액_억원"":""0.19104825"",""예정금액_조원"":""1.9104825e-05"",""낙찰률"":""97.9752"",""낙찰률_구간"":""90~100%"",""낙찰률_결측여부"":""False"",""낙찰률_100초과여부"":""False"",""계약금액_0원여부"":""False"",""계약상태"":""계약완료"",""계약번호"":""2025SCH0209"",""결정번호"":""47436"",""계약일_원본"":""20251117"",""계약금액_원본"":""18718000"",""계약예정금액_원본"":""19104825"",""원본중복건수"":""1"",""원본중복행여부"":""False"",""드론_검색발견필드"":""계약명""}"
308c03ba5d57179e623f0a7c,2025LGF0043,2025-11-18,회전익 25-12차 드론부수기재 구매,더(The)높은,육군정보학교,7865000,7906286,계약완료,TITLE_MATCH,계약명,1,26312,"{""원본행번호"":""26312"",""계약일"":""2025-11-18"",""계약연도"":""2025"",""계약월"":""11"",""계약분기"":""Q4"",""연월"":""2025-11"",""계약명"":""회전익 25-12차 드론부수기재 구매"",""계약업체"":""더(The)높은"",""계약기관"":""육군정보학교"",""계약구분"":""물품"",""계약방법"":""수의계약"",""입찰방식"":""총액제"",""계약금액_원"":""7865000"",""계약금액_억원"":""0.07865"",""계약금액_조원"":""7.865e-06"",""예정금액_원"":""7906286"",""예정금액_억원"":""0.07906286"",""예정금액_조원"":""7.906286e-06"",""낙찰률"":""99.4778"",""낙찰률_구간"":""90~100%"",""낙찰률_결측여부"":""False"",""낙찰률_100초과여부"":""False"",""계약금액_0원여부"":""False"",""계약상태"":""계약완료"",""계약번호"":""2025LGF0043"",""결정번호"":""47773"",""계약일_원본"":""20251118"",""계약금액_원본"":""7865000"",""계약예정금액_원본"":""7906286"",""원본중복건수"":""1"",""원본중복행여부"":""False"",""드론_검색발견필드"":""계약명""}"
6b37c93a7556be5e6258fd26,2025LAZ0038,2025-11-18,'25-2차 취사기구 구매,코키스,드론작전사령부,2600000,2600000,계약완료,CONTEXT_REVIEW,계약기관,1,26265,"{""원본행번호"":""26265"",""계약일"":""2025-11-18"",""계약연도"":""2025"",""계약월"":""11"",""계약분기"":""Q4"",""연월"":""2025-11"",""계약명"":""'25-2차 취사기구 구매"",""계약업체"":""코키스"",""계약기관"":""드론작전사령부"",""계약구분"":""물품"",""계약방법"":""수의계약"",""입찰방식"":""총액제"",""계약금액_원"":""2600000"",""계약금액_억원"":""0.026"",""계약금액_조원"":""2.6e-06"",""예정금액_원"":""2600000"",""예정금액_억원"":""0.026"",""예정금액_조원"":""2.6e-06"",""낙찰률"":""100.0"",""낙찰률_구간"":""100% 초과"",""낙찰률_결측여부"":""False"",""낙찰률_100초과여부"":""False"",""계약금액_0원여부"":""False"",""계약상태"":""계약완료"",""계약번호"":""2025LAZ0038"",""결정번호"":""48188"",""계약일_원본"":""20251118"",""계약금액_원본"":""2600000"",""계약예정금액_원본"":""2600000"",""원본중복건수"":""1"",""원본중복행여부"":""False"",""드론_검색발견필드"":""계약기관""}"
423da9ccbdf7bd9d9e11d19c,2025LAZ0039,2025-11-18,'25년 사령부 병영도서 구매 계약,주식회사 교보문고,드론작전사령부,803000,803000,계약완료,CONTEXT_REVIEW,계약기관,1,26266,"{""원본행번호"":""26266"",""계약일"":""2025-11-18"",""계약연도"":""2025"",""계약월"":""11"",""계약분기"":""Q4"",""연월"":""2025-11"",""계약명"":""'25년 사령부 병영도서 구매 계약"",""계약업체"":""주식회사 교보문고"",""계약기관"":""드론작전사령부"",""계약구분"":""물품"",""계약방법"":""수의계약"",""입찰방식"":""총액제"",""계약금액_원"":""803000"",""계약금액_억원"":""0.00803"",""계약금액_조원"":""8.03e-07"",""예정금액_원"":""803000"",""예정금액_억원"":""0.00803"",""예정금액_조원"":""8.03e-07"",""낙찰률"":""100.0"",""낙찰률_구간"":""100% 초과"",""낙찰률_결측여부"":""False"",""낙찰률_100초과여부"":""False"",""계약금액_0원여부"":""False"",""계약상태"":""계약완료"",""계약번호"":""2025LAZ0039"",""결정번호"":""48250"",""계약일_원본"":""20251118"",""계약금액_원본"":""803000"",""계약예정금액_원본"":""803000"",""원본중복건수"":""1"",""원본중복행여부"":""False"",""드론_검색발견필드"":""계약기관""}"
3966368f0d0f89faef474407,2025LCM0078,2025-11-19,'25년 통신중계드론 정비 용역,(주)휴인스,육군교육사령부,7720000,7720000,계약완료,TITLE_MATCH,계약명,1,26443,"{""원본행번호"":""26443"",""계약일"":""2025-11-19"",""계약연도"":""2025"",""계약월"":""11"",""계약분기"":""Q4"",""연월"":""2025-11"",""계약명"":""'25년 통신중계드론 정비 용역"",""계약업체"":""(주)휴인스"",""계약기관"":""육군교육사령부"",""계약구분"":""용역"",""계약방법"":""수의계약"",""입찰방식"":""총액제"",""계약금액_원"":""7720000"",""계약금액_억원"":""0.0772"",""계약금액_조원"":""7.72e-06"",""예정금액_원"":""7720000"",""예정금액_억원"":""0.0772"",""예정금액_조원"":""7.72e-06"",""낙찰률"":""100.0"",""낙찰률_구간"":""100% 초과"",""낙찰률_결측여부"":""False"",""낙찰률_100초과여부"":""False"",""계약금액_0원여부"":""False"",""계약상태"":""계약완료"",""계약번호"":""2025LCM0078"",""결정번호"":""42089"",""계약일_원본"":""20251119"",""계약금액_원본"":""7720000"",""계약예정금액_원본"":""7720000"",""원본중복건수"":""1"",""원본중복행여부"":""False"",""드론_검색발견필드"":""계약명""}"
7632e29fa48733ada9e80c8b,2025LAZ0037,2025-11-20,'25-9차 비보급품유지비 계약,성우엔지니어링,드론작전사령부,75394000,75394000,계약완료,CONTEXT_REVIEW,계약기관,1,26593,"{""원본행번호"":""26593"",""계약일"":""2025-11-20"",""계약연도"":""2025"",""계약월"":""11"",""계약분기"":""Q4"",""연월"":""2025-11"",""계약명"":""'25-9차 비보급품유지비 계약"",""계약업체"":""성우엔지니어링"",""계약기관"":""드론작전사령부"",""계약구분"":""물품"",""계약방법"":""수의계약"",""입찰방식"":""총액제"",""계약금액_원"":""75394000"",""계약금액_억원"":""0.75394"",""계약금액_조원"":""7.5394e-05"",""예정금액_원"":""75394000"",""예정금액_억원"":""0.75394"",""예정금액_조원"":""7.5394e-05"",""낙찰률"":""100.0"",""낙찰률_구간"":""100% 초과"",""낙찰률_결측여부"":""False"",""낙찰률_100초과여부"":""False"",""계약금액_0원여부"":""False"",""계약상태"":""계약완료"",""계약번호"":""2025LAZ0037"",""결정번호"":""47590"",""계약일_원본"":""20251120"",""계약금액_원본"":""75394000"",""계약예정금액_원본"":""75394000"",""원본중복건수"":""1"",""원본중복행여부"":""False"",""드론_검색발견필드"":""계약기관""}"
fd3fe5a32d54795802442725,2025LCM0089,2025-11-20,'25년 공격드론 전투실험 영상제작 용역,주식회사 엔웍스,육군교육사령부,26461490,29976801,계약완료,TITLE_MATCH,계약명,1,26602,"{""원본행번호"":""26602"",""계약일"":""2025-11-20"",""계약연도"":""2025"",""계약월"":""11"",""계약분기"":""Q4"",""연월"":""2025-11"",""계약명"":""'25년 공격드론 전투실험 영상제작 용역"",""계약업체"":""주식회사 엔웍스"",""계약기관"":""육군교육사령부"",""계약구분"":""용역"",""계약방법"":""제한경쟁"",""입찰방식"":""총액제"",""계약금액_원"":""26461490"",""계약금액_억원"":""0.2646149"",""계약금액_조원"":""2.646149e-05"",""예정금액_원"":""29976801"",""예정금액_억원"":""0.29976801"",""예정금액_조원"":""2.9976801e-05"",""낙찰률"":""88.273"",""낙찰률_구간"":""80~90%"",""낙찰률_결측여부"":""False"",""낙찰률_100초과여부"":""False"",""계약금액_0원여부"":""False"",""계약상태"":""계약완료"",""계약번호"":""2025LCM0089"",""결정번호"":""45496"",""계약일_원본"":""20251120"",""계약금액_원본"":""26461490"",""계약예정금액_원본"":""29976801"",""원본중복건수"":""1"",""원본중복행여부"":""False"",""드론_검색발견필드"":""계약명""}"
c4cc410b7867b4042b6b5d4d,2025LCM0088,2025-11-21,'25년 공격드론 전투실험 임차용역(직충돌공격드론),(주)풍산,육군교육사령부,93000000,93628508,계약완료,TITLE_MATCH,계약명,1,26764,"{""원본행번호"":""26764"",""계약일"":""2025-11-21"",""계약연도"":""2025"",""계약월"":""11"",""계약분기"":""Q4"",""연월"":""2025-11"",""계약명"":""'25년 공격드론 전투실험 임차용역(직충돌공격드론)"",""계약업체"":""(주)풍산"",""계약기관"":""육군교육사령부"",""계약구분"":""용역"",""계약방법"":""수의계약"",""입찰방식"":""총액제"",""계약금액_원"":""93000000"",""계약금액_억원"":""0.93"",""계약금액_조원"":""9.3e-05"",""예정금액_원"":""93628508"",""예정금액_억원"":""0.93628508"",""예정금액_조원"":""9.3628508e-05"",""낙찰률"":""99.3287"",""낙찰률_구간"":""90~100%"",""낙찰률_결측여부"":""False"",""낙찰률_100초과여부"":""False"",""계약금액_0원여부"":""False"",""계약상태"":""계약완료"",""계약번호"":""2025LCM0088"",""결정번호"":""46034"",""계약일_원본"":""20251121"",""계약금액_원본"":""93000000"",""계약예정금액_원본"":""93628508"",""원본중복건수"":""1"",""원본중복행여부"":""False"",""드론_검색발견필드"":""계약명""}"
b7cba0b1bff352c63d2215ac,2025LKG0339,2025-11-21,(육성)울산광역시 감시정찰반 드론 제조 구매,캣츠,육군제53보병사단,88416600,100477053,계약완료,TITLE_MATCH,계약명,1,26799,"{""원본행번호"":""26799"",""계약일"":""2025-11-21"",""계약연도"":""2025"",""계약월"":""11"",""계약분기"":""Q4"",""연월"":""2025-11"",""계약명"":""(육성)울산광역시 감시정찰반 드론 제조 구매"",""계약업체"":""캣츠"",""계약기관"":""육군제53보병사단"",""계약구분"":""물품"",""계약방법"":""제한경쟁"",""입찰방식"":""총액제"",""계약금액_원"":""88416600"",""계약금액_억원"":""0.884166"",""계약금액_조원"":""8.84166e-05"",""예정금액_원"":""100477053"",""예정금액_억원"":""1.00477053"",""예정금액_조원"":""0.000100477053"",""낙찰률"":""87.996"",""낙찰률_구간"":""80~90%"",""낙찰률_결측여부"":""False"",""낙찰률_100초과여부"":""False"",""계약금액_0원여부"":""False"",""계약상태"":""계약완료"",""계약번호"":""2025LKG0339"",""결정번호"":""43169"",""계약일_원본"":""20251121"",""계약금액_원본"":""88416600"",""계약예정금액_원본"":""100477053"",""원본중복건수"":""1"",""원본중복행여부"":""False"",""드론_검색발견필드"":""계약명""}"
df38b428bf039668c7c9c0f5,2025LGF0044,2025-11-21,회전익 25-17차 드론부수기재 구매,(주)포레스트메타,육군정보학교,47287570,49830990,계약완료,TITLE_MATCH,계약명,1,26781,"{""원본행번호"":""26781"",""계약일"":""2025-11-21"",""계약연도"":""2025"",""계약월"":""11"",""계약분기"":""Q4"",""연월"":""2025-11"",""계약명"":""회전익 25-17차 드론부수기재 구매"",""계약업체"":""(주)포레스트메타"",""계약기관"":""육군정보학교"",""계약구분"":""물품"",""계약방법"":""수의계약"",""입찰방식"":""총액제"",""계약금액_원"":""47287570"",""계약금액_억원"":""0.4728757"",""계약금액_조원"":""4.728757e-05"",""예정금액_원"":""49830990"",""예정금액_억원"":""0.4983099"",""예정금액_조원"":""4.983099e-05"",""낙찰률"":""94.8959"",""낙찰률_구간"":""90~100%"",""낙찰률_결측여부"":""False"",""낙찰률_100초과여부"":""False"",""계약금액_0원여부"":""False"",""계약상태"":""계약완료"",""계약번호"":""2025LGF0044"",""결정번호"":""48788"",""계약일_원본"":""20251121"",""계약금액_원본"":""47287570"",""계약예정금액_원본"":""49830990"",""원본중복건수"":""1"",""원본중복행여부"":""False"",""드론_검색발견필드"":""계약명""}"
5429c3e16c42f3674b1d7e55,2025LCM0087,2025-11-21,'25년 공격드론 전투실험 임차용역(소형자폭드론),(주)풍산,육군교육사령부,41071000,41240262,계약완료,TITLE_MATCH,계약명,1,26763,"{""원본행번호"":""26763"",""계약일"":""2025-11-21"",""계약연도"":""2025"",""계약월"":""11"",""계약분기"":""Q4"",""연월"":""2025-11"",""계약명"":""'25년 공격드론 전투실험 임차용역(소형자폭드론)"",""계약업체"":""(주)풍산"",""계약기관"":""육군교육사령부"",""계약구분"":""용역"",""계약방법"":""수의계약"",""입찰방식"":""총액제"",""계약금액_원"":""41071000"",""계약금액_억원"":""0.41071"",""계약금액_조원"":""4.1071e-05"",""예정금액_원"":""41240262"",""예정금액_억원"":""0.41240262"",""예정금액_조원"":""4.1240262e-05"",""낙찰률"":""99.5896"",""낙찰률_구간"":""90~100%"",""낙찰률_결측여부"":""False"",""낙찰률_100초과여부"":""False"",""계약금액_0원여부"":""False"",""계약상태"":""계약완료"",""계약번호"":""2025LCM0087"",""결정번호"":""46036"",""계약일_원본"":""20251121"",""계약금액_원본"":""41071000"",""계약예정금액_원본"":""41240262"",""원본중복건수"":""1"",""원본중복행여부"":""False"",""드론_검색발견필드"":""계약명""}"
9088a2dddc4a16074796c375,2025LCM0085,2025-11-21,'25년 공격드론 전투실험 임차용역(발사형공격드론),(주)네스앤텍,육군교육사령부,29700000,29841674,계약완료,TITLE_MATCH,계약명,1,26761,"{""원본행번호"":""26761"",""계약일"":""2025-11-21"",""계약연도"":""2025"",""계약월"":""11"",""계약분기"":""Q4"",""연월"":""2025-11"",""계약명"":""'25년 공격드론 전투실험 임차용역(발사형공격드론)"",""계약업체"":""(주)네스앤텍"",""계약기관"":""육군교육사령부"",""계약구분"":""용역"",""계약방법"":""수의계약"",""입찰방식"":""총액제"",""계약금액_원"":""29700000"",""계약금액_억원"":""0.297"",""계약금액_조원"":""2.97e-05"",""예정금액_원"":""29841674"",""예정금액_억원"":""0.29841674"",""예정금액_조원"":""2.9841674e-05"",""낙찰률"":""99.5252"",""낙찰률_구간"":""90~100%"",""낙찰률_결측여부"":""False"",""낙찰률_100초과여부"":""False"",""계약금액_0원여부"":""False"",""계약상태"":""계약완료"",""계약번호"":""2025LCM0085"",""결정번호"":""46035"",""계약일_원본"":""20251121"",""계약금액_원본"":""29700000"",""계약예정금액_원본"":""29841674"",""원본중복건수"":""1"",""원본중복행여부"":""False"",""드론_검색발견필드"":""계약명""}"
e0c8ecc4a1b33034c8d924bd,2025LNG0177,2025-11-21,대항군용 소형드론 구매,주식회사 아쎄따,육군 제1군단,12500000,12500000,계약완료,TITLE_MATCH,계약명,1,26818,"{""원본행번호"":""26818"",""계약일"":""2025-11-21"",""계약연도"":""2025"",""계약월"":""11"",""계약분기"":""Q4"",""연월"":""2025-11"",""계약명"":""대항군용 소형드론 구매"",""계약업체"":""주식회사 아쎄따"",""계약기관"":""육군 제1군단"",""계약구분"":""물품"",""계약방법"":""수의계약"",""입찰방식"":""총액제"",""계약금액_원"":""12500000"",""계약금액_억원"":""0.125"",""계약금액_조원"":""1.25e-05"",""예정금액_원"":""12500000"",""예정금액_억원"":""0.125"",""예정금액_조원"":""1.25e-05"",""낙찰률"":""100.0"",""낙찰률_구간"":""100% 초과"",""낙찰률_결측여부"":""False"",""낙찰률_100초과여부"":""False"",""계약금액_0원여부"":""False"",""계약상태"":""계약완료"",""계약번호"":""2025LNG0177"",""결정번호"":""48320"",""계약일_원본"":""20251121"",""계약금액_원본"":""12500000"",""계약예정금액_원본"":""12500000"",""원본중복건수"":""1"",""원본중복행여부"":""False"",""드론_검색발견필드"":""계약명""}"
37eedab961e80d5e57ac0f77,2025LHG0122,2025-11-21,소총조준사격드론 배터리구매 2차,주식회사 유맥에어,제1862부대,12012000,12012000,계약완료,TITLE_MATCH,계약명,1,26786,"{""원본행번호"":""26786"",""계약일"":""2025-11-21"",""계약연도"":""2025"",""계약월"":""11"",""계약분기"":""Q4"",""연월"":""2025-11"",""계약명"":""소총조준사격드론 배터리구매 2차"",""계약업체"":""주식회사 유맥에어"",""계약기관"":""제1862부대"",""계약구분"":""물품"",""계약방법"":""수의계약"",""입찰방식"":""총액제"",""계약금액_원"":""12012000"",""계약금액_억원"":""0.12012"",""계약금액_조원"":""1.2012e-05"",""예정금액_원"":""12012000"",""예정금액_억원"":""0.12012"",""예정금액_조원"":""1.2012e-05"",""낙찰률"":""100.0"",""낙찰률_구간"":""100% 초과"",""낙찰률_결측여부"":""False"",""낙찰률_100초과여부"":""False"",""계약금액_0원여부"":""False"",""계약상태"":""계약완료"",""계약번호"":""2025LHG0122"",""결정번호"":""48692"",""계약일_원본"":""20251121"",""계약금액_원본"":""12012000"",""계약예정금액_원본"":""12012000"",""원본중복건수"":""1"",""원본중복행여부"":""False"",""드론_검색발견필드"":""계약명""}"
11d04a9e29ea65a4e279ea93,2025LCM0086,2025-11-21,'25년 드론봇 외국원서 번역용역,에이바랩 주식회사,육군교육사령부,10146000,10680000,계약완료,TITLE_MATCH,계약명,1,26762,"{""원본행번호"":""26762"",""계약일"":""2025-11-21"",""계약연도"":""2025"",""계약월"":""11"",""계약분기"":""Q4"",""연월"":""2025-11"",""계약명"":""'25년 드론봇 외국원서 번역용역"",""계약업체"":""에이바랩 주식회사"",""계약기관"":""육군교육사령부"",""계약구분"":""용역"",""계약방법"":""수의계약"",""입찰방식"":""총액제"",""계약금액_원"":""10146000"",""계약금액_억원"":""0.10146"",""계약금액_조원"":""1.0146e-05"",""예정금액_원"":""10680000"",""예정금액_억원"":""0.1068"",""예정금액_조원"":""1.068e-05"",""낙찰률"":""95.0"",""낙찰률_구간"":""90~100%"",""낙찰률_결측여부"":""False"",""낙찰률_100초과여부"":""False"",""계약금액_0원여부"":""False"",""계약상태"":""계약완료"",""계약번호"":""2025LCM0086"",""결정번호"":""48691"",""계약일_원본"":""20251121"",""계약금액_원본"":""10146000"",""계약예정금액_원본"":""10680000"",""원본중복건수"":""1"",""원본중복행여부"":""False"",""드론_검색발견필드"":""계약명""}"
c20f2666ce62bcb2d4f29f86,2025LBB0120,2025-11-24,'25년 경계용 드론 배터리 구매 (2차),(주)네스앤텍,제1군수지원여단,21505000,21505000,계약완료,TITLE_MATCH,계약명,1,26961,"{""원본행번호"":""26961"",""계약일"":""2025-11-24"",""계약연도"":""2025"",""계약월"":""11"",""계약분기"":""Q4"",""연월"":""2025-11"",""계약명"":""'25년 경계용 드론 배터리 구매 (2차)"",""계약업체"":""(주)네스앤텍"",""계약기관"":""제1군수지원여단"",""계약구분"":""물품"",""계약방법"":""수의계약"",""입찰방식"":""총액제"",""계약금액_원"":""21505000"",""계약금액_억원"":""0.21505"",""계약금액_조원"":""2.1505e-05"",""예정금액_원"":""21505000"",""예정금액_억원"":""0.21505"",""예정금액_조원"":""2.1505e-05"",""낙찰률"":""100.0"",""낙찰률_구간"":""100% 초과"",""낙찰률_결측여부"":""False"",""낙찰률_100초과여부"":""False"",""계약금액_0원여부"":""False"",""계약상태"":""계약완료"",""계약번호"":""2025LBB0120"",""결정번호"":""48565"",""계약일_원본"":""20251124"",""계약금액_원본"":""21505000"",""계약예정금액_원본"":""21505000"",""원본중복건수"":""1"",""원본중복행여부"":""False"",""드론_검색발견필드"":""계약명""}"
0437e22cc7a445f742cef300,2025LPT0039,2025-11-24,"상비예비군 드론훈련장 비품(TV, 거치대) 구매",서현산업,제75보병사단,2320000,2320000,계약완료,TITLE_MATCH,계약명,1,27048,"{""원본행번호"":""27048"",""계약일"":""2025-11-24"",""계약연도"":""2025"",""계약월"":""11"",""계약분기"":""Q4"",""연월"":""2025-11"",""계약명"":""상비예비군 드론훈련장 비품(TV, 거치대) 구매"",""계약업체"":""서현산업"",""계약기관"":""제75보병사단"",""계약구분"":""물품"",""계약방법"":""수의계약"",""입찰방식"":""총액제"",""계약금액_원"":""2320000"",""계약금액_억원"":""0.0232"",""계약금액_조원"":""2.32e-06"",""예정금액_원"":""2320000"",""예정금액_억원"":""0.0232"",""예정금액_조원"":""2.32e-06"",""낙찰률"":""100.0"",""낙찰률_구간"":""100% 초과"",""낙찰률_결측여부"":""False"",""낙찰률_100초과여부"":""False"",""계약금액_0원여부"":""False"",""계약상태"":""계약완료"",""계약번호"":""2025LPT0039"",""결정번호"":""48137"",""계약일_원본"":""20251124"",""계약금액_원본"":""2320000"",""계약예정금액_원본"":""2320000"",""원본중복건수"":""1"",""원본중복행여부"":""False"",""드론_검색발견필드"":""계약명""}"
e8d542828c754a0d0bc33770,2025LPG0131,2025-11-27,25-1차 소총조준사격드론 정비,주식회사 유맥에어,제5보병사단,20933000,20933000,계약완료,TITLE_MATCH,계약명,1,27561,"{""원본행번호"":""27561"",""계약일"":""2025-11-27"",""계약연도"":""2025"",""계약월"":""11"",""계약분기"":""Q4"",""연월"":""2025-11"",""계약명"":""25-1차 소총조준사격드론 정비"",""계약업체"":""주식회사 유맥에어"",""계약기관"":""제5보병사단"",""계약구분"":""용역"",""계약방법"":""수의계약"",""입찰방식"":""총액제"",""계약금액_원"":""20933000"",""계약금액_억원"":""0.20933"",""계약금액_조원"":""2.0933e-05"",""예정금액_원"":""20933000"",""예정금액_억원"":""0.20933"",""예정금액_조원"":""2.0933e-05"",""낙찰률"":""100.0"",""낙찰률_구간"":""100% 초과"",""낙찰률_결측여부"":""False"",""낙찰률_100초과여부"":""False"",""계약금액_0원여부"":""False"",""계약상태"":""계약완료"",""계약번호"":""2025LPG0131"",""결정번호"":""50627"",""계약일_원본"":""20251127"",""계약금액_원본"":""20933000"",""계약예정금액_원본"":""20933000"",""원본중복건수"":""1"",""원본중복행여부"":""False"",""드론_검색발견필드"":""계약명""}"
91261c4ba9f386141aa30560,2025LAZ0040,2025-11-27,무선 전파차단장비 구매설치,주식회사 쉴드케이,드론작전사령부,18810000,19800000,계약완료,CONTEXT_REVIEW,계약기관,1,27505,"{""원본행번호"":""27505"",""계약일"":""2025-11-27"",""계약연도"":""2025"",""계약월"":""11"",""계약분기"":""Q4"",""연월"":""2025-11"",""계약명"":""무선 전파차단장비 구매설치"",""계약업체"":""주식회사 쉴드케이"",""계약기관"":""드론작전사령부"",""계약구분"":""물품"",""계약방법"":""수의계약"",""입찰방식"":""총액제"",""계약금액_원"":""18810000"",""계약금액_억원"":""0.1881"",""계약금액_조원"":""1.881e-05"",""예정금액_원"":""19800000"",""예정금액_억원"":""0.198"",""예정금액_조원"":""1.98e-05"",""낙찰률"":""95.0"",""낙찰률_구간"":""90~100%"",""낙찰률_결측여부"":""False"",""낙찰률_100초과여부"":""False"",""계약금액_0원여부"":""False"",""계약상태"":""계약완료"",""계약번호"":""2025LAZ0040"",""결정번호"":""50682"",""계약일_원본"":""20251127"",""계약금액_원본"":""18810000"",""계약예정금액_원본"":""19800000"",""원본중복건수"":""1"",""원본중복행여부"":""False"",""드론_검색발견필드"":""계약기관""}"
055c4023bf9448211a741fe3,2025SCH0218,2025-11-28,25-3-39호 특수작전용 드론 등 3종 구매,수성알씨(수성RC),해군작전사령부,17300000,17322673,계약완료,TITLE_MATCH,계약명,1,27808,"{""원본행번호"":""27808"",""계약일"":""2025-11-28"",""계약연도"":""2025"",""계약월"":""11"",""계약분기"":""Q4"",""연월"":""2025-11"",""계약명"":""25-3-39호 특수작전용 드론 등 3종 구매"",""계약업체"":""수성알씨(수성RC)"",""계약기관"":""해군작전사령부"",""계약구분"":""물품"",""계약방법"":""수의계약"",""입찰방식"":""총액제"",""계약금액_원"":""17300000"",""계약금액_억원"":""0.173"",""계약금액_조원"":""1.73e-05"",""예정금액_원"":""17322673"",""예정금액_억원"":""0.17322673"",""예정금액_조원"":""1.7322673e-05"",""낙찰률"":""99.8691"",""낙찰률_구간"":""90~100%"",""낙찰률_결측여부"":""False"",""낙찰률_100초과여부"":""False"",""계약금액_0원여부"":""False"",""계약상태"":""계약완료"",""계약번호"":""2025SCH0218"",""결정번호"":""50303"",""계약일_원본"":""20251128"",""계약금액_원본"":""17300000"",""계약예정금액_원본"":""17322673"",""원본중복건수"":""1"",""원본중복행여부"":""False"",""드론_검색발견필드"":""계약명""}"
8f9e522c17bdb12fb54d1b6d,2025LAZ0042,2025-11-28,무선 도청탐지장비 구매설치(이동형 탐지 단말기),(주)지슨,드론작전사령부,16000000,20000000,계약완료,CONTEXT_REVIEW,계약기관,1,27686,"{""원본행번호"":""27686"",""계약일"":""2025-11-28"",""계약연도"":""2025"",""계약월"":""11"",""계약분기"":""Q4"",""연월"":""2025-11"",""계약명"":""무선 도청탐지장비 구매설치(이동형 탐지 단말기)"",""계약업체"":""(주)지슨"",""계약기관"":""드론작전사령부"",""계약구분"":""물품"",""계약방법"":""수의계약"",""입찰방식"":""총액제"",""계약금액_원"":""16000000"",""계약금액_억원"":""0.16"",""계약금액_조원"":""1.6e-05"",""예정금액_원"":""20000000"",""예정금액_억원"":""0.2"",""예정금액_조원"":""2e-05"",""낙찰률"":""80.0"",""낙찰률_구간"":""80~90%"",""낙찰률_결측여부"":""False"",""낙찰률_100초과여부"":""False"",""계약금액_0원여부"":""False"",""계약상태"":""계약완료"",""계약번호"":""2025LAZ0042"",""결정번호"":""51524"",""계약일_원본"":""20251128"",""계약금액_원본"":""16000000"",""계약예정금액_원본"":""20000000"",""원본중복건수"":""1"",""원본중복행여부"":""False"",""드론_검색발견필드"":""계약기관""}"
fceaacb81c986191589faf03,2025LAZ0041,2025-12-01,무선 도청탐지장비 구매설치(서버시스템 및 관리PC),(주)지슨,드론작전사령부,19000000,20000000,계약완료,CONTEXT_REVIEW,계약기관,1,27898,"{""원본행번호"":""27898"",""계약일"":""2025-12-01"",""계약연도"":""2025"",""계약월"":""12"",""계약분기"":""Q4"",""연월"":""2025-12"",""계약명"":""무선 도청탐지장비 구매설치(서버시스템 및 관리PC)"",""계약업체"":""(주)지슨"",""계약기관"":""드론작전사령부"",""계약구분"":""물품"",""계약방법"":""수의계약"",""입찰방식"":""총액제"",""계약금액_원"":""19000000"",""계약금액_억원"":""0.19"",""계약금액_조원"":""1.9e-05"",""예정금액_원"":""20000000"",""예정금액_억원"":""0.2"",""예정금액_조원"":""2e-05"",""낙찰률"":""95.0"",""낙찰률_구간"":""90~100%"",""낙찰률_결측여부"":""False"",""낙찰률_100초과여부"":""False"",""계약금액_0원여부"":""False"",""계약상태"":""계약완료"",""계약번호"":""2025LAZ0041"",""결정번호"":""51251"",""계약일_원본"":""20251201"",""계약금액_원본"":""19000000"",""계약예정금액_원본"":""20000000"",""원본중복건수"":""1"",""원본중복행여부"":""False"",""드론_검색발견필드"":""계약기관""}"
936931b223ca1ca2eb53ce93,2025LNS0107,2025-12-01,(통합)'25년 예비군부대 연습용 드론 제조납품,주식회사 포스웨이브,제55보병사단,10407980,11824406,계약완료,TITLE_MATCH,계약명,1,27960,"{""원본행번호"":""27960"",""계약일"":""2025-12-01"",""계약연도"":""2025"",""계약월"":""12"",""계약분기"":""Q4"",""연월"":""2025-12"",""계약명"":""(통합)'25년 예비군부대 연습용 드론 제조납품"",""계약업체"":""주식회사 포스웨이브"",""계약기관"":""제55보병사단"",""계약구분"":""물품"",""계약방법"":""제한경쟁"",""입찰방식"":""총액제"",""계약금액_원"":""10407980"",""계약금액_억원"":""0.1040798"",""계약금액_조원"":""1.040798e-05"",""예정금액_원"":""11824406"",""예정금액_억원"":""0.11824406"",""예정금액_조원"":""1.1824406e-05"",""낙찰률"":""88.021"",""낙찰률_구간"":""80~90%"",""낙찰률_결측여부"":""False"",""낙찰률_100초과여부"":""False"",""계약금액_0원여부"":""False"",""계약상태"":""계약완료"",""계약번호"":""2025LNS0107"",""결정번호"":""47548"",""계약일_원본"":""20251201"",""계약금액_원본"":""10407980"",""계약예정금액_원본"":""11824406"",""원본중복건수"":""1"",""원본중복행여부"":""False"",""드론_검색발견필드"":""계약명""}"
b889cff583bccfdd4da9bc10,2025LKH0141,2025-12-02,(육성)119-3대대 25-17차 작전용 드론 구매,주식회사 순돌이드론,제39보병사단,14060000,14060000,계약완료,TITLE_MATCH,"계약명, 계약업체",1,28145,"{""원본행번호"":""28145"",""계약일"":""2025-12-02"",""계약연도"":""2025"",""계약월"":""12"",""계약분기"":""Q4"",""연월"":""2025-12"",""계약명"":""(육성)119-3대대 25-17차 작전용 드론 구매"",""계약업체"":""주식회사 순돌이드론"",""계약기관"":""제39보병사단"",""계약구분"":""물품"",""계약방법"":""수의계약"",""입찰방식"":""총액제"",""계약금액_원"":""14060000"",""계약금액_억원"":""0.1406"",""계약금액_조원"":""1.406e-05"",""예정금액_원"":""14060000"",""예정금액_억원"":""0.1406"",""예정금액_조원"":""1.406e-05"",""낙찰률"":""100.0"",""낙찰률_구간"":""100% 초과"",""낙찰률_결측여부"":""False"",""낙찰률_100초과여부"":""False"",""계약금액_0원여부"":""False"",""계약상태"":""계약완료"",""계약번호"":""2025LKH0141"",""결정번호"":""51577"",""계약일_원본"":""20251202"",""계약금액_원본"":""14060000"",""계약예정금액_원본"":""14060000"",""원본중복건수"":""1"",""원본중복행여부"":""False"",""드론_검색발견필드"":""계약명, 계약업체""}"
519ea51f12c1819bc91c3dce,2025LPC0149,2025-12-02,소총사격드론 KCMVP 성능개량 용역,주식회사 유맥에어,제25보병사단,12848000,12848000,계약완료,TITLE_MATCH,계약명,1,28161,"{""원본행번호"":""28161"",""계약일"":""2025-12-02"",""계약연도"":""2025"",""계약월"":""12"",""계약분기"":""Q4"",""연월"":""2025-12"",""계약명"":""소총사격드론 KCMVP 성능개량 용역"",""계약업체"":""주식회사 유맥에어"",""계약기관"":""제25보병사단"",""계약구분"":""용역"",""계약방법"":""수의계약"",""입찰방식"":""총액제"",""계약금액_원"":""12848000"",""계약금액_억원"":""0.12848"",""계약금액_조원"":""1.2848e-05"",""예정금액_원"":""12848000"",""예정금액_억원"":""0.12848"",""예정금액_조원"":""1.2848e-05"",""낙찰률"":""100.0"",""낙찰률_구간"":""100% 초과"",""낙찰률_결측여부"":""False"",""낙찰률_100초과여부"":""False"",""계약금액_0원여부"":""False"",""계약상태"":""계약완료"",""계약번호"":""2025LPC0149"",""결정번호"":""51665"",""계약일_원본"":""20251202"",""계약금액_원본"":""12848000"",""계약예정금액_원본"":""12848000"",""원본중복건수"":""1"",""원본중복행여부"":""False"",""드론_검색발견필드"":""계약명""}"
188978cffa6808241c6167e5,2025LKG0359,2025-12-02,(53사단)19해감대 드론 배터리 구매,(주)네스앤텍,육군제53보병사단,10078090,10283790,계약완료,TITLE_MATCH,계약명,1,28144,"{""원본행번호"":""28144"",""계약일"":""2025-12-02"",""계약연도"":""2025"",""계약월"":""12"",""계약분기"":""Q4"",""연월"":""2025-12"",""계약명"":""(53사단)19해감대 드론 배터리 구매"",""계약업체"":""(주)네스앤텍"",""계약기관"":""육군제53보병사단"",""계약구분"":""물품"",""계약방법"":""수의계약"",""입찰방식"":""총액제"",""계약금액_원"":""10078090"",""계약금액_억원"":""0.1007809"",""계약금액_조원"":""1.007809e-05"",""예정금액_원"":""10283790"",""예정금액_억원"":""0.1028379"",""예정금액_조원"":""1.028379e-05"",""낙찰률"":""98.0"",""낙찰률_구간"":""90~100%"",""낙찰률_결측여부"":""False"",""낙찰률_100초과여부"":""False"",""계약금액_0원여부"":""False"",""계약상태"":""계약완료"",""계약번호"":""2025LKG0359"",""결정번호"":""51618"",""계약일_원본"":""20251202"",""계약금액_원본"":""10078090"",""계약예정금액_원본"":""10283790"",""원본중복건수"":""1"",""원본중복행여부"":""False"",""드론_검색발견필드"":""계약명""}"
ff7548f7475db7007c298b21,2025LGQ0084,2025-12-03,"25년 드론시뮬레이터, 모니터 구매",캣츠,제36보병사단,15570000,15570000,계약완료,TITLE_MATCH,계약명,1,28279,"{""원본행번호"":""28279"",""계약일"":""2025-12-03"",""계약연도"":""2025"",""계약월"":""12"",""계약분기"":""Q4"",""연월"":""2025-12"",""계약명"":""25년 드론시뮬레이터, 모니터 구매"",""계약업체"":""캣츠"",""계약기관"":""제36보병사단"",""계약구분"":""물품"",""계약방법"":""수의계약"",""입찰방식"":""총액제"",""계약금액_원"":""15570000"",""계약금액_억원"":""0.1557"",""계약금액_조원"":""1.557e-05"",""예정금액_원"":""15570000"",""예정금액_억원"":""0.1557"",""예정금액_조원"":""1.557e-05"",""낙찰률"":""100.0"",""낙찰률_구간"":""100% 초과"",""낙찰률_결측여부"":""False"",""낙찰률_100초과여부"":""False"",""계약금액_0원여부"":""False"",""계약상태"":""계약완료"",""계약번호"":""2025LGQ0084"",""결정번호"":""52163"",""계약일_원본"":""20251203"",""계약금액_원본"":""15570000"",""계약예정금액_원본"":""15570000"",""원본중복건수"":""1"",""원본중복행여부"":""False"",""드론_검색발견필드"":""계약명""}"
2dc287fbb78439fc98e6c44e,2025SFC0154,2025-12-03,FPV드론 구매,유진유통,제9691부대,2795000,2817647,계약완료,TITLE_MATCH,계약명,1,28357,"{""원본행번호"":""28357"",""계약일"":""2025-12-03"",""계약연도"":""2025"",""계약월"":""12"",""계약분기"":""Q4"",""연월"":""2025-12"",""계약명"":""FPV드론 구매"",""계약업체"":""유진유통"",""계약기관"":""제9691부대"",""계약구분"":""물품"",""계약방법"":""수의계약"",""입찰방식"":""총액제"",""계약금액_원"":""2795000"",""계약금액_억원"":""0.02795"",""계약금액_조원"":""2.795e-06"",""예정금액_원"":""2817647"",""예정금액_억원"":""0.02817647"",""예정금액_조원"":""2.817647e-06"",""낙찰률"":""99.196"",""낙찰률_구간"":""90~100%"",""낙찰률_결측여부"":""False"",""낙찰률_100초과여부"":""False"",""계약금액_0원여부"":""False"",""계약상태"":""계약완료"",""계약번호"":""2025SFC0154"",""결정번호"":""49438"",""계약일_원본"":""20251203"",""계약금액_원본"":""2795000"",""계약예정금액_원본"":""2817647"",""원본중복건수"":""1"",""원본중복행여부"":""False"",""드론_검색발견필드"":""계약명""}"
799f1e307dc9ca843206dd6b,2025SFC0153,2025-12-03,25-덕-드론시뮬레이터 구매,유진유통,제9691부대,1585000,1601010,계약완료,TITLE_MATCH,계약명,1,28356,"{""원본행번호"":""28356"",""계약일"":""2025-12-03"",""계약연도"":""2025"",""계약월"":""12"",""계약분기"":""Q4"",""연월"":""2025-12"",""계약명"":""25-덕-드론시뮬레이터 구매"",""계약업체"":""유진유통"",""계약기관"":""제9691부대"",""계약구분"":""물품"",""계약방법"":""수의계약"",""입찰방식"":""총액제"",""계약금액_원"":""1585000"",""계약금액_억원"":""0.01585"",""계약금액_조원"":""1.585e-06"",""예정금액_원"":""1601010"",""예정금액_억원"":""0.0160101"",""예정금액_조원"":""1.60101e-06"",""낙찰률"":""99.0"",""낙찰률_구간"":""90~100%"",""낙찰률_결측여부"":""False"",""낙찰률_100초과여부"":""False"",""계약금액_0원여부"":""False"",""계약상태"":""계약완료"",""계약번호"":""2025SFC0153"",""결정번호"":""49439"",""계약일_원본"":""20251203"",""계약금액_원본"":""1585000"",""계약예정금액_원본"":""1601010"",""원본중복건수"":""1"",""원본중복행여부"":""False"",""드론_검색발견필드"":""계약명""}"
e047a1e2bfde7a364519b1e3,2025LGT0286,2025-12-04,항공장비(소총조준사격드론) KCMVP 성능개량 용역,주식회사 유맥에어,3군단,17127000,17127000,계약완료,TITLE_MATCH,계약명,2,28451,"{""원본행번호"":""28451"",""계약일"":""2025-12-04"",""계약연도"":""2025"",""계약월"":""12"",""계약분기"":""Q4"",""연월"":""2025-12"",""계약명"":""항공장비(소총조준사격드론) KCMVP 성능개량 용역"",""계약업체"":""주식회사 유맥에어"",""계약기관"":""3군단"",""계약구분"":""용역"",""계약방법"":""수의계약"",""입찰방식"":""총액제"",""계약금액_원"":""17127000"",""계약금액_억원"":""0.17127"",""계약금액_조원"":""1.7127e-05"",""예정금액_원"":""17127000"",""예정금액_억원"":""0.17127"",""예정금액_조원"":""1.7127e-05"",""낙찰률"":""100.0"",""낙찰률_구간"":""100% 초과"",""낙찰률_결측여부"":""False"",""낙찰률_100초과여부"":""False"",""계약금액_0원여부"":""False"",""계약상태"":""계약완료"",""계약번호"":""2025LGT0286"",""결정번호"":""52336"",""계약일_원본"":""20251204"",""계약금액_원본"":""17127000"",""계약예정금액_원본"":""17127000"",""원본중복건수"":""2"",""원본중복행여부"":""True"",""드론_검색발견필드"":""계약명""}"
da73484b6717f1664793928c,2025LPT0045,2025-12-04,상비예비군 드론훈련장(드론용배터리) 구매,(주)두시텍,제75보병사단,3300000,3300000,계약완료,TITLE_MATCH,계약명,1,28495,"{""원본행번호"":""28495"",""계약일"":""2025-12-04"",""계약연도"":""2025"",""계약월"":""12"",""계약분기"":""Q4"",""연월"":""2025-12"",""계약명"":""상비예비군 드론훈련장(드론용배터리) 구매"",""계약업체"":""(주)두시텍"",""계약기관"":""제75보병사단"",""계약구분"":""물품"",""계약방법"":""수의계약"",""입찰방식"":""총액제"",""계약금액_원"":""3300000"",""계약금액_억원"":""0.033"",""계약금액_조원"":""3.3e-06"",""예정금액_원"":""3300000"",""예정금액_억원"":""0.033"",""예정금액_조원"":""3.3e-06"",""낙찰률"":""100.0"",""낙찰률_구간"":""100% 초과"",""낙찰률_결측여부"":""False"",""낙찰률_100초과여부"":""False"",""계약금액_0원여부"":""False"",""계약상태"":""계약완료"",""계약번호"":""2025LPT0045"",""결정번호"":""51516"",""계약일_원본"":""20251204"",""계약금액_원본"":""3300000"",""계약예정금액_원본"":""3300000"",""원본중복건수"":""1"",""원본중복행여부"":""False"",""드론_검색발견필드"":""계약명""}"
2121343e1b776230b879573f,2025MCH0038,2025-12-05,3-3(취재) 취재팀(사진) 지원 장비 구매(드론),주식회사 모즈인터내셔날,국방홍보원,4779000,4779000,계약완료,TITLE_MATCH,계약명,1,28651,"{""원본행번호"":""28651"",""계약일"":""2025-12-05"",""계약연도"":""2025"",""계약월"":""12"",""계약분기"":""Q4"",""연월"":""2025-12"",""계약명"":""3-3(취재) 취재팀(사진) 지원 장비 구매(드론)"",""계약업체"":""주식회사 모즈인터내셔날"",""계약기관"":""국방홍보원"",""계약구분"":""물품"",""계약방법"":""수의계약"",""입찰방식"":""총액제"",""계약금액_원"":""4779000"",""계약금액_억원"":""0.04779"",""계약금액_조원"":""4.779e-06"",""예정금액_원"":""4779000"",""예정금액_억원"":""0.04779"",""예정금액_조원"":""4.779e-06"",""낙찰률"":""100.0"",""낙찰률_구간"":""100% 초과"",""낙찰률_결측여부"":""False"",""낙찰률_100초과여부"":""False"",""계약금액_0원여부"":""False"",""계약상태"":""계약완료"",""계약번호"":""2025MCH0038"",""결정번호"":""53104"",""계약일_원본"":""20251205"",""계약금액_원본"":""4779000"",""계약예정금액_원본"":""4779000"",""원본중복건수"":""1"",""원본중복행여부"":""False"",""드론_검색발견필드"":""계약명""}"
d2772a71cf1a733f1e3a151f,2025LCM0096,2025-12-08,'25년 드론봇 외국원서 감수용역,브리콤,육군교육사령부,4272000,4272000,계약완료,TITLE_MATCH,계약명,1,28794,"{""원본행번호"":""28794"",""계약일"":""2025-12-08"",""계약연도"":""2025"",""계약월"":""12"",""계약분기"":""Q4"",""연월"":""2025-12"",""계약명"":""'25년 드론봇 외국원서 감수용역"",""계약업체"":""브리콤"",""계약기관"":""육군교육사령부"",""계약구분"":""용역"",""계약방법"":""수의계약"",""입찰방식"":""총액제"",""계약금액_원"":""4272000"",""계약금액_억원"":""0.04272"",""계약금액_조원"":""4.272e-06"",""예정금액_원"":""4272000"",""예정금액_억원"":""0.04272"",""예정금액_조원"":""4.272e-06"",""낙찰률"":""100.0"",""낙찰률_구간"":""100% 초과"",""낙찰률_결측여부"":""False"",""낙찰률_100초과여부"":""False"",""계약금액_0원여부"":""False"",""계약상태"":""계약완료"",""계약번호"":""2025LCM0096"",""결정번호"":""52261"",""계약일_원본"":""20251208"",""계약금액_원본"":""4272000"",""계약예정금액_원본"":""4272000"",""원본중복건수"":""1"",""원본중복행여부"":""False"",""드론_검색발견필드"":""계약명""}"
b701b637a0959e99646d5c37,2025LKM0109,2025-12-11,(육성) 작전용드론 제조구매,캣츠,제2632부대,41487800,46943563,계약완료,TITLE_MATCH,계약명,1,29319,"{""원본행번호"":""29319"",""계약일"":""2025-12-11"",""계약연도"":""2025"",""계약월"":""12"",""계약분기"":""Q4"",""연월"":""2025-12"",""계약명"":""(육성) 작전용드론 제조구매"",""계약업체"":""캣츠"",""계약기관"":""제2632부대"",""계약구분"":""물품"",""계약방법"":""제한경쟁"",""입찰방식"":""총액제"",""계약금액_원"":""41487800"",""계약금액_억원"":""0.414878"",""계약금액_조원"":""4.14878e-05"",""예정금액_원"":""46943563"",""예정금액_억원"":""0.46943563"",""예정금액_조원"":""4.6943563e-05"",""낙찰률"":""88.378"",""낙찰률_구간"":""80~90%"",""낙찰률_결측여부"":""False"",""낙찰률_100초과여부"":""False"",""계약금액_0원여부"":""False"",""계약상태"":""계약완료"",""계약번호"":""2025LKM0109"",""결정번호"":""40620"",""계약일_원본"":""20251211"",""계약금액_원본"":""41487800"",""계약예정금액_원본"":""46943563"",""원본중복건수"":""1"",""원본중복행여부"":""False"",""드론_검색발견필드"":""계약명""}"
51bec77091414fd1600b9e4f,2025LHM0142,2025-12-11,(25-탄-15) 소총조준사격드론 KCMVP 인증서 갱신 용역,주식회사 유맥에어,제15보병사단,6424000,6424000,계약완료,TITLE_MATCH,계약명,1,29308,"{""원본행번호"":""29308"",""계약일"":""2025-12-11"",""계약연도"":""2025"",""계약월"":""12"",""계약분기"":""Q4"",""연월"":""2025-12"",""계약명"":""(25-탄-15) 소총조준사격드론 KCMVP 인증서 갱신 용역"",""계약업체"":""주식회사 유맥에어"",""계약기관"":""제15보병사단"",""계약구분"":""용역"",""계약방법"":""수의계약"",""입찰방식"":""총액제"",""계약금액_원"":""6424000"",""계약금액_억원"":""0.06424"",""계약금액_조원"":""6.424e-06"",""예정금액_원"":""6424000"",""예정금액_억원"":""0.06424"",""예정금액_조원"":""6.424e-06"",""낙찰률"":""100.0"",""낙찰률_구간"":""100% 초과"",""낙찰률_결측여부"":""False"",""낙찰률_100초과여부"":""False"",""계약금액_0원여부"":""False"",""계약상태"":""계약완료"",""계약번호"":""2025LHM0142"",""결정번호"":""54550"",""계약일_원본"":""20251211"",""계약금액_원본"":""6424000"",""계약예정금액_원본"":""6424000"",""원본중복건수"":""1"",""원본중복행여부"":""False"",""드론_검색발견필드"":""계약명""}"
ead0ba81024ec8d5188bfc3e,2025SCF1009,2025-12-12,'25년 해군 드론 유지보수 용역,주식회사 자이언트드론,해군군수사령부,320207360,366168029,계약완료,TITLE_MATCH,"계약명, 계약업체",1,29578,"{""원본행번호"":""29578"",""계약일"":""2025-12-12"",""계약연도"":""2025"",""계약월"":""12"",""계약분기"":""Q4"",""연월"":""2025-12"",""계약명"":""'25년 해군 드론 유지보수 용역"",""계약업체"":""주식회사 자이언트드론"",""계약기관"":""해군군수사령부"",""계약구분"":""용역"",""계약방법"":""일반경쟁"",""입찰방식"":""총액제"",""계약금액_원"":""320207360"",""계약금액_억원"":""3.2020736"",""계약금액_조원"":""0.00032020736"",""예정금액_원"":""366168029"",""예정금액_억원"":""3.66168029"",""예정금액_조원"":""0.000366168029"",""낙찰률"":""87.448"",""낙찰률_구간"":""80~90%"",""낙찰률_결측여부"":""False"",""낙찰률_100초과여부"":""False"",""계약금액_0원여부"":""False"",""계약상태"":""계약완료"",""계약번호"":""2025SCF1009"",""결정번호"":""45990"",""계약일_원본"":""20251212"",""계약금액_원본"":""320207360"",""계약예정금액_원본"":""366168029"",""원본중복건수"":""1"",""원본중복행여부"":""False"",""드론_검색발견필드"":""계약명, 계약업체""}"
942b6a02c6be9fe1ddae9e74,2025LQG0109,2025-12-12,(육성) 00부대 드론 재밍건 제조 납품,주식회사 코렉스,육군 52보병사단,97954160,111158440,계약완료,TITLE_MATCH,계약명,1,29543,"{""원본행번호"":""29543"",""계약일"":""2025-12-12"",""계약연도"":""2025"",""계약월"":""12"",""계약분기"":""Q4"",""연월"":""2025-12"",""계약명"":""(육성) 00부대 드론 재밍건 제조 납품"",""계약업체"":""주식회사 코렉스"",""계약기관"":""육군 52보병사단"",""계약구분"":""물품"",""계약방법"":""제한경쟁"",""입찰방식"":""총액제"",""계약금액_원"":""97954160"",""계약금액_억원"":""0.9795416"",""계약금액_조원"":""9.795416e-05"",""예정금액_원"":""111158440"",""예정금액_억원"":""1.1115844"",""예정금액_조원"":""0.00011115844"",""낙찰률"":""88.121"",""낙찰률_구간"":""80~90%"",""낙찰률_결측여부"":""False"",""낙찰률_100초과여부"":""False"",""계약금액_0원여부"":""False"",""계약상태"":""계약완료"",""계약번호"":""2025LQG0109"",""결정번호"":""40651"",""계약일_원본"":""20251212"",""계약금액_원본"":""97954160"",""계약예정금액_원본"":""111158440"",""원본중복건수"":""1"",""원본중복행여부"":""False"",""드론_검색발견필드"":""계약명""}"
29cdf1a9956a5a5779523510,2025LGQ0056,2025-12-12,25년 감시정찰용 드론 구매,주식회사 발렌베리,제36보병사단,64562940,73309404,계약완료,TITLE_MATCH,계약명,1,29479,"{""원본행번호"":""29479"",""계약일"":""2025-12-12"",""계약연도"":""2025"",""계약월"":""12"",""계약분기"":""Q4"",""연월"":""2025-12"",""계약명"":""25년 감시정찰용 드론 구매"",""계약업체"":""주식회사 발렌베리"",""계약기관"":""제36보병사단"",""계약구분"":""물품"",""계약방법"":""제한경쟁"",""입찰방식"":""총액제"",""계약금액_원"":""64562940"",""계약금액_억원"":""0.6456294"",""계약금액_조원"":""6.456294e-05"",""예정금액_원"":""73309404"",""예정금액_억원"":""0.73309404"",""예정금액_조원"":""7.3309404e-05"",""낙찰률"":""88.069"",""낙찰률_구간"":""80~90%"",""낙찰률_결측여부"":""False"",""낙찰률_100초과여부"":""False"",""계약금액_0원여부"":""False"",""계약상태"":""계약완료"",""계약번호"":""2025LGQ0056"",""결정번호"":""37418"",""계약일_원본"":""20251212"",""계약금액_원본"":""64562940"",""계약예정금액_원본"":""73309404"",""원본중복건수"":""1"",""원본중복행여부"":""False"",""드론_검색발견필드"":""계약명""}"
145c702af77f1f38491e048c,2025LHR0102,2025-12-12,25년 드론장애물 교보재 구매,남광기업사,육군 제37보병사단,5600000,5600000,계약완료,TITLE_MATCH,계약명,1,29505,"{""원본행번호"":""29505"",""계약일"":""2025-12-12"",""계약연도"":""2025"",""계약월"":""12"",""계약분기"":""Q4"",""연월"":""2025-12"",""계약명"":""25년 드론장애물 교보재 구매"",""계약업체"":""남광기업사"",""계약기관"":""육군 제37보병사단"",""계약구분"":""물품"",""계약방법"":""수의계약"",""입찰방식"":""총액제"",""계약금액_원"":""5600000"",""계약금액_억원"":""0.056"",""계약금액_조원"":""5.6e-06"",""예정금액_원"":""5600000"",""예정금액_억원"":""0.056"",""예정금액_조원"":""5.6e-06"",""낙찰률"":""100.0"",""낙찰률_구간"":""100% 초과"",""낙찰률_결측여부"":""False"",""낙찰률_100초과여부"":""False"",""계약금액_0원여부"":""False"",""계약상태"":""계약완료"",""계약번호"":""2025LHR0102"",""결정번호"":""54763"",""계약일_원본"":""20251212"",""계약금액_원본"":""5600000"",""계약예정금액_원본"":""5600000"",""원본중복건수"":""1"",""원본중복행여부"":""False"",""드론_검색발견필드"":""계약명""}"
bb9b19d9d4748759fac36289,2024SCF0941,2025-12-15,초경량 무인비행장치(드론) 유지보수 정비,주식회사 자이언트드론,해군군수사령부,365181660,415613122,계약완료,TITLE_MATCH,"계약명, 계약업체",1,29639,"{""원본행번호"":""29639"",""계약일"":""2025-12-15"",""계약연도"":""2025"",""계약월"":""12"",""계약분기"":""Q4"",""연월"":""2025-12"",""계약명"":""초경량 무인비행장치(드론) 유지보수 정비"",""계약업체"":""주식회사 자이언트드론"",""계약기관"":""해군군수사령부"",""계약구분"":""물품"",""계약방법"":""일반경쟁"",""입찰방식"":""총액제"",""계약금액_원"":""365181660"",""계약금액_억원"":""3.6518166"",""계약금액_조원"":""0.00036518166"",""예정금액_원"":""415613122"",""예정금액_억원"":""4.15613122"",""예정금액_조원"":""0.000415613122"",""낙찰률"":""88.596"",""낙찰률_구간"":""80~90%"",""낙찰률_결측여부"":""False"",""낙찰률_100초과여부"":""False"",""계약금액_0원여부"":""False"",""계약상태"":""계약완료"",""계약번호"":""2024SCF0941"",""결정번호"":""41857"",""계약일_원본"":""20251215"",""계약금액_원본"":""365181660"",""계약예정금액_원본"":""415613122"",""원본중복건수"":""1"",""원본중복행여부"":""False"",""드론_검색발견필드"":""계약명, 계약업체""}"
47730f27ff95d7a5450d6e52,2025LPG0150,2025-12-16,25-2차 소총조준사격드론 정비,주식회사 유맥에어,제5보병사단,19206180,19206180,계약완료,TITLE_MATCH,계약명,1,29940,"{""원본행번호"":""29940"",""계약일"":""2025-12-16"",""계약연도"":""2025"",""계약월"":""12"",""계약분기"":""Q4"",""연월"":""2025-12"",""계약명"":""25-2차 소총조준사격드론 정비"",""계약업체"":""주식회사 유맥에어"",""계약기관"":""제5보병사단"",""계약구분"":""용역"",""계약방법"":""수의계약"",""입찰방식"":""총액제"",""계약금액_원"":""19206180"",""계약금액_억원"":""0.1920618"",""계약금액_조원"":""1.920618e-05"",""예정금액_원"":""19206180"",""예정금액_억원"":""0.1920618"",""예정금액_조원"":""1.920618e-05"",""낙찰률"":""100.0"",""낙찰률_구간"":""100% 초과"",""낙찰률_결측여부"":""False"",""낙찰률_100초과여부"":""False"",""계약금액_0원여부"":""False"",""계약상태"":""계약완료"",""계약번호"":""2025LPG0150"",""결정번호"":""55662"",""계약일_원본"":""20251216"",""계약금액_원본"":""19206180"",""계약예정금액_원본"":""19206180"",""원본중복건수"":""1"",""원본중복행여부"":""False"",""드론_검색발견필드"":""계약명""}"
617799cb9795a9d94a6a1234,2025LCZ0099,2025-12-16,25년 사령부 드론교육센터 사무비품 구매(가구),유림기업,동원전력사령부,5780000,5780000,계약완료,TITLE_MATCH,계약명,1,29853,"{""원본행번호"":""29853"",""계약일"":""2025-12-16"",""계약연도"":""2025"",""계약월"":""12"",""계약분기"":""Q4"",""연월"":""2025-12"",""계약명"":""25년 사령부 드론교육센터 사무비품 구매(가구)"",""계약업체"":""유림기업"",""계약기관"":""동원전력사령부"",""계약구분"":""물품"",""계약방법"":""수의계약"",""입찰방식"":""총액제"",""계약금액_원"":""5780000"",""계약금액_억원"":""0.0578"",""계약금액_조원"":""5.78e-06"",""예정금액_원"":""5780000"",""예정금액_억원"":""0.0578"",""예정금액_조원"":""5.78e-06"",""낙찰률"":""100.0"",""낙찰률_구간"":""100% 초과"",""낙찰률_결측여부"":""False"",""낙찰률_100초과여부"":""False"",""계약금액_0원여부"":""False"",""계약상태"":""계약완료"",""계약번호"":""2025LCZ0099"",""결정번호"":""54923"",""계약일_원본"":""20251216"",""계약금액_원본"":""5780000"",""계약예정금액_원본"":""5780000"",""원본중복건수"":""1"",""원본중복행여부"":""False"",""드론_검색발견필드"":""계약명""}"
e5616976f5bca771ee258667,2025LFN0035,2025-12-17,25년 생도 드론3종 자격증 취득 용역,주식회사 이십칠,육군3사관학교,113778000,101530193,계약완료,TITLE_MATCH,계약명,1,30044,"{""원본행번호"":""30044"",""계약일"":""2025-12-17"",""계약연도"":""2025"",""계약월"":""12"",""계약분기"":""Q4"",""연월"":""2025-12"",""계약명"":""25년 생도 드론3종 자격증 취득 용역"",""계약업체"":""주식회사 이십칠"",""계약기관"":""육군3사관학교"",""계약구분"":""용역"",""계약방법"":""수의계약"",""입찰방식"":""총액제"",""계약금액_원"":""113778000"",""계약금액_억원"":""1.13778"",""계약금액_조원"":""0.000113778"",""예정금액_원"":""101530193"",""예정금액_억원"":""1.01530193"",""예정금액_조원"":""0.000101530193"",""낙찰률"":""89.65"",""낙찰률_구간"":""80~90%"",""낙찰률_결측여부"":""False"",""낙찰률_100초과여부"":""False"",""계약금액_0원여부"":""False"",""계약상태"":""계약완료"",""계약번호"":""2025LFN0035"",""결정번호"":""15811"",""계약일_원본"":""20251217"",""계약금액_원본"":""113778000"",""계약예정금액_원본"":""101530193"",""원본중복건수"":""1"",""원본중복행여부"":""False"",""드론_검색발견필드"":""계약명""}"
4861c2761b3c9a7a4ef0e91b,2025LKT0069,2025-12-17,25-345차 육성지원예산 감시정찰용 드론 제조구매,주식회사 포스웨이브,제31보병사단,77835740,88028526,계약완료,TITLE_MATCH,계약명,1,30087,"{""원본행번호"":""30087"",""계약일"":""2025-12-17"",""계약연도"":""2025"",""계약월"":""12"",""계약분기"":""Q4"",""연월"":""2025-12"",""계약명"":""25-345차 육성지원예산 감시정찰용 드론 제조구매"",""계약업체"":""주식회사 포스웨이브"",""계약기관"":""제31보병사단"",""계약구분"":""물품"",""계약방법"":""제한경쟁"",""입찰방식"":""총액제"",""계약금액_원"":""77835740"",""계약금액_억원"":""0.7783574"",""계약금액_조원"":""7.783574e-05"",""예정금액_원"":""88028526"",""예정금액_억원"":""0.88028526"",""예정금액_조원"":""8.8028526e-05"",""낙찰률"":""88.421"",""낙찰률_구간"":""80~90%"",""낙찰률_결측여부"":""False"",""낙찰률_100초과여부"":""False"",""계약금액_0원여부"":""False"",""계약상태"":""계약완료"",""계약번호"":""2025LKT0069"",""결정번호"":""32492"",""계약일_원본"":""20251217"",""계약금액_원본"":""77835740"",""계약예정금액_원본"":""88028526"",""원본중복건수"":""1"",""원본중복행여부"":""False"",""드론_검색발견필드"":""계약명""}"
fc84290a60a6ef7a17195941,2025LCZ0098,2025-12-17,25년 사령부 드론교육센터 드론 및 시뮬레이터 구매,캣츠,동원전력사령부,41742000,41742000,계약완료,TITLE_MATCH,계약명,1,30036,"{""원본행번호"":""30036"",""계약일"":""2025-12-17"",""계약연도"":""2025"",""계약월"":""12"",""계약분기"":""Q4"",""연월"":""2025-12"",""계약명"":""25년 사령부 드론교육센터 드론 및 시뮬레이터 구매"",""계약업체"":""캣츠"",""계약기관"":""동원전력사령부"",""계약구분"":""물품"",""계약방법"":""수의계약"",""입찰방식"":""총액제"",""계약금액_원"":""41742000"",""계약금액_억원"":""0.41742"",""계약금액_조원"":""4.1742e-05"",""예정금액_원"":""41742000"",""예정금액_억원"":""0.41742"",""예정금액_조원"":""4.1742e-05"",""낙찰률"":""100.0"",""낙찰률_구간"":""100% 초과"",""낙찰률_결측여부"":""False"",""낙찰률_100초과여부"":""False"",""계약금액_0원여부"":""False"",""계약상태"":""계약완료"",""계약번호"":""2025LCZ0098"",""결정번호"":""54913"",""계약일_원본"":""20251217"",""계약금액_원본"":""41742000"",""계약예정금액_원본"":""41742000"",""원본중복건수"":""1"",""원본중복행여부"":""False"",""드론_검색발견필드"":""계약명""}"
9da90b47f51142c4bc5fe9e8,2025LNQ0177,2025-12-18,안티드론건 제조 구매,주식회사 신안정보통신,제17보병사단,146810850,166427269,계약완료,TITLE_MATCH,계약명,1,30259,"{""원본행번호"":""30259"",""계약일"":""2025-12-18"",""계약연도"":""2025"",""계약월"":""12"",""계약분기"":""Q4"",""연월"":""2025-12"",""계약명"":""안티드론건 제조 구매"",""계약업체"":""주식회사 신안정보통신"",""계약기관"":""제17보병사단"",""계약구분"":""물품"",""계약방법"":""제한경쟁"",""입찰방식"":""총액제"",""계약금액_원"":""146810850"",""계약금액_억원"":""1.4681085"",""계약금액_조원"":""0.00014681085"",""예정금액_원"":""166427269"",""예정금액_억원"":""1.66427269"",""예정금액_조원"":""0.000166427269"",""낙찰률"":""88.213"",""낙찰률_구간"":""80~90%"",""낙찰률_결측여부"":""False"",""낙찰률_100초과여부"":""False"",""계약금액_0원여부"":""False"",""계약상태"":""계약완료"",""계약번호"":""2025LNQ0177"",""결정번호"":""50331"",""계약일_원본"":""20251218"",""계약금액_원본"":""146810850"",""계약예정금액_원본"":""166427269"",""원본중복건수"":""1"",""원본중복행여부"":""False"",""드론_검색발견필드"":""계약명""}"
1a401104731e20e5f99dd92b,2025LCZ0101,2025-12-18,25년 사령부 드론교육센터 사무비품 구매(PC),대산드론,동원전력사령부,20030000,20030000,계약완료,TITLE_MATCH,"계약명, 계약업체",1,30205,"{""원본행번호"":""30205"",""계약일"":""2025-12-18"",""계약연도"":""2025"",""계약월"":""12"",""계약분기"":""Q4"",""연월"":""2025-12"",""계약명"":""25년 사령부 드론교육센터 사무비품 구매(PC)"",""계약업체"":""대산드론"",""계약기관"":""동원전력사령부"",""계약구분"":""물품"",""계약방법"":""수의계약"",""입찰방식"":""총액제"",""계약금액_원"":""20030000"",""계약금액_억원"":""0.2003"",""계약금액_조원"":""2.003e-05"",""예정금액_원"":""20030000"",""예정금액_억원"":""0.2003"",""예정금액_조원"":""2.003e-05"",""낙찰률"":""100.0"",""낙찰률_구간"":""100% 초과"",""낙찰률_결측여부"":""False"",""낙찰률_100초과여부"":""False"",""계약금액_0원여부"":""False"",""계약상태"":""계약완료"",""계약번호"":""2025LCZ0101"",""결정번호"":""55782"",""계약일_원본"":""20251218"",""계약금액_원본"":""20030000"",""계약예정금액_원본"":""20030000"",""원본중복건수"":""1"",""원본중복행여부"":""False"",""드론_검색발견필드"":""계약명, 계약업체""}"
ce2a8e1359efc74afb99f5b5,2025LNS0096,2025-12-19,(통합)'25년 예비군부대 정찰용 드론 제조납품,주식회사 포스웨이브,제55보병사단,81397280,92439869,계약완료,TITLE_MATCH,계약명,1,30417,"{""원본행번호"":""30417"",""계약일"":""2025-12-19"",""계약연도"":""2025"",""계약월"":""12"",""계약분기"":""Q4"",""연월"":""2025-12"",""계약명"":""(통합)'25년 예비군부대 정찰용 드론 제조납품"",""계약업체"":""주식회사 포스웨이브"",""계약기관"":""제55보병사단"",""계약구분"":""물품"",""계약방법"":""제한경쟁"",""입찰방식"":""총액제"",""계약금액_원"":""81397280"",""계약금액_억원"":""0.8139728"",""계약금액_조원"":""8.139728e-05"",""예정금액_원"":""92439869"",""예정금액_억원"":""0.92439869"",""예정금액_조원"":""9.2439869e-05"",""낙찰률"":""88.054"",""낙찰률_구간"":""80~90%"",""낙찰률_결측여부"":""False"",""낙찰률_100초과여부"":""False"",""계약금액_0원여부"":""False"",""계약상태"":""계약완료"",""계약번호"":""2025LNS0096"",""결정번호"":""42636"",""계약일_원본"":""20251219"",""계약금액_원본"":""81397280"",""계약예정금액_원본"":""92439869"",""원본중복건수"":""1"",""원본중복행여부"":""False"",""드론_검색발견필드"":""계약명""}"
12768e71b50dc82fb67fe2fe,2025LHN0112,2025-12-19,소총사격드론 부수기재 구매,주식회사 유맥에어,제7보병사단,31080000,31683243,계약완료,TITLE_MATCH,계약명,1,30389,"{""원본행번호"":""30389"",""계약일"":""2025-12-19"",""계약연도"":""2025"",""계약월"":""12"",""계약분기"":""Q4"",""연월"":""2025-12"",""계약명"":""소총사격드론 부수기재 구매"",""계약업체"":""주식회사 유맥에어"",""계약기관"":""제7보병사단"",""계약구분"":""물품"",""계약방법"":""수의계약"",""입찰방식"":""총액제"",""계약금액_원"":""31080000"",""계약금액_억원"":""0.3108"",""계약금액_조원"":""3.108e-05"",""예정금액_원"":""31683243"",""예정금액_억원"":""0.31683243"",""예정금액_조원"":""3.1683243e-05"",""낙찰률"":""98.096"",""낙찰률_구간"":""90~100%"",""낙찰률_결측여부"":""False"",""낙찰률_100초과여부"":""False"",""계약금액_0원여부"":""False"",""계약상태"":""계약완료"",""계약번호"":""2025LHN0112"",""결정번호"":""56703"",""계약일_원본"":""20251219"",""계약금액_원본"":""31080000"",""계약예정금액_원본"":""31683243"",""원본중복건수"":""1"",""원본중복행여부"":""False"",""드론_검색발견필드"":""계약명""}"
031f1c300651a2d42bf14ef9,2025LNS0107,2025-12-19,(통합)'25년 예비군부대 연습용 드론 제조납품,주식회사 포스웨이브,제55보병사단,10407980,11824406,계약완료,TITLE_MATCH,계약명,1,30418,"{""원본행번호"":""30418"",""계약일"":""2025-12-19"",""계약연도"":""2025"",""계약월"":""12"",""계약분기"":""Q4"",""연월"":""2025-12"",""계약명"":""(통합)'25년 예비군부대 연습용 드론 제조납품"",""계약업체"":""주식회사 포스웨이브"",""계약기관"":""제55보병사단"",""계약구분"":""물품"",""계약방법"":""제한경쟁"",""입찰방식"":""총액제"",""계약금액_원"":""10407980"",""계약금액_억원"":""0.1040798"",""계약금액_조원"":""1.040798e-05"",""예정금액_원"":""11824406"",""예정금액_억원"":""0.11824406"",""예정금액_조원"":""1.1824406e-05"",""낙찰률"":""88.021"",""낙찰률_구간"":""80~90%"",""낙찰률_결측여부"":""False"",""낙찰률_100초과여부"":""False"",""계약금액_0원여부"":""False"",""계약상태"":""계약완료"",""계약번호"":""2025LNS0107"",""결정번호"":""47548"",""계약일_원본"":""20251219"",""계약금액_원본"":""10407980"",""계약예정금액_원본"":""11824406"",""원본중복건수"":""1"",""원본중복행여부"":""False"",""드론_검색발견필드"":""계약명""}"
747210370ad3138a4adfacc0,2025LKT0118,2025-12-19,경계용 드론 배터리 조립체 및 수리부속품 구매,(주)네스앤텍,제31보병사단,7510520,7551819,계약완료,TITLE_MATCH,계약명,1,30402,"{""원본행번호"":""30402"",""계약일"":""2025-12-19"",""계약연도"":""2025"",""계약월"":""12"",""계약분기"":""Q4"",""연월"":""2025-12"",""계약명"":""경계용 드론 배터리 조립체 및 수리부속품 구매"",""계약업체"":""(주)네스앤텍"",""계약기관"":""제31보병사단"",""계약구분"":""물품"",""계약방법"":""수의계약"",""입찰방식"":""총액제"",""계약금액_원"":""7510520"",""계약금액_억원"":""0.0751052"",""계약금액_조원"":""7.51052e-06"",""예정금액_원"":""7551819"",""예정금액_억원"":""0.07551819"",""예정금액_조원"":""7.551819e-06"",""낙찰률"":""99.4531"",""낙찰률_구간"":""90~100%"",""낙찰률_결측여부"":""False"",""낙찰률_100초과여부"":""False"",""계약금액_0원여부"":""False"",""계약상태"":""계약완료"",""계약번호"":""2025LKT0118"",""결정번호"":""56157"",""계약일_원본"":""20251219"",""계약금액_원본"":""7510520"",""계약예정금액_원본"":""7551819"",""원본중복건수"":""1"",""원본중복행여부"":""False"",""드론_검색발견필드"":""계약명""}"
18afbc51cdbf1d9147a4852b,2025LHN0113,2025-12-19,소총사격드론 KCMVP 인증서 갱신,주식회사 유맥에어,제7보병사단,6406000,6406970,계약완료,TITLE_MATCH,계약명,1,30390,"{""원본행번호"":""30390"",""계약일"":""2025-12-19"",""계약연도"":""2025"",""계약월"":""12"",""계약분기"":""Q4"",""연월"":""2025-12"",""계약명"":""소총사격드론 KCMVP 인증서 갱신"",""계약업체"":""주식회사 유맥에어"",""계약기관"":""제7보병사단"",""계약구분"":""물품"",""계약방법"":""수의계약"",""입찰방식"":""총액제"",""계약금액_원"":""6406000"",""계약금액_억원"":""0.06406"",""계약금액_조원"":""6.406e-06"",""예정금액_원"":""6406970"",""예정금액_억원"":""0.0640697"",""예정금액_조원"":""6.40697e-06"",""낙찰률"":""99.9849"",""낙찰률_구간"":""90~100%"",""낙찰률_결측여부"":""False"",""낙찰률_100초과여부"":""False"",""계약금액_0원여부"":""False"",""계약상태"":""계약완료"",""계약번호"":""2025LHN0113"",""결정번호"":""56705"",""계약일_원본"":""20251219"",""계약금액_원본"":""6406000"",""계약예정금액_원본"":""6406970"",""원본중복건수"":""1"",""원본중복행여부"":""False"",""드론_검색발견필드"":""계약명""}"
887e2909577eede6a3d2c6c6,2025LMK0082,2025-12-19,(25-C108) '25년 소총조준사격드론 정비 용역,주식회사 유맥에어,제6보병사단,6259020,6259020,계약완료,TITLE_MATCH,계약명,1,30408,"{""원본행번호"":""30408"",""계약일"":""2025-12-19"",""계약연도"":""2025"",""계약월"":""12"",""계약분기"":""Q4"",""연월"":""2025-12"",""계약명"":""(25-C108) '25년 소총조준사격드론 정비 용역"",""계약업체"":""주식회사 유맥에어"",""계약기관"":""제6보병사단"",""계약구분"":""용역"",""계약방법"":""수의계약"",""입찰방식"":""총액제"",""계약금액_원"":""6259020"",""계약금액_억원"":""0.0625902"",""계약금액_조원"":""6.25902e-06"",""예정금액_원"":""6259020"",""예정금액_억원"":""0.0625902"",""예정금액_조원"":""6.25902e-06"",""낙찰률"":""100.0"",""낙찰률_구간"":""100% 초과"",""낙찰률_결측여부"":""False"",""낙찰률_100초과여부"":""False"",""계약금액_0원여부"":""False"",""계약상태"":""계약완료"",""계약번호"":""2025LMK0082"",""결정번호"":""56545"",""계약일_원본"":""20251219"",""계약금액_원본"":""6259020"",""계약예정금액_원본"":""6259020"",""원본중복건수"":""1"",""원본중복행여부"":""False"",""드론_검색발견필드"":""계약명""}"
7e09b2c766478954d5c0c6ea,2025LFH0116,2025-12-22,부사교 미니드론 등 18품목 계약,드론파일럿 주식회사,육군부사관학교,22000000,22000000,계약완료,TITLE_MATCH,"계약명, 계약업체",1,30585,"{""원본행번호"":""30585"",""계약일"":""2025-12-22"",""계약연도"":""2025"",""계약월"":""12"",""계약분기"":""Q4"",""연월"":""2025-12"",""계약명"":""부사교 미니드론 등 18품목 계약"",""계약업체"":""드론파일럿 주식회사"",""계약기관"":""육군부사관학교"",""계약구분"":""물품"",""계약방법"":""수의계약"",""입찰방식"":""총액제"",""계약금액_원"":""22000000"",""계약금액_억원"":""0.22"",""계약금액_조원"":""2.2e-05"",""예정금액_원"":""22000000"",""예정금액_억원"":""0.22"",""예정금액_조원"":""2.2e-05"",""낙찰률"":""100.0"",""낙찰률_구간"":""100% 초과"",""낙찰률_결측여부"":""False"",""낙찰률_100초과여부"":""False"",""계약금액_0원여부"":""False"",""계약상태"":""계약완료"",""계약번호"":""2025LFH0116"",""결정번호"":""56824"",""계약일_원본"":""20251222"",""계약금액_원본"":""22000000"",""계약예정금액_원본"":""22000000"",""원본중복건수"":""1"",""원본중복행여부"":""False"",""드론_검색발견필드"":""계약명, 계약업체""}"
edde131c711253f373d090af,2025LPG0159,2025-12-22,25-3차 소총조준사격드론 정비,주식회사 유맥에어,제5보병사단,6259020,6259020,계약완료,TITLE_MATCH,계약명,1,30659,"{""원본행번호"":""30659"",""계약일"":""2025-12-22"",""계약연도"":""2025"",""계약월"":""12"",""계약분기"":""Q4"",""연월"":""2025-12"",""계약명"":""25-3차 소총조준사격드론 정비"",""계약업체"":""주식회사 유맥에어"",""계약기관"":""제5보병사단"",""계약구분"":""용역"",""계약방법"":""수의계약"",""입찰방식"":""총액제"",""계약금액_원"":""6259020"",""계약금액_억원"":""0.0625902"",""계약금액_조원"":""6.25902e-06"",""예정금액_원"":""6259020"",""예정금액_억원"":""0.0625902"",""예정금액_조원"":""6.25902e-06"",""낙찰률"":""100.0"",""낙찰률_구간"":""100% 초과"",""낙찰률_결측여부"":""False"",""낙찰률_100초과여부"":""False"",""계약금액_0원여부"":""False"",""계약상태"":""계약완료"",""계약번호"":""2025LPG0159"",""결정번호"":""56910"",""계약일_원본"":""20251222"",""계약금액_원본"":""6259020"",""계약예정금액_원본"":""6259020"",""원본중복건수"":""1"",""원본중복행여부"":""False"",""드론_검색발견필드"":""계약명""}"
3a43c9590a0836e69796ed76,2025LAZ0043,2025-12-22,'25년 회계제도 및 금융교육 도서 구매,주식회사 교보문고,드론작전사령부,888660,888660,계약완료,CONTEXT_REVIEW,계약기관,1,30554,"{""원본행번호"":""30554"",""계약일"":""2025-12-22"",""계약연도"":""2025"",""계약월"":""12"",""계약분기"":""Q4"",""연월"":""2025-12"",""계약명"":""'25년 회계제도 및 금융교육 도서 구매"",""계약업체"":""주식회사 교보문고"",""계약기관"":""드론작전사령부"",""계약구분"":""물품"",""계약방법"":""수의계약"",""입찰방식"":""총액제"",""계약금액_원"":""888660"",""계약금액_억원"":""0.0088866"",""계약금액_조원"":""8.8866e-07"",""예정금액_원"":""888660"",""예정금액_억원"":""0.0088866"",""예정금액_조원"":""8.8866e-07"",""낙찰률"":""100.0"",""낙찰률_구간"":""100% 초과"",""낙찰률_결측여부"":""False"",""낙찰률_100초과여부"":""False"",""계약금액_0원여부"":""False"",""계약상태"":""계약완료"",""계약번호"":""2025LAZ0043"",""결정번호"":""56764"",""계약일_원본"":""20251222"",""계약금액_원본"":""888660"",""계약예정금액_원본"":""888660"",""원본중복건수"":""1"",""원본중복행여부"":""False"",""드론_검색발견필드"":""계약기관""}"
c265fb6728993361a0107b24,2025LCM0099,2025-12-23,'25-2차 소형 2형 정찰드론 정비 용역,(주)네스앤텍,육군교육사령부,19063000,19063000,계약완료,TITLE_MATCH,계약명,1,30787,"{""원본행번호"":""30787"",""계약일"":""2025-12-23"",""계약연도"":""2025"",""계약월"":""12"",""계약분기"":""Q4"",""연월"":""2025-12"",""계약명"":""'25-2차 소형 2형 정찰드론 정비 용역"",""계약업체"":""(주)네스앤텍"",""계약기관"":""육군교육사령부"",""계약구분"":""용역"",""계약방법"":""수의계약"",""입찰방식"":""총액제"",""계약금액_원"":""19063000"",""계약금액_억원"":""0.19063"",""계약금액_조원"":""1.9063e-05"",""예정금액_원"":""19063000"",""예정금액_억원"":""0.19063"",""예정금액_조원"":""1.9063e-05"",""낙찰률"":""100.0"",""낙찰률_구간"":""100% 초과"",""낙찰률_결측여부"":""False"",""낙찰률_100초과여부"":""False"",""계약금액_0원여부"":""False"",""계약상태"":""계약완료"",""계약번호"":""2025LCM0099"",""결정번호"":""57141"",""계약일_원본"":""20251223"",""계약금액_원본"":""19063000"",""계약예정금액_원본"":""19063000"",""원본중복건수"":""1"",""원본중복행여부"":""False"",""드론_검색발견필드"":""계약명""}"
8b718df5373d0e5e7344e373,2025LAZ0044,2025-12-23,실험연구교육용 3D프린터 구매,파이토스,드론작전사령부,17716000,17716000,계약완료,CONTEXT_REVIEW,계약기관,1,30771,"{""원본행번호"":""30771"",""계약일"":""2025-12-23"",""계약연도"":""2025"",""계약월"":""12"",""계약분기"":""Q4"",""연월"":""2025-12"",""계약명"":""실험연구교육용 3D프린터 구매"",""계약업체"":""파이토스"",""계약기관"":""드론작전사령부"",""계약구분"":""물품"",""계약방법"":""수의계약"",""입찰방식"":""총액제"",""계약금액_원"":""17716000"",""계약금액_억원"":""0.17716"",""계약금액_조원"":""1.7716e-05"",""예정금액_원"":""17716000"",""예정금액_억원"":""0.17716"",""예정금액_조원"":""1.7716e-05"",""낙찰률"":""100.0"",""낙찰률_구간"":""100% 초과"",""낙찰률_결측여부"":""False"",""낙찰률_100초과여부"":""False"",""계약금액_0원여부"":""False"",""계약상태"":""계약완료"",""계약번호"":""2025LAZ0044"",""결정번호"":""57697"",""계약일_원본"":""20251223"",""계약금액_원본"":""17716000"",""계약예정금액_원본"":""17716000"",""원본중복건수"":""1"",""원본중복행여부"":""False"",""드론_검색발견필드"":""계약기관""}"
5f79f6f5b87e662242a9690c,2025LCM0098,2025-12-23,'25-2차 통신중계드론 정비 용역,(주)휴인스,육군교육사령부,8500000,8500000,계약완료,TITLE_MATCH,계약명,1,30786,"{""원본행번호"":""30786"",""계약일"":""2025-12-23"",""계약연도"":""2025"",""계약월"":""12"",""계약분기"":""Q4"",""연월"":""2025-12"",""계약명"":""'25-2차 통신중계드론 정비 용역"",""계약업체"":""(주)휴인스"",""계약기관"":""육군교육사령부"",""계약구분"":""용역"",""계약방법"":""수의계약"",""입찰방식"":""총액제"",""계약금액_원"":""8500000"",""계약금액_억원"":""0.085"",""계약금액_조원"":""8.5e-06"",""예정금액_원"":""8500000"",""예정금액_억원"":""0.085"",""예정금액_조원"":""8.5e-06"",""낙찰률"":""100.0"",""낙찰률_구간"":""100% 초과"",""낙찰률_결측여부"":""False"",""낙찰률_100초과여부"":""False"",""계약금액_0원여부"":""False"",""계약상태"":""계약완료"",""계약번호"":""2025LCM0098"",""결정번호"":""57140"",""계약일_원본"":""20251223"",""계약금액_원본"":""8500000"",""계약예정금액_원본"":""8500000"",""원본중복건수"":""1"",""원본중복행여부"":""False"",""드론_검색발견필드"":""계약명""}"
189b14eaad659e0796ee04db,2025LAZ0045,2025-12-29,국방실험사업(소형드론 영상전송 RF 통신기술 실증),주식회사 휴니드테크놀러지스,드론작전사령부,298500000,298947053,계약완료,TITLE_MATCH,"계약명, 계약기관",1,31302,"{""원본행번호"":""31302"",""계약일"":""2025-12-29"",""계약연도"":""2025"",""계약월"":""12"",""계약분기"":""Q4"",""연월"":""2025-12"",""계약명"":""국방실험사업(소형드론 영상전송 RF 통신기술 실증)"",""계약업체"":""주식회사 휴니드테크놀러지스"",""계약기관"":""드론작전사령부"",""계약구분"":""용역"",""계약방법"":""수의계약"",""입찰방식"":""총액제"",""계약금액_원"":""298500000"",""계약금액_억원"":""2.985"",""계약금액_조원"":""0.0002985"",""예정금액_원"":""298947053"",""예정금액_억원"":""2.98947053"",""예정금액_조원"":""0.000298947053"",""낙찰률"":""99.8505"",""낙찰률_구간"":""90~100%"",""낙찰률_결측여부"":""False"",""낙찰률_100초과여부"":""False"",""계약금액_0원여부"":""False"",""계약상태"":""계약완료"",""계약번호"":""2025LAZ0045"",""결정번호"":""52790"",""계약일_원본"":""20251229"",""계약금액_원본"":""298500000"",""계약예정금액_원본"":""298947053"",""원본중복건수"":""1"",""원본중복행여부"":""False"",""드론_검색발견필드"":""계약명, 계약기관""}"
2b42447bf7be362737d2ca06,2025LGQ0084,2025-12-30,"25년 드론시뮬레이터, 모니터 구매",캣츠,제36보병사단,15570000,15570000,계약완료,TITLE_MATCH,계약명,1,31542,"{""원본행번호"":""31542"",""계약일"":""2025-12-30"",""계약연도"":""2025"",""계약월"":""12"",""계약분기"":""Q4"",""연월"":""2025-12"",""계약명"":""25년 드론시뮬레이터, 모니터 구매"",""계약업체"":""캣츠"",""계약기관"":""제36보병사단"",""계약구분"":""물품"",""계약방법"":""수의계약"",""입찰방식"":""총액제"",""계약금액_원"":""15570000"",""계약금액_억원"":""0.1557"",""계약금액_조원"":""1.557e-05"",""예정금액_원"":""15570000"",""예정금액_억원"":""0.1557"",""예정금액_조원"":""1.557e-05"",""낙찰률"":""100.0"",""낙찰률_구간"":""100% 초과"",""낙찰률_결측여부"":""False"",""낙찰률_100초과여부"":""False"",""계약금액_0원여부"":""False"",""계약상태"":""계약완료"",""계약번호"":""2025LGQ0084"",""결정번호"":""52163"",""계약일_원본"":""20251230"",""계약금액_원본"":""15570000"",""계약예정금액_원본"":""15570000"",""원본중복건수"":""1"",""원본중복행여부"":""False"",""드론_검색발견필드"":""계약명""}"
319dad7050fcb3a921628104,2025UMM1236,2025-12-31,25~26-F-드론 자율회피 및 감시통제 기능 실증,주식회사 아이비리더스,국군재정관리단,767100000,768384238,계약완료,TITLE_MATCH,계약명,1,31826,"{""원본행번호"":""31826"",""계약일"":""2025-12-31"",""계약연도"":""2025"",""계약월"":""12"",""계약분기"":""Q4"",""연월"":""2025-12"",""계약명"":""25~26-F-드론 자율회피 및 감시통제 기능 실증"",""계약업체"":""주식회사 아이비리더스"",""계약기관"":""국군재정관리단"",""계약구분"":""용역"",""계약방법"":""수의계약"",""입찰방식"":""총액제"",""계약금액_원"":""767100000"",""계약금액_억원"":""7.671"",""계약금액_조원"":""0.0007671"",""예정금액_원"":""768384238"",""예정금액_억원"":""7.68384238"",""예정금액_조원"":""0.000768384238"",""낙찰률"":""99.8329"",""낙찰률_구간"":""90~100%"",""낙찰률_결측여부"":""False"",""낙찰률_100초과여부"":""False"",""계약금액_0원여부"":""False"",""계약상태"":""계약완료"",""계약번호"":""2025UMM1236"",""결정번호"":""43846"",""계약일_원본"":""20251231"",""계약금액_원본"":""767100000"",""계약예정금액_원본"":""768384238"",""원본중복건수"":""1"",""원본중복행여부"":""False"",""드론_검색발견필드"":""계약명""}"
0ee2b08ee60da1afc5a672a1,2025UMM0693,2026-01-02,25-N-공병업무지원용 드론 제조,주식회사 엔에이치,해군군수사령부,122978970,139360081,계약완료,TITLE_MATCH,계약명,1,32188,"{""원본행번호"":""32188"",""계약일"":""2026-01-02"",""계약연도"":""2026"",""계약월"":""1"",""계약분기"":""Q1"",""연월"":""2026-01"",""계약명"":""25-N-공병업무지원용 드론 제조"",""계약업체"":""주식회사 엔에이치"",""계약기관"":""해군군수사령부"",""계약구분"":""물품"",""계약방법"":""제한경쟁"",""입찰방식"":""총액제"",""계약금액_원"":""122978970"",""계약금액_억원"":""1.2297897"",""계약금액_조원"":""0.00012297897"",""예정금액_원"":""139360081"",""예정금액_억원"":""1.39360081"",""예정금액_조원"":""0.000139360081"",""낙찰률"":""88.245"",""낙찰률_구간"":""80~90%"",""낙찰률_결측여부"":""False"",""낙찰률_100초과여부"":""False"",""계약금액_0원여부"":""False"",""계약상태"":""계약완료"",""계약번호"":""2025UMM0693"",""결정번호"":""25013"",""계약일_원본"":""20260102"",""계약금액_원본"":""122978970"",""계약예정금액_원본"":""139360081"",""원본중복건수"":""1"",""원본중복행여부"":""False"",""드론_검색발견필드"":""계약명""}"
827e8b9757817ca7a360a883,2026LGF0002,2026-01-22,'26년 드론전술훈련 시뮬레이터 외주정비 계약,주식회사 구이,육군정보학교,29700000,32885561,계약완료,TITLE_MATCH,계약명,1,33211,"{""원본행번호"":""33211"",""계약일"":""2026-01-22"",""계약연도"":""2026"",""계약월"":""1"",""계약분기"":""Q1"",""연월"":""2026-01"",""계약명"":""'26년 드론전술훈련 시뮬레이터 외주정비 계약"",""계약업체"":""주식회사 구이"",""계약기관"":""육군정보학교"",""계약구분"":""용역"",""계약방법"":""수의계약"",""입찰방식"":""총액제"",""계약금액_원"":""29700000"",""계약금액_억원"":""0.297"",""계약금액_조원"":""2.97e-05"",""예정금액_원"":""32885561"",""예정금액_억원"":""0.32885561"",""예정금액_조원"":""3.2885561e-05"",""낙찰률"":""90.313"",""낙찰률_구간"":""90~100%"",""낙찰률_결측여부"":""False"",""낙찰률_100초과여부"":""False"",""계약금액_0원여부"":""False"",""계약상태"":""계약완료"",""계약번호"":""2026LGF0002"",""결정번호"":""00750"",""계약일_원본"":""20260122"",""계약금액_원본"":""29700000"",""계약예정금액_원본"":""32885561"",""원본중복건수"":""1"",""원본중복행여부"":""False"",""드론_검색발견필드"":""계약명""}"
6aea70558140cc2e1225d38b,2025UMM0844,2026-01-23,25-N-함정 작전지원용 드론 제조,주식회사억세스위,국군재정관리단,924000000,1109703166,계약완료,TITLE_MATCH,계약명,1,33286,"{""원본행번호"":""33286"",""계약일"":""2026-01-23"",""계약연도"":""2026"",""계약월"":""1"",""계약분기"":""Q1"",""연월"":""2026-01"",""계약명"":""25-N-함정 작전지원용 드론 제조"",""계약업체"":""주식회사억세스위"",""계약기관"":""국군재정관리단"",""계약구분"":""물품"",""계약방법"":""일반경쟁"",""입찰방식"":""총액제"",""계약금액_원"":""924000000"",""계약금액_억원"":""9.24"",""계약금액_조원"":""0.000924"",""예정금액_원"":""1109703166"",""예정금액_억원"":""11.09703166"",""예정금액_조원"":""0.001109703166"",""낙찰률"":""83.265"",""낙찰률_구간"":""80~90%"",""낙찰률_결측여부"":""False"",""낙찰률_100초과여부"":""False"",""계약금액_0원여부"":""False"",""계약상태"":""계약완료"",""계약번호"":""2025UMM0844"",""결정번호"":""32308"",""계약일_원본"":""20260123"",""계약금액_원본"":""924000000"",""계약예정금액_원본"":""1109703166"",""원본중복건수"":""1"",""원본중복행여부"":""False"",""드론_검색발견필드"":""계약명""}"
fa8ea83907a99496625f12f9,2025UMM0844,2026-01-23,25-N-함정 작전지원용 드론 제조,주식회사억세스위,해군군수사령부,924000000,1109703166,계약완료,TITLE_MATCH,계약명,1,33287,"{""원본행번호"":""33287"",""계약일"":""2026-01-23"",""계약연도"":""2026"",""계약월"":""1"",""계약분기"":""Q1"",""연월"":""2026-01"",""계약명"":""25-N-함정 작전지원용 드론 제조"",""계약업체"":""주식회사억세스위"",""계약기관"":""해군군수사령부"",""계약구분"":""물품"",""계약방법"":""일반경쟁"",""입찰방식"":""총액제"",""계약금액_원"":""924000000"",""계약금액_억원"":""9.24"",""계약금액_조원"":""0.000924"",""예정금액_원"":""1109703166"",""예정금액_억원"":""11.09703166"",""예정금액_조원"":""0.001109703166"",""낙찰률"":""83.265"",""낙찰률_구간"":""80~90%"",""낙찰률_결측여부"":""False"",""낙찰률_100초과여부"":""False"",""계약금액_0원여부"":""False"",""계약상태"":""계약완료"",""계약번호"":""2025UMM0844"",""결정번호"":""32308"",""계약일_원본"":""20260123"",""계약금액_원본"":""924000000"",""계약예정금액_원본"":""1109703166"",""원본중복건수"":""1"",""원본중복행여부"":""False"",""드론_검색발견필드"":""계약명""}"
68d2d9b21c8d4e5dbb5ddbbb,2025UMM0693,2026-01-23,25-N-공병업무지원용 드론 제조,주식회사 엔에이치,국군재정관리단,122978970,139360081,계약완료,TITLE_MATCH,계약명,1,33284,"{""원본행번호"":""33284"",""계약일"":""2026-01-23"",""계약연도"":""2026"",""계약월"":""1"",""계약분기"":""Q1"",""연월"":""2026-01"",""계약명"":""25-N-공병업무지원용 드론 제조"",""계약업체"":""주식회사 엔에이치"",""계약기관"":""국군재정관리단"",""계약구분"":""물품"",""계약방법"":""제한경쟁"",""입찰방식"":""총액제"",""계약금액_원"":""122978970"",""계약금액_억원"":""1.2297897"",""계약금액_조원"":""0.00012297897"",""예정금액_원"":""139360081"",""예정금액_억원"":""1.39360081"",""예정금액_조원"":""0.000139360081"",""낙찰률"":""88.245"",""낙찰률_구간"":""80~90%"",""낙찰률_결측여부"":""False"",""낙찰률_100초과여부"":""False"",""계약금액_0원여부"":""False"",""계약상태"":""계약완료"",""계약번호"":""2025UMM0693"",""결정번호"":""25013"",""계약일_원본"":""20260123"",""계약금액_원본"":""122978970"",""계약예정금액_원본"":""139360081"",""원본중복건수"":""1"",""원본중복행여부"":""False"",""드론_검색발견필드"":""계약명""}"
413fb69443ec9c14e046dcc4,2026LML0002,2026-01-30,파빙전투실험 드론탑재형 라이다GPR 임차용역(26-2),코탐 주식회사,제3공병여단,7000000,7000000,계약완료,TITLE_MATCH,계약명,1,33744,"{""원본행번호"":""33744"",""계약일"":""2026-01-30"",""계약연도"":""2026"",""계약월"":""1"",""계약분기"":""Q1"",""연월"":""2026-01"",""계약명"":""파빙전투실험 드론탑재형 라이다GPR 임차용역(26-2)"",""계약업체"":""코탐 주식회사"",""계약기관"":""제3공병여단"",""계약구분"":""용역"",""계약방법"":""수의계약"",""입찰방식"":""총액제"",""계약금액_원"":""7000000"",""계약금액_억원"":""0.07"",""계약금액_조원"":""7e-06"",""예정금액_원"":""7000000"",""예정금액_억원"":""0.07"",""예정금액_조원"":""7e-06"",""낙찰률"":""100.0"",""낙찰률_구간"":""100% 초과"",""낙찰률_결측여부"":""False"",""낙찰률_100초과여부"":""False"",""계약금액_0원여부"":""False"",""계약상태"":""계약완료"",""계약번호"":""2026LML0002"",""결정번호"":""02047"",""계약일_원본"":""20260130"",""계약금액_원본"":""7000000"",""계약예정금액_원본"":""7000000"",""원본중복건수"":""1"",""원본중복행여부"":""False"",""드론_검색발견필드"":""계약명""}"
897ecf6c64ce0cb185ec18f6,2025SCF1009,2026-01-31,'25년 해군 드론 유지보수 용역,주식회사 자이언트드론,해군군수사령부,320207360,366168029,계약완료,TITLE_MATCH,"계약명, 계약업체",1,33781,"{""원본행번호"":""33781"",""계약일"":""2026-01-31"",""계약연도"":""2026"",""계약월"":""1"",""계약분기"":""Q1"",""연월"":""2026-01"",""계약명"":""'25년 해군 드론 유지보수 용역"",""계약업체"":""주식회사 자이언트드론"",""계약기관"":""해군군수사령부"",""계약구분"":""용역"",""계약방법"":""일반경쟁"",""입찰방식"":""총액제"",""계약금액_원"":""320207360"",""계약금액_억원"":""3.2020736"",""계약금액_조원"":""0.00032020736"",""예정금액_원"":""366168029"",""예정금액_억원"":""3.66168029"",""예정금액_조원"":""0.000366168029"",""낙찰률"":""87.448"",""낙찰률_구간"":""80~90%"",""낙찰률_결측여부"":""False"",""낙찰률_100초과여부"":""False"",""계약금액_0원여부"":""False"",""계약상태"":""계약완료"",""계약번호"":""2025SCF1009"",""결정번호"":""45990"",""계약일_원본"":""20260131"",""계약금액_원본"":""320207360"",""계약예정금액_원본"":""366168029"",""원본중복건수"":""1"",""원본중복행여부"":""False"",""드론_검색발견필드"":""계약명, 계약업체""}"
407b934ef9e821c1c5da141c,2026LAZ0001,2026-02-09,'26-1차 드론조종교관 양성 실무 위탁교육 용역,유한회사 남경무인항공,드론작전사령부,11000000,11000000,계약완료,TITLE_MATCH,"계약명, 계약기관",1,34315,"{""원본행번호"":""34315"",""계약일"":""2026-02-09"",""계약연도"":""2026"",""계약월"":""2"",""계약분기"":""Q1"",""연월"":""2026-02"",""계약명"":""'26-1차 드론조종교관 양성 실무 위탁교육 용역"",""계약업체"":""유한회사 남경무인항공"",""계약기관"":""드론작전사령부"",""계약구분"":""용역"",""계약방법"":""수의계약"",""입찰방식"":""총액제"",""계약금액_원"":""11000000"",""계약금액_억원"":""0.11"",""계약금액_조원"":""1.1e-05"",""예정금액_원"":""11000000"",""예정금액_억원"":""0.11"",""예정금액_조원"":""1.1e-05"",""낙찰률"":""100.0"",""낙찰률_구간"":""100% 초과"",""낙찰률_결측여부"":""False"",""낙찰률_100초과여부"":""False"",""계약금액_0원여부"":""False"",""계약상태"":""계약완료"",""계약번호"":""2026LAZ0001"",""결정번호"":""02973"",""계약일_원본"":""20260209"",""계약금액_원본"":""11000000"",""계약예정금액_원본"":""11000000"",""원본중복건수"":""1"",""원본중복행여부"":""False"",""드론_검색발견필드"":""계약명, 계약기관""}"
2beca637749d02bad71a4461,2026LAZ0002,2026-02-12,'26-3차 부대비품 조달구매(서랍장 등 2종),예산 S.W,드론작전사령부,3510000,3510000,계약완료,CONTEXT_REVIEW,계약기관,1,34587,"{""원본행번호"":""34587"",""계약일"":""2026-02-12"",""계약연도"":""2026"",""계약월"":""2"",""계약분기"":""Q1"",""연월"":""2026-02"",""계약명"":""'26-3차 부대비품 조달구매(서랍장 등 2종)"",""계약업체"":""예산 S.W"",""계약기관"":""드론작전사령부"",""계약구분"":""물품"",""계약방법"":""수의계약"",""입찰방식"":""총액제"",""계약금액_원"":""3510000"",""계약금액_억원"":""0.0351"",""계약금액_조원"":""3.51e-06"",""예정금액_원"":""3510000"",""예정금액_억원"":""0.0351"",""예정금액_조원"":""3.51e-06"",""낙찰률"":""100.0"",""낙찰률_구간"":""100% 초과"",""낙찰률_결측여부"":""False"",""낙찰률_100초과여부"":""False"",""계약금액_0원여부"":""False"",""계약상태"":""계약완료"",""계약번호"":""2026LAZ0002"",""결정번호"":""03546"",""계약일_원본"":""20260212"",""계약금액_원본"":""3510000"",""계약예정금액_원본"":""3510000"",""원본중복건수"":""1"",""원본중복행여부"":""False"",""드론_검색발견필드"":""계약기관""}"
8e3dbdfa7d4a690fe65a82ff,2026LAZ0003,2026-02-13,'26~27년 렌탈프린터 임차용역 계약,재우상사 주식회사,드론작전사령부,68935500,78334089,계약완료,CONTEXT_REVIEW,계약기관,2,34692,"{""원본행번호"":""34692"",""계약일"":""2026-02-13"",""계약연도"":""2026"",""계약월"":""2"",""계약분기"":""Q1"",""연월"":""2026-02"",""계약명"":""'26~27년 렌탈프린터 임차용역 계약"",""계약업체"":""재우상사 주식회사"",""계약기관"":""드론작전사령부"",""계약구분"":""용역"",""계약방법"":""수의계약"",""입찰방식"":""총액제"",""계약금액_원"":""68935500"",""계약금액_억원"":""0.689355"",""계약금액_조원"":""6.89355e-05"",""예정금액_원"":""78334089"",""예정금액_억원"":""0.78334089"",""예정금액_조원"":""7.8334089e-05"",""낙찰률"":""88.001"",""낙찰률_구간"":""80~90%"",""낙찰률_결측여부"":""False"",""낙찰률_100초과여부"":""False"",""계약금액_0원여부"":""False"",""계약상태"":""계약완료"",""계약번호"":""2026LAZ0003"",""결정번호"":""02653"",""계약일_원본"":""20260213"",""계약금액_원본"":""68935500"",""계약예정금액_원본"":""78334089"",""원본중복건수"":""2"",""원본중복행여부"":""True"",""드론_검색발견필드"":""계약기관""}"
2842ac77c75a7c0dffd58cec,2026MCD0023,2026-02-25,2026 대한민국 드론 공방전 홍보 대행,주식회사 국방애드,국방부(운영지원과),84399700,84399700,계약완료,TITLE_MATCH,계약명,1,35340,"{""원본행번호"":""35340"",""계약일"":""2026-02-25"",""계약연도"":""2026"",""계약월"":""2"",""계약분기"":""Q1"",""연월"":""2026-02"",""계약명"":""2026 대한민국 드론 공방전 홍보 대행"",""계약업체"":""주식회사 국방애드"",""계약기관"":""국방부(운영지원과)"",""계약구분"":""용역"",""계약방법"":""수의계약"",""입찰방식"":""총액제"",""계약금액_원"":""84399700"",""계약금액_억원"":""0.843997"",""계약금액_조원"":""8.43997e-05"",""예정금액_원"":""84399700"",""예정금액_억원"":""0.843997"",""예정금액_조원"":""8.43997e-05"",""낙찰률"":""100.0"",""낙찰률_구간"":""100% 초과"",""낙찰률_결측여부"":""False"",""낙찰률_100초과여부"":""False"",""계약금액_0원여부"":""False"",""계약상태"":""계약완료"",""계약번호"":""2026MCD0023"",""결정번호"":""05094"",""계약일_원본"":""20260225"",""계약금액_원본"":""84399700"",""계약예정금액_원본"":""84399700"",""원본중복건수"":""1"",""원본중복행여부"":""False"",""드론_검색발견필드"":""계약명""}"
fdc9dbd70480e9e159271b52,2026LAZ0004,2026-02-26,'26-1차 전산운영용품 구매,포천종합매장(라인),드론작전사령부,15865000,16699410,계약완료,CONTEXT_REVIEW,계약기관,1,35409,"{""원본행번호"":""35409"",""계약일"":""2026-02-26"",""계약연도"":""2026"",""계약월"":""2"",""계약분기"":""Q1"",""연월"":""2026-02"",""계약명"":""'26-1차 전산운영용품 구매"",""계약업체"":""포천종합매장(라인)"",""계약기관"":""드론작전사령부"",""계약구분"":""물품"",""계약방법"":""수의계약"",""입찰방식"":""총액제"",""계약금액_원"":""15865000"",""계약금액_억원"":""0.15865"",""계약금액_조원"":""1.5865e-05"",""예정금액_원"":""16699410"",""예정금액_억원"":""0.1669941"",""예정금액_조원"":""1.669941e-05"",""낙찰률"":""95.0"",""낙찰률_구간"":""90~100%"",""낙찰률_결측여부"":""False"",""낙찰률_100초과여부"":""False"",""계약금액_0원여부"":""False"",""계약상태"":""계약완료"",""계약번호"":""2026LAZ0004"",""결정번호"":""05308"",""계약일_원본"":""20260226"",""계약금액_원본"":""15865000"",""계약예정금액_원본"":""16699410"",""원본중복건수"":""1"",""원본중복행여부"":""False"",""드론_검색발견필드"":""계약기관""}"
a474fbc7c575bc443d26808d,2026UMM0105,2026-03-04,원가계산 외주용역(26년 교육용 상용드론 획득(구매)),사단법인 세디경영연구소,국군재정관리단,2178000,2178000,계약완료,TITLE_MATCH,계약명,1,35868,"{""원본행번호"":""35868"",""계약일"":""2026-03-04"",""계약연도"":""2026"",""계약월"":""3"",""계약분기"":""Q1"",""연월"":""2026-03"",""계약명"":""원가계산 외주용역(26년 교육용 상용드론 획득(구매))"",""계약업체"":""사단법인 세디경영연구소"",""계약기관"":""국군재정관리단"",""계약구분"":""용역"",""계약방법"":""수의계약"",""입찰방식"":""총액제"",""계약금액_원"":""2178000"",""계약금액_억원"":""0.02178"",""계약금액_조원"":""2.178e-06"",""예정금액_원"":""2178000"",""예정금액_억원"":""0.02178"",""예정금액_조원"":""2.178e-06"",""낙찰률"":""100.0"",""낙찰률_구간"":""100% 초과"",""낙찰률_결측여부"":""False"",""낙찰률_100초과여부"":""False"",""계약금액_0원여부"":""False"",""계약상태"":""계약완료"",""계약번호"":""2026UMM0105"",""결정번호"":""05963"",""계약일_원본"":""20260304"",""계약금액_원본"":""2178000"",""계약예정금액_원본"":""2178000"",""원본중복건수"":""1"",""원본중복행여부"":""False"",""드론_검색발견필드"":""계약명""}"
b197927f4ab9ea4815d4a4b3,2026SCH0030,2026-03-10,26-13호 드론축구 동아리 물품 구매,주식회사충청유통,해군작전사령부,61802920,70229962,계약완료,TITLE_MATCH,계약명,1,36337,"{""원본행번호"":""36337"",""계약일"":""2026-03-10"",""계약연도"":""2026"",""계약월"":""3"",""계약분기"":""Q1"",""연월"":""2026-03"",""계약명"":""26-13호 드론축구 동아리 물품 구매"",""계약업체"":""주식회사충청유통"",""계약기관"":""해군작전사령부"",""계약구분"":""물품"",""계약방법"":""수의계약"",""입찰방식"":""총액제"",""계약금액_원"":""61802920"",""계약금액_억원"":""0.6180292"",""계약금액_조원"":""6.180292e-05"",""예정금액_원"":""70229962"",""예정금액_억원"":""0.70229962"",""예정금액_조원"":""7.0229962e-05"",""낙찰률"":""88.0"",""낙찰률_구간"":""80~90%"",""낙찰률_결측여부"":""False"",""낙찰률_100초과여부"":""False"",""계약금액_0원여부"":""False"",""계약상태"":""계약완료"",""계약번호"":""2026SCH0030"",""결정번호"":""05161"",""계약일_원본"":""20260310"",""계약금액_원본"":""61802920"",""계약예정금액_원본"":""70229962"",""원본중복건수"":""1"",""원본중복행여부"":""False"",""드론_검색발견필드"":""계약명""}"
072cde7002e2e4e78fa55193,2026LFN0022,2026-03-12,26년 생도 드론3종 자격증 취득 용역,주식회사 이십칠,육군3사관학교,121785000,123617070,계약완료,TITLE_MATCH,계약명,1,36504,"{""원본행번호"":""36504"",""계약일"":""2026-03-12"",""계약연도"":""2026"",""계약월"":""3"",""계약분기"":""Q1"",""연월"":""2026-03"",""계약명"":""26년 생도 드론3종 자격증 취득 용역"",""계약업체"":""주식회사 이십칠"",""계약기관"":""육군3사관학교"",""계약구분"":""용역"",""계약방법"":""수의계약"",""입찰방식"":""총액제"",""계약금액_원"":""121785000"",""계약금액_억원"":""1.21785"",""계약금액_조원"":""0.000121785"",""예정금액_원"":""123617070"",""예정금액_억원"":""1.2361707"",""예정금액_조원"":""0.00012361707"",""낙찰률"":""98.52"",""낙찰률_구간"":""90~100%"",""낙찰률_결측여부"":""False"",""낙찰률_100초과여부"":""False"",""계약금액_0원여부"":""False"",""계약상태"":""계약완료"",""계약번호"":""2026LFN0022"",""결정번호"":""04168"",""계약일_원본"":""20260312"",""계약금액_원본"":""121785000"",""계약예정금액_원본"":""123617070"",""원본중복건수"":""1"",""원본중복행여부"":""False"",""드론_검색발견필드"":""계약명""}"
edea88b1edc9a6461d43412a,2025UMM0693,2026-03-13,25-N-공병업무지원용 드론 제조,주식회사 엔에이치,해군군수사령부,122978970,139360081,계약완료,TITLE_MATCH,계약명,1,36568,"{""원본행번호"":""36568"",""계약일"":""2026-03-13"",""계약연도"":""2026"",""계약월"":""3"",""계약분기"":""Q1"",""연월"":""2026-03"",""계약명"":""25-N-공병업무지원용 드론 제조"",""계약업체"":""주식회사 엔에이치"",""계약기관"":""해군군수사령부"",""계약구분"":""물품"",""계약방법"":""제한경쟁"",""입찰방식"":""총액제"",""계약금액_원"":""122978970"",""계약금액_억원"":""1.2297897"",""계약금액_조원"":""0.00012297897"",""예정금액_원"":""139360081"",""예정금액_억원"":""1.39360081"",""예정금액_조원"":""0.000139360081"",""낙찰률"":""88.245"",""낙찰률_구간"":""80~90%"",""낙찰률_결측여부"":""False"",""낙찰률_100초과여부"":""False"",""계약금액_0원여부"":""False"",""계약상태"":""계약완료"",""계약번호"":""2025UMM0693"",""결정번호"":""25013"",""계약일_원본"":""20260313"",""계약금액_원본"":""122978970"",""계약예정금액_원본"":""139360081"",""원본중복건수"":""1"",""원본중복행여부"":""False"",""드론_검색발견필드"":""계약명""}"
f53d060a84eb3d2172f99132,2026LDI0004,2026-03-17,장병 드론동아리 창설 격려품 구매,(주) 마이로봇,육군 1군 102기갑여단,3222000,3222000,계약완료,TITLE_MATCH,계약명,1,36959,"{""원본행번호"":""36959"",""계약일"":""2026-03-17"",""계약연도"":""2026"",""계약월"":""3"",""계약분기"":""Q1"",""연월"":""2026-03"",""계약명"":""장병 드론동아리 창설 격려품 구매"",""계약업체"":""(주) 마이로봇"",""계약기관"":""육군 1군 102기갑여단"",""계약구분"":""물품"",""계약방법"":""수의계약"",""입찰방식"":""총액제"",""계약금액_원"":""3222000"",""계약금액_억원"":""0.03222"",""계약금액_조원"":""3.222e-06"",""예정금액_원"":""3222000"",""예정금액_억원"":""0.03222"",""예정금액_조원"":""3.222e-06"",""낙찰률"":""100.0"",""낙찰률_구간"":""100% 초과"",""낙찰률_결측여부"":""False"",""낙찰률_100초과여부"":""False"",""계약금액_0원여부"":""False"",""계약상태"":""계약완료"",""계약번호"":""2026LDI0004"",""결정번호"":""08019"",""계약일_원본"":""20260317"",""계약금액_원본"":""3222000"",""계약예정금액_원본"":""3222000"",""원본중복건수"":""1"",""원본중복행여부"":""False"",""드론_검색발견필드"":""계약명""}"
70e5d61e8503faaf445a88b8,2026LAZ0005,2026-03-19,'26-1차 행정용품(복사용지) 구매,양주문구,드론작전사령부,18938000,18938000,계약완료,CONTEXT_REVIEW,계약기관,1,37160,"{""원본행번호"":""37160"",""계약일"":""2026-03-19"",""계약연도"":""2026"",""계약월"":""3"",""계약분기"":""Q1"",""연월"":""2026-03"",""계약명"":""'26-1차 행정용품(복사용지) 구매"",""계약업체"":""양주문구"",""계약기관"":""드론작전사령부"",""계약구분"":""물품"",""계약방법"":""수의계약"",""입찰방식"":""총액제"",""계약금액_원"":""18938000"",""계약금액_억원"":""0.18938"",""계약금액_조원"":""1.8938e-05"",""예정금액_원"":""18938000"",""예정금액_억원"":""0.18938"",""예정금액_조원"":""1.8938e-05"",""낙찰률"":""100.0"",""낙찰률_구간"":""100% 초과"",""낙찰률_결측여부"":""False"",""낙찰률_100초과여부"":""False"",""계약금액_0원여부"":""False"",""계약상태"":""계약완료"",""계약번호"":""2026LAZ0005"",""결정번호"":""08161"",""계약일_원본"":""20260319"",""계약금액_원본"":""18938000"",""계약예정금액_원본"":""18938000"",""원본중복건수"":""1"",""원본중복행여부"":""False"",""드론_검색발견필드"":""계약기관""}"
364864d954e1f708f938aea9,2026LAZ0006,2026-03-20,00부대 시스템 냉난방기 설치 납품,주식회사 주원씨앤아이(CNI),드론작전사령부,22000000,24200000,계약완료,CONTEXT_REVIEW,계약기관,1,37258,"{""원본행번호"":""37258"",""계약일"":""2026-03-20"",""계약연도"":""2026"",""계약월"":""3"",""계약분기"":""Q1"",""연월"":""2026-03"",""계약명"":""00부대 시스템 냉난방기 설치 납품"",""계약업체"":""주식회사 주원씨앤아이(CNI)"",""계약기관"":""드론작전사령부"",""계약구분"":""물품"",""계약방법"":""수의계약"",""입찰방식"":""총액제"",""계약금액_원"":""22000000"",""계약금액_억원"":""0.22"",""계약금액_조원"":""2.2e-05"",""예정금액_원"":""24200000"",""예정금액_억원"":""0.242"",""예정금액_조원"":""2.42e-05"",""낙찰률"":""90.91"",""낙찰률_구간"":""90~100%"",""낙찰률_결측여부"":""False"",""낙찰률_100초과여부"":""False"",""계약금액_0원여부"":""False"",""계약상태"":""계약완료"",""계약번호"":""2026LAZ0006"",""결정번호"":""08531"",""계약일_원본"":""20260320"",""계약금액_원본"":""22000000"",""계약예정금액_원본"":""24200000"",""원본중복건수"":""1"",""원본중복행여부"":""False"",""드론_검색발견필드"":""계약기관""}"
e5234864eed06f74715e7710,2025UMM1236,2026-03-30,25~26-F-드론 자율회피 및 감시통제 기능 실증,주식회사 아이비리더스,국군재정관리단,767100000,768384238,계약완료,TITLE_MATCH,계약명,1,37999,"{""원본행번호"":""37999"",""계약일"":""2026-03-30"",""계약연도"":""2026"",""계약월"":""3"",""계약분기"":""Q1"",""연월"":""2026-03"",""계약명"":""25~26-F-드론 자율회피 및 감시통제 기능 실증"",""계약업체"":""주식회사 아이비리더스"",""계약기관"":""국군재정관리단"",""계약구분"":""용역"",""계약방법"":""수의계약"",""입찰방식"":""총액제"",""계약금액_원"":""767100000"",""계약금액_억원"":""7.671"",""계약금액_조원"":""0.0007671"",""예정금액_원"":""768384238"",""예정금액_억원"":""7.68384238"",""예정금액_조원"":""0.000768384238"",""낙찰률"":""99.8329"",""낙찰률_구간"":""90~100%"",""낙찰률_결측여부"":""False"",""낙찰률_100초과여부"":""False"",""계약금액_0원여부"":""False"",""계약상태"":""계약완료"",""계약번호"":""2025UMM1236"",""결정번호"":""43846"",""계약일_원본"":""20260330"",""계약금액_원본"":""767100000"",""계약예정금액_원본"":""768384238"",""원본중복건수"":""1"",""원본중복행여부"":""False"",""드론_검색발견필드"":""계약명""}"
4739963d64da21a4babd3f52,2026SFL0014,2026-03-30,교육용 드론 구매,비온포인트,제3283부대,21261100,24159151,계약완료,TITLE_MATCH,계약명,1,38094,"{""원본행번호"":""38094"",""계약일"":""2026-03-30"",""계약연도"":""2026"",""계약월"":""3"",""계약분기"":""Q1"",""연월"":""2026-03"",""계약명"":""교육용 드론 구매"",""계약업체"":""비온포인트"",""계약기관"":""제3283부대"",""계약구분"":""물품"",""계약방법"":""수의계약"",""입찰방식"":""총액제"",""계약금액_원"":""21261100"",""계약금액_억원"":""0.212611"",""계약금액_조원"":""2.12611e-05"",""예정금액_원"":""24159151"",""예정금액_억원"":""0.24159151"",""예정금액_조원"":""2.4159151e-05"",""낙찰률"":""88.004"",""낙찰률_구간"":""80~90%"",""낙찰률_결측여부"":""False"",""낙찰률_100초과여부"":""False"",""계약금액_0원여부"":""False"",""계약상태"":""계약완료"",""계약번호"":""2026SFL0014"",""결정번호"":""07620"",""계약일_원본"":""20260330"",""계약금액_원본"":""21261100"",""계약예정금액_원본"":""24159151"",""원본중복건수"":""1"",""원본중복행여부"":""False"",""드론_검색발견필드"":""계약명""}"
08320991101245c27a2a7d93,2026LGF0005,2026-03-31,회전익26-2차 드론부수기재(프레임가드등10종)구매,주식회사 디알티,육군정보학교,16000000,16009873,계약완료,TITLE_MATCH,계약명,1,38223,"{""원본행번호"":""38223"",""계약일"":""2026-03-31"",""계약연도"":""2026"",""계약월"":""3"",""계약분기"":""Q1"",""연월"":""2026-03"",""계약명"":""회전익26-2차 드론부수기재(프레임가드등10종)구매"",""계약업체"":""주식회사 디알티"",""계약기관"":""육군정보학교"",""계약구분"":""물품"",""계약방법"":""수의계약"",""입찰방식"":""총액제"",""계약금액_원"":""16000000"",""계약금액_억원"":""0.16"",""계약금액_조원"":""1.6e-05"",""예정금액_원"":""16009873"",""예정금액_억원"":""0.16009873"",""예정금액_조원"":""1.6009873e-05"",""낙찰률"":""99.9383"",""낙찰률_구간"":""90~100%"",""낙찰률_결측여부"":""False"",""낙찰률_100초과여부"":""False"",""계약금액_0원여부"":""False"",""계약상태"":""계약완료"",""계약번호"":""2026LGF0005"",""결정번호"":""10106"",""계약일_원본"":""20260331"",""계약금액_원본"":""16000000"",""계약예정금액_원본"":""16009873"",""원본중복건수"":""1"",""원본중복행여부"":""False"",""드론_검색발견필드"":""계약명""}"
c8f6e18706b216f4c43515ca,2026LGF0006,2026-04-01,개발단26-2차 드론부수기재(20대형 군집드론12종),캣츠,육군정보학교,36640000,36991885,계약완료,TITLE_MATCH,계약명,1,38406,"{""원본행번호"":""38406"",""계약일"":""2026-04-01"",""계약연도"":""2026"",""계약월"":""4"",""계약분기"":""Q2"",""연월"":""2026-04"",""계약명"":""개발단26-2차 드론부수기재(20대형 군집드론12종)"",""계약업체"":""캣츠"",""계약기관"":""육군정보학교"",""계약구분"":""물품"",""계약방법"":""수의계약"",""입찰방식"":""총액제"",""계약금액_원"":""36640000"",""계약금액_억원"":""0.3664"",""계약금액_조원"":""3.664e-05"",""예정금액_원"":""36991885"",""예정금액_억원"":""0.36991885"",""예정금액_조원"":""3.6991885e-05"",""낙찰률"":""99.0488"",""낙찰률_구간"":""90~100%"",""낙찰률_결측여부"":""False"",""낙찰률_100초과여부"":""False"",""계약금액_0원여부"":""False"",""계약상태"":""계약완료"",""계약번호"":""2026LGF0006"",""결정번호"":""10109"",""계약일_원본"":""20260401"",""계약금액_원본"":""36640000"",""계약예정금액_원본"":""36991885"",""원본중복건수"":""1"",""원본중복행여부"":""False"",""드론_검색발견필드"":""계약명""}"
79aee78f48121a4b2c1e02be,2026LCM0017,2026-04-01,'26년 드론유닛 전투실험영상 제작용역,(주) 나빅스,육군교육사령부,27535000,31261138,계약완료,TITLE_MATCH,계약명,1,38381,"{""원본행번호"":""38381"",""계약일"":""2026-04-01"",""계약연도"":""2026"",""계약월"":""4"",""계약분기"":""Q2"",""연월"":""2026-04"",""계약명"":""'26년 드론유닛 전투실험영상 제작용역"",""계약업체"":""(주) 나빅스"",""계약기관"":""육군교육사령부"",""계약구분"":""용역"",""계약방법"":""제한경쟁"",""입찰방식"":""총액제"",""계약금액_원"":""27535000"",""계약금액_억원"":""0.27535"",""계약금액_조원"":""2.7535e-05"",""예정금액_원"":""31261138"",""예정금액_억원"":""0.31261138"",""예정금액_조원"":""3.1261138e-05"",""낙찰률"":""88.08"",""낙찰률_구간"":""80~90%"",""낙찰률_결측여부"":""False"",""낙찰률_100초과여부"":""False"",""계약금액_0원여부"":""False"",""계약상태"":""계약완료"",""계약번호"":""2026LCM0017"",""결정번호"":""07721"",""계약일_원본"":""20260401"",""계약금액_원본"":""27535000"",""계약예정금액_원본"":""31261138"",""원본중복건수"":""1"",""원본중복행여부"":""False"",""드론_검색발견필드"":""계약명""}"
0368bba709e7f566c5561f03,2026LFP0017,2026-04-01,본청 드론 교육관 보수 설치납품,주식회사 서원건설,육군보병학교,4972110,4972110,계약완료,TITLE_MATCH,계약명,1,38405,"{""원본행번호"":""38405"",""계약일"":""2026-04-01"",""계약연도"":""2026"",""계약월"":""4"",""계약분기"":""Q2"",""연월"":""2026-04"",""계약명"":""본청 드론 교육관 보수 설치납품"",""계약업체"":""주식회사 서원건설"",""계약기관"":""육군보병학교"",""계약구분"":""물품"",""계약방법"":""수의계약"",""입찰방식"":""총액제"",""계약금액_원"":""4972110"",""계약금액_억원"":""0.0497211"",""계약금액_조원"":""4.97211e-06"",""예정금액_원"":""4972110"",""예정금액_억원"":""0.0497211"",""예정금액_조원"":""4.97211e-06"",""낙찰률"":""100.0"",""낙찰률_구간"":""100% 초과"",""낙찰률_결측여부"":""False"",""낙찰률_100초과여부"":""False"",""계약금액_0원여부"":""False"",""계약상태"":""계약완료"",""계약번호"":""2026LFP0017"",""결정번호"":""10494"",""계약일_원본"":""20260401"",""계약금액_원본"":""4972110"",""계약예정금액_원본"":""4972110"",""원본중복건수"":""1"",""원본중복행여부"":""False"",""드론_검색발견필드"":""계약명""}"
594d730fd657c8fb1cf82a4a,2026SCH0058,2026-04-02,26-18호 FPV드론 기체 및 구성품 구매,채은유통,해군작전사령부,92699370,105339466,계약완료,TITLE_MATCH,계약명,1,38662,"{""원본행번호"":""38662"",""계약일"":""2026-04-02"",""계약연도"":""2026"",""계약월"":""4"",""계약분기"":""Q2"",""연월"":""2026-04"",""계약명"":""26-18호 FPV드론 기체 및 구성품 구매"",""계약업체"":""채은유통"",""계약기관"":""해군작전사령부"",""계약구분"":""물품"",""계약방법"":""수의계약"",""입찰방식"":""총액제"",""계약금액_원"":""92699370"",""계약금액_억원"":""0.9269937"",""계약금액_조원"":""9.269937e-05"",""예정금액_원"":""105339466"",""예정금액_억원"":""1.05339466"",""예정금액_조원"":""0.000105339466"",""낙찰률"":""88.0"",""낙찰률_구간"":""80~90%"",""낙찰률_결측여부"":""False"",""낙찰률_100초과여부"":""False"",""계약금액_0원여부"":""False"",""계약상태"":""계약완료"",""계약번호"":""2026SCH0058"",""결정번호"":""08777"",""계약일_원본"":""20260402"",""계약금액_원본"":""92699370"",""계약예정금액_원본"":""105339466"",""원본중복건수"":""1"",""원본중복행여부"":""False"",""드론_검색발견필드"":""계약명""}"
0cef9b30af183d82d97f7219,2026LAZ0007,2026-04-06,'26-1차 소형드론 외주정비 용역,성우엔지니어링,드론작전사령부,53930000,53930000,계약완료,TITLE_MATCH,"계약명, 계약기관",1,38811,"{""원본행번호"":""38811"",""계약일"":""2026-04-06"",""계약연도"":""2026"",""계약월"":""4"",""계약분기"":""Q2"",""연월"":""2026-04"",""계약명"":""'26-1차 소형드론 외주정비 용역"",""계약업체"":""성우엔지니어링"",""계약기관"":""드론작전사령부"",""계약구분"":""용역"",""계약방법"":""수의계약"",""입찰방식"":""총액제"",""계약금액_원"":""53930000"",""계약금액_억원"":""0.5393"",""계약금액_조원"":""5.393e-05"",""예정금액_원"":""53930000"",""예정금액_억원"":""0.5393"",""예정금액_조원"":""5.393e-05"",""낙찰률"":""100.0"",""낙찰률_구간"":""100% 초과"",""낙찰률_결측여부"":""False"",""낙찰률_100초과여부"":""False"",""계약금액_0원여부"":""False"",""계약상태"":""계약완료"",""계약번호"":""2026LAZ0007"",""결정번호"":""10791"",""계약일_원본"":""20260406"",""계약금액_원본"":""53930000"",""계약예정금액_원본"":""53930000"",""원본중복건수"":""1"",""원본중복행여부"":""False"",""드론_검색발견필드"":""계약명, 계약기관""}"
244c661f1f7c62a9233d8946,2026MDN0017,2026-04-13,화생방정찰드론 외주정비 용역,주식회사 비씨디이엔씨,국군화생방방호사령부,6710000,6989000,계약완료,TITLE_MATCH,계약명,1,39360,"{""원본행번호"":""39360"",""계약일"":""2026-04-13"",""계약연도"":""2026"",""계약월"":""4"",""계약분기"":""Q2"",""연월"":""2026-04"",""계약명"":""화생방정찰드론 외주정비 용역"",""계약업체"":""주식회사 비씨디이엔씨"",""계약기관"":""국군화생방방호사령부"",""계약구분"":""용역"",""계약방법"":""수의계약"",""입찰방식"":""총액제"",""계약금액_원"":""6710000"",""계약금액_억원"":""0.0671"",""계약금액_조원"":""6.71e-06"",""예정금액_원"":""6989000"",""예정금액_억원"":""0.06989"",""예정금액_조원"":""6.989e-06"",""낙찰률"":""96.01"",""낙찰률_구간"":""90~100%"",""낙찰률_결측여부"":""False"",""낙찰률_100초과여부"":""False"",""계약금액_0원여부"":""False"",""계약상태"":""계약완료"",""계약번호"":""2026MDN0017"",""결정번호"":""11678"",""계약일_원본"":""20260413"",""계약금액_원본"":""6710000"",""계약예정금액_원본"":""6989000"",""원본중복건수"":""1"",""원본중복행여부"":""False"",""드론_검색발견필드"":""계약명""}"
5d2f4789274a01086a1325e0,2026LGF0007,2026-04-14,개발단 26-1차 군집드론 102대형 SW라이센스 임차,주식회사 드론미디어,육군정보학교,33660000,33773216,계약완료,TITLE_MATCH,"계약명, 계약업체",1,39440,"{""원본행번호"":""39440"",""계약일"":""2026-04-14"",""계약연도"":""2026"",""계약월"":""4"",""계약분기"":""Q2"",""연월"":""2026-04"",""계약명"":""개발단 26-1차 군집드론 102대형 SW라이센스 임차"",""계약업체"":""주식회사 드론미디어"",""계약기관"":""육군정보학교"",""계약구분"":""물품"",""계약방법"":""수의계약"",""입찰방식"":""총액제"",""계약금액_원"":""33660000"",""계약금액_억원"":""0.3366"",""계약금액_조원"":""3.366e-05"",""예정금액_원"":""33773216"",""예정금액_억원"":""0.33773216"",""예정금액_조원"":""3.3773216e-05"",""낙찰률"":""99.6648"",""낙찰률_구간"":""90~100%"",""낙찰률_결측여부"":""False"",""낙찰률_100초과여부"":""False"",""계약금액_0원여부"":""False"",""계약상태"":""계약완료"",""계약번호"":""2026LGF0007"",""결정번호"":""11405"",""계약일_원본"":""20260414"",""계약금액_원본"":""33660000"",""계약예정금액_원본"":""33773216"",""원본중복건수"":""1"",""원본중복행여부"":""False"",""드론_검색발견필드"":""계약명, 계약업체""}"
81d8f30336a15776db899b4e,2026SCH0077,2026-04-15,26-부 드론축구 교육 및 대회진행 용역,메타드론캠,해군작전사령부,43298000,47363050,계약완료,TITLE_MATCH,"계약명, 계약업체",1,39599,"{""원본행번호"":""39599"",""계약일"":""2026-04-15"",""계약연도"":""2026"",""계약월"":""4"",""계약분기"":""Q2"",""연월"":""2026-04"",""계약명"":""26-부 드론축구 교육 및 대회진행 용역"",""계약업체"":""메타드론캠"",""계약기관"":""해군작전사령부"",""계약구분"":""용역"",""계약방법"":""수의계약"",""입찰방식"":""총액제"",""계약금액_원"":""43298000"",""계약금액_억원"":""0.43298"",""계약금액_조원"":""4.3298e-05"",""예정금액_원"":""47363050"",""예정금액_억원"":""0.4736305"",""예정금액_조원"":""4.736305e-05"",""낙찰률"":""91.417"",""낙찰률_구간"":""90~100%"",""낙찰률_결측여부"":""False"",""낙찰률_100초과여부"":""False"",""계약금액_0원여부"":""False"",""계약상태"":""계약완료"",""계약번호"":""2026SCH0077"",""결정번호"":""10649"",""계약일_원본"":""20260415"",""계약금액_원본"":""43298000"",""계약예정금액_원본"":""47363050"",""원본중복건수"":""1"",""원본중복행여부"":""False"",""드론_검색발견필드"":""계약명, 계약업체""}"
76749bccee4b71a7778958c4,2026SCL0048,2026-04-16,사관생도 문화부활동 드론 구매,천우비,해군사관학교,12200000,12200000,계약완료,TITLE_MATCH,계약명,1,39699,"{""원본행번호"":""39699"",""계약일"":""2026-04-16"",""계약연도"":""2026"",""계약월"":""4"",""계약분기"":""Q2"",""연월"":""2026-04"",""계약명"":""사관생도 문화부활동 드론 구매"",""계약업체"":""천우비"",""계약기관"":""해군사관학교"",""계약구분"":""물품"",""계약방법"":""수의계약"",""입찰방식"":""총액제"",""계약금액_원"":""12200000"",""계약금액_억원"":""0.122"",""계약금액_조원"":""1.22e-05"",""예정금액_원"":""12200000"",""예정금액_억원"":""0.122"",""예정금액_조원"":""1.22e-05"",""낙찰률"":""100.0"",""낙찰률_구간"":""100% 초과"",""낙찰률_결측여부"":""False"",""낙찰률_100초과여부"":""False"",""계약금액_0원여부"":""False"",""계약상태"":""계약완료"",""계약번호"":""2026SCL0048"",""결정번호"":""13050"",""계약일_원본"":""20260416"",""계약금액_원본"":""12200000"",""계약예정금액_원본"":""12200000"",""원본중복건수"":""1"",""원본중복행여부"":""False"",""드론_검색발견필드"":""계약명""}"
421879954d0f3c92d1a6a3a3,2026LGF0009,2026-04-16,생체모방드론 군사적 활용성 검증 전투실험 임차용역,팔월삼일 주식회사,육군정보학교,10000000,10048043,계약완료,TITLE_MATCH,계약명,1,39662,"{""원본행번호"":""39662"",""계약일"":""2026-04-16"",""계약연도"":""2026"",""계약월"":""4"",""계약분기"":""Q2"",""연월"":""2026-04"",""계약명"":""생체모방드론 군사적 활용성 검증 전투실험 임차용역"",""계약업체"":""팔월삼일 주식회사"",""계약기관"":""육군정보학교"",""계약구분"":""용역"",""계약방법"":""수의계약"",""입찰방식"":""총액제"",""계약금액_원"":""10000000"",""계약금액_억원"":""0.1"",""계약금액_조원"":""1e-05"",""예정금액_원"":""10048043"",""예정금액_억원"":""0.10048043"",""예정금액_조원"":""1.0048043e-05"",""낙찰률"":""99.5219"",""낙찰률_구간"":""90~100%"",""낙찰률_결측여부"":""False"",""낙찰률_100초과여부"":""False"",""계약금액_0원여부"":""False"",""계약상태"":""계약완료"",""계약번호"":""2026LGF0009"",""결정번호"":""12792"",""계약일_원본"":""20260416"",""계약금액_원본"":""10000000"",""계약예정금액_원본"":""10048043"",""원본중복건수"":""1"",""원본중복행여부"":""False"",""드론_검색발견필드"":""계약명""}"
006a1b22cb0183c31fa9e326,2026HCL0086,2026-04-17,26-사관생도 항공우주특성화교육 용역,피스퀘어드론교육원,공군사관학교,52920810,58898944,계약완료,CONTEXT_REVIEW,계약업체,1,39748,"{""원본행번호"":""39748"",""계약일"":""2026-04-17"",""계약연도"":""2026"",""계약월"":""4"",""계약분기"":""Q2"",""연월"":""2026-04"",""계약명"":""26-사관생도 항공우주특성화교육 용역"",""계약업체"":""피스퀘어드론교육원"",""계약기관"":""공군사관학교"",""계약구분"":""용역"",""계약방법"":""수의계약"",""입찰방식"":""총액제"",""계약금액_원"":""52920810"",""계약금액_억원"":""0.5292081"",""계약금액_조원"":""5.292081e-05"",""예정금액_원"":""58898944"",""예정금액_억원"":""0.58898944"",""예정금액_조원"":""5.8898944e-05"",""낙찰률"":""89.85"",""낙찰률_구간"":""80~90%"",""낙찰률_결측여부"":""False"",""낙찰률_100초과여부"":""False"",""계약금액_0원여부"":""False"",""계약상태"":""계약완료"",""계약번호"":""2026HCL0086"",""결정번호"":""10980"",""계약일_원본"":""20260417"",""계약금액_원본"":""52920810"",""계약예정금액_원본"":""58898944"",""원본중복건수"":""1"",""원본중복행여부"":""False"",""드론_검색발견필드"":""계약업체""}"
90346ec3139904bc767d16a5,2026SFC0043,2026-04-17,26-M-전반기 물자수송용 드론 임차 용역,(주)마이크로드론코리아,제9691부대,49150000,57403027,계약완료,TITLE_MATCH,"계약명, 계약업체",1,39826,"{""원본행번호"":""39826"",""계약일"":""2026-04-17"",""계약연도"":""2026"",""계약월"":""4"",""계약분기"":""Q2"",""연월"":""2026-04"",""계약명"":""26-M-전반기 물자수송용 드론 임차 용역"",""계약업체"":""(주)마이크로드론코리아"",""계약기관"":""제9691부대"",""계약구분"":""용역"",""계약방법"":""제한경쟁"",""입찰방식"":""총액제"",""계약금액_원"":""49150000"",""계약금액_억원"":""0.4915"",""계약금액_조원"":""4.915e-05"",""예정금액_원"":""57403027"",""예정금액_억원"":""0.57403027"",""예정금액_조원"":""5.7403027e-05"",""낙찰률"":""85.622"",""낙찰률_구간"":""80~90%"",""낙찰률_결측여부"":""False"",""낙찰률_100초과여부"":""False"",""계약금액_0원여부"":""False"",""계약상태"":""계약완료"",""계약번호"":""2026SFC0043"",""결정번호"":""10642"",""계약일_원본"":""20260417"",""계약금액_원본"":""49150000"",""계약예정금액_원본"":""57403027"",""원본중복건수"":""1"",""원본중복행여부"":""False"",""드론_검색발견필드"":""계약명, 계약업체""}"
d1b73466120a1bc5084b8352,2026LFP0019,2026-04-17,26년 드론교육센터 정보교육예산 자산취득비(1차),주식회사 한성교구,육군보병학교,2895000,2895000,계약완료,TITLE_MATCH,계약명,1,39785,"{""원본행번호"":""39785"",""계약일"":""2026-04-17"",""계약연도"":""2026"",""계약월"":""4"",""계약분기"":""Q2"",""연월"":""2026-04"",""계약명"":""26년 드론교육센터 정보교육예산 자산취득비(1차)"",""계약업체"":""주식회사 한성교구"",""계약기관"":""육군보병학교"",""계약구분"":""물품"",""계약방법"":""수의계약"",""입찰방식"":""총액제"",""계약금액_원"":""2895000"",""계약금액_억원"":""0.02895"",""계약금액_조원"":""2.895e-06"",""예정금액_원"":""2895000"",""예정금액_억원"":""0.02895"",""예정금액_조원"":""2.895e-06"",""낙찰률"":""100.0"",""낙찰률_구간"":""100% 초과"",""낙찰률_결측여부"":""False"",""낙찰률_100초과여부"":""False"",""계약금액_0원여부"":""False"",""계약상태"":""계약완료"",""계약번호"":""2026LFP0019"",""결정번호"":""13196"",""계약일_원본"":""20260417"",""계약금액_원본"":""2895000"",""계약예정금액_원본"":""2895000"",""원본중복건수"":""1"",""원본중복행여부"":""False"",""드론_검색발견필드"":""계약명""}"
9b1bd46bc25be42c53e3cec6,2026LCF0068,2026-04-21,드론부대 전력 획득방안 연구용역,한성대학교 산학협력단,육군군수사령부,43142000,54455402,계약완료,TITLE_MATCH,계약명,1,39994,"{""원본행번호"":""39994"",""계약일"":""2026-04-21"",""계약연도"":""2026"",""계약월"":""4"",""계약분기"":""Q2"",""연월"":""2026-04"",""계약명"":""드론부대 전력 획득방안 연구용역"",""계약업체"":""한성대학교 산학협력단"",""계약기관"":""육군군수사령부"",""계약구분"":""용역"",""계약방법"":""2단계경쟁(동시)"",""입찰방식"":""총액제"",""계약금액_원"":""43142000"",""계약금액_억원"":""0.43142"",""계약금액_조원"":""4.3142e-05"",""예정금액_원"":""54455402"",""예정금액_억원"":""0.54455402"",""예정금액_조원"":""5.4455402e-05"",""낙찰률"":""79.224"",""낙찰률_구간"":""80% 미만"",""낙찰률_결측여부"":""False"",""낙찰률_100초과여부"":""False"",""계약금액_0원여부"":""False"",""계약상태"":""계약완료"",""계약번호"":""2026LCF0068"",""결정번호"":""06926"",""계약일_원본"":""20260421"",""계약금액_원본"":""43142000"",""계약예정금액_원본"":""54455402"",""원본중복건수"":""1"",""원본중복행여부"":""False"",""드론_검색발견필드"":""계약명""}"
2990670998a5cd5efce04ce5,2026LCK0095,2026-04-22,(26-물품-21)드론교육센터 교육비품 구매(접의식의자),서울지방조달청,수도방위사령부,3150000,3150000,계약완료,TITLE_MATCH,계약명,1,40123,"{""원본행번호"":""40123"",""계약일"":""2026-04-22"",""계약연도"":""2026"",""계약월"":""4"",""계약분기"":""Q2"",""연월"":""2026-04"",""계약명"":""(26-물품-21)드론교육센터 교육비품 구매(접의식의자)"",""계약업체"":""서울지방조달청"",""계약기관"":""수도방위사령부"",""계약구분"":""물품"",""계약방법"":""수의계약"",""입찰방식"":""총액제"",""계약금액_원"":""3150000"",""계약금액_억원"":""0.0315"",""계약금액_조원"":""3.15e-06"",""예정금액_원"":""3150000"",""예정금액_억원"":""0.0315"",""예정금액_조원"":""3.15e-06"",""낙찰률"":""100.0"",""낙찰률_구간"":""100% 초과"",""낙찰률_결측여부"":""False"",""낙찰률_100초과여부"":""False"",""계약금액_0원여부"":""False"",""계약상태"":""계약완료"",""계약번호"":""2026LCK0095"",""결정번호"":""14648"",""계약일_원본"":""20260422"",""계약금액_원본"":""3150000"",""계약예정금액_원본"":""3150000"",""원본중복건수"":""1"",""원본중복행여부"":""False"",""드론_검색발견필드"":""계약명""}"
65d113aa27b72835e9230f47,2026LCK0096,2026-04-22,(26-물품-21)드론교육센터 교육비품 (도구보관캐비닛),서울지방조달청,수도방위사령부,1891400,1891400,계약완료,TITLE_MATCH,계약명,1,40124,"{""원본행번호"":""40124"",""계약일"":""2026-04-22"",""계약연도"":""2026"",""계약월"":""4"",""계약분기"":""Q2"",""연월"":""2026-04"",""계약명"":""(26-물품-21)드론교육센터 교육비품 (도구보관캐비닛)"",""계약업체"":""서울지방조달청"",""계약기관"":""수도방위사령부"",""계약구분"":""물품"",""계약방법"":""수의계약"",""입찰방식"":""총액제"",""계약금액_원"":""1891400"",""계약금액_억원"":""0.018914"",""계약금액_조원"":""1.8914e-06"",""예정금액_원"":""1891400"",""예정금액_억원"":""0.018914"",""예정금액_조원"":""1.8914e-06"",""낙찰률"":""100.0"",""낙찰률_구간"":""100% 초과"",""낙찰률_결측여부"":""False"",""낙찰률_100초과여부"":""False"",""계약금액_0원여부"":""False"",""계약상태"":""계약완료"",""계약번호"":""2026LCK0096"",""결정번호"":""14647"",""계약일_원본"":""20260422"",""계약금액_원본"":""1891400"",""계약예정금액_원본"":""1891400"",""원본중복건수"":""1"",""원본중복행여부"":""False"",""드론_검색발견필드"":""계약명""}"
29bfba247d07315fe714a78d,2026LCK0094,2026-04-22,(26-물품-21)드론교육센터 교육비품 구매(탁자),서울지방조달청,수도방위사령부,1264000,1264000,계약완료,TITLE_MATCH,계약명,1,40122,"{""원본행번호"":""40122"",""계약일"":""2026-04-22"",""계약연도"":""2026"",""계약월"":""4"",""계약분기"":""Q2"",""연월"":""2026-04"",""계약명"":""(26-물품-21)드론교육센터 교육비품 구매(탁자)"",""계약업체"":""서울지방조달청"",""계약기관"":""수도방위사령부"",""계약구분"":""물품"",""계약방법"":""수의계약"",""입찰방식"":""총액제"",""계약금액_원"":""1264000"",""계약금액_억원"":""0.01264"",""계약금액_조원"":""1.264e-06"",""예정금액_원"":""1264000"",""예정금액_억원"":""0.01264"",""예정금액_조원"":""1.264e-06"",""낙찰률"":""100.0"",""낙찰률_구간"":""100% 초과"",""낙찰률_결측여부"":""False"",""낙찰률_100초과여부"":""False"",""계약금액_0원여부"":""False"",""계약상태"":""계약완료"",""계약번호"":""2026LCK0094"",""결정번호"":""14649"",""계약일_원본"":""20260422"",""계약금액_원본"":""1264000"",""계약예정금액_원본"":""1264000"",""원본중복건수"":""1"",""원본중복행여부"":""False"",""드론_검색발견필드"":""계약명""}"
df56157c7cc73dd449e1cde4,2026LCK0093,2026-04-22,(26-물품-21)드론교육센터 교육비품 구매(공구상자),서울지방조달청,수도방위사령부,1122000,1122000,계약완료,TITLE_MATCH,계약명,1,40121,"{""원본행번호"":""40121"",""계약일"":""2026-04-22"",""계약연도"":""2026"",""계약월"":""4"",""계약분기"":""Q2"",""연월"":""2026-04"",""계약명"":""(26-물품-21)드론교육센터 교육비품 구매(공구상자)"",""계약업체"":""서울지방조달청"",""계약기관"":""수도방위사령부"",""계약구분"":""물품"",""계약방법"":""수의계약"",""입찰방식"":""총액제"",""계약금액_원"":""1122000"",""계약금액_억원"":""0.01122"",""계약금액_조원"":""1.122e-06"",""예정금액_원"":""1122000"",""예정금액_억원"":""0.01122"",""예정금액_조원"":""1.122e-06"",""낙찰률"":""100.0"",""낙찰률_구간"":""100% 초과"",""낙찰률_결측여부"":""False"",""낙찰률_100초과여부"":""False"",""계약금액_0원여부"":""False"",""계약상태"":""계약완료"",""계약번호"":""2026LCK0093"",""결정번호"":""14646"",""계약일_원본"":""20260422"",""계약금액_원본"":""1122000"",""계약예정금액_원본"":""1122000"",""원본중복건수"":""1"",""원본중복행여부"":""False"",""드론_검색발견필드"":""계약명""}"
dd035183163b104457caa8fd,2026LCN0040,2026-04-24,26년 생도훈련 및 실습용 드론 구매,주식회사 헬셀,육군사관학교,33748000,38279188,계약완료,TITLE_MATCH,계약명,1,40368,"{""원본행번호"":""40368"",""계약일"":""2026-04-24"",""계약연도"":""2026"",""계약월"":""4"",""계약분기"":""Q2"",""연월"":""2026-04"",""계약명"":""26년 생도훈련 및 실습용 드론 구매"",""계약업체"":""주식회사 헬셀"",""계약기관"":""육군사관학교"",""계약구분"":""물품"",""계약방법"":""수의계약"",""입찰방식"":""총액제"",""계약금액_원"":""33748000"",""계약금액_억원"":""0.33748"",""계약금액_조원"":""3.3748e-05"",""예정금액_원"":""38279188"",""예정금액_억원"":""0.38279188"",""예정금액_조원"":""3.8279188e-05"",""낙찰률"":""88.162"",""낙찰률_구간"":""80~90%"",""낙찰률_결측여부"":""False"",""낙찰률_100초과여부"":""False"",""계약금액_0원여부"":""False"",""계약상태"":""계약완료"",""계약번호"":""2026LCN0040"",""결정번호"":""11278"",""계약일_원본"":""20260424"",""계약금액_원본"":""33748000"",""계약예정금액_원본"":""38279188"",""원본중복건수"":""1"",""원본중복행여부"":""False"",""드론_검색발견필드"":""계약명""}"
4fd40e7bbe2ca0b0767d3cc3,2026LQH0032,2026-04-27,(육성)구기동대 드론 재밍건 제조 납품,뉴테크코리아 주식회사,제3697부대,103529400,117380180,계약완료,TITLE_MATCH,계약명,1,40554,"{""원본행번호"":""40554"",""계약일"":""2026-04-27"",""계약연도"":""2026"",""계약월"":""4"",""계약분기"":""Q2"",""연월"":""2026-04"",""계약명"":""(육성)구기동대 드론 재밍건 제조 납품"",""계약업체"":""뉴테크코리아 주식회사"",""계약기관"":""제3697부대"",""계약구분"":""물품"",""계약방법"":""제한경쟁"",""입찰방식"":""총액제"",""계약금액_원"":""103529400"",""계약금액_억원"":""1.035294"",""계약금액_조원"":""0.0001035294"",""예정금액_원"":""117380180"",""예정금액_억원"":""1.1738018"",""예정금액_조원"":""0.00011738018"",""낙찰률"":""88.2"",""낙찰률_구간"":""80~90%"",""낙찰률_결측여부"":""False"",""낙찰률_100초과여부"":""False"",""계약금액_0원여부"":""False"",""계약상태"":""계약완료"",""계약번호"":""2026LQH0032"",""결정번호"":""11526"",""계약일_원본"":""20260427"",""계약금액_원본"":""103529400"",""계약예정금액_원본"":""117380180"",""원본중복건수"":""1"",""원본중복행여부"":""False"",""드론_검색발견필드"":""계약명""}"
249d11ac2fb00ffa41861d8a,2026LQH0034,2026-04-28,(육성)드론 시뮬레이터 pc 구매,주식회사 포스웨이브,제3697부대,6789000,7353800,계약완료,TITLE_MATCH,계약명,1,40671,"{""원본행번호"":""40671"",""계약일"":""2026-04-28"",""계약연도"":""2026"",""계약월"":""4"",""계약분기"":""Q2"",""연월"":""2026-04"",""계약명"":""(육성)드론 시뮬레이터 pc 구매"",""계약업체"":""주식회사 포스웨이브"",""계약기관"":""제3697부대"",""계약구분"":""물품"",""계약방법"":""수의계약"",""입찰방식"":""총액제"",""계약금액_원"":""6789000"",""계약금액_억원"":""0.06789"",""계약금액_조원"":""6.789e-06"",""예정금액_원"":""7353800"",""예정금액_억원"":""0.073538"",""예정금액_조원"":""7.3538e-06"",""낙찰률"":""92.32"",""낙찰률_구간"":""90~100%"",""낙찰률_결측여부"":""False"",""낙찰률_100초과여부"":""False"",""계약금액_0원여부"":""False"",""계약상태"":""계약완료"",""계약번호"":""2026LQH0034"",""결정번호"":""15088"",""계약일_원본"":""20260428"",""계약금액_원본"":""6789000"",""계약예정금액_원본"":""7353800"",""원본중복건수"":""1"",""원본중복행여부"":""False"",""드론_검색발견필드"":""계약명""}"
8b2a0ea9048920687c627caf,2025SCF1009,2026-05-06,'25년 해군 드론 유지보수 용역,주식회사 자이언트드론,해군군수사령부,320207360,366168029,계약완료,TITLE_MATCH,"계약명, 계약업체",1,41147,"{""원본행번호"":""41147"",""계약일"":""2026-05-06"",""계약연도"":""2026"",""계약월"":""5"",""계약분기"":""Q2"",""연월"":""2026-05"",""계약명"":""'25년 해군 드론 유지보수 용역"",""계약업체"":""주식회사 자이언트드론"",""계약기관"":""해군군수사령부"",""계약구분"":""용역"",""계약방법"":""일반경쟁"",""입찰방식"":""총액제"",""계약금액_원"":""320207360"",""계약금액_억원"":""3.2020736"",""계약금액_조원"":""0.00032020736"",""예정금액_원"":""366168029"",""예정금액_억원"":""3.66168029"",""예정금액_조원"":""0.000366168029"",""낙찰률"":""87.448"",""낙찰률_구간"":""80~90%"",""낙찰률_결측여부"":""False"",""낙찰률_100초과여부"":""False"",""계약금액_0원여부"":""False"",""계약상태"":""계약완료"",""계약번호"":""2025SCF1009"",""결정번호"":""45990"",""계약일_원본"":""20260506"",""계약금액_원본"":""320207360"",""계약예정금액_원본"":""366168029"",""원본중복건수"":""1"",""원본중복행여부"":""False"",""드론_검색발견필드"":""계약명, 계약업체""}"
113d51d0a08abbbe218d0d6c,2026MCD0057,2026-05-06,26년 드론공방전 예선대회 시행사 용역,에이스기획,국방부(운영지원과),94820000,94820000,계약완료,TITLE_MATCH,계약명,1,41209,"{""원본행번호"":""41209"",""계약일"":""2026-05-06"",""계약연도"":""2026"",""계약월"":""5"",""계약분기"":""Q2"",""연월"":""2026-05"",""계약명"":""26년 드론공방전 예선대회 시행사 용역"",""계약업체"":""에이스기획"",""계약기관"":""국방부(운영지원과)"",""계약구분"":""용역"",""계약방법"":""수의계약"",""입찰방식"":""총액제"",""계약금액_원"":""94820000"",""계약금액_억원"":""0.9482"",""계약금액_조원"":""9.482e-05"",""예정금액_원"":""94820000"",""예정금액_억원"":""0.9482"",""예정금액_조원"":""9.482e-05"",""낙찰률"":""100.0"",""낙찰률_구간"":""100% 초과"",""낙찰률_결측여부"":""False"",""낙찰률_100초과여부"":""False"",""계약금액_0원여부"":""False"",""계약상태"":""계약완료"",""계약번호"":""2026MCD0057"",""결정번호"":""15418"",""계약일_원본"":""20260506"",""계약금액_원본"":""94820000"",""계약예정금액_원본"":""94820000"",""원본중복건수"":""1"",""원본중복행여부"":""False"",""드론_검색발견필드"":""계약명""}"
c445125acd959baf4eb7a7fc,2026SFC0055,2026-05-06,26-덕-소형대장갑 자폭드론 임차 용역,주식회사 아쎄따,제9691부대,42368000,50027145,계약완료,TITLE_MATCH,계약명,1,41260,"{""원본행번호"":""41260"",""계약일"":""2026-05-06"",""계약연도"":""2026"",""계약월"":""5"",""계약분기"":""Q2"",""연월"":""2026-05"",""계약명"":""26-덕-소형대장갑 자폭드론 임차 용역"",""계약업체"":""주식회사 아쎄따"",""계약기관"":""제9691부대"",""계약구분"":""용역"",""계약방법"":""제한경쟁"",""입찰방식"":""총액제"",""계약금액_원"":""42368000"",""계약금액_억원"":""0.42368"",""계약금액_조원"":""4.2368e-05"",""예정금액_원"":""50027145"",""예정금액_억원"":""0.50027145"",""예정금액_조원"":""5.0027145e-05"",""낙찰률"":""84.69"",""낙찰률_구간"":""80~90%"",""낙찰률_결측여부"":""False"",""낙찰률_100초과여부"":""False"",""계약금액_0원여부"":""False"",""계약상태"":""계약완료"",""계약번호"":""2026SFC0055"",""결정번호"":""13947"",""계약일_원본"":""20260506"",""계약금액_원본"":""42368000"",""계약예정금액_원본"":""50027145"",""원본중복건수"":""1"",""원본중복행여부"":""False"",""드론_검색발견필드"":""계약명""}"
f9c37c1be9838c94f7770933,2026LFP0025,2026-05-07,26년 드론교육센터 정보교육예산 자산취득비(2차),(주)전설의대장간,육군보병학교,1100000,1100000,계약완료,TITLE_MATCH,계약명,1,41320,"{""원본행번호"":""41320"",""계약일"":""2026-05-07"",""계약연도"":""2026"",""계약월"":""5"",""계약분기"":""Q2"",""연월"":""2026-05"",""계약명"":""26년 드론교육센터 정보교육예산 자산취득비(2차)"",""계약업체"":""(주)전설의대장간"",""계약기관"":""육군보병학교"",""계약구분"":""물품"",""계약방법"":""수의계약"",""입찰방식"":""총액제"",""계약금액_원"":""1100000"",""계약금액_억원"":""0.011"",""계약금액_조원"":""1.1e-06"",""예정금액_원"":""1100000"",""예정금액_억원"":""0.011"",""예정금액_조원"":""1.1e-06"",""낙찰률"":""100.0"",""낙찰률_구간"":""100% 초과"",""낙찰률_결측여부"":""False"",""낙찰률_100초과여부"":""False"",""계약금액_0원여부"":""False"",""계약상태"":""계약완료"",""계약번호"":""2026LFP0025"",""결정번호"":""15792"",""계약일_원본"":""20260507"",""계약금액_원본"":""1100000"",""계약예정금액_원본"":""1100000"",""원본중복건수"":""1"",""원본중복행여부"":""False"",""드론_검색발견필드"":""계약명""}"
9f7648bfd83316013b1d4e6f,2026SFC0059,2026-05-13,26-덕-소형 대인 자폭드론 임차 용역,주식회사 아쎄따,제9691부대,42368000,50098852,계약완료,TITLE_MATCH,계약명,1,41833,"{""원본행번호"":""41833"",""계약일"":""2026-05-13"",""계약연도"":""2026"",""계약월"":""5"",""계약분기"":""Q2"",""연월"":""2026-05"",""계약명"":""26-덕-소형 대인 자폭드론 임차 용역"",""계약업체"":""주식회사 아쎄따"",""계약기관"":""제9691부대"",""계약구분"":""용역"",""계약방법"":""수의계약"",""입찰방식"":""총액제"",""계약금액_원"":""42368000"",""계약금액_억원"":""0.42368"",""계약금액_조원"":""4.2368e-05"",""예정금액_원"":""50098852"",""예정금액_억원"":""0.50098852"",""예정금액_조원"":""5.0098852e-05"",""낙찰률"":""84.5688"",""낙찰률_구간"":""80~90%"",""낙찰률_결측여부"":""False"",""낙찰률_100초과여부"":""False"",""계약금액_0원여부"":""False"",""계약상태"":""계약완료"",""계약번호"":""2026SFC0059"",""결정번호"":""13954"",""계약일_원본"":""20260513"",""계약금액_원본"":""42368000"",""계약예정금액_원본"":""50098852"",""원본중복건수"":""1"",""원본중복행여부"":""False"",""드론_검색발견필드"":""계약명""}"
95f12dc104c522fec0aceb10,2026LAZ0008,2026-05-14,'26-1차 공기청정기 필터 구매,중랑전자주식회사포천점,드론작전사령부,5497000,5778000,계약완료,CONTEXT_REVIEW,계약기관,2,41881,"{""원본행번호"":""41881"",""계약일"":""2026-05-14"",""계약연도"":""2026"",""계약월"":""5"",""계약분기"":""Q2"",""연월"":""2026-05"",""계약명"":""'26-1차 공기청정기 필터 구매"",""계약업체"":""중랑전자주식회사포천점"",""계약기관"":""드론작전사령부"",""계약구분"":""물품"",""계약방법"":""수의계약"",""입찰방식"":""총액제"",""계약금액_원"":""5497000"",""계약금액_억원"":""0.05497"",""계약금액_조원"":""5.497e-06"",""예정금액_원"":""5778000"",""예정금액_억원"":""0.05778"",""예정금액_조원"":""5.778e-06"",""낙찰률"":""95.14"",""낙찰률_구간"":""90~100%"",""낙찰률_결측여부"":""False"",""낙찰률_100초과여부"":""False"",""계약금액_0원여부"":""False"",""계약상태"":""계약완료"",""계약번호"":""2026LAZ0008"",""결정번호"":""17387"",""계약일_원본"":""20260514"",""계약금액_원본"":""5497000"",""계약예정금액_원본"":""5778000"",""원본중복건수"":""2"",""원본중복행여부"":""True"",""드론_검색발견필드"":""계약기관""}"
ea66546c894ff08ab096f5c2,2026SFC0056,2026-05-15,26-덕-분소대 정찰맵핑드론 임차 용역,주식회사 자이언트드론,제9691부대,43440000,49586502,계약완료,TITLE_MATCH,"계약명, 계약업체",1,42091,"{""원본행번호"":""42091"",""계약일"":""2026-05-15"",""계약연도"":""2026"",""계약월"":""5"",""계약분기"":""Q2"",""연월"":""2026-05"",""계약명"":""26-덕-분소대 정찰맵핑드론 임차 용역"",""계약업체"":""주식회사 자이언트드론"",""계약기관"":""제9691부대"",""계약구분"":""용역"",""계약방법"":""제한경쟁"",""입찰방식"":""총액제"",""계약금액_원"":""43440000"",""계약금액_억원"":""0.4344"",""계약금액_조원"":""4.344e-05"",""예정금액_원"":""49586502"",""예정금액_억원"":""0.49586502"",""예정금액_조원"":""4.9586502e-05"",""낙찰률"":""87.604"",""낙찰률_구간"":""80~90%"",""낙찰률_결측여부"":""False"",""낙찰률_100초과여부"":""False"",""계약금액_0원여부"":""False"",""계약상태"":""계약완료"",""계약번호"":""2026SFC0056"",""결정번호"":""13943"",""계약일_원본"":""20260515"",""계약금액_원본"":""43440000"",""계약예정금액_원본"":""49586502"",""원본중복건수"":""1"",""원본중복행여부"":""False"",""드론_검색발견필드"":""계약명, 계약업체""}"
050ffb6cc47e152ba435f782,2026SFC0062,2026-05-18,26-덕-분소대 공격드론 임차 용역,주식회사 자이언트드론,제9691부대,42690000,50453028,계약완료,TITLE_MATCH,"계약명, 계약업체",1,42264,"{""원본행번호"":""42264"",""계약일"":""2026-05-18"",""계약연도"":""2026"",""계약월"":""5"",""계약분기"":""Q2"",""연월"":""2026-05"",""계약명"":""26-덕-분소대 공격드론 임차 용역"",""계약업체"":""주식회사 자이언트드론"",""계약기관"":""제9691부대"",""계약구분"":""용역"",""계약방법"":""제한경쟁"",""입찰방식"":""총액제"",""계약금액_원"":""42690000"",""계약금액_억원"":""0.4269"",""계약금액_조원"":""4.269e-05"",""예정금액_원"":""50453028"",""예정금액_억원"":""0.50453028"",""예정금액_조원"":""5.0453028e-05"",""낙찰률"":""84.613"",""낙찰률_구간"":""80~90%"",""낙찰률_결측여부"":""False"",""낙찰률_100초과여부"":""False"",""계약금액_0원여부"":""False"",""계약상태"":""계약완료"",""계약번호"":""2026SFC0062"",""결정번호"":""15597"",""계약일_원본"":""20260518"",""계약금액_원본"":""42690000"",""계약예정금액_원본"":""50453028"",""원본중복건수"":""1"",""원본중복행여부"":""False"",""드론_검색발견필드"":""계약명, 계약업체""}"
902ed0e892905ec8ede1d149,2026LCM0035,2026-05-18,'26년 AI 드론봇 전투발전 콘퍼런스 진행용역,지에이치엠 주식회사,육군교육사령부,32051930,36389677,계약완료,TITLE_MATCH,계약명,1,42163,"{""원본행번호"":""42163"",""계약일"":""2026-05-18"",""계약연도"":""2026"",""계약월"":""5"",""계약분기"":""Q2"",""연월"":""2026-05"",""계약명"":""'26년 AI 드론봇 전투발전 콘퍼런스 진행용역"",""계약업체"":""지에이치엠 주식회사"",""계약기관"":""육군교육사령부"",""계약구분"":""용역"",""계약방법"":""제한경쟁"",""입찰방식"":""총액제"",""계약금액_원"":""32051930"",""계약금액_억원"":""0.3205193"",""계약금액_조원"":""3.205193e-05"",""예정금액_원"":""36389677"",""예정금액_억원"":""0.36389677"",""예정금액_조원"":""3.6389677e-05"",""낙찰률"":""88.079"",""낙찰률_구간"":""80~90%"",""낙찰률_결측여부"":""False"",""낙찰률_100초과여부"":""False"",""계약금액_0원여부"":""False"",""계약상태"":""계약완료"",""계약번호"":""2026LCM0035"",""결정번호"":""14589"",""계약일_원본"":""20260518"",""계약금액_원본"":""32051930"",""계약예정금액_원본"":""36389677"",""원본중복건수"":""1"",""원본중복행여부"":""False"",""드론_검색발견필드"":""계약명""}"
0bddcc4d2ffa7ea54ef9c380,2026LGF0011,2026-05-18,개발단26-5차 드론부수기재(102대형 군집드론 배터리),수성알씨(수성RC),육군정보학교,7400000,7494998,계약완료,TITLE_MATCH,계약명,1,42174,"{""원본행번호"":""42174"",""계약일"":""2026-05-18"",""계약연도"":""2026"",""계약월"":""5"",""계약분기"":""Q2"",""연월"":""2026-05"",""계약명"":""개발단26-5차 드론부수기재(102대형 군집드론 배터리)"",""계약업체"":""수성알씨(수성RC)"",""계약기관"":""육군정보학교"",""계약구분"":""물품"",""계약방법"":""수의계약"",""입찰방식"":""총액제"",""계약금액_원"":""7400000"",""계약금액_억원"":""0.074"",""계약금액_조원"":""7.4e-06"",""예정금액_원"":""7494998"",""예정금액_억원"":""0.07494998"",""예정금액_조원"":""7.494998e-06"",""낙찰률"":""98.7325"",""낙찰률_구간"":""90~100%"",""낙찰률_결측여부"":""False"",""낙찰률_100초과여부"":""False"",""계약금액_0원여부"":""False"",""계약상태"":""계약완료"",""계약번호"":""2026LGF0011"",""결정번호"":""17537"",""계약일_원본"":""20260518"",""계약금액_원본"":""7400000"",""계약예정금액_원본"":""7494998"",""원본중복건수"":""1"",""원본중복행여부"":""False"",""드론_검색발견필드"":""계약명""}"
85508a90249e397f434c5ede,2026LAZ0009,2026-05-18,'26년 특수건강검진 용역,의료법인 희경의료재단,드론작전사령부,4575200,4575200,계약완료,CONTEXT_REVIEW,계약기관,1,42157,"{""원본행번호"":""42157"",""계약일"":""2026-05-18"",""계약연도"":""2026"",""계약월"":""5"",""계약분기"":""Q2"",""연월"":""2026-05"",""계약명"":""'26년 특수건강검진 용역"",""계약업체"":""의료법인 희경의료재단"",""계약기관"":""드론작전사령부"",""계약구분"":""용역"",""계약방법"":""수의계약"",""입찰방식"":""총액제"",""계약금액_원"":""4575200"",""계약금액_억원"":""0.045752"",""계약금액_조원"":""4.5752e-06"",""예정금액_원"":""4575200"",""예정금액_억원"":""0.045752"",""예정금액_조원"":""4.5752e-06"",""낙찰률"":""100.0"",""낙찰률_구간"":""100% 초과"",""낙찰률_결측여부"":""False"",""낙찰률_100초과여부"":""False"",""계약금액_0원여부"":""False"",""계약상태"":""계약완료"",""계약번호"":""2026LAZ0009"",""결정번호"":""17655"",""계약일_원본"":""20260518"",""계약금액_원본"":""4575200"",""계약예정금액_원본"":""4575200"",""원본중복건수"":""1"",""원본중복행여부"":""False"",""드론_검색발견필드"":""계약기관""}"
09959c229ec2e8530228b726,2026SCH0098,2026-05-19,26-49호 대항군용 FPV드론 구매,수성알씨(수성RC),해군작전사령부,9800000,9862108,계약완료,TITLE_MATCH,계약명,1,42353,"{""원본행번호"":""42353"",""계약일"":""2026-05-19"",""계약연도"":""2026"",""계약월"":""5"",""계약분기"":""Q2"",""연월"":""2026-05"",""계약명"":""26-49호 대항군용 FPV드론 구매"",""계약업체"":""수성알씨(수성RC)"",""계약기관"":""해군작전사령부"",""계약구분"":""물품"",""계약방법"":""수의계약"",""입찰방식"":""총액제"",""계약금액_원"":""9800000"",""계약금액_억원"":""0.098"",""계약금액_조원"":""9.8e-06"",""예정금액_원"":""9862108"",""예정금액_억원"":""0.09862108"",""예정금액_조원"":""9.862108e-06"",""낙찰률"":""99.3702"",""낙찰률_구간"":""90~100%"",""낙찰률_결측여부"":""False"",""낙찰률_100초과여부"":""False"",""계약금액_0원여부"":""False"",""계약상태"":""계약완료"",""계약번호"":""2026SCH0098"",""결정번호"":""17992"",""계약일_원본"":""20260519"",""계약금액_원본"":""9800000"",""계약예정금액_원본"":""9862108"",""원본중복건수"":""1"",""원본중복행여부"":""False"",""드론_검색발견필드"":""계약명""}"
9c7511aa2370fbcbb17a63e6,2026LKM0034,2026-05-22,예비군훈련대 교육용 드론 구매,주식회사 순돌이드론,제2632부대,9996000,9996000,계약완료,TITLE_MATCH,"계약명, 계약업체",1,42708,"{""원본행번호"":""42708"",""계약일"":""2026-05-22"",""계약연도"":""2026"",""계약월"":""5"",""계약분기"":""Q2"",""연월"":""2026-05"",""계약명"":""예비군훈련대 교육용 드론 구매"",""계약업체"":""주식회사 순돌이드론"",""계약기관"":""제2632부대"",""계약구분"":""물품"",""계약방법"":""수의계약"",""입찰방식"":""총액제"",""계약금액_원"":""9996000"",""계약금액_억원"":""0.09996"",""계약금액_조원"":""9.996e-06"",""예정금액_원"":""9996000"",""예정금액_억원"":""0.09996"",""예정금액_조원"":""9.996e-06"",""낙찰률"":""100.0"",""낙찰률_구간"":""100% 초과"",""낙찰률_결측여부"":""False"",""낙찰률_100초과여부"":""False"",""계약금액_0원여부"":""False"",""계약상태"":""계약완료"",""계약번호"":""2026LKM0034"",""결정번호"":""18940"",""계약일_원본"":""20260522"",""계약금액_원본"":""9996000"",""계약예정금액_원본"":""9996000"",""원본중복건수"":""1"",""원본중복행여부"":""False"",""드론_검색발견필드"":""계약명, 계약업체""}"
d21f59af19cf6ddea70063c7,2026LKH0046,2026-05-26,예비군훈련대 드론교육 컨테이너 설치납품(제작),주식회사 남부디자인,제39보병사단,60305940,68370723,계약완료,TITLE_MATCH,계약명,1,42898,"{""원본행번호"":""42898"",""계약일"":""2026-05-26"",""계약연도"":""2026"",""계약월"":""5"",""계약분기"":""Q2"",""연월"":""2026-05"",""계약명"":""예비군훈련대 드론교육 컨테이너 설치납품(제작)"",""계약업체"":""주식회사 남부디자인"",""계약기관"":""제39보병사단"",""계약구분"":""물품"",""계약방법"":""제한경쟁"",""입찰방식"":""총액제"",""계약금액_원"":""60305940"",""계약금액_억원"":""0.6030594"",""계약금액_조원"":""6.030594e-05"",""예정금액_원"":""68370723"",""예정금액_억원"":""0.68370723"",""예정금액_조원"":""6.8370723e-05"",""낙찰률"":""88.204"",""낙찰률_구간"":""80~90%"",""낙찰률_결측여부"":""False"",""낙찰률_100초과여부"":""False"",""계약금액_0원여부"":""False"",""계약상태"":""계약완료"",""계약번호"":""2026LKH0046"",""결정번호"":""16043"",""계약일_원본"":""20260526"",""계약금액_원본"":""60305940"",""계약예정금액_원본"":""68370723"",""원본중복건수"":""1"",""원본중복행여부"":""False"",""드론_검색발견필드"":""계약명""}"
afda095b211048fd9424164b,2026LFP0029,2026-05-26,26년 드론교육센터 정보교육예산 자산취득비(3차),도은종합씽크,육군보병학교,2200000,2200000,계약완료,TITLE_MATCH,계약명,1,42874,"{""원본행번호"":""42874"",""계약일"":""2026-05-26"",""계약연도"":""2026"",""계약월"":""5"",""계약분기"":""Q2"",""연월"":""2026-05"",""계약명"":""26년 드론교육센터 정보교육예산 자산취득비(3차)"",""계약업체"":""도은종합씽크"",""계약기관"":""육군보병학교"",""계약구분"":""물품"",""계약방법"":""수의계약"",""입찰방식"":""총액제"",""계약금액_원"":""2200000"",""계약금액_억원"":""0.022"",""계약금액_조원"":""2.2e-06"",""예정금액_원"":""2200000"",""예정금액_억원"":""0.022"",""예정금액_조원"":""2.2e-06"",""낙찰률"":""100.0"",""낙찰률_구간"":""100% 초과"",""낙찰률_결측여부"":""False"",""낙찰률_100초과여부"":""False"",""계약금액_0원여부"":""False"",""계약상태"":""계약완료"",""계약번호"":""2026LFP0029"",""결정번호"":""16102"",""계약일_원본"":""20260526"",""계약금액_원본"":""2200000"",""계약예정금액_원본"":""2200000"",""원본중복건수"":""1"",""원본중복행여부"":""False"",""드론_검색발견필드"":""계약명""}"
a67d0119ca07df6d6a1bf9a5,2026LCK0118,2026-05-27,(26-물품-27) 드론 시뮬레이터 교육장 컨테이너 구매,서울지방조달청,수도방위사령부,34960000,34960000,계약완료,TITLE_MATCH,계약명,1,43019,"{""원본행번호"":""43019"",""계약일"":""2026-05-27"",""계약연도"":""2026"",""계약월"":""5"",""계약분기"":""Q2"",""연월"":""2026-05"",""계약명"":""(26-물품-27) 드론 시뮬레이터 교육장 컨테이너 구매"",""계약업체"":""서울지방조달청"",""계약기관"":""수도방위사령부"",""계약구분"":""물품"",""계약방법"":""일반경쟁"",""입찰방식"":""총액제"",""계약금액_원"":""34960000"",""계약금액_억원"":""0.3496"",""계약금액_조원"":""3.496e-05"",""예정금액_원"":""34960000"",""예정금액_억원"":""0.3496"",""예정금액_조원"":""3.496e-05"",""낙찰률"":""100.0"",""낙찰률_구간"":""100% 초과"",""낙찰률_결측여부"":""False"",""낙찰률_100초과여부"":""False"",""계약금액_0원여부"":""False"",""계약상태"":""계약완료"",""계약번호"":""2026LCK0118"",""결정번호"":""19957"",""계약일_원본"":""20260527"",""계약금액_원본"":""34960000"",""계약예정금액_원본"":""34960000"",""원본중복건수"":""1"",""원본중복행여부"":""False"",""드론_검색발견필드"":""계약명""}"
54a304ff21a16acc4b3f40fb,2026LAZ0010,2026-05-29,'26-2차 소형드론 비보급품유지비 구매,성우엔지니어링,드론작전사령부,24964000,24964000,계약완료,TITLE_MATCH,"계약명, 계약기관",1,43269,"{""원본행번호"":""43269"",""계약일"":""2026-05-29"",""계약연도"":""2026"",""계약월"":""5"",""계약분기"":""Q2"",""연월"":""2026-05"",""계약명"":""'26-2차 소형드론 비보급품유지비 구매"",""계약업체"":""성우엔지니어링"",""계약기관"":""드론작전사령부"",""계약구분"":""물품"",""계약방법"":""수의계약"",""입찰방식"":""총액제"",""계약금액_원"":""24964000"",""계약금액_억원"":""0.24964"",""계약금액_조원"":""2.4964e-05"",""예정금액_원"":""24964000"",""예정금액_억원"":""0.24964"",""예정금액_조원"":""2.4964e-05"",""낙찰률"":""100.0"",""낙찰률_구간"":""100% 초과"",""낙찰률_결측여부"":""False"",""낙찰률_100초과여부"":""False"",""계약금액_0원여부"":""False"",""계약상태"":""계약완료"",""계약번호"":""2026LAZ0010"",""결정번호"":""19438"",""계약일_원본"":""20260529"",""계약금액_원본"":""24964000"",""계약예정금액_원본"":""24964000"",""원본중복건수"":""1"",""원본중복행여부"":""False"",""드론_검색발견필드"":""계약명, 계약기관""}"
6be6907480a7519d854b4fed,2026LFP0034,2026-05-29,'26년 드론교육센터 정보교육예산 부수기재 구매(9차),드론알씨랜드,육군보병학교,19485000,19485000,계약완료,TITLE_MATCH,"계약명, 계약업체",1,43309,"{""원본행번호"":""43309"",""계약일"":""2026-05-29"",""계약연도"":""2026"",""계약월"":""5"",""계약분기"":""Q2"",""연월"":""2026-05"",""계약명"":""'26년 드론교육센터 정보교육예산 부수기재 구매(9차)"",""계약업체"":""드론알씨랜드"",""계약기관"":""육군보병학교"",""계약구분"":""물품"",""계약방법"":""수의계약"",""입찰방식"":""총액제"",""계약금액_원"":""19485000"",""계약금액_억원"":""0.19485"",""계약금액_조원"":""1.9485e-05"",""예정금액_원"":""19485000"",""예정금액_억원"":""0.19485"",""예정금액_조원"":""1.9485e-05"",""낙찰률"":""100.0"",""낙찰률_구간"":""100% 초과"",""낙찰률_결측여부"":""False"",""낙찰률_100초과여부"":""False"",""계약금액_0원여부"":""False"",""계약상태"":""계약완료"",""계약번호"":""2026LFP0034"",""결정번호"":""19934"",""계약일_원본"":""20260529"",""계약금액_원본"":""19485000"",""계약예정금액_원본"":""19485000"",""원본중복건수"":""1"",""원본중복행여부"":""False"",""드론_검색발견필드"":""계약명, 계약업체""}"
56f1ff94d772caa27121e8f0,2026LPM0048,2026-05-29,드론 건 수리부속 구매,주식회사 케이엠씨에스,제9보병사단사령부,5610000,5610000,계약완료,TITLE_MATCH,계약명,1,43349,"{""원본행번호"":""43349"",""계약일"":""2026-05-29"",""계약연도"":""2026"",""계약월"":""5"",""계약분기"":""Q2"",""연월"":""2026-05"",""계약명"":""드론 건 수리부속 구매"",""계약업체"":""주식회사 케이엠씨에스"",""계약기관"":""제9보병사단사령부"",""계약구분"":""물품"",""계약방법"":""수의계약"",""입찰방식"":""총액제"",""계약금액_원"":""5610000"",""계약금액_억원"":""0.0561"",""계약금액_조원"":""5.61e-06"",""예정금액_원"":""5610000"",""예정금액_억원"":""0.0561"",""예정금액_조원"":""5.61e-06"",""낙찰률"":""100.0"",""낙찰률_구간"":""100% 초과"",""낙찰률_결측여부"":""False"",""낙찰률_100초과여부"":""False"",""계약금액_0원여부"":""False"",""계약상태"":""계약완료"",""계약번호"":""2026LPM0048"",""결정번호"":""19471"",""계약일_원본"":""20260529"",""계약금액_원본"":""5610000"",""계약예정금액_원본"":""5610000"",""원본중복건수"":""1"",""원본중복행여부"":""False"",""드론_검색발견필드"":""계약명""}"
93b184d7bb44230513ff2815,2026LFP0033,2026-05-29,26년 드론교육센터 정보교육예산 자산취득비(4차),남부앵글,육군보병학교,873400,873400,계약완료,TITLE_MATCH,계약명,1,43308,"{""원본행번호"":""43308"",""계약일"":""2026-05-29"",""계약연도"":""2026"",""계약월"":""5"",""계약분기"":""Q2"",""연월"":""2026-05"",""계약명"":""26년 드론교육센터 정보교육예산 자산취득비(4차)"",""계약업체"":""남부앵글"",""계약기관"":""육군보병학교"",""계약구분"":""물품"",""계약방법"":""수의계약"",""입찰방식"":""총액제"",""계약금액_원"":""873400"",""계약금액_억원"":""0.008734"",""계약금액_조원"":""8.734e-07"",""예정금액_원"":""873400"",""예정금액_억원"":""0.008734"",""예정금액_조원"":""8.734e-07"",""낙찰률"":""100.0"",""낙찰률_구간"":""100% 초과"",""낙찰률_결측여부"":""False"",""낙찰률_100초과여부"":""False"",""계약금액_0원여부"":""False"",""계약상태"":""계약완료"",""계약번호"":""2026LFP0033"",""결정번호"":""19929"",""계약일_원본"":""20260529"",""계약금액_원본"":""873400"",""계약예정금액_원본"":""873400"",""원본중복건수"":""1"",""원본중복행여부"":""False"",""드론_검색발견필드"":""계약명""}"
05980702f37e665c32f087ea,2026LPF0058,2026-06-01,육성지원(드론교육체계) 구매,캣츠,제51보병사단,9306000,9306000,계약완료,TITLE_MATCH,계약명,1,43531,"{""원본행번호"":""43531"",""계약일"":""2026-06-01"",""계약연도"":""2026"",""계약월"":""6"",""계약분기"":""Q2"",""연월"":""2026-06"",""계약명"":""육성지원(드론교육체계) 구매"",""계약업체"":""캣츠"",""계약기관"":""제51보병사단"",""계약구분"":""물품"",""계약방법"":""수의계약"",""입찰방식"":""총액제"",""계약금액_원"":""9306000"",""계약금액_억원"":""0.09306"",""계약금액_조원"":""9.306e-06"",""예정금액_원"":""9306000"",""예정금액_억원"":""0.09306"",""예정금액_조원"":""9.306e-06"",""낙찰률"":""100.0"",""낙찰률_구간"":""100% 초과"",""낙찰률_결측여부"":""False"",""낙찰률_100초과여부"":""False"",""계약금액_0원여부"":""False"",""계약상태"":""계약완료"",""계약번호"":""2026LPF0058"",""결정번호"":""20314"",""계약일_원본"":""20260601"",""계약금액_원본"":""9306000"",""계약예정금액_원본"":""9306000"",""원본중복건수"":""1"",""원본중복행여부"":""False"",""드론_검색발견필드"":""계약명""}"
ba0c00c7a016a3b951c870fa,2026LFH0017,2026-06-02,드론전술과정 물품 구매(서보모터 등 8개품목),드론알씨랜드,육군부사관학교,8282000,8282000,계약완료,TITLE_MATCH,"계약명, 계약업체",1,43658,"{""원본행번호"":""43658"",""계약일"":""2026-06-02"",""계약연도"":""2026"",""계약월"":""6"",""계약분기"":""Q2"",""연월"":""2026-06"",""계약명"":""드론전술과정 물품 구매(서보모터 등 8개품목)"",""계약업체"":""드론알씨랜드"",""계약기관"":""육군부사관학교"",""계약구분"":""물품"",""계약방법"":""수의계약"",""입찰방식"":""총액제"",""계약금액_원"":""8282000"",""계약금액_억원"":""0.08282"",""계약금액_조원"":""8.282e-06"",""예정금액_원"":""8282000"",""예정금액_억원"":""0.08282"",""예정금액_조원"":""8.282e-06"",""낙찰률"":""100.0"",""낙찰률_구간"":""100% 초과"",""낙찰률_결측여부"":""False"",""낙찰률_100초과여부"":""False"",""계약금액_0원여부"":""False"",""계약상태"":""계약완료"",""계약번호"":""2026LFH0017"",""결정번호"":""20451"",""계약일_원본"":""20260602"",""계약금액_원본"":""8282000"",""계약예정금액_원본"":""8282000"",""원본중복건수"":""1"",""원본중복행여부"":""False"",""드론_검색발견필드"":""계약명, 계약업체""}"
b5c561b29699df1264694577,2026LFH0016,2026-06-02,드론전술과정 물품 구매(연막탄),제이씨엠코리아,육군부사관학교,1700000,1700000,계약완료,TITLE_MATCH,계약명,1,43657,"{""원본행번호"":""43657"",""계약일"":""2026-06-02"",""계약연도"":""2026"",""계약월"":""6"",""계약분기"":""Q2"",""연월"":""2026-06"",""계약명"":""드론전술과정 물품 구매(연막탄)"",""계약업체"":""제이씨엠코리아"",""계약기관"":""육군부사관학교"",""계약구분"":""물품"",""계약방법"":""수의계약"",""입찰방식"":""총액제"",""계약금액_원"":""1700000"",""계약금액_억원"":""0.017"",""계약금액_조원"":""1.7e-06"",""예정금액_원"":""1700000"",""예정금액_억원"":""0.017"",""예정금액_조원"":""1.7e-06"",""낙찰률"":""100.0"",""낙찰률_구간"":""100% 초과"",""낙찰률_결측여부"":""False"",""낙찰률_100초과여부"":""False"",""계약금액_0원여부"":""False"",""계약상태"":""계약완료"",""계약번호"":""2026LFH0016"",""결정번호"":""20452"",""계약일_원본"":""20260602"",""계약금액_원본"":""1700000"",""계약예정금액_원본"":""1700000"",""원본중복건수"":""1"",""원본중복행여부"":""False"",""드론_검색발견필드"":""계약명""}"
a61a281dd7a0ff93ab4839fd,2026LGF0013,2026-06-05,개발단 26-6차 드론부수기재 구매,한림퓨리텍주식회사,육군정보학교,59116200,59213061,계약완료,TITLE_MATCH,계약명,1,43918,"{""원본행번호"":""43918"",""계약일"":""2026-06-05"",""계약연도"":""2026"",""계약월"":""6"",""계약분기"":""Q2"",""연월"":""2026-06"",""계약명"":""개발단 26-6차 드론부수기재 구매"",""계약업체"":""한림퓨리텍주식회사"",""계약기관"":""육군정보학교"",""계약구분"":""물품"",""계약방법"":""수의계약"",""입찰방식"":""총액제"",""계약금액_원"":""59116200"",""계약금액_억원"":""0.591162"",""계약금액_조원"":""5.91162e-05"",""예정금액_원"":""59213061"",""예정금액_억원"":""0.59213061"",""예정금액_조원"":""5.9213061e-05"",""낙찰률"":""99.8364"",""낙찰률_구간"":""90~100%"",""낙찰률_결측여부"":""False"",""낙찰률_100초과여부"":""False"",""계약금액_0원여부"":""False"",""계약상태"":""계약완료"",""계약번호"":""2026LGF0013"",""결정번호"":""20271"",""계약일_원본"":""20260605"",""계약금액_원본"":""59116200"",""계약예정금액_원본"":""59213061"",""원본중복건수"":""1"",""원본중복행여부"":""False"",""드론_검색발견필드"":""계약명""}"
1eccf11955f2efb70085154d,2026LFH0019,2026-06-05,화기학처 드론 정비,(주)휴인스,육군부사관학교,9100000,9100000,계약완료,TITLE_MATCH,계약명,1,43916,"{""원본행번호"":""43916"",""계약일"":""2026-06-05"",""계약연도"":""2026"",""계약월"":""6"",""계약분기"":""Q2"",""연월"":""2026-06"",""계약명"":""화기학처 드론 정비"",""계약업체"":""(주)휴인스"",""계약기관"":""육군부사관학교"",""계약구분"":""물품"",""계약방법"":""수의계약"",""입찰방식"":""총액제"",""계약금액_원"":""9100000"",""계약금액_억원"":""0.091"",""계약금액_조원"":""9.1e-06"",""예정금액_원"":""9100000"",""예정금액_억원"":""0.091"",""예정금액_조원"":""9.1e-06"",""낙찰률"":""100.0"",""낙찰률_구간"":""100% 초과"",""낙찰률_결측여부"":""False"",""낙찰률_100초과여부"":""False"",""계약금액_0원여부"":""False"",""계약상태"":""계약완료"",""계약번호"":""2026LFH0019"",""결정번호"":""20849"",""계약일_원본"":""20260605"",""계약금액_원본"":""9100000"",""계약예정금액_원본"":""9100000"",""원본중복건수"":""1"",""원본중복행여부"":""False"",""드론_검색발견필드"":""계약명""}"
7b466f447d3230d93d1a15be,2026LBA0050,2026-06-05,26-1차 경계용드론 외주정비 용역,(주)네스앤텍,제5군수지원여단,8124180,8124180,계약완료,TITLE_MATCH,계약명,1,43892,"{""원본행번호"":""43892"",""계약일"":""2026-06-05"",""계약연도"":""2026"",""계약월"":""6"",""계약분기"":""Q2"",""연월"":""2026-06"",""계약명"":""26-1차 경계용드론 외주정비 용역"",""계약업체"":""(주)네스앤텍"",""계약기관"":""제5군수지원여단"",""계약구분"":""용역"",""계약방법"":""수의계약"",""입찰방식"":""총액제"",""계약금액_원"":""8124180"",""계약금액_억원"":""0.0812418"",""계약금액_조원"":""8.12418e-06"",""예정금액_원"":""8124180"",""예정금액_억원"":""0.0812418"",""예정금액_조원"":""8.12418e-06"",""낙찰률"":""100.0"",""낙찰률_구간"":""100% 초과"",""낙찰률_결측여부"":""False"",""낙찰률_100초과여부"":""False"",""계약금액_0원여부"":""False"",""계약상태"":""계약완료"",""계약번호"":""2026LBA0050"",""결정번호"":""20383"",""계약일_원본"":""20260605"",""계약금액_원본"":""8124180"",""계약예정금액_원본"":""8124180"",""원본중복건수"":""1"",""원본중복행여부"":""False"",""드론_검색발견필드"":""계약명""}"
5399120570d325342c3c761a,2026LAZ0012,2026-06-08,'26-2차 전산운영용품 구매,서현산업,드론작전사령부,16397600,17473010,계약완료,CONTEXT_REVIEW,계약기관,2,44045,"{""원본행번호"":""44045"",""계약일"":""2026-06-08"",""계약연도"":""2026"",""계약월"":""6"",""계약분기"":""Q2"",""연월"":""2026-06"",""계약명"":""'26-2차 전산운영용품 구매"",""계약업체"":""서현산업"",""계약기관"":""드론작전사령부"",""계약구분"":""물품"",""계약방법"":""수의계약"",""입찰방식"":""총액제"",""계약금액_원"":""16397600"",""계약금액_억원"":""0.163976"",""계약금액_조원"":""1.63976e-05"",""예정금액_원"":""17473010"",""예정금액_억원"":""0.1747301"",""예정금액_조원"":""1.747301e-05"",""낙찰률"":""93.85"",""낙찰률_구간"":""90~100%"",""낙찰률_결측여부"":""False"",""낙찰률_100초과여부"":""False"",""계약금액_0원여부"":""False"",""계약상태"":""계약완료"",""계약번호"":""2026LAZ0012"",""결정번호"":""21206"",""계약일_원본"":""20260608"",""계약금액_원본"":""16397600"",""계약예정금액_원본"":""17473010"",""원본중복건수"":""2"",""원본중복행여부"":""True"",""드론_검색발견필드"":""계약기관""}"
2299321212ba620d6e2ecac7,2026LPF0061,2026-06-08,육성지원(FPV드론) 제조구매,캣츠,제51보병사단,16000000,16720000,계약완료,TITLE_MATCH,계약명,2,44118,"{""원본행번호"":""44118"",""계약일"":""2026-06-08"",""계약연도"":""2026"",""계약월"":""6"",""계약분기"":""Q2"",""연월"":""2026-06"",""계약명"":""육성지원(FPV드론) 제조구매"",""계약업체"":""캣츠"",""계약기관"":""제51보병사단"",""계약구분"":""물품"",""계약방법"":""수의계약"",""입찰방식"":""총액제"",""계약금액_원"":""16000000"",""계약금액_억원"":""0.16"",""계약금액_조원"":""1.6e-05"",""예정금액_원"":""16720000"",""예정금액_억원"":""0.1672"",""예정금액_조원"":""1.672e-05"",""낙찰률"":""95.69"",""낙찰률_구간"":""90~100%"",""낙찰률_결측여부"":""False"",""낙찰률_100초과여부"":""False"",""계약금액_0원여부"":""False"",""계약상태"":""계약완료"",""계약번호"":""2026LPF0061"",""결정번호"":""21138"",""계약일_원본"":""20260608"",""계약금액_원본"":""16000000"",""계약예정금액_원본"":""16720000"",""원본중복건수"":""2"",""원본중복행여부"":""True"",""드론_검색발견필드"":""계약명""}"
7267f1a6c222144eb6aa816c,2026LAZ0011,2026-06-08,'26년 원격무선통제(RCU) 유지보수 계약,(주)한스웰,드론작전사령부,5815000,5909000,계약완료,CONTEXT_REVIEW,계약기관,1,44044,"{""원본행번호"":""44044"",""계약일"":""2026-06-08"",""계약연도"":""2026"",""계약월"":""6"",""계약분기"":""Q2"",""연월"":""2026-06"",""계약명"":""'26년 원격무선통제(RCU) 유지보수 계약"",""계약업체"":""(주)한스웰"",""계약기관"":""드론작전사령부"",""계약구분"":""용역"",""계약방법"":""수의계약"",""입찰방식"":""총액제"",""계약금액_원"":""5815000"",""계약금액_억원"":""0.05815"",""계약금액_조원"":""5.815e-06"",""예정금액_원"":""5909000"",""예정금액_억원"":""0.05909"",""예정금액_조원"":""5.909e-06"",""낙찰률"":""98.41"",""낙찰률_구간"":""90~100%"",""낙찰률_결측여부"":""False"",""낙찰률_100초과여부"":""False"",""계약금액_0원여부"":""False"",""계약상태"":""계약완료"",""계약번호"":""2026LAZ0011"",""결정번호"":""21018"",""계약일_원본"":""20260608"",""계약금액_원본"":""5815000"",""계약예정금액_원본"":""5909000"",""원본중복건수"":""1"",""원본중복행여부"":""False"",""드론_검색발견필드"":""계약기관""}"
d59b68aff9f5afbb8a83918e,2026LKD0048,2026-06-08,'26년 드론교육센터 비품 구매(이동형 스탠드),주식회사 스마트터치,제32보병사단,363000,363000,계약완료,TITLE_MATCH,계약명,1,44091,"{""원본행번호"":""44091"",""계약일"":""2026-06-08"",""계약연도"":""2026"",""계약월"":""6"",""계약분기"":""Q2"",""연월"":""2026-06"",""계약명"":""'26년 드론교육센터 비품 구매(이동형 스탠드)"",""계약업체"":""주식회사 스마트터치"",""계약기관"":""제32보병사단"",""계약구분"":""물품"",""계약방법"":""수의계약"",""입찰방식"":""총액제"",""계약금액_원"":""363000"",""계약금액_억원"":""0.00363"",""계약금액_조원"":""3.63e-07"",""예정금액_원"":""363000"",""예정금액_억원"":""0.00363"",""예정금액_조원"":""3.63e-07"",""낙찰률"":""100.0"",""낙찰률_구간"":""100% 초과"",""낙찰률_결측여부"":""False"",""낙찰률_100초과여부"":""False"",""계약금액_0원여부"":""False"",""계약상태"":""계약완료"",""계약번호"":""2026LKD0048"",""결정번호"":""23650"",""계약일_원본"":""20260608"",""계약금액_원본"":""363000"",""계약예정금액_원본"":""363000"",""원본중복건수"":""1"",""원본중복행여부"":""False"",""드론_검색발견필드"":""계약명""}"
b1d0a9dfb76588338c9fb154,2026LGF0014,2026-06-09,회전익26-5차 부수기재(벙커드론 프레임키트등21종),드론알씨랜드,육군정보학교,48680000,50050387,계약완료,TITLE_MATCH,"계약명, 계약업체",1,44231,"{""원본행번호"":""44231"",""계약일"":""2026-06-09"",""계약연도"":""2026"",""계약월"":""6"",""계약분기"":""Q2"",""연월"":""2026-06"",""계약명"":""회전익26-5차 부수기재(벙커드론 프레임키트등21종)"",""계약업체"":""드론알씨랜드"",""계약기관"":""육군정보학교"",""계약구분"":""물품"",""계약방법"":""수의계약"",""입찰방식"":""총액제"",""계약금액_원"":""48680000"",""계약금액_억원"":""0.4868"",""계약금액_조원"":""4.868e-05"",""예정금액_원"":""50050387"",""예정금액_억원"":""0.50050387"",""예정금액_조원"":""5.0050387e-05"",""낙찰률"":""97.262"",""낙찰률_구간"":""90~100%"",""낙찰률_결측여부"":""False"",""낙찰률_100초과여부"":""False"",""계약금액_0원여부"":""False"",""계약상태"":""계약완료"",""계약번호"":""2026LGF0014"",""결정번호"":""20795"",""계약일_원본"":""20260609"",""계약금액_원본"":""48680000"",""계약예정금액_원본"":""50050387"",""원본중복건수"":""1"",""원본중복행여부"":""False"",""드론_검색발견필드"":""계약명, 계약업체""}"
c12e4633b873809cc3e49f40,2026LCM0039,2026-06-09,'26년 실감형 3D콘텐츠 제작용역(FPV드론조립),주식회사 티원커뮤니케이션,육군교육사령부,39432120,44776633,계약완료,TITLE_MATCH,계약명,1,44223,"{""원본행번호"":""44223"",""계약일"":""2026-06-09"",""계약연도"":""2026"",""계약월"":""6"",""계약분기"":""Q2"",""연월"":""2026-06"",""계약명"":""'26년 실감형 3D콘텐츠 제작용역(FPV드론조립)"",""계약업체"":""주식회사 티원커뮤니케이션"",""계약기관"":""육군교육사령부"",""계약구분"":""용역"",""계약방법"":""제한경쟁"",""입찰방식"":""총액제"",""계약금액_원"":""39432120"",""계약금액_억원"":""0.3943212"",""계약금액_조원"":""3.943212e-05"",""예정금액_원"":""44776633"",""예정금액_억원"":""0.44776633"",""예정금액_조원"":""4.4776633e-05"",""낙찰률"":""88.064"",""낙찰률_구간"":""80~90%"",""낙찰률_결측여부"":""False"",""낙찰률_100초과여부"":""False"",""계약금액_0원여부"":""False"",""계약상태"":""계약완료"",""계약번호"":""2026LCM0039"",""결정번호"":""18189"",""계약일_원본"":""20260609"",""계약금액_원본"":""39432120"",""계약예정금액_원본"":""44776633"",""원본중복건수"":""1"",""원본중복행여부"":""False"",""드론_검색발견필드"":""계약명""}"
421ec13398dfb20fac989184,2026LCM0038,2026-06-09,'26년 실감형 3D콘텐츠 제작용역(회전익드론정비),주식회사 블루웨이브필름,육군교육사령부,38703160,43960149,계약완료,TITLE_MATCH,계약명,1,44222,"{""원본행번호"":""44222"",""계약일"":""2026-06-09"",""계약연도"":""2026"",""계약월"":""6"",""계약분기"":""Q2"",""연월"":""2026-06"",""계약명"":""'26년 실감형 3D콘텐츠 제작용역(회전익드론정비)"",""계약업체"":""주식회사 블루웨이브필름"",""계약기관"":""육군교육사령부"",""계약구분"":""용역"",""계약방법"":""제한경쟁"",""입찰방식"":""총액제"",""계약금액_원"":""38703160"",""계약금액_억원"":""0.3870316"",""계약금액_조원"":""3.870316e-05"",""예정금액_원"":""43960149"",""예정금액_억원"":""0.43960149"",""예정금액_조원"":""4.3960149e-05"",""낙찰률"":""88.041"",""낙찰률_구간"":""80~90%"",""낙찰률_결측여부"":""False"",""낙찰률_100초과여부"":""False"",""계약금액_0원여부"":""False"",""계약상태"":""계약완료"",""계약번호"":""2026LCM0038"",""결정번호"":""18188"",""계약일_원본"":""20260609"",""계약금액_원본"":""38703160"",""계약예정금액_원본"":""43960149"",""원본중복건수"":""1"",""원본중복행여부"":""False"",""드론_검색발견필드"":""계약명""}"
c9bc1e65c5a8343cb7f0af1c,2026LAZ0014,2026-06-11,'26-2차 드론조종교관 양성 실무 위탁교육 용역,유한회사 남경무인항공,드론작전사령부,19000000,19000000,계약완료,TITLE_MATCH,"계약명, 계약기관",1,44438,"{""원본행번호"":""44438"",""계약일"":""2026-06-11"",""계약연도"":""2026"",""계약월"":""6"",""계약분기"":""Q2"",""연월"":""2026-06"",""계약명"":""'26-2차 드론조종교관 양성 실무 위탁교육 용역"",""계약업체"":""유한회사 남경무인항공"",""계약기관"":""드론작전사령부"",""계약구분"":""용역"",""계약방법"":""수의계약"",""입찰방식"":""총액제"",""계약금액_원"":""19000000"",""계약금액_억원"":""0.19"",""계약금액_조원"":""1.9e-05"",""예정금액_원"":""19000000"",""예정금액_억원"":""0.19"",""예정금액_조원"":""1.9e-05"",""낙찰률"":""100.0"",""낙찰률_구간"":""100% 초과"",""낙찰률_결측여부"":""False"",""낙찰률_100초과여부"":""False"",""계약금액_0원여부"":""False"",""계약상태"":""계약완료"",""계약번호"":""2026LAZ0014"",""결정번호"":""22143"",""계약일_원본"":""20260611"",""계약금액_원본"":""19000000"",""계약예정금액_원본"":""19000000"",""원본중복건수"":""1"",""원본중복행여부"":""False"",""드론_검색발견필드"":""계약명, 계약기관""}"
a10702cf7ed2db366b979887,2026LFP0035,2026-06-11,26년 드론교육센터 정보교육예산 부수기재 구매(10차),수성알씨(수성RC),육군보병학교,18204800,18204800,계약완료,TITLE_MATCH,계약명,1,44469,"{""원본행번호"":""44469"",""계약일"":""2026-06-11"",""계약연도"":""2026"",""계약월"":""6"",""계약분기"":""Q2"",""연월"":""2026-06"",""계약명"":""26년 드론교육센터 정보교육예산 부수기재 구매(10차)"",""계약업체"":""수성알씨(수성RC)"",""계약기관"":""육군보병학교"",""계약구분"":""물품"",""계약방법"":""수의계약"",""입찰방식"":""총액제"",""계약금액_원"":""18204800"",""계약금액_억원"":""0.182048"",""계약금액_조원"":""1.82048e-05"",""예정금액_원"":""18204800"",""예정금액_억원"":""0.182048"",""예정금액_조원"":""1.82048e-05"",""낙찰률"":""100.0"",""낙찰률_구간"":""100% 초과"",""낙찰률_결측여부"":""False"",""낙찰률_100초과여부"":""False"",""계약금액_0원여부"":""False"",""계약상태"":""계약완료"",""계약번호"":""2026LFP0035"",""결정번호"":""22062"",""계약일_원본"":""20260611"",""계약금액_원본"":""18204800"",""계약예정금액_원본"":""18204800"",""원본중복건수"":""1"",""원본중복행여부"":""False"",""드론_검색발견필드"":""계약명""}"
ad859daeaf685491392a6d6e,2026LAZ0013,2026-06-12,'26-2차 소형드론 외주정비 용역,성우엔지니어링,드론작전사령부,84450000,84450000,계약완료,TITLE_MATCH,"계약명, 계약기관",1,44584,"{""원본행번호"":""44584"",""계약일"":""2026-06-12"",""계약연도"":""2026"",""계약월"":""6"",""계약분기"":""Q2"",""연월"":""2026-06"",""계약명"":""'26-2차 소형드론 외주정비 용역"",""계약업체"":""성우엔지니어링"",""계약기관"":""드론작전사령부"",""계약구분"":""용역"",""계약방법"":""수의계약"",""입찰방식"":""총액제"",""계약금액_원"":""84450000"",""계약금액_억원"":""0.8445"",""계약금액_조원"":""8.445e-05"",""예정금액_원"":""84450000"",""예정금액_억원"":""0.8445"",""예정금액_조원"":""8.445e-05"",""낙찰률"":""100.0"",""낙찰률_구간"":""100% 초과"",""낙찰률_결측여부"":""False"",""낙찰률_100초과여부"":""False"",""계약금액_0원여부"":""False"",""계약상태"":""계약완료"",""계약번호"":""2026LAZ0013"",""결정번호"":""21534"",""계약일_원본"":""20260612"",""계약금액_원본"":""84450000"",""계약예정금액_원본"":""84450000"",""원본중복건수"":""1"",""원본중복행여부"":""False"",""드론_검색발견필드"":""계약명, 계약기관""}"
22890a9239466fb8eb65dbb0,2026HDM0132,2026-06-15,중요지역대드론통합체계 이전설치 용역,한화시스템(주),공군제17전투비행단,275000000,276475071,계약완료,TITLE_MATCH,계약명,1,44732,"{""원본행번호"":""44732"",""계약일"":""2026-06-15"",""계약연도"":""2026"",""계약월"":""6"",""계약분기"":""Q2"",""연월"":""2026-06"",""계약명"":""중요지역대드론통합체계 이전설치 용역"",""계약업체"":""한화시스템(주)"",""계약기관"":""공군제17전투비행단"",""계약구분"":""용역"",""계약방법"":""수의계약"",""입찰방식"":""총액제"",""계약금액_원"":""275000000"",""계약금액_억원"":""2.75"",""계약금액_조원"":""0.000275"",""예정금액_원"":""276475071"",""예정금액_억원"":""2.76475071"",""예정금액_조원"":""0.000276475071"",""낙찰률"":""99.4665"",""낙찰률_구간"":""90~100%"",""낙찰률_결측여부"":""False"",""낙찰률_100초과여부"":""False"",""계약금액_0원여부"":""False"",""계약상태"":""계약완료"",""계약번호"":""2026HDM0132"",""결정번호"":""22086"",""계약일_원본"":""20260615"",""계약금액_원본"":""275000000"",""계약예정금액_원본"":""276475071"",""원본중복건수"":""1"",""원본중복행여부"":""False"",""드론_검색발견필드"":""계약명""}"
88a665774dc4c5bff65af0cf,2026HCL0140,2026-06-15,26-박물관 전시항공기 도장 용역,주식회사 자이언트드론,공군사관학교,94659000,107056462,계약완료,CONTEXT_REVIEW,계약업체,1,44724,"{""원본행번호"":""44724"",""계약일"":""2026-06-15"",""계약연도"":""2026"",""계약월"":""6"",""계약분기"":""Q2"",""연월"":""2026-06"",""계약명"":""26-박물관 전시항공기 도장 용역"",""계약업체"":""주식회사 자이언트드론"",""계약기관"":""공군사관학교"",""계약구분"":""용역"",""계약방법"":""수의계약"",""입찰방식"":""총액제"",""계약금액_원"":""94659000"",""계약금액_억원"":""0.94659"",""계약금액_조원"":""9.4659e-05"",""예정금액_원"":""107056462"",""예정금액_억원"":""1.07056462"",""예정금액_조원"":""0.000107056462"",""낙찰률"":""88.419"",""낙찰률_구간"":""80~90%"",""낙찰률_결측여부"":""False"",""낙찰률_100초과여부"":""False"",""계약금액_0원여부"":""False"",""계약상태"":""계약완료"",""계약번호"":""2026HCL0140"",""결정번호"":""21371"",""계약일_원본"":""20260615"",""계약금액_원본"":""94659000"",""계약예정금액_원본"":""107056462"",""원본중복건수"":""1"",""원본중복행여부"":""False"",""드론_검색발견필드"":""계약업체""}"
aa0a2337b1a29bb641fd8411,2026LAZ0015,2026-06-15,'26-1차 취사기구 조달구매,(주)파인에프엔비,드론작전사령부,8272000,8272000,계약완료,CONTEXT_REVIEW,계약기관,1,44734,"{""원본행번호"":""44734"",""계약일"":""2026-06-15"",""계약연도"":""2026"",""계약월"":""6"",""계약분기"":""Q2"",""연월"":""2026-06"",""계약명"":""'26-1차 취사기구 조달구매"",""계약업체"":""(주)파인에프엔비"",""계약기관"":""드론작전사령부"",""계약구분"":""물품"",""계약방법"":""수의계약"",""입찰방식"":""총액제"",""계약금액_원"":""8272000"",""계약금액_억원"":""0.08272"",""계약금액_조원"":""8.272e-06"",""예정금액_원"":""8272000"",""예정금액_억원"":""0.08272"",""예정금액_조원"":""8.272e-06"",""낙찰률"":""100.0"",""낙찰률_구간"":""100% 초과"",""낙찰률_결측여부"":""False"",""낙찰률_100초과여부"":""False"",""계약금액_0원여부"":""False"",""계약상태"":""계약완료"",""계약번호"":""2026LAZ0015"",""결정번호"":""22541"",""계약일_원본"":""20260615"",""계약금액_원본"":""8272000"",""계약예정금액_원본"":""8272000"",""원본중복건수"":""1"",""원본중복행여부"":""False"",""드론_검색발견필드"":""계약기관""}"
faad620c3d240f9fe161e274,2026LAZ0016,2026-06-16,'26-2차 정비피복 조달구매,사단법인 강동장애인협회 동행,드론작전사령부,13932500,13932500,계약완료,CONTEXT_REVIEW,계약기관,1,44905,"{""원본행번호"":""44905"",""계약일"":""2026-06-16"",""계약연도"":""2026"",""계약월"":""6"",""계약분기"":""Q2"",""연월"":""2026-06"",""계약명"":""'26-2차 정비피복 조달구매"",""계약업체"":""사단법인 강동장애인협회 동행"",""계약기관"":""드론작전사령부"",""계약구분"":""물품"",""계약방법"":""수의계약"",""입찰방식"":""총액제"",""계약금액_원"":""13932500"",""계약금액_억원"":""0.139325"",""계약금액_조원"":""1.39325e-05"",""예정금액_원"":""13932500"",""예정금액_억원"":""0.139325"",""예정금액_조원"":""1.39325e-05"",""낙찰률"":""100.0"",""낙찰률_구간"":""100% 초과"",""낙찰률_결측여부"":""False"",""낙찰률_100초과여부"":""False"",""계약금액_0원여부"":""False"",""계약상태"":""계약완료"",""계약번호"":""2026LAZ0016"",""결정번호"":""22888"",""계약일_원본"":""20260616"",""계약금액_원본"":""13932500"",""계약예정금액_원본"":""13932500"",""원본중복건수"":""1"",""원본중복행여부"":""False"",""드론_검색발견필드"":""계약기관""}"
d2aa6fcd36638aff124041fc,2026LFN0044,2026-06-16,26년 교육용 3종 드론 구매,주식회사 순돌이드론,육군3사관학교,3880000,4000000,계약완료,TITLE_MATCH,"계약명, 계약업체",1,44929,"{""원본행번호"":""44929"",""계약일"":""2026-06-16"",""계약연도"":""2026"",""계약월"":""6"",""계약분기"":""Q2"",""연월"":""2026-06"",""계약명"":""26년 교육용 3종 드론 구매"",""계약업체"":""주식회사 순돌이드론"",""계약기관"":""육군3사관학교"",""계약구분"":""물품"",""계약방법"":""수의계약"",""입찰방식"":""총액제"",""계약금액_원"":""3880000"",""계약금액_억원"":""0.0388"",""계약금액_조원"":""3.88e-06"",""예정금액_원"":""4000000"",""예정금액_억원"":""0.04"",""예정금액_조원"":""4e-06"",""낙찰률"":""97.0"",""낙찰률_구간"":""90~100%"",""낙찰률_결측여부"":""False"",""낙찰률_100초과여부"":""False"",""계약금액_0원여부"":""False"",""계약상태"":""계약완료"",""계약번호"":""2026LFN0044"",""결정번호"":""22838"",""계약일_원본"":""20260616"",""계약금액_원본"":""3880000"",""계약예정금액_원본"":""4000000"",""원본중복건수"":""1"",""원본중복행여부"":""False"",""드론_검색발견필드"":""계약명, 계약업체""}"
e9e67c82d260d5482dfbe5dc,2026LKH0046,2026-06-17,예비군훈련대 드론교육 컨테이너 설치납품(제작),주식회사 남부디자인,제39보병사단,60305940,68370723,계약완료,TITLE_MATCH,계약명,1,45080,"{""원본행번호"":""45080"",""계약일"":""2026-06-17"",""계약연도"":""2026"",""계약월"":""6"",""계약분기"":""Q2"",""연월"":""2026-06"",""계약명"":""예비군훈련대 드론교육 컨테이너 설치납품(제작)"",""계약업체"":""주식회사 남부디자인"",""계약기관"":""제39보병사단"",""계약구분"":""물품"",""계약방법"":""제한경쟁"",""입찰방식"":""총액제"",""계약금액_원"":""60305940"",""계약금액_억원"":""0.6030594"",""계약금액_조원"":""6.030594e-05"",""예정금액_원"":""68370723"",""예정금액_억원"":""0.68370723"",""예정금액_조원"":""6.8370723e-05"",""낙찰률"":""88.204"",""낙찰률_구간"":""80~90%"",""낙찰률_결측여부"":""False"",""낙찰률_100초과여부"":""False"",""계약금액_0원여부"":""False"",""계약상태"":""계약완료"",""계약번호"":""2026LKH0046"",""결정번호"":""16043"",""계약일_원본"":""20260617"",""계약금액_원본"":""60305940"",""계약예정금액_원본"":""68370723"",""원본중복건수"":""1"",""원본중복행여부"":""False"",""드론_검색발견필드"":""계약명""}"
28d5011d4441740f6e8da083,2026LKG0069,2026-06-19,19해감대대 SWID 드론 부품구매 및 정비,(주)네스앤텍,육군제53보병사단,9800000,10068293,계약완료,TITLE_MATCH,계약명,1,45359,"{""원본행번호"":""45359"",""계약일"":""2026-06-19"",""계약연도"":""2026"",""계약월"":""6"",""계약분기"":""Q2"",""연월"":""2026-06"",""계약명"":""19해감대대 SWID 드론 부품구매 및 정비"",""계약업체"":""(주)네스앤텍"",""계약기관"":""육군제53보병사단"",""계약구분"":""물품"",""계약방법"":""수의계약"",""입찰방식"":""총액제"",""계약금액_원"":""9800000"",""계약금액_억원"":""0.098"",""계약금액_조원"":""9.8e-06"",""예정금액_원"":""10068293"",""예정금액_억원"":""0.10068293"",""예정금액_조원"":""1.0068293e-05"",""낙찰률"":""97.3353"",""낙찰률_구간"":""90~100%"",""낙찰률_결측여부"":""False"",""낙찰률_100초과여부"":""False"",""계약금액_0원여부"":""False"",""계약상태"":""계약완료"",""계약번호"":""2026LKG0069"",""결정번호"":""23039"",""계약일_원본"":""20260619"",""계약금액_원본"":""9800000"",""계약예정금액_원본"":""10068293"",""원본중복건수"":""1"",""원본중복행여부"":""False"",""드론_검색발견필드"":""계약명""}"
19b8347118c4be13c53822ed,2026LKG0070,2026-06-22,(육성)교육용 드론 제조구매,주식회사 포스웨이브,육군제53보병사단,8842620,10032504,계약완료,TITLE_MATCH,계약명,1,45504,"{""원본행번호"":""45504"",""계약일"":""2026-06-22"",""계약연도"":""2026"",""계약월"":""6"",""계약분기"":""Q2"",""연월"":""2026-06"",""계약명"":""(육성)교육용 드론 제조구매"",""계약업체"":""주식회사 포스웨이브"",""계약기관"":""육군제53보병사단"",""계약구분"":""물품"",""계약방법"":""수의계약"",""입찰방식"":""총액제"",""계약금액_원"":""8842620"",""계약금액_억원"":""0.0884262"",""계약금액_조원"":""8.84262e-06"",""예정금액_원"":""10032504"",""예정금액_억원"":""0.10032504"",""예정금액_조원"":""1.0032504e-05"",""낙찰률"":""88.139"",""낙찰률_구간"":""80~90%"",""낙찰률_결측여부"":""False"",""낙찰률_100초과여부"":""False"",""계약금액_0원여부"":""False"",""계약상태"":""계약완료"",""계약번호"":""2026LKG0070"",""결정번호"":""18223"",""계약일_원본"":""20260622"",""계약금액_원본"":""8842620"",""계약예정금액_원본"":""10032504"",""원본중복건수"":""1"",""원본중복행여부"":""False"",""드론_검색발견필드"":""계약명""}"
43743ae7ab537229a5182b16,2026SFC0083,2026-06-23,26-덕-웨어러블 안티드론 키트 임차 용역,주식회사 우리별,제9691부대,34950000,34971254,계약완료,TITLE_MATCH,계약명,1,45667,"{""원본행번호"":""45667"",""계약일"":""2026-06-23"",""계약연도"":""2026"",""계약월"":""6"",""계약분기"":""Q2"",""연월"":""2026-06"",""계약명"":""26-덕-웨어러블 안티드론 키트 임차 용역"",""계약업체"":""주식회사 우리별"",""계약기관"":""제9691부대"",""계약구분"":""용역"",""계약방법"":""수의계약"",""입찰방식"":""총액제"",""계약금액_원"":""34950000"",""계약금액_억원"":""0.3495"",""계약금액_조원"":""3.495e-05"",""예정금액_원"":""34971254"",""예정금액_억원"":""0.34971254"",""예정금액_조원"":""3.4971254e-05"",""낙찰률"":""99.9392"",""낙찰률_구간"":""90~100%"",""낙찰률_결측여부"":""False"",""낙찰률_100초과여부"":""False"",""계약금액_0원여부"":""False"",""계약상태"":""계약완료"",""계약번호"":""2026SFC0083"",""결정번호"":""15620"",""계약일_원본"":""20260623"",""계약금액_원본"":""34950000"",""계약예정금액_원본"":""34971254"",""원본중복건수"":""1"",""원본중복행여부"":""False"",""드론_검색발견필드"":""계약명""}"
e3d5fd503393c160b0a18777,2026LBB0055,2026-06-26,경계용 드론배터리 구매,(주)네스앤텍,제1군수지원여단,21280000,21505000,계약완료,TITLE_MATCH,계약명,1,46005,"{""원본행번호"":""46005"",""계약일"":""2026-06-26"",""계약연도"":""2026"",""계약월"":""6"",""계약분기"":""Q2"",""연월"":""2026-06"",""계약명"":""경계용 드론배터리 구매"",""계약업체"":""(주)네스앤텍"",""계약기관"":""제1군수지원여단"",""계약구분"":""물품"",""계약방법"":""수의계약"",""입찰방식"":""총액제"",""계약금액_원"":""21280000"",""계약금액_억원"":""0.2128"",""계약금액_조원"":""2.128e-05"",""예정금액_원"":""21505000"",""예정금액_억원"":""0.21505"",""예정금액_조원"":""2.1505e-05"",""낙찰률"":""98.95"",""낙찰률_구간"":""90~100%"",""낙찰률_결측여부"":""False"",""낙찰률_100초과여부"":""False"",""계약금액_0원여부"":""False"",""계약상태"":""계약완료"",""계약번호"":""2026LBB0055"",""결정번호"":""25473"",""계약일_원본"":""20260626"",""계약금액_원본"":""21280000"",""계약예정금액_원본"":""21505000"",""원본중복건수"":""1"",""원본중복행여부"":""False"",""드론_검색발견필드"":""계약명""}"
e480888183171f1020b34398,2026LAZ0017,2026-06-26,'26년 작전모 구매,(주)캡보이트레이딩,드론작전사령부,19750000,19750000,계약완료,CONTEXT_REVIEW,계약기관,1,46001,"{""원본행번호"":""46001"",""계약일"":""2026-06-26"",""계약연도"":""2026"",""계약월"":""6"",""계약분기"":""Q2"",""연월"":""2026-06"",""계약명"":""'26년 작전모 구매"",""계약업체"":""(주)캡보이트레이딩"",""계약기관"":""드론작전사령부"",""계약구분"":""물품"",""계약방법"":""수의계약"",""입찰방식"":""총액제"",""계약금액_원"":""19750000"",""계약금액_억원"":""0.1975"",""계약금액_조원"":""1.975e-05"",""예정금액_원"":""19750000"",""예정금액_억원"":""0.1975"",""예정금액_조원"":""1.975e-05"",""낙찰률"":""100.0"",""낙찰률_구간"":""100% 초과"",""낙찰률_결측여부"":""False"",""낙찰률_100초과여부"":""False"",""계약금액_0원여부"":""False"",""계약상태"":""계약완료"",""계약번호"":""2026LAZ0017"",""결정번호"":""25810"",""계약일_원본"":""20260626"",""계약금액_원본"":""19750000"",""계약예정금액_원본"":""19750000"",""원본중복건수"":""1"",""원본중복행여부"":""False"",""드론_검색발견필드"":""계약기관""}"
e69e71da2436594ce79626b1,2026LFH0019,2026-06-26,화기학처 드론 정비,(주)휴인스,육군부사관학교,9100000,9100000,계약완료,TITLE_MATCH,계약명,1,46031,"{""원본행번호"":""46031"",""계약일"":""2026-06-26"",""계약연도"":""2026"",""계약월"":""6"",""계약분기"":""Q2"",""연월"":""2026-06"",""계약명"":""화기학처 드론 정비"",""계약업체"":""(주)휴인스"",""계약기관"":""육군부사관학교"",""계약구분"":""물품"",""계약방법"":""수의계약"",""입찰방식"":""총액제"",""계약금액_원"":""9100000"",""계약금액_억원"":""0.091"",""계약금액_조원"":""9.1e-06"",""예정금액_원"":""9100000"",""예정금액_억원"":""0.091"",""예정금액_조원"":""9.1e-06"",""낙찰률"":""100.0"",""낙찰률_구간"":""100% 초과"",""낙찰률_결측여부"":""False"",""낙찰률_100초과여부"":""False"",""계약금액_0원여부"":""False"",""계약상태"":""계약완료"",""계약번호"":""2026LFH0019"",""결정번호"":""20849"",""계약일_원본"":""20260626"",""계약금액_원본"":""9100000"",""계약예정금액_원본"":""9100000"",""원본중복건수"":""1"",""원본중복행여부"":""False"",""드론_검색발견필드"":""계약명""}"
a008fa3763fe3af75de031da,2026LKG0075,2026-06-26,드론교육센터 교육보조 물품 구매,주식회사 케이드론시스템,육군제53보병사단,7370000,7393856,계약완료,TITLE_MATCH,"계약명, 계약업체",1,46050,"{""원본행번호"":""46050"",""계약일"":""2026-06-26"",""계약연도"":""2026"",""계약월"":""6"",""계약분기"":""Q2"",""연월"":""2026-06"",""계약명"":""드론교육센터 교육보조 물품 구매"",""계약업체"":""주식회사 케이드론시스템"",""계약기관"":""육군제53보병사단"",""계약구분"":""물품"",""계약방법"":""수의계약"",""입찰방식"":""총액제"",""계약금액_원"":""7370000"",""계약금액_억원"":""0.0737"",""계약금액_조원"":""7.37e-06"",""예정금액_원"":""7393856"",""예정금액_억원"":""0.07393856"",""예정금액_조원"":""7.393856e-06"",""낙찰률"":""99.6774"",""낙찰률_구간"":""90~100%"",""낙찰률_결측여부"":""False"",""낙찰률_100초과여부"":""False"",""계약금액_0원여부"":""False"",""계약상태"":""계약완료"",""계약번호"":""2026LKG0075"",""결정번호"":""24558"",""계약일_원본"":""20260626"",""계약금액_원본"":""7370000"",""계약예정금액_원본"":""7393856"",""원본중복건수"":""1"",""원본중복행여부"":""False"",""드론_검색발견필드"":""계약명, 계약업체""}"
54dee167fc2e5b4e38a258d3,2026LQH0032,2026-07-06,(육성)구기동대 드론 재밍건 제조 납품,뉴테크코리아 주식회사,제3697부대,103529400,117380180,계약완료,TITLE_MATCH,계약명,1,46895,"{""원본행번호"":""46895"",""계약일"":""2026-07-06"",""계약연도"":""2026"",""계약월"":""7"",""계약분기"":""Q3"",""연월"":""2026-07"",""계약명"":""(육성)구기동대 드론 재밍건 제조 납품"",""계약업체"":""뉴테크코리아 주식회사"",""계약기관"":""제3697부대"",""계약구분"":""물품"",""계약방법"":""제한경쟁"",""입찰방식"":""총액제"",""계약금액_원"":""103529400"",""계약금액_억원"":""1.035294"",""계약금액_조원"":""0.0001035294"",""예정금액_원"":""117380180"",""예정금액_억원"":""1.1738018"",""예정금액_조원"":""0.00011738018"",""낙찰률"":""88.2"",""낙찰률_구간"":""80~90%"",""낙찰률_결측여부"":""False"",""낙찰률_100초과여부"":""False"",""계약금액_0원여부"":""False"",""계약상태"":""계약완료"",""계약번호"":""2026LQH0032"",""결정번호"":""11526"",""계약일_원본"":""20260706"",""계약금액_원본"":""103529400"",""계약예정금액_원본"":""117380180"",""원본중복건수"":""1"",""원본중복행여부"":""False"",""드론_검색발견필드"":""계약명""}"
fef7d98a0669e92eda099881,2026LHM0047,2026-07-07,(26-장비-6) 00여단 소총사격드론 정비 용역,주식회사 유맥에어,제15보병사단,46000000,47793715,계약완료,TITLE_MATCH,계약명,1,46975,"{""원본행번호"":""46975"",""계약일"":""2026-07-07"",""계약연도"":""2026"",""계약월"":""7"",""계약분기"":""Q3"",""연월"":""2026-07"",""계약명"":""(26-장비-6) 00여단 소총사격드론 정비 용역"",""계약업체"":""주식회사 유맥에어"",""계약기관"":""제15보병사단"",""계약구분"":""용역"",""계약방법"":""수의계약"",""입찰방식"":""총액제"",""계약금액_원"":""46000000"",""계약금액_억원"":""0.46"",""계약금액_조원"":""4.6e-05"",""예정금액_원"":""47793715"",""예정금액_억원"":""0.47793715"",""예정금액_조원"":""4.7793715e-05"",""낙찰률"":""96.247"",""낙찰률_구간"":""90~100%"",""낙찰률_결측여부"":""False"",""낙찰률_100초과여부"":""False"",""계약금액_0원여부"":""False"",""계약상태"":""계약완료"",""계약번호"":""2026LHM0047"",""결정번호"":""27531"",""계약일_원본"":""20260707"",""계약금액_원본"":""46000000"",""계약예정금액_원본"":""47793715"",""원본중복건수"":""1"",""원본중복행여부"":""False"",""드론_검색발견필드"":""계약명""}"
814cec3becf0485c24e84665,2026LAZ0018,2026-07-07,'26년 정밀가공장비 유지비,주식회사 링크솔루션,드론작전사령부,5982000,5982000,계약완료,CONTEXT_REVIEW,계약기관,1,46951,"{""원본행번호"":""46951"",""계약일"":""2026-07-07"",""계약연도"":""2026"",""계약월"":""7"",""계약분기"":""Q3"",""연월"":""2026-07"",""계약명"":""'26년 정밀가공장비 유지비"",""계약업체"":""주식회사 링크솔루션"",""계약기관"":""드론작전사령부"",""계약구분"":""물품"",""계약방법"":""수의계약"",""입찰방식"":""총액제"",""계약금액_원"":""5982000"",""계약금액_억원"":""0.05982"",""계약금액_조원"":""5.982e-06"",""예정금액_원"":""5982000"",""예정금액_억원"":""0.05982"",""예정금액_조원"":""5.982e-06"",""낙찰률"":""100.0"",""낙찰률_구간"":""100% 초과"",""낙찰률_결측여부"":""False"",""낙찰률_100초과여부"":""False"",""계약금액_0원여부"":""False"",""계약상태"":""계약완료"",""계약번호"":""2026LAZ0018"",""결정번호"":""27386"",""계약일_원본"":""20260707"",""계약금액_원본"":""5982000"",""계약예정금액_원본"":""5982000"",""원본중복건수"":""1"",""원본중복행여부"":""False"",""드론_검색발견필드"":""계약기관""}"
2dc582457c4db1691177364d,2026LFN0050,2026-07-07,26년 교육용 3종드론 구매 2차,주식회사 순돌이드론,육군3사관학교,3880000,4000000,계약완료,TITLE_MATCH,"계약명, 계약업체",1,46970,"{""원본행번호"":""46970"",""계약일"":""2026-07-07"",""계약연도"":""2026"",""계약월"":""7"",""계약분기"":""Q3"",""연월"":""2026-07"",""계약명"":""26년 교육용 3종드론 구매 2차"",""계약업체"":""주식회사 순돌이드론"",""계약기관"":""육군3사관학교"",""계약구분"":""물품"",""계약방법"":""수의계약"",""입찰방식"":""총액제"",""계약금액_원"":""3880000"",""계약금액_억원"":""0.0388"",""계약금액_조원"":""3.88e-06"",""예정금액_원"":""4000000"",""예정금액_억원"":""0.04"",""예정금액_조원"":""4e-06"",""낙찰률"":""97.0"",""낙찰률_구간"":""90~100%"",""낙찰률_결측여부"":""False"",""낙찰률_100초과여부"":""False"",""계약금액_0원여부"":""False"",""계약상태"":""계약완료"",""계약번호"":""2026LFN0050"",""결정번호"":""27477"",""계약일_원본"":""20260707"",""계약금액_원본"":""3880000"",""계약예정금액_원본"":""4000000"",""원본중복건수"":""1"",""원본중복행여부"":""False"",""드론_검색발견필드"":""계약명, 계약업체""}"
5442ef3928081fc49a0a6780,2026UMM0658,2026-07-10,26-D-전장순환통제용 드론 관제 차량 제조,세화자동차 주식회사,국군재정관리단,833878000,845239825,계약완료,TITLE_MATCH,계약명,1,47308,"{""원본행번호"":""47308"",""계약일"":""2026-07-10"",""계약연도"":""2026"",""계약월"":""7"",""계약분기"":""Q3"",""연월"":""2026-07"",""계약명"":""26-D-전장순환통제용 드론 관제 차량 제조"",""계약업체"":""세화자동차 주식회사"",""계약기관"":""국군재정관리단"",""계약구분"":""물품"",""계약방법"":""2단계경쟁(동시)"",""입찰방식"":""총액제"",""계약금액_원"":""833878000"",""계약금액_억원"":""8.33878"",""계약금액_조원"":""0.000833878"",""예정금액_원"":""845239825"",""예정금액_억원"":""8.45239825"",""예정금액_조원"":""0.000845239825"",""낙찰률"":""98.66"",""낙찰률_구간"":""90~100%"",""낙찰률_결측여부"":""False"",""낙찰률_100초과여부"":""False"",""계약금액_0원여부"":""False"",""계약상태"":""계약완료"",""계약번호"":""2026UMM0658"",""결정번호"":""15694"",""계약일_원본"":""20260710"",""계약금액_원본"":""833878000"",""계약예정금액_원본"":""845239825"",""원본중복건수"":""1"",""원본중복행여부"":""False"",""드론_검색발견필드"":""계약명""}"
22c0d7d7510e4ddb6cb9201e,2026LBA0063,2026-07-10,26-2차 경계용 드론 외주정비 용역,(주)네스앤텍,제5군수지원여단,14135110,14135110,계약완료,TITLE_MATCH,계약명,1,47246,"{""원본행번호"":""47246"",""계약일"":""2026-07-10"",""계약연도"":""2026"",""계약월"":""7"",""계약분기"":""Q3"",""연월"":""2026-07"",""계약명"":""26-2차 경계용 드론 외주정비 용역"",""계약업체"":""(주)네스앤텍"",""계약기관"":""제5군수지원여단"",""계약구분"":""용역"",""계약방법"":""수의계약"",""입찰방식"":""총액제"",""계약금액_원"":""14135110"",""계약금액_억원"":""0.1413511"",""계약금액_조원"":""1.413511e-05"",""예정금액_원"":""14135110"",""예정금액_억원"":""0.1413511"",""예정금액_조원"":""1.413511e-05"",""낙찰률"":""100.0"",""낙찰률_구간"":""100% 초과"",""낙찰률_결측여부"":""False"",""낙찰률_100초과여부"":""False"",""계약금액_0원여부"":""False"",""계약상태"":""계약완료"",""계약번호"":""2026LBA0063"",""결정번호"":""27560"",""계약일_원본"":""20260710"",""계약금액_원본"":""14135110"",""계약예정금액_원본"":""14135110"",""원본중복건수"":""1"",""원본중복행여부"":""False"",""드론_검색발견필드"":""계약명""}"
be84b5ee7b3dc8ead457f537,2026LAZ0019,2026-07-14,'26-3차 소형드론 비보급품유지비 구매,디에이치산업,드론작전사령부,34481000,39178811,계약완료,TITLE_MATCH,"계약명, 계약기관",1,47432,"{""원본행번호"":""47432"",""계약일"":""2026-07-14"",""계약연도"":""2026"",""계약월"":""7"",""계약분기"":""Q3"",""연월"":""2026-07"",""계약명"":""'26-3차 소형드론 비보급품유지비 구매"",""계약업체"":""디에이치산업"",""계약기관"":""드론작전사령부"",""계약구분"":""물품"",""계약방법"":""수의계약"",""입찰방식"":""총액제"",""계약금액_원"":""34481000"",""계약금액_억원"":""0.34481"",""계약금액_조원"":""3.4481e-05"",""예정금액_원"":""39178811"",""예정금액_억원"":""0.39178811"",""예정금액_조원"":""3.9178811e-05"",""낙찰률"":""88.009"",""낙찰률_구간"":""80~90%"",""낙찰률_결측여부"":""False"",""낙찰률_100초과여부"":""False"",""계약금액_0원여부"":""False"",""계약상태"":""계약완료"",""계약번호"":""2026LAZ0019"",""결정번호"":""27274"",""계약일_원본"":""20260714"",""계약금액_원본"":""34481000"",""계약예정금액_원본"":""39178811"",""원본중복건수"":""1"",""원본중복행여부"":""False"",""드론_검색발견필드"":""계약명, 계약기관""}"
36c50b47a771b078411ed3d2,2025UMM0862,2026-07-15,(256194-D) 교육용 상용드론 제조,주식회사 자이언트드론,육군군수사령부,459510970,520044230,계약완료,TITLE_MATCH,"계약명, 계약업체",1,47479,"{""원본행번호"":""47479"",""계약일"":""2026-07-15"",""계약연도"":""2026"",""계약월"":""7"",""계약분기"":""Q3"",""연월"":""2026-07"",""계약명"":""(256194-D) 교육용 상용드론 제조"",""계약업체"":""주식회사 자이언트드론"",""계약기관"":""육군군수사령부"",""계약구분"":""물품"",""계약방법"":""제한경쟁"",""입찰방식"":""총액제"",""계약금액_원"":""459510970"",""계약금액_억원"":""4.5951097"",""계약금액_조원"":""0.00045951097"",""예정금액_원"":""520044230"",""예정금액_억원"":""5.2004423"",""예정금액_조원"":""0.00052004423"",""낙찰률"":""88.359"",""낙찰률_구간"":""80~90%"",""낙찰률_결측여부"":""False"",""낙찰률_100초과여부"":""False"",""계약금액_0원여부"":""False"",""계약상태"":""계약완료"",""계약번호"":""2025UMM0862"",""결정번호"":""32013"",""계약일_원본"":""20260715"",""계약금액_원본"":""459510970"",""계약예정금액_원본"":""520044230"",""원본중복건수"":""1"",""원본중복행여부"":""False"",""드론_검색발견필드"":""계약명, 계약업체""}"
e6cb5f84fdc18f740fb91629,2026LKH0046,2026-07-15,예비군훈련대 드론교육 컨테이너 설치납품(제작),주식회사 남부디자인,제39보병사단,60305940,68370723,계약완료,TITLE_MATCH,계약명,1,47536,"{""원본행번호"":""47536"",""계약일"":""2026-07-15"",""계약연도"":""2026"",""계약월"":""7"",""계약분기"":""Q3"",""연월"":""2026-07"",""계약명"":""예비군훈련대 드론교육 컨테이너 설치납품(제작)"",""계약업체"":""주식회사 남부디자인"",""계약기관"":""제39보병사단"",""계약구분"":""물품"",""계약방법"":""제한경쟁"",""입찰방식"":""총액제"",""계약금액_원"":""60305940"",""계약금액_억원"":""0.6030594"",""계약금액_조원"":""6.030594e-05"",""예정금액_원"":""68370723"",""예정금액_억원"":""0.68370723"",""예정금액_조원"":""6.8370723e-05"",""낙찰률"":""88.204"",""낙찰률_구간"":""80~90%"",""낙찰률_결측여부"":""False"",""낙찰률_100초과여부"":""False"",""계약금액_0원여부"":""False"",""계약상태"":""계약완료"",""계약번호"":""2026LKH0046"",""결정번호"":""16043"",""계약일_원본"":""20260715"",""계약금액_원본"":""60305940"",""계약예정금액_원본"":""68370723"",""원본중복건수"":""1"",""원본중복행여부"":""False"",""드론_검색발견필드"":""계약명""}"
f148507e6bd0a5869b43d5a3,2026UMM0693,2026-07-16,26-N-드론 및 무인수상정의 해상위협에 대한 전투실험,주식회사 팩토리아이엠에스,국군재정관리단,529280000,531289652,계약완료,TITLE_MATCH,계약명,1,47684,"{""원본행번호"":""47684"",""계약일"":""2026-07-16"",""계약연도"":""2026"",""계약월"":""7"",""계약분기"":""Q3"",""연월"":""2026-07"",""계약명"":""26-N-드론 및 무인수상정의 해상위협에 대한 전투실험"",""계약업체"":""주식회사 팩토리아이엠에스"",""계약기관"":""국군재정관리단"",""계약구분"":""용역"",""계약방법"":""수의계약"",""입찰방식"":""총액제"",""계약금액_원"":""529280000"",""계약금액_억원"":""5.2928"",""계약금액_조원"":""0.00052928"",""예정금액_원"":""531289652"",""예정금액_억원"":""5.31289652"",""예정금액_조원"":""0.000531289652"",""낙찰률"":""99.6217"",""낙찰률_구간"":""90~100%"",""낙찰률_결측여부"":""False"",""낙찰률_100초과여부"":""False"",""계약금액_0원여부"":""False"",""계약상태"":""계약완료"",""계약번호"":""2026UMM0693"",""결정번호"":""18881"",""계약일_원본"":""20260716"",""계약금액_원본"":""529280000"",""계약예정금액_원본"":""531289652"",""원본중복건수"":""1"",""원본중복행여부"":""False"",""드론_검색발견필드"":""계약명""}"
6d3fbc5cf808fb54a8db3946,2026LKH0077,2026-07-16,(육성) 교육용 드론 구매,한국전기통신주식회사,제39보병사단,17600000,19915814,계약완료,TITLE_MATCH,계약명,1,47650,"{""원본행번호"":""47650"",""계약일"":""2026-07-16"",""계약연도"":""2026"",""계약월"":""7"",""계약분기"":""Q3"",""연월"":""2026-07"",""계약명"":""(육성) 교육용 드론 구매"",""계약업체"":""한국전기통신주식회사"",""계약기관"":""제39보병사단"",""계약구분"":""물품"",""계약방법"":""수의계약"",""입찰방식"":""총액제"",""계약금액_원"":""17600000"",""계약금액_억원"":""0.176"",""계약금액_조원"":""1.76e-05"",""예정금액_원"":""19915814"",""예정금액_억원"":""0.19915814"",""예정금액_조원"":""1.9915814e-05"",""낙찰률"":""88.371"",""낙찰률_구간"":""80~90%"",""낙찰률_결측여부"":""False"",""낙찰률_100초과여부"":""False"",""계약금액_0원여부"":""False"",""계약상태"":""계약완료"",""계약번호"":""2026LKH0077"",""결정번호"":""26800"",""계약일_원본"":""20260716"",""계약금액_원본"":""17600000"",""계약예정금액_원본"":""19915814"",""원본중복건수"":""1"",""원본중복행여부"":""False"",""드론_검색발견필드"":""계약명""}"
6cdc786467a752509a31d427,2026LAZ0020,2026-07-16,발사대 로프 구매,슈프림번지,드론작전사령부,6600000,6600000,계약완료,CONTEXT_REVIEW,계약기관,1,47611,"{""원본행번호"":""47611"",""계약일"":""2026-07-16"",""계약연도"":""2026"",""계약월"":""7"",""계약분기"":""Q3"",""연월"":""2026-07"",""계약명"":""발사대 로프 구매"",""계약업체"":""슈프림번지"",""계약기관"":""드론작전사령부"",""계약구분"":""물품"",""계약방법"":""수의계약"",""입찰방식"":""총액제"",""계약금액_원"":""6600000"",""계약금액_억원"":""0.066"",""계약금액_조원"":""6.6e-06"",""예정금액_원"":""6600000"",""예정금액_억원"":""0.066"",""예정금액_조원"":""6.6e-06"",""낙찰률"":""100.0"",""낙찰률_구간"":""100% 초과"",""낙찰률_결측여부"":""False"",""낙찰률_100초과여부"":""False"",""계약금액_0원여부"":""False"",""계약상태"":""계약완료"",""계약번호"":""2026LAZ0020"",""결정번호"":""28981"",""계약일_원본"":""20260716"",""계약금액_원본"":""6600000"",""계약예정금액_원본"":""6600000"",""원본중복건수"":""1"",""원본중복행여부"":""False"",""드론_검색발견필드"":""계약기관""}"
826f638ff521f625b7fe1c65,2026SFL0041,2026-07-20,드론 정비용 수리부속 구매,대광,제3283부대,14924230,16958322,계약완료,TITLE_MATCH,계약명,1,47812,"{""원본행번호"":""47812"",""계약일"":""2026-07-20"",""계약연도"":""2026"",""계약월"":""7"",""계약분기"":""Q3"",""연월"":""2026-07"",""계약명"":""드론 정비용 수리부속 구매"",""계약업체"":""대광"",""계약기관"":""제3283부대"",""계약구분"":""물품"",""계약방법"":""수의계약"",""입찰방식"":""총액제"",""계약금액_원"":""14924230"",""계약금액_억원"":""0.1492423"",""계약금액_조원"":""1.492423e-05"",""예정금액_원"":""16958322"",""예정금액_억원"":""0.16958322"",""예정금액_조원"":""1.6958322e-05"",""낙찰률"":""88.005"",""낙찰률_구간"":""80~90%"",""낙찰률_결측여부"":""False"",""낙찰률_100초과여부"":""False"",""계약금액_0원여부"":""False"",""계약상태"":""계약완료"",""계약번호"":""2026SFL0041"",""결정번호"":""24342"",""계약일_원본"":""20260720"",""계약금액_원본"":""14924230"",""계약예정금액_원본"":""16958322"",""원본중복건수"":""1"",""원본중복행여부"":""False"",""드론_검색발견필드"":""계약명""}"
a26600cfde7db65296e1b062,2026LFH0034,2026-07-20,교육예산 자산취득비 드론 리얼플라이트 구매,드론알씨랜드,육군부사관학교,8753360,8932000,계약완료,TITLE_MATCH,"계약명, 계약업체",2,47755,"{""원본행번호"":""47755"",""계약일"":""2026-07-20"",""계약연도"":""2026"",""계약월"":""7"",""계약분기"":""Q3"",""연월"":""2026-07"",""계약명"":""교육예산 자산취득비 드론 리얼플라이트 구매"",""계약업체"":""드론알씨랜드"",""계약기관"":""육군부사관학교"",""계약구분"":""물품"",""계약방법"":""수의계약"",""입찰방식"":""총액제"",""계약금액_원"":""8753360"",""계약금액_억원"":""0.0875336"",""계약금액_조원"":""8.75336e-06"",""예정금액_원"":""8932000"",""예정금액_억원"":""0.08932"",""예정금액_조원"":""8.932e-06"",""낙찰률"":""98.0"",""낙찰률_구간"":""90~100%"",""낙찰률_결측여부"":""False"",""낙찰률_100초과여부"":""False"",""계약금액_0원여부"":""False"",""계약상태"":""계약완료"",""계약번호"":""2026LFH0034"",""결정번호"":""29252"",""계약일_원본"":""20260720"",""계약금액_원본"":""8753360"",""계약예정금액_원본"":""8932000"",""원본중복건수"":""2"",""원본중복행여부"":""True"",""드론_검색발견필드"":""계약명, 계약업체""}"
9c91d5e9ed80ecd08ad7ce8d,2026LKF0066,2026-07-20,'26년 육성지원사업 교육용 드론 구매,아임드론로보틱스,제50보병사단,7485000,7485000,계약완료,TITLE_MATCH,"계약명, 계약업체",1,47766,"{""원본행번호"":""47766"",""계약일"":""2026-07-20"",""계약연도"":""2026"",""계약월"":""7"",""계약분기"":""Q3"",""연월"":""2026-07"",""계약명"":""'26년 육성지원사업 교육용 드론 구매"",""계약업체"":""아임드론로보틱스"",""계약기관"":""제50보병사단"",""계약구분"":""물품"",""계약방법"":""수의계약"",""입찰방식"":""총액제"",""계약금액_원"":""7485000"",""계약금액_억원"":""0.07485"",""계약금액_조원"":""7.485e-06"",""예정금액_원"":""7485000"",""예정금액_억원"":""0.07485"",""예정금액_조원"":""7.485e-06"",""낙찰률"":""100.0"",""낙찰률_구간"":""100% 초과"",""낙찰률_결측여부"":""False"",""낙찰률_100초과여부"":""False"",""계약금액_0원여부"":""False"",""계약상태"":""계약완료"",""계약번호"":""2026LKF0066"",""결정번호"":""28910"",""계약일_원본"":""20260720"",""계약금액_원본"":""7485000"",""계약예정금액_원본"":""7485000"",""원본중복건수"":""1"",""원본중복행여부"":""False"",""드론_검색발견필드"":""계약명, 계약업체""}"
2385e488c529130ccf7369fd,2026SCH0128,2026-07-21,26-66호 드론축구 동아리 물품 구매(교육 포함),메타드론캠,해군작전사령부,7623920,7624141,계약완료,TITLE_MATCH,"계약명, 계약업체",1,47890,"{""원본행번호"":""47890"",""계약일"":""2026-07-21"",""계약연도"":""2026"",""계약월"":""7"",""계약분기"":""Q3"",""연월"":""2026-07"",""계약명"":""26-66호 드론축구 동아리 물품 구매(교육 포함)"",""계약업체"":""메타드론캠"",""계약기관"":""해군작전사령부"",""계약구분"":""물품"",""계약방법"":""수의계약"",""입찰방식"":""총액제"",""계약금액_원"":""7623920"",""계약금액_억원"":""0.0762392"",""계약금액_조원"":""7.62392e-06"",""예정금액_원"":""7624141"",""예정금액_억원"":""0.07624141"",""예정금액_조원"":""7.624141e-06"",""낙찰률"":""99.9971"",""낙찰률_구간"":""90~100%"",""낙찰률_결측여부"":""False"",""낙찰률_100초과여부"":""False"",""계약금액_0원여부"":""False"",""계약상태"":""계약완료"",""계약번호"":""2026SCH0128"",""결정번호"":""28912"",""계약일_원본"":""20260721"",""계약금액_원본"":""7623920"",""계약예정금액_원본"":""7624141"",""원본중복건수"":""1"",""원본중복행여부"":""False"",""드론_검색발견필드"":""계약명, 계약업체""}"
cb90adb81290faa067378744,2026LAZ0022,2026-07-24,'26-1차 소형OOOO 1형 외주정비,주식회사 대한항공,드론작전사령부,27370000,27370000,계약완료,CONTEXT_REVIEW,계약기관,1,48084,"{""원본행번호"":""48084"",""계약일"":""2026-07-24"",""계약연도"":""2026"",""계약월"":""7"",""계약분기"":""Q3"",""연월"":""2026-07"",""계약명"":""'26-1차 소형OOOO 1형 외주정비"",""계약업체"":""주식회사 대한항공"",""계약기관"":""드론작전사령부"",""계약구분"":""용역"",""계약방법"":""수의계약"",""입찰방식"":""총액제"",""계약금액_원"":""27370000"",""계약금액_억원"":""0.2737"",""계약금액_조원"":""2.737e-05"",""예정금액_원"":""27370000"",""예정금액_억원"":""0.2737"",""예정금액_조원"":""2.737e-05"",""낙찰률"":""100.0"",""낙찰률_구간"":""100% 초과"",""낙찰률_결측여부"":""False"",""낙찰률_100초과여부"":""False"",""계약금액_0원여부"":""False"",""계약상태"":""계약완료"",""계약번호"":""2026LAZ0022"",""결정번호"":""30012"",""계약일_원본"":""20260724"",""계약금액_원본"":""27370000"",""계약예정금액_원본"":""27370000"",""원본중복건수"":""1"",""원본중복행여부"":""False"",""드론_검색발견필드"":""계약기관""}"
83da3cb552d3da8745a428fc,2026LAZ0021,2026-07-24,'26-6차 소형드론 비보급품유지비 구매,성우엔지니어링,드론작전사령부,18000000,18000000,계약완료,TITLE_MATCH,"계약명, 계약기관",1,48083,"{""원본행번호"":""48083"",""계약일"":""2026-07-24"",""계약연도"":""2026"",""계약월"":""7"",""계약분기"":""Q3"",""연월"":""2026-07"",""계약명"":""'26-6차 소형드론 비보급품유지비 구매"",""계약업체"":""성우엔지니어링"",""계약기관"":""드론작전사령부"",""계약구분"":""물품"",""계약방법"":""수의계약"",""입찰방식"":""총액제"",""계약금액_원"":""18000000"",""계약금액_억원"":""0.18"",""계약금액_조원"":""1.8e-05"",""예정금액_원"":""18000000"",""예정금액_억원"":""0.18"",""예정금액_조원"":""1.8e-05"",""낙찰률"":""100.0"",""낙찰률_구간"":""100% 초과"",""낙찰률_결측여부"":""False"",""낙찰률_100초과여부"":""False"",""계약금액_0원여부"":""False"",""계약상태"":""계약완료"",""계약번호"":""2026LAZ0021"",""결정번호"":""30010"",""계약일_원본"":""20260724"",""계약금액_원본"":""18000000"",""계약예정금액_원본"":""18000000"",""원본중복건수"":""1"",""원본중복행여부"":""False"",""드론_검색발견필드"":""계약명, 계약기관""}"
b40e71ed821ca2bd247b3d60,2026LKF0069,2026-07-27,'26년 드론교육센터 교육장비 구매(작업대),주식회사 태진이엔지,제50보병사단,1562000,1562000,계약완료,TITLE_MATCH,계약명,1,48235,"{""원본행번호"":""48235"",""계약일"":""2026-07-27"",""계약연도"":""2026"",""계약월"":""7"",""계약분기"":""Q3"",""연월"":""2026-07"",""계약명"":""'26년 드론교육센터 교육장비 구매(작업대)"",""계약업체"":""주식회사 태진이엔지"",""계약기관"":""제50보병사단"",""계약구분"":""물품"",""계약방법"":""수의계약"",""입찰방식"":""총액제"",""계약금액_원"":""1562000"",""계약금액_억원"":""0.01562"",""계약금액_조원"":""1.562e-06"",""예정금액_원"":""1562000"",""예정금액_억원"":""0.01562"",""예정금액_조원"":""1.562e-06"",""낙찰률"":""100.0"",""낙찰률_구간"":""100% 초과"",""낙찰률_결측여부"":""False"",""낙찰률_100초과여부"":""False"",""계약금액_0원여부"":""False"",""계약상태"":""계약완료"",""계약번호"":""2026LKF0069"",""결정번호"":""29967"",""계약일_원본"":""20260727"",""계약금액_원본"":""1562000"",""계약예정금액_원본"":""1562000"",""원본중복건수"":""1"",""원본중복행여부"":""False"",""드론_검색발견필드"":""계약명""}"
5a33d2d82a9b98b12c21686b,2026MHD0076,2026-07-28,소형드론 감항인증 가이드라인 연구용역,(사)한국전략문제연구소,방위사업청(운영지원과),39500000,44000000,계약완료,TITLE_MATCH,계약명,1,48352,"{""원본행번호"":""48352"",""계약일"":""2026-07-28"",""계약연도"":""2026"",""계약월"":""7"",""계약분기"":""Q3"",""연월"":""2026-07"",""계약명"":""소형드론 감항인증 가이드라인 연구용역"",""계약업체"":""(사)한국전략문제연구소"",""계약기관"":""방위사업청(운영지원과)"",""계약구분"":""용역"",""계약방법"":""협상에의한계약(전자)"",""입찰방식"":""총액제"",""계약금액_원"":""39500000"",""계약금액_억원"":""0.395"",""계약금액_조원"":""3.95e-05"",""예정금액_원"":""44000000"",""예정금액_억원"":""0.44"",""예정금액_조원"":""4.4e-05"",""낙찰률"":""89.7727"",""낙찰률_구간"":""80~90%"",""낙찰률_결측여부"":""False"",""낙찰률_100초과여부"":""False"",""계약금액_0원여부"":""False"",""계약상태"":""계약완료"",""계약번호"":""2026MHD0076"",""결정번호"":""16671"",""계약일_원본"":""20260728"",""계약금액_원본"":""39500000"",""계약예정금액_원본"":""44000000"",""원본중복건수"":""1"",""원본중복행여부"":""False"",""드론_검색발견필드"":""계약명""}"
068f0278cccbca38a7f53bd2,2026LKH0084,2026-07-28,'26-10차 드론봇교육센터(교육장비설비) 구매,（주）에스엔에스,제39보병사단,7837500,9075000,계약완료,TITLE_MATCH,계약명,1,48333,"{""원본행번호"":""48333"",""계약일"":""2026-07-28"",""계약연도"":""2026"",""계약월"":""7"",""계약분기"":""Q3"",""연월"":""2026-07"",""계약명"":""'26-10차 드론봇교육센터(교육장비설비) 구매"",""계약업체"":""（주）에스엔에스"",""계약기관"":""제39보병사단"",""계약구분"":""물품"",""계약방법"":""수의계약"",""입찰방식"":""총액제"",""계약금액_원"":""7837500"",""계약금액_억원"":""0.078375"",""계약금액_조원"":""7.8375e-06"",""예정금액_원"":""9075000"",""예정금액_억원"":""0.09075"",""예정금액_조원"":""9.075e-06"",""낙찰률"":""86.36"",""낙찰률_구간"":""80~90%"",""낙찰률_결측여부"":""False"",""낙찰률_100초과여부"":""False"",""계약금액_0원여부"":""False"",""계약상태"":""계약완료"",""계약번호"":""2026LKH0084"",""결정번호"":""30261"",""계약일_원본"":""20260728"",""계약금액_원본"":""7837500"",""계약예정금액_원본"":""9075000"",""원본중복건수"":""1"",""원본중복행여부"":""False"",""드론_검색발견필드"":""계약명""}"
f3502dc901e4921d2210a8b3,2026LAZ0023,2026-07-29,UPS배터리 구매 설치,주식회사 세계전원,드론작전사령부,6553800,8162000,계약완료,CONTEXT_REVIEW,계약기관,1,48389,"{""원본행번호"":""48389"",""계약일"":""2026-07-29"",""계약연도"":""2026"",""계약월"":""7"",""계약분기"":""Q3"",""연월"":""2026-07"",""계약명"":""UPS배터리 구매 설치"",""계약업체"":""주식회사 세계전원"",""계약기관"":""드론작전사령부"",""계약구분"":""물품"",""계약방법"":""수의계약"",""입찰방식"":""총액제"",""계약금액_원"":""6553800"",""계약금액_억원"":""0.065538"",""계약금액_조원"":""6.5538e-06"",""예정금액_원"":""8162000"",""예정금액_억원"":""0.08162"",""예정금액_조원"":""8.162e-06"",""낙찰률"":""80.3"",""낙찰률_구간"":""80~90%"",""낙찰률_결측여부"":""False"",""낙찰률_100초과여부"":""False"",""계약금액_0원여부"":""False"",""계약상태"":""계약완료"",""계약번호"":""2026LAZ0023"",""결정번호"":""30557"",""계약일_원본"":""20260729"",""계약금액_원본"":""6553800"",""계약예정금액_원본"":""8162000"",""원본중복건수"":""1"",""원본중복행여부"":""False"",""드론_검색발견필드"":""계약기관""}"
a2df4c8d2004026762873da8,2026UMM0750,2026-07-30,교육용 상용드론(II) 구매(제조) 사업,주식회사 에이럭스,국군재정관리단,9290400000,9611698888,계약완료,TITLE_MATCH,계약명,1,48563,"{""원본행번호"":""48563"",""계약일"":""2026-07-30"",""계약연도"":""2026"",""계약월"":""7"",""계약분기"":""Q3"",""연월"":""2026-07"",""계약명"":""교육용 상용드론(II) 구매(제조) 사업"",""계약업체"":""주식회사 에이럭스"",""계약기관"":""국군재정관리단"",""계약구분"":""물품"",""계약방법"":""협상에의한계약(전자)"",""입찰방식"":""총액제"",""계약금액_원"":""9290400000"",""계약금액_억원"":""92.904"",""계약금액_조원"":""0.0092904"",""예정금액_원"":""9611698888"",""예정금액_억원"":""96.11698888"",""예정금액_조원"":""0.009611698888"",""낙찰률"":""96.6572"",""낙찰률_구간"":""90~100%"",""낙찰률_결측여부"":""False"",""낙찰률_100초과여부"":""False"",""계약금액_0원여부"":""False"",""계약상태"":""계약완료"",""계약번호"":""2026UMM0750"",""결정번호"":""12257"",""계약일_원본"":""20260730"",""계약금액_원본"":""9290400000"",""계약예정금액_원본"":""9611698888"",""원본중복건수"":""1"",""원본중복행여부"":""False"",""드론_검색발견필드"":""계약명""}"
2ea0508ec6e2610da2d59308,2026UMM0752,2026-07-30,교육용 상용드론(II) 구매(제조) 사업,주식회사 프리뉴,국군재정관리단,8989270000,9611698888,계약완료,TITLE_MATCH,계약명,1,48564,"{""원본행번호"":""48564"",""계약일"":""2026-07-30"",""계약연도"":""2026"",""계약월"":""7"",""계약분기"":""Q3"",""연월"":""2026-07"",""계약명"":""교육용 상용드론(II) 구매(제조) 사업"",""계약업체"":""주식회사 프리뉴"",""계약기관"":""국군재정관리단"",""계약구분"":""물품"",""계약방법"":""협상에의한계약(전자)"",""입찰방식"":""총액제"",""계약금액_원"":""8989270000"",""계약금액_억원"":""89.8927"",""계약금액_조원"":""0.00898927"",""예정금액_원"":""9611698888"",""예정금액_억원"":""96.11698888"",""예정금액_조원"":""0.009611698888"",""낙찰률"":""93.52"",""낙찰률_구간"":""90~100%"",""낙찰률_결측여부"":""False"",""낙찰률_100초과여부"":""False"",""계약금액_0원여부"":""False"",""계약상태"":""계약완료"",""계약번호"":""2026UMM0752"",""결정번호"":""12258"",""계약일_원본"":""20260730"",""계약금액_원본"":""8989270000"",""계약예정금액_원본"":""9611698888"",""원본중복건수"":""1"",""원본중복행여부"":""False"",""드론_검색발견필드"":""계약명""}"
99c3aa51a4bf96b8a73e782d,2026UMM0753,2026-07-30,교육용 상용드론(II) 구매(제조) 사업,주식회사 에이디시스템,국군재정관리단,8721600000,9611698888,계약완료,TITLE_MATCH,계약명,1,48565,"{""원본행번호"":""48565"",""계약일"":""2026-07-30"",""계약연도"":""2026"",""계약월"":""7"",""계약분기"":""Q3"",""연월"":""2026-07"",""계약명"":""교육용 상용드론(II) 구매(제조) 사업"",""계약업체"":""주식회사 에이디시스템"",""계약기관"":""국군재정관리단"",""계약구분"":""물품"",""계약방법"":""협상에의한계약(전자)"",""입찰방식"":""총액제"",""계약금액_원"":""8721600000"",""계약금액_억원"":""87.216"",""계약금액_조원"":""0.0087216"",""예정금액_원"":""9611698888"",""예정금액_억원"":""96.11698888"",""예정금액_조원"":""0.009611698888"",""낙찰률"":""90.74"",""낙찰률_구간"":""90~100%"",""낙찰률_결측여부"":""False"",""낙찰률_100초과여부"":""False"",""계약금액_0원여부"":""False"",""계약상태"":""계약완료"",""계약번호"":""2026UMM0753"",""결정번호"":""12259"",""계약일_원본"":""20260730"",""계약금액_원본"":""8721600000"",""계약예정금액_원본"":""9611698888"",""원본중복건수"":""1"",""원본중복행여부"":""False"",""드론_검색발견필드"":""계약명""}"
9205fbd5ab6bff3430c06ebf,2026LKD0081,2026-07-30,'26년 드론교육센터 사무비품 구매,대전지방조달청,제32보병사단,4190800,4190800,계약완료,TITLE_MATCH,계약명,1,48530,"{""원본행번호"":""48530"",""계약일"":""2026-07-30"",""계약연도"":""2026"",""계약월"":""7"",""계약분기"":""Q3"",""연월"":""2026-07"",""계약명"":""'26년 드론교육센터 사무비품 구매"",""계약업체"":""대전지방조달청"",""계약기관"":""제32보병사단"",""계약구분"":""물품"",""계약방법"":""수의계약"",""입찰방식"":""총액제"",""계약금액_원"":""4190800"",""계약금액_억원"":""0.041908"",""계약금액_조원"":""4.1908e-06"",""예정금액_원"":""4190800"",""예정금액_억원"":""0.041908"",""예정금액_조원"":""4.1908e-06"",""낙찰률"":""100.0"",""낙찰률_구간"":""100% 초과"",""낙찰률_결측여부"":""False"",""낙찰률_100초과여부"":""False"",""계약금액_0원여부"":""False"",""계약상태"":""계약완료"",""계약번호"":""2026LKD0081"",""결정번호"":""36920"",""계약일_원본"":""20260730"",""계약금액_원본"":""4190800"",""계약예정금액_원본"":""4190800"",""원본중복건수"":""1"",""원본중복행여부"":""False"",""드론_검색발견필드"":""계약명""}"
5e25a7b1418238b2e2c9916a,2026SCH0142,2026-07-31,26-72호 해상대테러 작전용 FPV 드론 구매,수성알씨(수성RC),해군작전사령부,15300000,15459409,계약완료,TITLE_MATCH,계약명,1,48645,"{""원본행번호"":""48645"",""계약일"":""2026-07-31"",""계약연도"":""2026"",""계약월"":""7"",""계약분기"":""Q3"",""연월"":""2026-07"",""계약명"":""26-72호 해상대테러 작전용 FPV 드론 구매"",""계약업체"":""수성알씨(수성RC)"",""계약기관"":""해군작전사령부"",""계약구분"":""물품"",""계약방법"":""수의계약"",""입찰방식"":""총액제"",""계약금액_원"":""15300000"",""계약금액_억원"":""0.153"",""계약금액_조원"":""1.53e-05"",""예정금액_원"":""15459409"",""예정금액_억원"":""0.15459409"",""예정금액_조원"":""1.5459409e-05"",""낙찰률"":""98.9689"",""낙찰률_구간"":""90~100%"",""낙찰률_결측여부"":""False"",""낙찰률_100초과여부"":""False"",""계약금액_0원여부"":""False"",""계약상태"":""계약완료"",""계약번호"":""2026SCH0142"",""결정번호"":""30949"",""계약일_원본"":""20260731"",""계약금액_원본"":""15300000"",""계약예정금액_원본"":""15459409"",""원본중복건수"":""1"",""원본중복행여부"":""False"",""드론_검색발견필드"":""계약명""}"
5538f8c996c18b9733fe2a55,2026LCK0179,2026-08-01,(26-물품-54)드론 동아리용 FPV 드론구매,드론미디어,수도방위사령부,9987500,9987500,계약완료,TITLE_MATCH,"계약명, 계약업체",1,48671,"{""원본행번호"":""48671"",""계약일"":""2026-08-01"",""계약연도"":""2026"",""계약월"":""8"",""계약분기"":""Q3"",""연월"":""2026-08"",""계약명"":""(26-물품-54)드론 동아리용 FPV 드론구매"",""계약업체"":""드론미디어"",""계약기관"":""수도방위사령부"",""계약구분"":""물품"",""계약방법"":""수의계약"",""입찰방식"":""총액제"",""계약금액_원"":""9987500"",""계약금액_억원"":""0.099875"",""계약금액_조원"":""9.9875e-06"",""예정금액_원"":""9987500"",""예정금액_억원"":""0.099875"",""예정금액_조원"":""9.9875e-06"",""낙찰률"":""100.0"",""낙찰률_구간"":""100% 초과"",""낙찰률_결측여부"":""False"",""낙찰률_100초과여부"":""False"",""계약금액_0원여부"":""False"",""계약상태"":""계약완료"",""계약번호"":""2026LCK0179"",""결정번호"":""30215"",""계약일_원본"":""20260801"",""계약금액_원본"":""9987500"",""계약예정금액_원본"":""9987500"",""원본중복건수"":""1"",""원본중복행여부"":""False"",""드론_검색발견필드"":""계약명, 계약업체""}"
9a817b396dd2926a40eeb59f,2026SCG0060,2026-08-05,'26년 정훈병과 드론 전문화 교육,한국영상대학교산학협력단,해군본부,12100000,12164142,계약완료,TITLE_MATCH,계약명,1,48913,"{""원본행번호"":""48913"",""계약일"":""2026-08-05"",""계약연도"":""2026"",""계약월"":""8"",""계약분기"":""Q3"",""연월"":""2026-08"",""계약명"":""'26년 정훈병과 드론 전문화 교육"",""계약업체"":""한국영상대학교산학협력단"",""계약기관"":""해군본부"",""계약구분"":""용역"",""계약방법"":""수의계약"",""입찰방식"":""총액제"",""계약금액_원"":""12100000"",""계약금액_억원"":""0.121"",""계약금액_조원"":""1.21e-05"",""예정금액_원"":""12164142"",""예정금액_억원"":""0.12164142"",""예정금액_조원"":""1.2164142e-05"",""낙찰률"":""99.4727"",""낙찰률_구간"":""90~100%"",""낙찰률_결측여부"":""False"",""낙찰률_100초과여부"":""False"",""계약금액_0원여부"":""False"",""계약상태"":""계약완료"",""계약번호"":""2026SCG0060"",""결정번호"":""31485"",""계약일_원본"":""20260805"",""계약금액_원본"":""12100000"",""계약예정금액_원본"":""12164142"",""원본중복건수"":""1"",""원본중복행여부"":""False"",""드론_검색발견필드"":""계약명""}"
cc6f268a002fdba834a7afc1,2026HFK0066,2026-08-05,26-조달-07-39 드론구매,주식회사 순돌이드론,제1방공유도탄여단,4308340,4308340,계약완료,TITLE_MATCH,"계약명, 계약업체",1,48876,"{""원본행번호"":""48876"",""계약일"":""2026-08-05"",""계약연도"":""2026"",""계약월"":""8"",""계약분기"":""Q3"",""연월"":""2026-08"",""계약명"":""26-조달-07-39 드론구매"",""계약업체"":""주식회사 순돌이드론"",""계약기관"":""제1방공유도탄여단"",""계약구분"":""물품"",""계약방법"":""수의계약"",""입찰방식"":""총액제"",""계약금액_원"":""4308340"",""계약금액_억원"":""0.0430834"",""계약금액_조원"":""4.30834e-06"",""예정금액_원"":""4308340"",""예정금액_억원"":""0.0430834"",""예정금액_조원"":""4.30834e-06"",""낙찰률"":""100.0"",""낙찰률_구간"":""100% 초과"",""낙찰률_결측여부"":""False"",""낙찰률_100초과여부"":""False"",""계약금액_0원여부"":""False"",""계약상태"":""계약완료"",""계약번호"":""2026HFK0066"",""결정번호"":""31179"",""계약일_원본"":""20260805"",""계약금액_원본"":""4308340"",""계약예정금액_원본"":""4308340"",""원본중복건수"":""1"",""원본중복행여부"":""False"",""드론_검색발견필드"":""계약명, 계약업체""}"
73febfc41d80bbb8bd3bbcda,2026LNS0082,2026-08-06,(안성)'26년 예비군부대 드론재밍건 제조납품,시스레인주식회사,제55보병사단,14705000,16676847,계약완료,TITLE_MATCH,계약명,1,48959,"{""원본행번호"":""48959"",""계약일"":""2026-08-06"",""계약연도"":""2026"",""계약월"":""8"",""계약분기"":""Q3"",""연월"":""2026-08"",""계약명"":""(안성)'26년 예비군부대 드론재밍건 제조납품"",""계약업체"":""시스레인주식회사"",""계약기관"":""제55보병사단"",""계약구분"":""물품"",""계약방법"":""수의계약"",""입찰방식"":""총액제"",""계약금액_원"":""14705000"",""계약금액_억원"":""0.14705"",""계약금액_조원"":""1.4705e-05"",""예정금액_원"":""16676847"",""예정금액_억원"":""0.16676847"",""예정금액_조원"":""1.6676847e-05"",""낙찰률"":""88.176"",""낙찰률_구간"":""80~90%"",""낙찰률_결측여부"":""False"",""낙찰률_100초과여부"":""False"",""계약금액_0원여부"":""False"",""계약상태"":""계약완료"",""계약번호"":""2026LNS0082"",""결정번호"":""30958"",""계약일_원본"":""20260806"",""계약금액_원본"":""14705000"",""계약예정금액_원본"":""16676847"",""원본중복건수"":""1"",""원본중복행여부"":""False"",""드론_검색발견필드"":""계약명""}"
4a788ecfe3c21496eea864eb,2026LCK0190,2026-08-10,(26-물품-44) 예비군 교육용 드론 구매,주식회사 포스웨이브,수도방위사령부,89600000,98000000,계약완료,TITLE_MATCH,계약명,1,49122,"{""원본행번호"":""49122"",""계약일"":""2026-08-10"",""계약연도"":""2026"",""계약월"":""8"",""계약분기"":""Q3"",""연월"":""2026-08"",""계약명"":""(26-물품-44) 예비군 교육용 드론 구매"",""계약업체"":""주식회사 포스웨이브"",""계약기관"":""수도방위사령부"",""계약구분"":""물품"",""계약방법"":""수의계약"",""입찰방식"":""총액제"",""계약금액_원"":""89600000"",""계약금액_억원"":""0.896"",""계약금액_조원"":""8.96e-05"",""예정금액_원"":""98000000"",""예정금액_억원"":""0.98"",""예정금액_조원"":""9.8e-05"",""낙찰률"":""91.43"",""낙찰률_구간"":""90~100%"",""낙찰률_결측여부"":""False"",""낙찰률_100초과여부"":""False"",""계약금액_0원여부"":""False"",""계약상태"":""계약완료"",""계약번호"":""2026LCK0190"",""결정번호"":""31818"",""계약일_원본"":""20260810"",""계약금액_원본"":""89600000"",""계약예정금액_원본"":""98000000"",""원본중복건수"":""1"",""원본중복행여부"":""False"",""드론_검색발견필드"":""계약명""}"
f026c3b3c24bc46ce9b379b1,2026LKG0093,2026-08-10,(욱성)부산 기동대 정예화 작전용 드론 구매,(주)휴인스,육군제53보병사단,44249990,50274571,계약완료,TITLE_MATCH,계약명,1,49152,"{""원본행번호"":""49152"",""계약일"":""2026-08-10"",""계약연도"":""2026"",""계약월"":""8"",""계약분기"":""Q3"",""연월"":""2026-08"",""계약명"":""(욱성)부산 기동대 정예화 작전용 드론 구매"",""계약업체"":""(주)휴인스"",""계약기관"":""육군제53보병사단"",""계약구분"":""물품"",""계약방법"":""수의계약"",""입찰방식"":""총액제"",""계약금액_원"":""44249990"",""계약금액_억원"":""0.4424999"",""계약금액_조원"":""4.424999e-05"",""예정금액_원"":""50274571"",""예정금액_억원"":""0.50274571"",""예정금액_조원"":""5.0274571e-05"",""낙찰률"":""88.016"",""낙찰률_구간"":""80~90%"",""낙찰률_결측여부"":""False"",""낙찰률_100초과여부"":""False"",""계약금액_0원여부"":""False"",""계약상태"":""계약완료"",""계약번호"":""2026LKG0093"",""결정번호"":""30220"",""계약일_원본"":""20260810"",""계약금액_원본"":""44249990"",""계약예정금액_원본"":""50274571"",""원본중복건수"":""1"",""원본중복행여부"":""False"",""드론_검색발견필드"":""계약명""}"
c0987ded8902ef3d96bee1ec,2026LKG0070,2026-08-10,(육성)교육용 드론 제조구매,주식회사 포스웨이브,육군제53보병사단,13263940,10032504,계약완료,TITLE_MATCH,계약명,1,49149,"{""원본행번호"":""49149"",""계약일"":""2026-08-10"",""계약연도"":""2026"",""계약월"":""8"",""계약분기"":""Q3"",""연월"":""2026-08"",""계약명"":""(육성)교육용 드론 제조구매"",""계약업체"":""주식회사 포스웨이브"",""계약기관"":""육군제53보병사단"",""계약구분"":""물품"",""계약방법"":""수의계약"",""입찰방식"":""총액제"",""계약금액_원"":""13263940"",""계약금액_억원"":""0.1326394"",""계약금액_조원"":""1.326394e-05"",""예정금액_원"":""10032504"",""예정금액_억원"":""0.10032504"",""예정금액_조원"":""1.0032504e-05"",""낙찰률"":""88.139"",""낙찰률_구간"":""80~90%"",""낙찰률_결측여부"":""False"",""낙찰률_100초과여부"":""False"",""계약금액_0원여부"":""False"",""계약상태"":""계약완료"",""계약번호"":""2026LKG0070"",""결정번호"":""18223"",""계약일_원본"":""20260810"",""계약금액_원본"":""13263940"",""계약예정금액_원본"":""10032504"",""원본중복건수"":""1"",""원본중복행여부"":""False"",""드론_검색발견필드"":""계약명""}"
fbff3d5b2004d83e98406b9c,2026LGF0018,2026-08-10,개발단26-7차 드론부수기재(벙커드론 프레임키트 22종,드론알씨랜드,육군정보학교,11707080,11886328,계약완료,TITLE_MATCH,"계약명, 계약업체",1,49137,"{""원본행번호"":""49137"",""계약일"":""2026-08-10"",""계약연도"":""2026"",""계약월"":""8"",""계약분기"":""Q3"",""연월"":""2026-08"",""계약명"":""개발단26-7차 드론부수기재(벙커드론 프레임키트 22종"",""계약업체"":""드론알씨랜드"",""계약기관"":""육군정보학교"",""계약구분"":""물품"",""계약방법"":""수의계약"",""입찰방식"":""총액제"",""계약금액_원"":""11707080"",""계약금액_억원"":""0.1170708"",""계약금액_조원"":""1.170708e-05"",""예정금액_원"":""11886328"",""예정금액_억원"":""0.11886328"",""예정금액_조원"":""1.1886328e-05"",""낙찰률"":""98.492"",""낙찰률_구간"":""90~100%"",""낙찰률_결측여부"":""False"",""낙찰률_100초과여부"":""False"",""계약금액_0원여부"":""False"",""계약상태"":""계약완료"",""계약번호"":""2026LGF0018"",""결정번호"":""31704"",""계약일_원본"":""20260810"",""계약금액_원본"":""11707080"",""계약예정금액_원본"":""11886328"",""원본중복건수"":""1"",""원본중복행여부"":""False"",""드론_검색발견필드"":""계약명, 계약업체""}"
6f16915a49667fd52ae355af,2026LPC0137,2026-08-11,26-2차 전투실험 예산 드론 배터리 구매,(주)네스앤텍,제25보병사단,17641800,17820000,계약완료,TITLE_MATCH,계약명,1,49270,"{""원본행번호"":""49270"",""계약일"":""2026-08-11"",""계약연도"":""2026"",""계약월"":""8"",""계약분기"":""Q3"",""연월"":""2026-08"",""계약명"":""26-2차 전투실험 예산 드론 배터리 구매"",""계약업체"":""(주)네스앤텍"",""계약기관"":""제25보병사단"",""계약구분"":""물품"",""계약방법"":""수의계약"",""입찰방식"":""총액제"",""계약금액_원"":""17641800"",""계약금액_억원"":""0.176418"",""계약금액_조원"":""1.76418e-05"",""예정금액_원"":""17820000"",""예정금액_억원"":""0.1782"",""예정금액_조원"":""1.782e-05"",""낙찰률"":""99.0"",""낙찰률_구간"":""90~100%"",""낙찰률_결측여부"":""False"",""낙찰률_100초과여부"":""False"",""계약금액_0원여부"":""False"",""계약상태"":""계약완료"",""계약번호"":""2026LPC0137"",""결정번호"":""32434"",""계약일_원본"":""20260811"",""계약금액_원본"":""17641800"",""계약예정금액_원본"":""17820000"",""원본중복건수"":""1"",""원본중복행여부"":""False"",""드론_검색발견필드"":""계약명""}"
81f63b845339a199a28365f5,2026LPC0136,2026-08-11,26-1차 전투실험 예산 드론 기체정비 용역,(주)네스앤텍,제25보병사단,15246000,15400000,계약완료,TITLE_MATCH,계약명,1,49269,"{""원본행번호"":""49269"",""계약일"":""2026-08-11"",""계약연도"":""2026"",""계약월"":""8"",""계약분기"":""Q3"",""연월"":""2026-08"",""계약명"":""26-1차 전투실험 예산 드론 기체정비 용역"",""계약업체"":""(주)네스앤텍"",""계약기관"":""제25보병사단"",""계약구분"":""용역"",""계약방법"":""수의계약"",""입찰방식"":""총액제"",""계약금액_원"":""15246000"",""계약금액_억원"":""0.15246"",""계약금액_조원"":""1.5246e-05"",""예정금액_원"":""15400000"",""예정금액_억원"":""0.154"",""예정금액_조원"":""1.54e-05"",""낙찰률"":""99.0"",""낙찰률_구간"":""90~100%"",""낙찰률_결측여부"":""False"",""낙찰률_100초과여부"":""False"",""계약금액_0원여부"":""False"",""계약상태"":""계약완료"",""계약번호"":""2026LPC0136"",""결정번호"":""32422"",""계약일_원본"":""20260811"",""계약금액_원본"":""15246000"",""계약예정금액_원본"":""15400000"",""원본중복건수"":""1"",""원본중복행여부"":""False"",""드론_검색발견필드"":""계약명""}"
154a8b002d43b4f6f5f2dbf8,2026SFL0058,2026-08-12,예비군 교육용 드론 등 2종 구매,위파인드,제3283부대,2461440,2787939,계약완료,TITLE_MATCH,계약명,1,49378,"{""원본행번호"":""49378"",""계약일"":""2026-08-12"",""계약연도"":""2026"",""계약월"":""8"",""계약분기"":""Q3"",""연월"":""2026-08"",""계약명"":""예비군 교육용 드론 등 2종 구매"",""계약업체"":""위파인드"",""계약기관"":""제3283부대"",""계약구분"":""물품"",""계약방법"":""수의계약"",""입찰방식"":""총액제"",""계약금액_원"":""2461440"",""계약금액_억원"":""0.0246144"",""계약금액_조원"":""2.46144e-06"",""예정금액_원"":""2787939"",""예정금액_억원"":""0.02787939"",""예정금액_조원"":""2.787939e-06"",""낙찰률"":""88.289"",""낙찰률_구간"":""80~90%"",""낙찰률_결측여부"":""False"",""낙찰률_100초과여부"":""False"",""계약금액_0원여부"":""False"",""계약상태"":""계약완료"",""계약번호"":""2026SFL0058"",""결정번호"":""31743"",""계약일_원본"":""20260812"",""계약금액_원본"":""2461440"",""계약예정금액_원본"":""2787939"",""원본중복건수"":""1"",""원본중복행여부"":""False"",""드론_검색발견필드"":""계약명""}"
830c14aa4f3e97011633c7ea,2026LKG0098,2026-08-17,드론교육센터 교육장비 구매(작업대),（주）에스엔에스,육군제53보병사단,2612500,2782591,계약완료,TITLE_MATCH,계약명,1,49568,"{""원본행번호"":""49568"",""계약일"":""2026-08-17"",""계약연도"":""2026"",""계약월"":""8"",""계약분기"":""Q3"",""연월"":""2026-08"",""계약명"":""드론교육센터 교육장비 구매(작업대)"",""계약업체"":""（주）에스엔에스"",""계약기관"":""육군제53보병사단"",""계약구분"":""물품"",""계약방법"":""수의계약"",""입찰방식"":""총액제"",""계약금액_원"":""2612500"",""계약금액_억원"":""0.026125"",""계약금액_조원"":""2.6125e-06"",""예정금액_원"":""2782591"",""예정금액_억원"":""0.02782591"",""예정금액_조원"":""2.782591e-06"",""낙찰률"":""98.8288"",""낙찰률_구간"":""90~100%"",""낙찰률_결측여부"":""False"",""낙찰률_100초과여부"":""False"",""계약금액_0원여부"":""False"",""계약상태"":""계약완료"",""계약번호"":""2026LKG0098"",""결정번호"":""32853"",""계약일_원본"":""20260817"",""계약금액_원본"":""2612500"",""계약예정금액_원본"":""2782591"",""원본중복건수"":""1"",""원본중복행여부"":""False"",""드론_검색발견필드"":""계약명""}"
7cb09bd4e74779f696e73dca,2026LCG0162,2026-08-18,26-육-186 한미 연합 드론경연대회 대행용역,제이에스융합교육 주식회사,육군본부,65000000,65814746,계약완료,TITLE_MATCH,계약명,1,49609,"{""원본행번호"":""49609"",""계약일"":""2026-08-18"",""계약연도"":""2026"",""계약월"":""8"",""계약분기"":""Q3"",""연월"":""2026-08"",""계약명"":""26-육-186 한미 연합 드론경연대회 대행용역"",""계약업체"":""제이에스융합교육 주식회사"",""계약기관"":""육군본부"",""계약구분"":""용역"",""계약방법"":""수의계약"",""입찰방식"":""총액제"",""계약금액_원"":""65000000"",""계약금액_억원"":""0.65"",""계약금액_조원"":""6.5e-05"",""예정금액_원"":""65814746"",""예정금액_억원"":""0.65814746"",""예정금액_조원"":""6.5814746e-05"",""낙찰률"":""98.7621"",""낙찰률_구간"":""90~100%"",""낙찰률_결측여부"":""False"",""낙찰률_100초과여부"":""False"",""계약금액_0원여부"":""False"",""계약상태"":""계약완료"",""계약번호"":""2026LCG0162"",""결정번호"":""30048"",""계약일_원본"":""20260818"",""계약금액_원본"":""65000000"",""계약예정금액_원본"":""65814746"",""원본중복건수"":""1"",""원본중복행여부"":""False"",""드론_검색발견필드"":""계약명""}"
2e26ec44a61a77e0e40c5527,2026LQP0074,2026-08-19,26년 대드론 반응형 재머 구매,(주)넥스윌,제1891부대,300000000,301985139,계약완료,TITLE_MATCH,계약명,1,49754,"{""원본행번호"":""49754"",""계약일"":""2026-08-19"",""계약연도"":""2026"",""계약월"":""8"",""계약분기"":""Q3"",""연월"":""2026-08"",""계약명"":""26년 대드론 반응형 재머 구매"",""계약업체"":""(주)넥스윌"",""계약기관"":""제1891부대"",""계약구분"":""물품"",""계약방법"":""수의계약"",""입찰방식"":""총액제"",""계약금액_원"":""300000000"",""계약금액_억원"":""3.0"",""계약금액_조원"":""0.0003"",""예정금액_원"":""301985139"",""예정금액_억원"":""3.01985139"",""예정금액_조원"":""0.000301985139"",""낙찰률"":""99.3426"",""낙찰률_구간"":""90~100%"",""낙찰률_결측여부"":""False"",""낙찰률_100초과여부"":""False"",""계약금액_0원여부"":""False"",""계약상태"":""계약완료"",""계약번호"":""2026LQP0074"",""결정번호"":""31439"",""계약일_원본"":""20260819"",""계약금액_원본"":""300000000"",""계약예정금액_원본"":""301985139"",""원본중복건수"":""1"",""원본중복행여부"":""False"",""드론_검색발견필드"":""계약명""}"
1069207c8f87490766ebbbb6,2026LQH0055,2026-08-19,(육성)구기동대 교육용 FPV 드론 제조구매,주식회사 포스웨이브,제3697부대,46788000,53900000,계약완료,TITLE_MATCH,계약명,1,49753,"{""원본행번호"":""49753"",""계약일"":""2026-08-19"",""계약연도"":""2026"",""계약월"":""8"",""계약분기"":""Q3"",""연월"":""2026-08"",""계약명"":""(육성)구기동대 교육용 FPV 드론 제조구매"",""계약업체"":""주식회사 포스웨이브"",""계약기관"":""제3697부대"",""계약구분"":""물품"",""계약방법"":""수의계약"",""입찰방식"":""총액제"",""계약금액_원"":""46788000"",""계약금액_억원"":""0.46788"",""계약금액_조원"":""4.6788e-05"",""예정금액_원"":""53900000"",""예정금액_억원"":""0.539"",""예정금액_조원"":""5.39e-05"",""낙찰률"":""86.81"",""낙찰률_구간"":""80~90%"",""낙찰률_결측여부"":""False"",""낙찰률_100초과여부"":""False"",""계약금액_0원여부"":""False"",""계약상태"":""계약완료"",""계약번호"":""2026LQH0055"",""결정번호"":""28062"",""계약일_원본"":""20260819"",""계약금액_원본"":""46788000"",""계약예정금액_원본"":""53900000"",""원본중복건수"":""1"",""원본중복행여부"":""False"",""드론_검색발견필드"":""계약명""}"
b44a81bd3ff61ec2b325aa67,2026LHQ0049,2026-08-19,드론 훈련 경기장 설치 용역,아이넷커뮤니케이션,제2작전사령부,12980000,13000000,계약완료,TITLE_MATCH,계약명,1,49737,"{""원본행번호"":""49737"",""계약일"":""2026-08-19"",""계약연도"":""2026"",""계약월"":""8"",""계약분기"":""Q3"",""연월"":""2026-08"",""계약명"":""드론 훈련 경기장 설치 용역"",""계약업체"":""아이넷커뮤니케이션"",""계약기관"":""제2작전사령부"",""계약구분"":""용역"",""계약방법"":""수의계약"",""입찰방식"":""총액제"",""계약금액_원"":""12980000"",""계약금액_억원"":""0.1298"",""계약금액_조원"":""1.298e-05"",""예정금액_원"":""13000000"",""예정금액_억원"":""0.13"",""예정금액_조원"":""1.3e-05"",""낙찰률"":""99.85"",""낙찰률_구간"":""90~100%"",""낙찰률_결측여부"":""False"",""낙찰률_100초과여부"":""False"",""계약금액_0원여부"":""False"",""계약상태"":""계약완료"",""계약번호"":""2026LHQ0049"",""결정번호"":""33060"",""계약일_원본"":""20260819"",""계약금액_원본"":""12980000"",""계약예정금액_원본"":""13000000"",""원본중복건수"":""1"",""원본중복행여부"":""False"",""드론_검색발견필드"":""계약명""}"
fa93ad15254edf972b73591e,2026LFP0050,2026-08-19,26-5차 드론교육센터 정보교육예산 자산취득비 집행,(주)현대오피스가구,육군보병학교,2636640,2636640,계약완료,TITLE_MATCH,계약명,1,49729,"{""원본행번호"":""49729"",""계약일"":""2026-08-19"",""계약연도"":""2026"",""계약월"":""8"",""계약분기"":""Q3"",""연월"":""2026-08"",""계약명"":""26-5차 드론교육센터 정보교육예산 자산취득비 집행"",""계약업체"":""(주)현대오피스가구"",""계약기관"":""육군보병학교"",""계약구분"":""물품"",""계약방법"":""수의계약"",""입찰방식"":""총액제"",""계약금액_원"":""2636640"",""계약금액_억원"":""0.0263664"",""계약금액_조원"":""2.63664e-06"",""예정금액_원"":""2636640"",""예정금액_억원"":""0.0263664"",""예정금액_조원"":""2.63664e-06"",""낙찰률"":""100.0"",""낙찰률_구간"":""100% 초과"",""낙찰률_결측여부"":""False"",""낙찰률_100초과여부"":""False"",""계약금액_0원여부"":""False"",""계약상태"":""계약완료"",""계약번호"":""2026LFP0050"",""결정번호"":""32669"",""계약일_원본"":""20260819"",""계약금액_원본"":""2636640"",""계약예정금액_원본"":""2636640"",""원본중복건수"":""1"",""원본중복행여부"":""False"",""드론_검색발견필드"":""계약명""}"
4b372fd8b6119b22c6358040,2026LKG0101,2026-08-21,(육성)감시정찰반 작전용 드론 제조구매,주식회사 위즈윙,육군제53보병사단,79420500,90234508,계약완료,TITLE_MATCH,계약명,1,49939,"{""원본행번호"":""49939"",""계약일"":""2026-08-21"",""계약연도"":""2026"",""계약월"":""8"",""계약분기"":""Q3"",""연월"":""2026-08"",""계약명"":""(육성)감시정찰반 작전용 드론 제조구매"",""계약업체"":""주식회사 위즈윙"",""계약기관"":""육군제53보병사단"",""계약구분"":""물품"",""계약방법"":""수의계약"",""입찰방식"":""총액제"",""계약금액_원"":""79420500"",""계약금액_억원"":""0.794205"",""계약금액_조원"":""7.94205e-05"",""예정금액_원"":""90234508"",""예정금액_억원"":""0.90234508"",""예정금액_조원"":""9.0234508e-05"",""낙찰률"":""88.015"",""낙찰률_구간"":""80~90%"",""낙찰률_결측여부"":""False"",""낙찰률_100초과여부"":""False"",""계약금액_0원여부"":""False"",""계약상태"":""계약완료"",""계약번호"":""2026LKG0101"",""결정번호"":""32658"",""계약일_원본"":""20260821"",""계약금액_원본"":""79420500"",""계약예정금액_원본"":""90234508"",""원본중복건수"":""1"",""원본중복행여부"":""False"",""드론_검색발견필드"":""계약명""}"
6aeeb4ce79891166f60a673f,2026LCK0199,2026-08-24,(26-물품-53)교육용드론시뮬레이터운용PC세트제조납품,주식회사 포스웨이브,수도방위사령부,128265000,139699926,계약완료,TITLE_MATCH,계약명,1,50023,"{""원본행번호"":""50023"",""계약일"":""2026-08-24"",""계약연도"":""2026"",""계약월"":""8"",""계약분기"":""Q3"",""연월"":""2026-08"",""계약명"":""(26-물품-53)교육용드론시뮬레이터운용PC세트제조납품"",""계약업체"":""주식회사 포스웨이브"",""계약기관"":""수도방위사령부"",""계약구분"":""물품"",""계약방법"":""일반경쟁"",""입찰방식"":""총액제"",""계약금액_원"":""128265000"",""계약금액_억원"":""1.28265"",""계약금액_조원"":""0.000128265"",""예정금액_원"":""139699926"",""예정금액_억원"":""1.39699926"",""예정금액_조원"":""0.000139699926"",""낙찰률"":""91.814"",""낙찰률_구간"":""90~100%"",""낙찰률_결측여부"":""False"",""낙찰률_100초과여부"":""False"",""계약금액_0원여부"":""False"",""계약상태"":""계약완료"",""계약번호"":""2026LCK0199"",""결정번호"":""31350"",""계약일_원본"":""20260824"",""계약금액_원본"":""128265000"",""계약예정금액_원본"":""139699926"",""원본중복건수"":""1"",""원본중복행여부"":""False"",""드론_검색발견필드"":""계약명""}"
4b85f83242cdb6ac2640baf0,2026LKG0102,2026-08-24,(육성)부산예비군훈련대 안전가드 범퍼드론 구매,알씨파워,육군제53보병사단,4980000,4993173,계약완료,TITLE_MATCH,계약명,1,50041,"{""원본행번호"":""50041"",""계약일"":""2026-08-24"",""계약연도"":""2026"",""계약월"":""8"",""계약분기"":""Q3"",""연월"":""2026-08"",""계약명"":""(육성)부산예비군훈련대 안전가드 범퍼드론 구매"",""계약업체"":""알씨파워"",""계약기관"":""육군제53보병사단"",""계약구분"":""물품"",""계약방법"":""수의계약"",""입찰방식"":""총액제"",""계약금액_원"":""4980000"",""계약금액_억원"":""0.0498"",""계약금액_조원"":""4.98e-06"",""예정금액_원"":""4993173"",""예정금액_억원"":""0.04993173"",""예정금액_조원"":""4.993173e-06"",""낙찰률"":""99.7362"",""낙찰률_구간"":""90~100%"",""낙찰률_결측여부"":""False"",""낙찰률_100초과여부"":""False"",""계약금액_0원여부"":""False"",""계약상태"":""계약완료"",""계약번호"":""2026LKG0102"",""결정번호"":""33858"",""계약일_원본"":""20260824"",""계약금액_원본"":""4980000"",""계약예정금액_원본"":""4993173"",""원본중복건수"":""1"",""원본중복행여부"":""False"",""드론_검색발견필드"":""계약명""}"
315ec735cfa46a4676183a6d,2026UMM0822,2026-08-25,26-N-해상대테러 작전지원용 드론 제조,(주)휴인스,국군재정관리단,297828200,357680905,계약완료,TITLE_MATCH,계약명,1,50183,"{""원본행번호"":""50183"",""계약일"":""2026-08-25"",""계약연도"":""2026"",""계약월"":""8"",""계약분기"":""Q3"",""연월"":""2026-08"",""계약명"":""26-N-해상대테러 작전지원용 드론 제조"",""계약업체"":""(주)휴인스"",""계약기관"":""국군재정관리단"",""계약구분"":""물품"",""계약방법"":""일반경쟁"",""입찰방식"":""총액제"",""계약금액_원"":""297828200"",""계약금액_억원"":""2.978282"",""계약금액_조원"":""0.0002978282"",""예정금액_원"":""357680905"",""예정금액_억원"":""3.57680905"",""예정금액_조원"":""0.000357680905"",""낙찰률"":""83.266"",""낙찰률_구간"":""80~90%"",""낙찰률_결측여부"":""False"",""낙찰률_100초과여부"":""False"",""계약금액_0원여부"":""False"",""계약상태"":""계약완료"",""계약번호"":""2026UMM0822"",""결정번호"":""18101"",""계약일_원본"":""20260825"",""계약금액_원본"":""297828200"",""계약예정금액_원본"":""357680905"",""원본중복건수"":""1"",""원본중복행여부"":""False"",""드론_검색발견필드"":""계약명""}"
155b67a0f54caba5a57a3bbd,2026LHQ0051,2026-08-25,드론봇 전투경연대회 경기장 설치 용역(드론),마루기획,제2작전사령부,21000000,21684088,계약완료,TITLE_MATCH,계약명,1,50148,"{""원본행번호"":""50148"",""계약일"":""2026-08-25"",""계약연도"":""2026"",""계약월"":""8"",""계약분기"":""Q3"",""연월"":""2026-08"",""계약명"":""드론봇 전투경연대회 경기장 설치 용역(드론)"",""계약업체"":""마루기획"",""계약기관"":""제2작전사령부"",""계약구분"":""용역"",""계약방법"":""수의계약"",""입찰방식"":""총액제"",""계약금액_원"":""21000000"",""계약금액_억원"":""0.21"",""계약금액_조원"":""2.1e-05"",""예정금액_원"":""21684088"",""예정금액_억원"":""0.21684088"",""예정금액_조원"":""2.1684088e-05"",""낙찰률"":""96.845"",""낙찰률_구간"":""90~100%"",""낙찰률_결측여부"":""False"",""낙찰률_100초과여부"":""False"",""계약금액_0원여부"":""False"",""계약상태"":""계약완료"",""계약번호"":""2026LHQ0051"",""결정번호"":""31652"",""계약일_원본"":""20260825"",""계약금액_원본"":""21000000"",""계약예정금액_원본"":""21684088"",""원본중복건수"":""1"",""원본중복행여부"":""False"",""드론_검색발견필드"":""계약명""}"
ecc8411c2d237efa75f87d85,2026LAZ0028,2026-08-25,상용 SW 구매,주식회사 솔코,드론작전사령부,14047000,14047000,계약완료,CONTEXT_REVIEW,계약기관,1,50119,"{""원본행번호"":""50119"",""계약일"":""2026-08-25"",""계약연도"":""2026"",""계약월"":""8"",""계약분기"":""Q3"",""연월"":""2026-08"",""계약명"":""상용 SW 구매"",""계약업체"":""주식회사 솔코"",""계약기관"":""드론작전사령부"",""계약구분"":""물품"",""계약방법"":""수의계약"",""입찰방식"":""총액제"",""계약금액_원"":""14047000"",""계약금액_억원"":""0.14047"",""계약금액_조원"":""1.4047e-05"",""예정금액_원"":""14047000"",""예정금액_억원"":""0.14047"",""예정금액_조원"":""1.4047e-05"",""낙찰률"":""100.0"",""낙찰률_구간"":""100% 초과"",""낙찰률_결측여부"":""False"",""낙찰률_100초과여부"":""False"",""계약금액_0원여부"":""False"",""계약상태"":""계약완료"",""계약번호"":""2026LAZ0028"",""결정번호"":""33818"",""계약일_원본"":""20260825"",""계약금액_원본"":""14047000"",""계약예정금액_원본"":""14047000"",""원본중복건수"":""1"",""원본중복행여부"":""False"",""드론_검색발견필드"":""계약기관""}"
d82e70c8d7ade1f0fddbba10,2026LKH0092,2026-08-26,(육성) 드론 장비 구매,주식회사 순돌이드론,제39보병사단,17740800,19725837,계약완료,TITLE_MATCH,"계약명, 계약업체",1,50239,"{""원본행번호"":""50239"",""계약일"":""2026-08-26"",""계약연도"":""2026"",""계약월"":""8"",""계약분기"":""Q3"",""연월"":""2026-08"",""계약명"":""(육성) 드론 장비 구매"",""계약업체"":""주식회사 순돌이드론"",""계약기관"":""제39보병사단"",""계약구분"":""물품"",""계약방법"":""수의계약"",""입찰방식"":""총액제"",""계약금액_원"":""17740800"",""계약금액_억원"":""0.177408"",""계약금액_조원"":""1.77408e-05"",""예정금액_원"":""19725837"",""예정금액_억원"":""0.19725837"",""예정금액_조원"":""1.9725837e-05"",""낙찰률"":""89.936"",""낙찰률_구간"":""80~90%"",""낙찰률_결측여부"":""False"",""낙찰률_100초과여부"":""False"",""계약금액_0원여부"":""False"",""계약상태"":""계약완료"",""계약번호"":""2026LKH0092"",""결정번호"":""33475"",""계약일_원본"":""20260826"",""계약금액_원본"":""17740800"",""계약예정금액_원본"":""19725837"",""원본중복건수"":""1"",""원본중복행여부"":""False"",""드론_검색발견필드"":""계약명, 계약업체""}"
81a60843b2712a8c7890c30b,2026MON0008,2026-08-27,교육용 드론시뮬레이터 구매,캣츠,국방정신전력원,10164000,10164000,계약완료,TITLE_MATCH,계약명,1,50340,"{""원본행번호"":""50340"",""계약일"":""2026-08-27"",""계약연도"":""2026"",""계약월"":""8"",""계약분기"":""Q3"",""연월"":""2026-08"",""계약명"":""교육용 드론시뮬레이터 구매"",""계약업체"":""캣츠"",""계약기관"":""국방정신전력원"",""계약구분"":""물품"",""계약방법"":""수의계약"",""입찰방식"":""총액제"",""계약금액_원"":""10164000"",""계약금액_억원"":""0.10164"",""계약금액_조원"":""1.0164e-05"",""예정금액_원"":""10164000"",""예정금액_억원"":""0.10164"",""예정금액_조원"":""1.0164e-05"",""낙찰률"":""100.0"",""낙찰률_구간"":""100% 초과"",""낙찰률_결측여부"":""False"",""낙찰률_100초과여부"":""False"",""계약금액_0원여부"":""False"",""계약상태"":""계약완료"",""계약번호"":""2026MON0008"",""결정번호"":""34462"",""계약일_원본"":""20260827"",""계약금액_원본"":""10164000"",""계약예정금액_원본"":""10164000"",""원본중복건수"":""1"",""원본중복행여부"":""False"",""드론_검색발견필드"":""계약명""}"
842bf742bb19c5e9abe00c4c,2026HCC0093,2026-08-27,26-1함 소형드론대응체계 외주정비 용역,주식회사 담스테크,해군제1수리창,1367300,1501000,계약완료,TITLE_MATCH,계약명,1,50298,"{""원본행번호"":""50298"",""계약일"":""2026-08-27"",""계약연도"":""2026"",""계약월"":""8"",""계약분기"":""Q3"",""연월"":""2026-08"",""계약명"":""26-1함 소형드론대응체계 외주정비 용역"",""계약업체"":""주식회사 담스테크"",""계약기관"":""해군제1수리창"",""계약구분"":""용역"",""계약방법"":""수의계약"",""입찰방식"":""총액제"",""계약금액_원"":""1367300"",""계약금액_억원"":""0.013673"",""계약금액_조원"":""1.3673e-06"",""예정금액_원"":""1501000"",""예정금액_억원"":""0.01501"",""예정금액_조원"":""1.501e-06"",""낙찰률"":""91.0926"",""낙찰률_구간"":""90~100%"",""낙찰률_결측여부"":""False"",""낙찰률_100초과여부"":""False"",""계약금액_0원여부"":""False"",""계약상태"":""계약완료"",""계약번호"":""2026HCC0093"",""결정번호"":""34358"",""계약일_원본"":""20260827"",""계약금액_원본"":""1367300"",""계약예정금액_원본"":""1501000"",""원본중복건수"":""1"",""원본중복행여부"":""False"",""드론_검색발견필드"":""계약명""}"
4b8d3544cef579cf0c4cad3a,2026LQP0074,2026-08-28,26년 대드론 반응형 재머 구매,(주)넥스윌,제1891부대,300000000,301985139,계약완료,TITLE_MATCH,계약명,1,50427,"{""원본행번호"":""50427"",""계약일"":""2026-08-28"",""계약연도"":""2026"",""계약월"":""8"",""계약분기"":""Q3"",""연월"":""2026-08"",""계약명"":""26년 대드론 반응형 재머 구매"",""계약업체"":""(주)넥스윌"",""계약기관"":""제1891부대"",""계약구분"":""물품"",""계약방법"":""수의계약"",""입찰방식"":""총액제"",""계약금액_원"":""300000000"",""계약금액_억원"":""3.0"",""계약금액_조원"":""0.0003"",""예정금액_원"":""301985139"",""예정금액_억원"":""3.01985139"",""예정금액_조원"":""0.000301985139"",""낙찰률"":""99.3426"",""낙찰률_구간"":""90~100%"",""낙찰률_결측여부"":""False"",""낙찰률_100초과여부"":""False"",""계약금액_0원여부"":""False"",""계약상태"":""계약완료"",""계약번호"":""2026LQP0074"",""결정번호"":""31439"",""계약일_원본"":""20260828"",""계약금액_원본"":""300000000"",""계약예정금액_원본"":""301985139"",""원본중복건수"":""1"",""원본중복행여부"":""False"",""드론_검색발견필드"":""계약명""}"
a1b3203f335e09cb9543a006,2026LHQ0053,2026-08-28,드론복 전투경연대회 경기장 설치 용역(팝드론),주식회사 드론큰타이거즈,제2작전사령부,19600000,19600000,계약완료,TITLE_MATCH,"계약명, 계약업체",1,50410,"{""원본행번호"":""50410"",""계약일"":""2026-08-28"",""계약연도"":""2026"",""계약월"":""8"",""계약분기"":""Q3"",""연월"":""2026-08"",""계약명"":""드론복 전투경연대회 경기장 설치 용역(팝드론)"",""계약업체"":""주식회사 드론큰타이거즈"",""계약기관"":""제2작전사령부"",""계약구분"":""용역"",""계약방법"":""수의계약"",""입찰방식"":""총액제"",""계약금액_원"":""19600000"",""계약금액_억원"":""0.196"",""계약금액_조원"":""1.96e-05"",""예정금액_원"":""19600000"",""예정금액_억원"":""0.196"",""예정금액_조원"":""1.96e-05"",""낙찰률"":""100.0"",""낙찰률_구간"":""100% 초과"",""낙찰률_결측여부"":""False"",""낙찰률_100초과여부"":""False"",""계약금액_0원여부"":""False"",""계약상태"":""계약완료"",""계약번호"":""2026LHQ0053"",""결정번호"":""34551"",""계약일_원본"":""20260828"",""계약금액_원본"":""19600000"",""계약예정금액_원본"":""19600000"",""원본중복건수"":""1"",""원본중복행여부"":""False"",""드론_검색발견필드"":""계약명, 계약업체""}"
7afdceb31f0ed482d188950a,2026LKM0056,2026-08-28,'26년 드론교육센터 물품 구매(작업대),주식회사 태진이엔지,제2632부대,1727000,1727000,계약완료,TITLE_MATCH,계약명,1,50417,"{""원본행번호"":""50417"",""계약일"":""2026-08-28"",""계약연도"":""2026"",""계약월"":""8"",""계약분기"":""Q3"",""연월"":""2026-08"",""계약명"":""'26년 드론교육센터 물품 구매(작업대)"",""계약업체"":""주식회사 태진이엔지"",""계약기관"":""제2632부대"",""계약구분"":""물품"",""계약방법"":""수의계약"",""입찰방식"":""총액제"",""계약금액_원"":""1727000"",""계약금액_억원"":""0.01727"",""계약금액_조원"":""1.727e-06"",""예정금액_원"":""1727000"",""예정금액_억원"":""0.01727"",""예정금액_조원"":""1.727e-06"",""낙찰률"":""100.0"",""낙찰률_구간"":""100% 초과"",""낙찰률_결측여부"":""False"",""낙찰률_100초과여부"":""False"",""계약금액_0원여부"":""False"",""계약상태"":""계약완료"",""계약번호"":""2026LKM0056"",""결정번호"":""35350"",""계약일_원본"":""20260828"",""계약금액_원본"":""1727000"",""계약예정금액_원본"":""1727000"",""원본중복건수"":""1"",""원본중복행여부"":""False"",""드론_검색발견필드"":""계약명""}"
b5f0663de27259e97e475bae,2026MCD0107,2026-08-31,국방 교육용 상용드론 표준화 방안 연구,한국정보통신기술협회,국방부(운영지원과),45000000,48000000,계약완료,TITLE_MATCH,계약명,1,50545,"{""원본행번호"":""50545"",""계약일"":""2026-08-31"",""계약연도"":""2026"",""계약월"":""8"",""계약분기"":""Q3"",""연월"":""2026-08"",""계약명"":""국방 교육용 상용드론 표준화 방안 연구"",""계약업체"":""한국정보통신기술협회"",""계약기관"":""국방부(운영지원과)"",""계약구분"":""용역"",""계약방법"":""협상에의한계약(전자)"",""입찰방식"":""총액제"",""계약금액_원"":""45000000"",""계약금액_억원"":""0.45"",""계약금액_조원"":""4.5e-05"",""예정금액_원"":""48000000"",""예정금액_억원"":""0.48"",""예정금액_조원"":""4.8e-05"",""낙찰률"":""93.75"",""낙찰률_구간"":""90~100%"",""낙찰률_결측여부"":""False"",""낙찰률_100초과여부"":""False"",""계약금액_0원여부"":""False"",""계약상태"":""계약완료"",""계약번호"":""2026MCD0107"",""결정번호"":""30432"",""계약일_원본"":""20260831"",""계약금액_원본"":""45000000"",""계약예정금액_원본"":""48000000"",""원본중복건수"":""1"",""원본중복행여부"":""False"",""드론_검색발견필드"":""계약명""}"
cc93cc3efb39ef47bb219ea2,2026MCD0108,2026-08-31,2026년 국방 드론 기술전 시행사 용역,에이스기획,국방부(운영지원과),35299000,35299000,계약완료,TITLE_MATCH,계약명,1,50546,"{""원본행번호"":""50546"",""계약일"":""2026-08-31"",""계약연도"":""2026"",""계약월"":""8"",""계약분기"":""Q3"",""연월"":""2026-08"",""계약명"":""2026년 국방 드론 기술전 시행사 용역"",""계약업체"":""에이스기획"",""계약기관"":""국방부(운영지원과)"",""계약구분"":""용역"",""계약방법"":""수의계약"",""입찰방식"":""총액제"",""계약금액_원"":""35299000"",""계약금액_억원"":""0.35299"",""계약금액_조원"":""3.5299e-05"",""예정금액_원"":""35299000"",""예정금액_억원"":""0.35299"",""예정금액_조원"":""3.5299e-05"",""낙찰률"":""100.0"",""낙찰률_구간"":""100% 초과"",""낙찰률_결측여부"":""False"",""낙찰률_100초과여부"":""False"",""계약금액_0원여부"":""False"",""계약상태"":""계약완료"",""계약번호"":""2026MCD0108"",""결정번호"":""34614"",""계약일_원본"":""20260831"",""계약금액_원본"":""35299000"",""계약예정금액_원본"":""35299000"",""원본중복건수"":""1"",""원본중복행여부"":""False"",""드론_검색발견필드"":""계약명""}"
a79d5a88e99276818f035270,2026UMM0795,2026-09-01,26~30-D-군 상용드론(UAV 포함) 보험계약,삼성화재해상보험 주식회사,국군재정관리단,2050325640,4259797676,계약완료,TITLE_MATCH,계약명,1,50682,"{""원본행번호"":""50682"",""계약일"":""2026-09-01"",""계약연도"":""2026"",""계약월"":""9"",""계약분기"":""Q3"",""연월"":""2026-09"",""계약명"":""26~30-D-군 상용드론(UAV 포함) 보험계약"",""계약업체"":""삼성화재해상보험 주식회사"",""계약기관"":""국군재정관리단"",""계약구분"":""용역"",""계약방법"":""일반경쟁"",""입찰방식"":""총액제"",""계약금액_원"":""2050325640"",""계약금액_억원"":""20.5032564"",""계약금액_조원"":""0.00205032564"",""예정금액_원"":""4259797676"",""예정금액_억원"":""42.59797676"",""예정금액_조원"":""0.004259797676"",""낙찰률"":""48.131"",""낙찰률_구간"":""80% 미만"",""낙찰률_결측여부"":""False"",""낙찰률_100초과여부"":""False"",""계약금액_0원여부"":""False"",""계약상태"":""계약완료"",""계약번호"":""2026UMM0795"",""결정번호"":""30037"",""계약일_원본"":""20260901"",""계약금액_원본"":""2050325640"",""계약예정금액_원본"":""4259797676"",""원본중복건수"":""1"",""원본중복행여부"":""False"",""드론_검색발견필드"":""계약명""}"
c6922ca3f910beab0e366044,2026LNS0093,2026-09-01,(성남)'26년 예비군부대 드론재밍건 제조납품,(주)세종이텍,제55보병사단,29028700,32948221,계약완료,TITLE_MATCH,계약명,1,50642,"{""원본행번호"":""50642"",""계약일"":""2026-09-01"",""계약연도"":""2026"",""계약월"":""9"",""계약분기"":""Q3"",""연월"":""2026-09"",""계약명"":""(성남)'26년 예비군부대 드론재밍건 제조납품"",""계약업체"":""(주)세종이텍"",""계약기관"":""제55보병사단"",""계약구분"":""물품"",""계약방법"":""수의계약"",""입찰방식"":""총액제"",""계약금액_원"":""29028700"",""계약금액_억원"":""0.290287"",""계약금액_조원"":""2.90287e-05"",""예정금액_원"":""32948221"",""예정금액_억원"":""0.32948221"",""예정금액_조원"":""3.2948221e-05"",""낙찰률"":""88.103"",""낙찰률_구간"":""80~90%"",""낙찰률_결측여부"":""False"",""낙찰률_100초과여부"":""False"",""계약금액_0원여부"":""False"",""계약상태"":""계약완료"",""계약번호"":""2026LNS0093"",""결정번호"":""34145"",""계약일_원본"":""20260901"",""계약금액_원본"":""29028700"",""계약예정금액_원본"":""32948221"",""원본중복건수"":""1"",""원본중복행여부"":""False"",""드론_검색발견필드"":""계약명""}"
6469af9f5835860894c53b56,2026UMM0854,2026-09-02,26-F-제10회 공군참모총장배 드론 종합경연대회 운영,주식회사 파블로항공,국군재정관리단,103816080,104691150,계약완료,TITLE_MATCH,계약명,1,50752,"{""원본행번호"":""50752"",""계약일"":""2026-09-02"",""계약연도"":""2026"",""계약월"":""9"",""계약분기"":""Q3"",""연월"":""2026-09"",""계약명"":""26-F-제10회 공군참모총장배 드론 종합경연대회 운영"",""계약업체"":""주식회사 파블로항공"",""계약기관"":""국군재정관리단"",""계약구분"":""용역"",""계약방법"":""협상에의한계약(전자)"",""입찰방식"":""총액제"",""계약금액_원"":""103816080"",""계약금액_억원"":""1.0381608"",""계약금액_조원"":""0.00010381608"",""예정금액_원"":""104691150"",""예정금액_억원"":""1.0469115"",""예정금액_조원"":""0.00010469115"",""낙찰률"":""99.16"",""낙찰률_구간"":""90~100%"",""낙찰률_결측여부"":""False"",""낙찰률_100초과여부"":""False"",""계약금액_0원여부"":""False"",""계약상태"":""계약완료"",""계약번호"":""2026UMM0854"",""결정번호"":""28329"",""계약일_원본"":""20260902"",""계약금액_원본"":""103816080"",""계약예정금액_원본"":""104691150"",""원본중복건수"":""1"",""원본중복행여부"":""False"",""드론_검색발견필드"":""계약명""}"
9c5d672e415b73b09f8dd516,2026LNS0094,2026-09-02,(남양주)'26년 예비군부대 정찰용드론 제조납품,캣츠,제55보병사단,21765000,24468199,계약완료,TITLE_MATCH,계약명,1,50724,"{""원본행번호"":""50724"",""계약일"":""2026-09-02"",""계약연도"":""2026"",""계약월"":""9"",""계약분기"":""Q3"",""연월"":""2026-09"",""계약명"":""(남양주)'26년 예비군부대 정찰용드론 제조납품"",""계약업체"":""캣츠"",""계약기관"":""제55보병사단"",""계약구분"":""물품"",""계약방법"":""수의계약"",""입찰방식"":""총액제"",""계약금액_원"":""21765000"",""계약금액_억원"":""0.21765"",""계약금액_조원"":""2.1765e-05"",""예정금액_원"":""24468199"",""예정금액_억원"":""0.24468199"",""예정금액_조원"":""2.4468199e-05"",""낙찰률"":""88.952"",""낙찰률_구간"":""80~90%"",""낙찰률_결측여부"":""False"",""낙찰률_100초과여부"":""False"",""계약금액_0원여부"":""False"",""계약상태"":""계약완료"",""계약번호"":""2026LNS0094"",""결정번호"":""34805"",""계약일_원본"":""20260902"",""계약금액_원본"":""21765000"",""계약예정금액_원본"":""24468199"",""원본중복건수"":""1"",""원본중복행여부"":""False"",""드론_검색발견필드"":""계약명""}"
8a412f9413ebde8fdaea12af,2026LCK0214,2026-09-03,(26-물품-66) 드론동아리용 FPV드론 구매,태경전자(주),수도방위사령부,10000000,10000000,계약완료,TITLE_MATCH,계약명,1,50782,"{""원본행번호"":""50782"",""계약일"":""2026-09-03"",""계약연도"":""2026"",""계약월"":""9"",""계약분기"":""Q3"",""연월"":""2026-09"",""계약명"":""(26-물품-66) 드론동아리용 FPV드론 구매"",""계약업체"":""태경전자(주)"",""계약기관"":""수도방위사령부"",""계약구분"":""물품"",""계약방법"":""수의계약"",""입찰방식"":""총액제"",""계약금액_원"":""10000000"",""계약금액_억원"":""0.1"",""계약금액_조원"":""1e-05"",""예정금액_원"":""10000000"",""예정금액_억원"":""0.1"",""예정금액_조원"":""1e-05"",""낙찰률"":""100.0"",""낙찰률_구간"":""100% 초과"",""낙찰률_결측여부"":""False"",""낙찰률_100초과여부"":""False"",""계약금액_0원여부"":""False"",""계약상태"":""계약완료"",""계약번호"":""2026LCK0214"",""결정번호"":""34735"",""계약일_원본"":""20260903"",""계약금액_원본"":""10000000"",""계약예정금액_원본"":""10000000"",""원본중복건수"":""1"",""원본중복행여부"":""False"",""드론_검색발견필드"":""계약명""}"
9573fa74b2aabe6b5c6aa275,2026LQG0070,2026-09-04,00부대 드론 재밍건 제조 납품,주식회사 이엘피케이뉴,육군 52보병사단,111054240,123400218,계약완료,TITLE_MATCH,계약명,1,50900,"{""원본행번호"":""50900"",""계약일"":""2026-09-04"",""계약연도"":""2026"",""계약월"":""9"",""계약분기"":""Q3"",""연월"":""2026-09"",""계약명"":""00부대 드론 재밍건 제조 납품"",""계약업체"":""주식회사 이엘피케이뉴"",""계약기관"":""육군 52보병사단"",""계약구분"":""물품"",""계약방법"":""제한경쟁"",""입찰방식"":""총액제"",""계약금액_원"":""111054240"",""계약금액_억원"":""1.1105424"",""계약금액_조원"":""0.00011105424"",""예정금액_원"":""123400218"",""예정금액_억원"":""1.23400218"",""예정금액_조원"":""0.000123400218"",""낙찰률"":""89.995"",""낙찰률_구간"":""80~90%"",""낙찰률_결측여부"":""False"",""낙찰률_100초과여부"":""False"",""계약금액_0원여부"":""False"",""계약상태"":""계약완료"",""계약번호"":""2026LQG0070"",""결정번호"":""33653"",""계약일_원본"":""20260904"",""계약금액_원본"":""111054240"",""계약예정금액_원본"":""123400218"",""원본중복건수"":""1"",""원본중복행여부"":""False"",""드론_검색발견필드"":""계약명""}"
35f10e8d348b46d039ecf890,2026LGQ0064,2026-09-04,(육성) 감시정찰용 드론 제조 납품,캣츠,제36보병사단,90654000,100567905,계약완료,TITLE_MATCH,계약명,1,50878,"{""원본행번호"":""50878"",""계약일"":""2026-09-04"",""계약연도"":""2026"",""계약월"":""9"",""계약분기"":""Q3"",""연월"":""2026-09"",""계약명"":""(육성) 감시정찰용 드론 제조 납품"",""계약업체"":""캣츠"",""계약기관"":""제36보병사단"",""계약구분"":""물품"",""계약방법"":""제한경쟁"",""입찰방식"":""총액제"",""계약금액_원"":""90654000"",""계약금액_억원"":""0.90654"",""계약금액_조원"":""9.0654e-05"",""예정금액_원"":""100567905"",""예정금액_억원"":""1.00567905"",""예정금액_조원"":""0.000100567905"",""낙찰률"":""90.142"",""낙찰률_구간"":""90~100%"",""낙찰률_결측여부"":""False"",""낙찰률_100초과여부"":""False"",""계약금액_0원여부"":""False"",""계약상태"":""계약완료"",""계약번호"":""2026LGQ0064"",""결정번호"":""34012"",""계약일_원본"":""20260904"",""계약금액_원본"":""90654000"",""계약예정금액_원본"":""100567905"",""원본중복건수"":""1"",""원본중복행여부"":""False"",""드론_검색발견필드"":""계약명""}"
85bc6ad3ac76100a45f96e30,2026LNH0032,2026-09-04,드론보관시설 컨테이너 보수 자재 구매,중원산업(주),육군제7163부대,17996000,18993700,계약완료,TITLE_MATCH,계약명,1,50893,"{""원본행번호"":""50893"",""계약일"":""2026-09-04"",""계약연도"":""2026"",""계약월"":""9"",""계약분기"":""Q3"",""연월"":""2026-09"",""계약명"":""드론보관시설 컨테이너 보수 자재 구매"",""계약업체"":""중원산업(주)"",""계약기관"":""육군제7163부대"",""계약구분"":""물품"",""계약방법"":""수의계약"",""입찰방식"":""총액제"",""계약금액_원"":""17996000"",""계약금액_억원"":""0.17996"",""계약금액_조원"":""1.7996e-05"",""예정금액_원"":""18993700"",""예정금액_억원"":""0.189937"",""예정금액_조원"":""1.89937e-05"",""낙찰률"":""94.7472"",""낙찰률_구간"":""90~100%"",""낙찰률_결측여부"":""False"",""낙찰률_100초과여부"":""False"",""계약금액_0원여부"":""False"",""계약상태"":""계약완료"",""계약번호"":""2026LNH0032"",""결정번호"":""35317"",""계약일_원본"":""20260904"",""계약금액_원본"":""17996000"",""계약예정금액_원본"":""18993700"",""원본중복건수"":""1"",""원본중복행여부"":""False"",""드론_검색발견필드"":""계약명""}"
5cb0dae6e8cc07072588bb7e,2026LPF0089,2026-09-09,육성지원(드론) 제조 구매,주식회사 자이언트드론,제51보병사단,115668500,128153646,계약완료,TITLE_MATCH,"계약명, 계약업체",1,51112,"{""원본행번호"":""51112"",""계약일"":""2026-09-09"",""계약연도"":""2026"",""계약월"":""9"",""계약분기"":""Q3"",""연월"":""2026-09"",""계약명"":""육성지원(드론) 제조 구매"",""계약업체"":""주식회사 자이언트드론"",""계약기관"":""제51보병사단"",""계약구분"":""물품"",""계약방법"":""일반경쟁"",""입찰방식"":""총액제"",""계약금액_원"":""115668500"",""계약금액_억원"":""1.156685"",""계약금액_조원"":""0.0001156685"",""예정금액_원"":""128153646"",""예정금액_억원"":""1.28153646"",""예정금액_조원"":""0.000128153646"",""낙찰률"":""90.257"",""낙찰률_구간"":""90~100%"",""낙찰률_결측여부"":""False"",""낙찰률_100초과여부"":""False"",""계약금액_0원여부"":""False"",""계약상태"":""계약완료"",""계약번호"":""2026LPF0089"",""결정번호"":""34853"",""계약일_원본"":""20260909"",""계약금액_원본"":""115668500"",""계약예정금액_원본"":""128153646"",""원본중복건수"":""1"",""원본중복행여부"":""False"",""드론_검색발견필드"":""계약명, 계약업체""}"
814d1c92e78aeb96c4571148,2026LQH0032,2026-09-11,(육성)구기동대 드론 재밍건 제조 납품,뉴테크코리아 주식회사,제3697부대,103529400,117380180,계약완료,TITLE_MATCH,계약명,1,51241,"{""원본행번호"":""51241"",""계약일"":""2026-09-11"",""계약연도"":""2026"",""계약월"":""9"",""계약분기"":""Q3"",""연월"":""2026-09"",""계약명"":""(육성)구기동대 드론 재밍건 제조 납품"",""계약업체"":""뉴테크코리아 주식회사"",""계약기관"":""제3697부대"",""계약구분"":""물품"",""계약방법"":""제한경쟁"",""입찰방식"":""총액제"",""계약금액_원"":""103529400"",""계약금액_억원"":""1.035294"",""계약금액_조원"":""0.0001035294"",""예정금액_원"":""117380180"",""예정금액_억원"":""1.1738018"",""예정금액_조원"":""0.00011738018"",""낙찰률"":""88.2"",""낙찰률_구간"":""80~90%"",""낙찰률_결측여부"":""False"",""낙찰률_100초과여부"":""False"",""계약금액_0원여부"":""False"",""계약상태"":""계약완료"",""계약번호"":""2026LQH0032"",""결정번호"":""11526"",""계약일_원본"":""20260911"",""계약금액_원본"":""103529400"",""계약예정금액_원본"":""117380180"",""원본중복건수"":""1"",""원본중복행여부"":""False"",""드론_검색발견필드"":""계약명""}"
dc69da10850139807bf9def5,2026MCD0023,2026-09-11,2026 대한민국 드론 공방전 홍보 대행,주식회사 국방애드,국방부(운영지원과),84399700,84399700,계약완료,TITLE_MATCH,계약명,1,51242,"{""원본행번호"":""51242"",""계약일"":""2026-09-11"",""계약연도"":""2026"",""계약월"":""9"",""계약분기"":""Q3"",""연월"":""2026-09"",""계약명"":""2026 대한민국 드론 공방전 홍보 대행"",""계약업체"":""주식회사 국방애드"",""계약기관"":""국방부(운영지원과)"",""계약구분"":""용역"",""계약방법"":""수의계약"",""입찰방식"":""총액제"",""계약금액_원"":""84399700"",""계약금액_억원"":""0.843997"",""계약금액_조원"":""8.43997e-05"",""예정금액_원"":""84399700"",""예정금액_억원"":""0.843997"",""예정금액_조원"":""8.43997e-05"",""낙찰률"":""100.0"",""낙찰률_구간"":""100% 초과"",""낙찰률_결측여부"":""False"",""낙찰률_100초과여부"":""False"",""계약금액_0원여부"":""False"",""계약상태"":""계약완료"",""계약번호"":""2026MCD0023"",""결정번호"":""05094"",""계약일_원본"":""20260911"",""계약금액_원본"":""84399700"",""계약예정금액_원본"":""84399700"",""원본중복건수"":""1"",""원본중복행여부"":""False"",""드론_검색발견필드"":""계약명""}"
403e9f4e90216a6193a6ac54,2026SCG0060,2026-09-14,'26년 정훈병과 드론 전문화 교육,한국영상대학교산학협력단,해군본부,11000000,12164142,계약완료,TITLE_MATCH,계약명,1,51331,"{""원본행번호"":""51331"",""계약일"":""2026-09-14"",""계약연도"":""2026"",""계약월"":""9"",""계약분기"":""Q3"",""연월"":""2026-09"",""계약명"":""'26년 정훈병과 드론 전문화 교육"",""계약업체"":""한국영상대학교산학협력단"",""계약기관"":""해군본부"",""계약구분"":""용역"",""계약방법"":""수의계약"",""입찰방식"":""총액제"",""계약금액_원"":""11000000"",""계약금액_억원"":""0.11"",""계약금액_조원"":""1.1e-05"",""예정금액_원"":""12164142"",""예정금액_억원"":""0.12164142"",""예정금액_조원"":""1.2164142e-05"",""낙찰률"":""99.4727"",""낙찰률_구간"":""90~100%"",""낙찰률_결측여부"":""False"",""낙찰률_100초과여부"":""False"",""계약금액_0원여부"":""False"",""계약상태"":""계약완료"",""계약번호"":""2026SCG0060"",""결정번호"":""31485"",""계약일_원본"":""20260914"",""계약금액_원본"":""11000000"",""계약예정금액_원본"":""12164142"",""원본중복건수"":""1"",""원본중복행여부"":""False"",""드론_검색발견필드"":""계약명""}"
142e6947edefe96693176d07,2026SFC0111,2026-09-15,26-덕-전투실험용 장비(네트건드론)임차 용역,주식회사 와우미래기술,제9691부대,41695000,49144318,계약완료,TITLE_MATCH,계약명,1,51384,"{""원본행번호"":""51384"",""계약일"":""2026-09-15"",""계약연도"":""2026"",""계약월"":""9"",""계약분기"":""Q3"",""연월"":""2026-09"",""계약명"":""26-덕-전투실험용 장비(네트건드론)임차 용역"",""계약업체"":""주식회사 와우미래기술"",""계약기관"":""제9691부대"",""계약구분"":""용역"",""계약방법"":""제한경쟁"",""입찰방식"":""총액제"",""계약금액_원"":""41695000"",""계약금액_억원"":""0.41695"",""계약금액_조원"":""4.1695e-05"",""예정금액_원"":""49144318"",""예정금액_억원"":""0.49144318"",""예정금액_조원"":""4.9144318e-05"",""낙찰률"":""84.841"",""낙찰률_구간"":""80~90%"",""낙찰률_결측여부"":""False"",""낙찰률_100초과여부"":""False"",""계약금액_0원여부"":""False"",""계약상태"":""계약완료"",""계약번호"":""2026SFC0111"",""결정번호"":""32738"",""계약일_원본"":""20260915"",""계약금액_원본"":""41695000"",""계약예정금액_원본"":""49144318"",""원본중복건수"":""1"",""원본중복행여부"":""False"",""드론_검색발견필드"":""계약명""}"
119901d16f7b7b47253094e7,2026LKM0062,2026-09-15,11해감대대 경계용 드론 외주정비 용역,(주)네스앤텍,제2632부대,7587140,7587140,계약완료,TITLE_MATCH,계약명,1,51373,"{""원본행번호"":""51373"",""계약일"":""2026-09-15"",""계약연도"":""2026"",""계약월"":""9"",""계약분기"":""Q3"",""연월"":""2026-09"",""계약명"":""11해감대대 경계용 드론 외주정비 용역"",""계약업체"":""(주)네스앤텍"",""계약기관"":""제2632부대"",""계약구분"":""용역"",""계약방법"":""수의계약"",""입찰방식"":""총액제"",""계약금액_원"":""7587140"",""계약금액_억원"":""0.0758714"",""계약금액_조원"":""7.58714e-06"",""예정금액_원"":""7587140"",""예정금액_억원"":""0.0758714"",""예정금액_조원"":""7.58714e-06"",""낙찰률"":""100.0"",""낙찰률_구간"":""100% 초과"",""낙찰률_결측여부"":""False"",""낙찰률_100초과여부"":""False"",""계약금액_0원여부"":""False"",""계약상태"":""계약완료"",""계약번호"":""2026LKM0062"",""결정번호"":""37346"",""계약일_원본"":""20260915"",""계약금액_원본"":""7587140"",""계약예정금액_원본"":""7587140"",""원본중복건수"":""1"",""원본중복행여부"":""False"",""드론_검색발견필드"":""계약명""}"
