record_id,source_dataset,source_row,record_json
dc1ff1ee38679455f843ddc0,business_activity,2,"{""year"":""2012"",""new_reports"":""6"",""change_reports"":""0"",""closure_reports"":""0"",""period_end"":""2012-12-31"",""full_year"":""Y"",""source_file"":""한국교통안전공단_드론(초경량비행장치 중 무인비행장치) 사용사업체 등록현황_20260630.csv"",""quality_note"":""신규·변경·폐업 신고 건수이며 활동 사업체 수가 아님""}"
961dfbf405b0731fd50f9420,business_activity,3,"{""year"":""2013"",""new_reports"":""126"",""change_reports"":""1"",""closure_reports"":""0"",""period_end"":""2013-12-31"",""full_year"":""Y"",""source_file"":""한국교통안전공단_드론(초경량비행장치 중 무인비행장치) 사용사업체 등록현황_20260630.csv"",""quality_note"":""신규·변경·폐업 신고 건수이며 활동 사업체 수가 아님""}"
f71ceb15e0a8198374cacdcc,business_activity,4,"{""year"":""2014"",""new_reports"":""259"",""change_reports"":""6"",""closure_reports"":""5"",""period_end"":""2014-12-31"",""full_year"":""Y"",""source_file"":""한국교통안전공단_드론(초경량비행장치 중 무인비행장치) 사용사업체 등록현황_20260630.csv"",""quality_note"":""신규·변경·폐업 신고 건수이며 활동 사업체 수가 아님""}"
ddc9def1cf011e72986d6808,business_activity,5,"{""year"":""2015"",""new_reports"":""319"",""change_reports"":""58"",""closure_reports"":""4"",""period_end"":""2015-12-31"",""full_year"":""Y"",""source_file"":""한국교통안전공단_드론(초경량비행장치 중 무인비행장치) 사용사업체 등록현황_20260630.csv"",""quality_note"":""신규·변경·폐업 신고 건수이며 활동 사업체 수가 아님""}"
7afe874a5f642d92284fa268,business_activity,6,"{""year"":""2016"",""new_reports"":""334"",""change_reports"":""39"",""closure_reports"":""7"",""period_end"":""2016-12-31"",""full_year"":""Y"",""source_file"":""한국교통안전공단_드론(초경량비행장치 중 무인비행장치) 사용사업체 등록현황_20260630.csv"",""quality_note"":""신규·변경·폐업 신고 건수이며 활동 사업체 수가 아님""}"
f7bcdba54f7241d5df54f237,business_activity,7,"{""year"":""2017"",""new_reports"":""492"",""change_reports"":""107"",""closure_reports"":""17"",""period_end"":""2017-12-31"",""full_year"":""Y"",""source_file"":""한국교통안전공단_드론(초경량비행장치 중 무인비행장치) 사용사업체 등록현황_20260630.csv"",""quality_note"":""신규·변경·폐업 신고 건수이며 활동 사업체 수가 아님""}"
2d9805aa40e37899888298e7,business_activity,8,"{""year"":""2018"",""new_reports"":""737"",""change_reports"":""113"",""closure_reports"":""23"",""period_end"":""2018-12-31"",""full_year"":""Y"",""source_file"":""한국교통안전공단_드론(초경량비행장치 중 무인비행장치) 사용사업체 등록현황_20260630.csv"",""quality_note"":""신규·변경·폐업 신고 건수이며 활동 사업체 수가 아님""}"
3765f23097f86c2025b54a57,business_activity,9,"{""year"":""2019"",""new_reports"":""740"",""change_reports"":""130"",""closure_reports"":""40"",""period_end"":""2019-12-31"",""full_year"":""Y"",""source_file"":""한국교통안전공단_드론(초경량비행장치 중 무인비행장치) 사용사업체 등록현황_20260630.csv"",""quality_note"":""신규·변경·폐업 신고 건수이며 활동 사업체 수가 아님""}"
e74f54805076ec77449c6c6a,business_activity,10,"{""year"":""2020"",""new_reports"":""777"",""change_reports"":""1074"",""closure_reports"":""50"",""period_end"":""2020-12-31"",""full_year"":""Y"",""source_file"":""한국교통안전공단_드론(초경량비행장치 중 무인비행장치) 사용사업체 등록현황_20260630.csv"",""quality_note"":""신규·변경·폐업 신고 건수이며 활동 사업체 수가 아님""}"
bf72c2a3b12c586ff6052fd5,business_activity,11,"{""year"":""2021"",""new_reports"":""1116"",""change_reports"":""2303"",""closure_reports"":""76"",""period_end"":""2021-12-31"",""full_year"":""Y"",""source_file"":""한국교통안전공단_드론(초경량비행장치 중 무인비행장치) 사용사업체 등록현황_20260630.csv"",""quality_note"":""신규·변경·폐업 신고 건수이며 활동 사업체 수가 아님""}"
93101426950682216a3af769,business_activity,12,"{""year"":""2022"",""new_reports"":""912"",""change_reports"":""1786"",""closure_reports"":""81"",""period_end"":""2022-12-31"",""full_year"":""Y"",""source_file"":""한국교통안전공단_드론(초경량비행장치 중 무인비행장치) 사용사업체 등록현황_20260630.csv"",""quality_note"":""신규·변경·폐업 신고 건수이며 활동 사업체 수가 아님""}"
237eaf2cdefb6273b15c6f03,business_activity,13,"{""year"":""2023"",""new_reports"":""1137"",""change_reports"":""1240"",""closure_reports"":""408"",""period_end"":""2023-12-31"",""full_year"":""Y"",""source_file"":""한국교통안전공단_드론(초경량비행장치 중 무인비행장치) 사용사업체 등록현황_20260630.csv"",""quality_note"":""신규·변경·폐업 신고 건수이며 활동 사업체 수가 아님""}"
8a9dd29aff6d5e6cd85ea8ae,business_activity,14,"{""year"":""2024"",""new_reports"":""917"",""change_reports"":""1082"",""closure_reports"":""1321"",""period_end"":""2024-12-31"",""full_year"":""Y"",""source_file"":""한국교통안전공단_드론(초경량비행장치 중 무인비행장치) 사용사업체 등록현황_20260630.csv"",""quality_note"":""신규·변경·폐업 신고 건수이며 활동 사업체 수가 아님""}"
80e674613190fd3667dad0dc,business_activity,15,"{""year"":""2025"",""new_reports"":""932"",""change_reports"":""778"",""closure_reports"":""372"",""period_end"":""2025-12-31"",""full_year"":""Y"",""source_file"":""한국교통안전공단_드론(초경량비행장치 중 무인비행장치) 사용사업체 등록현황_20260630.csv"",""quality_note"":""신규·변경·폐업 신고 건수이며 활동 사업체 수가 아님""}"
867a5c0fb0164a1dcfa6d45f,business_activity,16,"{""year"":""2026"",""new_reports"":""736"",""change_reports"":""408"",""closure_reports"":""131"",""period_end"":""2026-06-30"",""full_year"":""N"",""source_file"":""한국교통안전공단_드론(초경량비행장치 중 무인비행장치) 사용사업체 등록현황_20260630.csv"",""quality_note"":""신규·변경·폐업 신고 건수이며 활동 사업체 수가 아님""}"
a8118efafd2b9e2311b38f56,category_defense_relevance,2,"{""business_category"":""안티드론"",""defense_use_case_relation"":""직접"",""relation_rationale"":""대드론·C-UAS 용례와 직접 연결되는 사업분야"",""official_defense_evidence"":""N"",""usage_note"":""탐색용 분류이며 기업의 방산업체 지정·군 납품을 의미하지 않음""}"
710d92ec0bd16501d3cbf97c,category_defense_relevance,3,"{""business_category"":""감시.정찰.수색"",""defense_use_case_relation"":""직접"",""relation_rationale"":""군 감시·정찰 임무와 직접 연결 가능"",""official_defense_evidence"":""N"",""usage_note"":""탐색용 분류이며 기업의 방산업체 지정·군 납품을 의미하지 않음""}"
d50aa8e0f22bf19345213a5a,category_defense_relevance,4,"{""business_category"":""임무장비"",""defense_use_case_relation"":""직접"",""relation_rationale"":""정찰·공격·지원 임무장비와 연결 가능"",""official_defense_evidence"":""N"",""usage_note"":""탐색용 분류이며 기업의 방산업체 지정·군 납품을 의미하지 않음""}"
46ac8be9f0cea0947bc8f2d1,category_defense_relevance,5,"{""business_category"":""지상통제장비"",""defense_use_case_relation"":""직접"",""relation_rationale"":""GCS·임무통제와 연결 가능"",""official_defense_evidence"":""N"",""usage_note"":""탐색용 분류이며 기업의 방산업체 지정·군 납품을 의미하지 않음""}"
3c2273507aeb6347f39ef5f0,category_defense_relevance,6,"{""business_category"":""통합솔루션"",""defense_use_case_relation"":""인접"",""relation_rationale"":""체계통합·운용 소프트웨어와 연결 가능"",""official_defense_evidence"":""N"",""usage_note"":""탐색용 분류이며 기업의 방산업체 지정·군 납품을 의미하지 않음""}"
42c530608c17713c6b66dc53,category_defense_relevance,7,"{""business_category"":""모듈"",""defense_use_case_relation"":""인접"",""relation_rationale"":""국방 드론 부품·모듈 공급망 후보"",""official_defense_evidence"":""N"",""usage_note"":""탐색용 분류이며 기업의 방산업체 지정·군 납품을 의미하지 않음""}"
2e57ed631c6fb076939ee149,category_defense_relevance,8,"{""business_category"":""다목적 H/W"",""defense_use_case_relation"":""인접"",""relation_rationale"":""기체·전자·탑재체 하드웨어 공급망 후보"",""official_defense_evidence"":""N"",""usage_note"":""탐색용 분류이며 기업의 방산업체 지정·군 납품을 의미하지 않음""}"
3155aeca75d8defe70e73fdc,category_defense_relevance,9,"{""business_category"":""드론스테이션"",""defense_use_case_relation"":""인접"",""relation_rationale"":""무인 운용·원격 통제 인프라 후보"",""official_defense_evidence"":""N"",""usage_note"":""탐색용 분류이며 기업의 방산업체 지정·군 납품을 의미하지 않음""}"
63e10e39b9ed016ab1ae20dd,category_defense_relevance,10,"{""business_category"":""인프라관리"",""defense_use_case_relation"":""일반"",""relation_rationale"":""민수 활용 중심이나 군 시설 관리와 교차 가능"",""official_defense_evidence"":""N"",""usage_note"":""탐색용 분류이며 기업의 방산업체 지정·군 납품을 의미하지 않음""}"
f7c52680758b0a57e233e757,category_defense_relevance,11,"{""business_category"":""물류·운송·구조"",""defense_use_case_relation"":""일반"",""relation_rationale"":""군수·수송 용례와 교차 가능"",""official_defense_evidence"":""N"",""usage_note"":""탐색용 분류이며 기업의 방산업체 지정·군 납품을 의미하지 않음""}"
a87e09f447c66286a1def00a,category_defense_relevance,12,"{""business_category"":""공간정보"",""defense_use_case_relation"":""일반"",""relation_rationale"":""군 지형·공간정보 용례와 교차 가능"",""official_defense_evidence"":""N"",""usage_note"":""탐색용 분류이며 기업의 방산업체 지정·군 납품을 의미하지 않음""}"
9dba60d11713c312f5f3ca96,category_defense_relevance,13,"{""business_category"":""특수촬영"",""defense_use_case_relation"":""일반"",""relation_rationale"":""정찰 영상과 기술적으로 인접할 수 있음"",""official_defense_evidence"":""N"",""usage_note"":""탐색용 분류이며 기업의 방산업체 지정·군 납품을 의미하지 않음""}"
8e2d213388f79b9c71b68cf0,category_defense_relevance,14,"{""business_category"":""환경측량"",""defense_use_case_relation"":""일반"",""relation_rationale"":""군 환경·지형 조사와 교차 가능"",""official_defense_evidence"":""N"",""usage_note"":""탐색용 분류이며 기업의 방산업체 지정·군 납품을 의미하지 않음""}"
c1ed617121b437c4b4248969,category_defense_relevance,15,"{""business_category"":""방역/방제/살포"",""defense_use_case_relation"":""낮음"",""relation_rationale"":""주로 민수 활용"",""official_defense_evidence"":""N"",""usage_note"":""탐색용 분류이며 기업의 방산업체 지정·군 납품을 의미하지 않음""}"
537f0ce33e5f2c967446be8d,category_defense_relevance,16,"{""business_category"":""방송·공연"",""defense_use_case_relation"":""낮음"",""relation_rationale"":""국방 연계 판단 근거로 사용하지 않음"",""official_defense_evidence"":""N"",""usage_note"":""탐색용 분류이며 기업의 방산업체 지정·군 납품을 의미하지 않음""}"
9d57097c4a7cd51c49f577e7,category_defense_relevance,17,"{""business_category"":""취미·교육"",""defense_use_case_relation"":""낮음"",""relation_rationale"":""국방 연계 판단 근거로 사용하지 않음"",""official_defense_evidence"":""N"",""usage_note"":""탐색용 분류이며 기업의 방산업체 지정·군 납품을 의미하지 않음""}"
3ad2bd4de3cd04b79108e21b,category_defense_relevance,18,"{""business_category"":""앱"",""defense_use_case_relation"":""낮음"",""relation_rationale"":""세부 기능 확인 전 국방 연계 판단 불가"",""official_defense_evidence"":""N"",""usage_note"":""탐색용 분류이며 기업의 방산업체 지정·군 납품을 의미하지 않음""}"
73db9f156dc8bfdc71da7b23,category_defense_relevance,19,"{""business_category"":""기타"",""defense_use_case_relation"":""미확인"",""relation_rationale"":""세부 내용 확인 필요"",""official_defense_evidence"":""N"",""usage_note"":""탐색용 분류이며 기업의 방산업체 지정·군 납품을 의미하지 않음""}"
188258b2cba35b3a90d344dd,company_category_summary,2,"{""business_category"":""감시.정찰.수색"",""defense_use_case_relation"":""직접"",""company_count_unique"":""152"",""source_record_count"":""152"",""directory_unique_companies"":""239"",""directory_source_rows"":""240"",""unique_company_share_pct"":""63.59832635983263"",""source_record_share_pct"":""63.33333333333333"",""interpretation_note"":""원본 240행 중 표준화 후 고유기업 239개. 비율은 포털 디렉터리 내 비율이며 시장점유율이 아님""}"
a22e62ef7aff56be26b2502e,company_category_summary,3,"{""business_category"":""인프라관리"",""defense_use_case_relation"":""일반"",""company_count_unique"":""152"",""source_record_count"":""152"",""directory_unique_companies"":""239"",""directory_source_rows"":""240"",""unique_company_share_pct"":""63.59832635983263"",""source_record_share_pct"":""63.33333333333333"",""interpretation_note"":""원본 240행 중 표준화 후 고유기업 239개. 비율은 포털 디렉터리 내 비율이며 시장점유율이 아님""}"
bed2c7d355b1f52311538b57,company_category_summary,4,"{""business_category"":""공간정보"",""defense_use_case_relation"":""일반"",""company_count_unique"":""94"",""source_record_count"":""94"",""directory_unique_companies"":""239"",""directory_source_rows"":""240"",""unique_company_share_pct"":""39.33054393305439"",""source_record_share_pct"":""39.166666666666664"",""interpretation_note"":""원본 240행 중 표준화 후 고유기업 239개. 비율은 포털 디렉터리 내 비율이며 시장점유율이 아님""}"
59f237d42ea42931d9dc0892,company_category_summary,5,"{""business_category"":""특수촬영"",""defense_use_case_relation"":""일반"",""company_count_unique"":""94"",""source_record_count"":""94"",""directory_unique_companies"":""239"",""directory_source_rows"":""240"",""unique_company_share_pct"":""39.33054393305439"",""source_record_share_pct"":""39.166666666666664"",""interpretation_note"":""원본 240행 중 표준화 후 고유기업 239개. 비율은 포털 디렉터리 내 비율이며 시장점유율이 아님""}"
ba5b8016410f9a9b19e6378d,company_category_summary,6,"{""business_category"":""물류·운송·구조"",""defense_use_case_relation"":""일반"",""company_count_unique"":""89"",""source_record_count"":""89"",""directory_unique_companies"":""239"",""directory_source_rows"":""240"",""unique_company_share_pct"":""37.238493723849366"",""source_record_share_pct"":""37.083333333333336"",""interpretation_note"":""원본 240행 중 표준화 후 고유기업 239개. 비율은 포털 디렉터리 내 비율이며 시장점유율이 아님""}"
b91da9c47ff41332d7acf469,company_category_summary,7,"{""business_category"":""방역/방제/살포"",""defense_use_case_relation"":""낮음"",""company_count_unique"":""86"",""source_record_count"":""86"",""directory_unique_companies"":""239"",""directory_source_rows"":""240"",""unique_company_share_pct"":""35.98326359832636"",""source_record_share_pct"":""35.833333333333336"",""interpretation_note"":""원본 240행 중 표준화 후 고유기업 239개. 비율은 포털 디렉터리 내 비율이며 시장점유율이 아님""}"
e163ada6725823ae106eb273,company_category_summary,8,"{""business_category"":""임무장비"",""defense_use_case_relation"":""직접"",""company_count_unique"":""84"",""source_record_count"":""84"",""directory_unique_companies"":""239"",""directory_source_rows"":""240"",""unique_company_share_pct"":""35.146443514644346"",""source_record_share_pct"":""35.0"",""interpretation_note"":""원본 240행 중 표준화 후 고유기업 239개. 비율은 포털 디렉터리 내 비율이며 시장점유율이 아님""}"
4570356a8db452f39f62a1ac,company_category_summary,9,"{""business_category"":""통합솔루션"",""defense_use_case_relation"":""인접"",""company_count_unique"":""80"",""source_record_count"":""81"",""directory_unique_companies"":""239"",""directory_source_rows"":""240"",""unique_company_share_pct"":""33.47280334728033"",""source_record_share_pct"":""33.75"",""interpretation_note"":""원본 240행 중 표준화 후 고유기업 239개. 비율은 포털 디렉터리 내 비율이며 시장점유율이 아님""}"
0cb81fcb66b3f0a497650c58,company_category_summary,10,"{""business_category"":""취미·교육"",""defense_use_case_relation"":""낮음"",""company_count_unique"":""79"",""source_record_count"":""79"",""directory_unique_companies"":""239"",""directory_source_rows"":""240"",""unique_company_share_pct"":""33.054393305439326"",""source_record_share_pct"":""32.916666666666664"",""interpretation_note"":""원본 240행 중 표준화 후 고유기업 239개. 비율은 포털 디렉터리 내 비율이며 시장점유율이 아님""}"
689a99d3a1db694daad5ca4f,company_category_summary,11,"{""business_category"":""환경측량"",""defense_use_case_relation"":""일반"",""company_count_unique"":""70"",""source_record_count"":""70"",""directory_unique_companies"":""239"",""directory_source_rows"":""240"",""unique_company_share_pct"":""29.288702928870293"",""source_record_share_pct"":""29.166666666666668"",""interpretation_note"":""원본 240행 중 표준화 후 고유기업 239개. 비율은 포털 디렉터리 내 비율이며 시장점유율이 아님""}"
cc7afaf423278963abf07bbf,company_category_summary,12,"{""business_category"":""다목적 H/W"",""defense_use_case_relation"":""인접"",""company_count_unique"":""61"",""source_record_count"":""61"",""directory_unique_companies"":""239"",""directory_source_rows"":""240"",""unique_company_share_pct"":""25.523012552301257"",""source_record_share_pct"":""25.416666666666664"",""interpretation_note"":""원본 240행 중 표준화 후 고유기업 239개. 비율은 포털 디렉터리 내 비율이며 시장점유율이 아님""}"
3dbd62c60387445c265cc799,company_category_summary,13,"{""business_category"":""모듈"",""defense_use_case_relation"":""인접"",""company_count_unique"":""55"",""source_record_count"":""55"",""directory_unique_companies"":""239"",""directory_source_rows"":""240"",""unique_company_share_pct"":""23.01255230125523"",""source_record_share_pct"":""22.916666666666664"",""interpretation_note"":""원본 240행 중 표준화 후 고유기업 239개. 비율은 포털 디렉터리 내 비율이며 시장점유율이 아님""}"
4dee068ff286cc07f22b70cc,company_category_summary,14,"{""business_category"":""지상통제장비"",""defense_use_case_relation"":""직접"",""company_count_unique"":""50"",""source_record_count"":""50"",""directory_unique_companies"":""239"",""directory_source_rows"":""240"",""unique_company_share_pct"":""20.920502092050206"",""source_record_share_pct"":""20.833333333333336"",""interpretation_note"":""원본 240행 중 표준화 후 고유기업 239개. 비율은 포털 디렉터리 내 비율이며 시장점유율이 아님""}"
bf58f405fc96ead310fcd613,company_category_summary,15,"{""business_category"":""드론스테이션"",""defense_use_case_relation"":""인접"",""company_count_unique"":""48"",""source_record_count"":""48"",""directory_unique_companies"":""239"",""directory_source_rows"":""240"",""unique_company_share_pct"":""20.0836820083682"",""source_record_share_pct"":""20.0"",""interpretation_note"":""원본 240행 중 표준화 후 고유기업 239개. 비율은 포털 디렉터리 내 비율이며 시장점유율이 아님""}"
3abdc8df9c4b13ebfec35130,company_category_summary,16,"{""business_category"":""기타"",""defense_use_case_relation"":""미확인"",""company_count_unique"":""36"",""source_record_count"":""36"",""directory_unique_companies"":""239"",""directory_source_rows"":""240"",""unique_company_share_pct"":""15.062761506276152"",""source_record_share_pct"":""15.0"",""interpretation_note"":""원본 240행 중 표준화 후 고유기업 239개. 비율은 포털 디렉터리 내 비율이며 시장점유율이 아님""}"
23289fb07b6c4690ef7b6c77,company_category_summary,17,"{""business_category"":""앱"",""defense_use_case_relation"":""낮음"",""company_count_unique"":""34"",""source_record_count"":""34"",""directory_unique_companies"":""239"",""directory_source_rows"":""240"",""unique_company_share_pct"":""14.225941422594143"",""source_record_share_pct"":""14.166666666666666"",""interpretation_note"":""원본 240행 중 표준화 후 고유기업 239개. 비율은 포털 디렉터리 내 비율이며 시장점유율이 아님""}"
0665b5ed3be413b561dd8f73,company_category_summary,18,"{""business_category"":""방송·공연"",""defense_use_case_relation"":""낮음"",""company_count_unique"":""33"",""source_record_count"":""33"",""directory_unique_companies"":""239"",""directory_source_rows"":""240"",""unique_company_share_pct"":""13.807531380753138"",""source_record_share_pct"":""13.750000000000002"",""interpretation_note"":""원본 240행 중 표준화 후 고유기업 239개. 비율은 포털 디렉터리 내 비율이며 시장점유율이 아님""}"
371969feda6b6d5b067c7887,company_category_summary,19,"{""business_category"":""안티드론"",""defense_use_case_relation"":""직접"",""company_count_unique"":""25"",""source_record_count"":""25"",""directory_unique_companies"":""239"",""directory_source_rows"":""240"",""unique_company_share_pct"":""10.460251046025103"",""source_record_share_pct"":""10.416666666666668"",""interpretation_note"":""원본 240행 중 표준화 후 고유기업 239개. 비율은 포털 디렉터리 내 비율이며 시장점유율이 아님""}"
428c75bb9844da8b4a5a552f,credential_cumulative_2024,2,"{""aircraft_type"":""무인비행기"",""certificate_class"":""1~3종"",""cumulative_count"":""1820"",""as_of_date"":""2024-12-31"",""measure_type"":""누적 조종자 증명 취득 건수"",""source_file"":""2025년 드론산업 실태조사 보고서_항공안전기술원.pdf"",""source_page"":""97"",""quality_note"":""총 648,965건. 한 사람이 복수 자격을 취득할 수 있어 고유 인원과 다름.""}"
5f70bae14a48b669ec0370ca,credential_cumulative_2024,3,"{""aircraft_type"":""무인비행기"",""certificate_class"":""4종"",""cumulative_count"":""69672"",""as_of_date"":""2024-12-31"",""measure_type"":""누적 조종자 증명 취득 건수"",""source_file"":""2025년 드론산업 실태조사 보고서_항공안전기술원.pdf"",""source_page"":""97"",""quality_note"":""총 648,965건. 한 사람이 복수 자격을 취득할 수 있어 고유 인원과 다름.""}"
36f5f299d49a282f15a778d1,credential_cumulative_2024,4,"{""aircraft_type"":""무인비행기"",""certificate_class"":""합계"",""cumulative_count"":""71492"",""as_of_date"":""2024-12-31"",""measure_type"":""누적 조종자 증명 취득 건수"",""source_file"":""2025년 드론산업 실태조사 보고서_항공안전기술원.pdf"",""source_page"":""97"",""quality_note"":""총 648,965건. 한 사람이 복수 자격을 취득할 수 있어 고유 인원과 다름.""}"
77142719d4a67666487c8181,credential_cumulative_2024,5,"{""aircraft_type"":""무인헬리콥터"",""certificate_class"":""1~3종"",""cumulative_count"":""3085"",""as_of_date"":""2024-12-31"",""measure_type"":""누적 조종자 증명 취득 건수"",""source_file"":""2025년 드론산업 실태조사 보고서_항공안전기술원.pdf"",""source_page"":""97"",""quality_note"":""총 648,965건. 한 사람이 복수 자격을 취득할 수 있어 고유 인원과 다름.""}"
c5d24780539b7866f3aff8de,credential_cumulative_2024,6,"{""aircraft_type"":""무인헬리콥터"",""certificate_class"":""4종"",""cumulative_count"":""68396"",""as_of_date"":""2024-12-31"",""measure_type"":""누적 조종자 증명 취득 건수"",""source_file"":""2025년 드론산업 실태조사 보고서_항공안전기술원.pdf"",""source_page"":""97"",""quality_note"":""총 648,965건. 한 사람이 복수 자격을 취득할 수 있어 고유 인원과 다름.""}"
a709b66bab876fc0af5a508b,credential_cumulative_2024,7,"{""aircraft_type"":""무인헬리콥터"",""certificate_class"":""합계"",""cumulative_count"":""71481"",""as_of_date"":""2024-12-31"",""measure_type"":""누적 조종자 증명 취득 건수"",""source_file"":""2025년 드론산업 실태조사 보고서_항공안전기술원.pdf"",""source_page"":""97"",""quality_note"":""총 648,965건. 한 사람이 복수 자격을 취득할 수 있어 고유 인원과 다름.""}"
ca0fac03df31c1782e1f58d0,credential_cumulative_2024,8,"{""aircraft_type"":""무인멀티콥터"",""certificate_class"":""1~3종"",""cumulative_count"":""150117"",""as_of_date"":""2024-12-31"",""measure_type"":""누적 조종자 증명 취득 건수"",""source_file"":""2025년 드론산업 실태조사 보고서_항공안전기술원.pdf"",""source_page"":""97"",""quality_note"":""총 648,965건. 한 사람이 복수 자격을 취득할 수 있어 고유 인원과 다름.""}"
87ce56d35e26e1dbd48eb1dc,credential_cumulative_2024,9,"{""aircraft_type"":""무인멀티콥터"",""certificate_class"":""4종"",""cumulative_count"":""355799"",""as_of_date"":""2024-12-31"",""measure_type"":""누적 조종자 증명 취득 건수"",""source_file"":""2025년 드론산업 실태조사 보고서_항공안전기술원.pdf"",""source_page"":""97"",""quality_note"":""총 648,965건. 한 사람이 복수 자격을 취득할 수 있어 고유 인원과 다름.""}"
35972e71c08ed598631c295e,credential_cumulative_2024,10,"{""aircraft_type"":""무인멀티콥터"",""certificate_class"":""합계"",""cumulative_count"":""505916"",""as_of_date"":""2024-12-31"",""measure_type"":""누적 조종자 증명 취득 건수"",""source_file"":""2025년 드론산업 실태조사 보고서_항공안전기술원.pdf"",""source_page"":""97"",""quality_note"":""총 648,965건. 한 사람이 복수 자격을 취득할 수 있어 고유 인원과 다름.""}"
ad5e3f42636aa85b8f91601a,credential_cumulative_2024,11,"{""aircraft_type"":""무인비행선"",""certificate_class"":""1~3종"",""cumulative_count"":""76"",""as_of_date"":""2024-12-31"",""measure_type"":""누적 조종자 증명 취득 건수"",""source_file"":""2025년 드론산업 실태조사 보고서_항공안전기술원.pdf"",""source_page"":""97"",""quality_note"":""총 648,965건. 한 사람이 복수 자격을 취득할 수 있어 고유 인원과 다름.""}"
1e156fe6e90611ffaaf6a4ae,credential_cumulative_2024,12,"{""aircraft_type"":""무인비행선"",""certificate_class"":""4종"",""cumulative_count"":""0"",""as_of_date"":""2024-12-31"",""measure_type"":""누적 조종자 증명 취득 건수"",""source_file"":""2025년 드론산업 실태조사 보고서_항공안전기술원.pdf"",""source_page"":""97"",""quality_note"":""총 648,965건. 한 사람이 복수 자격을 취득할 수 있어 고유 인원과 다름.""}"
dab24fd3b8c9dbb7dc5dccd0,credential_cumulative_2024,13,"{""aircraft_type"":""무인비행선"",""certificate_class"":""합계"",""cumulative_count"":""76"",""as_of_date"":""2024-12-31"",""measure_type"":""누적 조종자 증명 취득 건수"",""source_file"":""2025년 드론산업 실태조사 보고서_항공안전기술원.pdf"",""source_page"":""97"",""quality_note"":""총 648,965건. 한 사람이 복수 자격을 취득할 수 있어 고유 인원과 다름.""}"
1a8fcd458416b93ee227839c,credential_issuance_2004_2023may,2,"{""year"":""2004"",""period_label"":""2004"",""certificate_type"":""무인비행기"",""acquisition_count"":""0"",""period_end"":""2004-12-31"",""full_year"":""Y"",""measure_type"":""연간 조종자 증명 취득 공표 건수"",""source_unit"":""명"",""source_file"":""초경량비행장치드론 포함 조종자 증명 취득현황2023.5월 기준.xlsx"",""quality_note"":""복수 자격 취득 가능. 고유 인원 또는 취업자 수로 해석하지 않음.""}"
4c8955fe733dd4fc31bec659,credential_issuance_2004_2023may,3,"{""year"":""2004"",""period_label"":""2004"",""certificate_type"":""무인멀티콥터"",""acquisition_count"":""0"",""period_end"":""2004-12-31"",""full_year"":""Y"",""measure_type"":""연간 조종자 증명 취득 공표 건수"",""source_unit"":""명"",""source_file"":""초경량비행장치드론 포함 조종자 증명 취득현황2023.5월 기준.xlsx"",""quality_note"":""복수 자격 취득 가능. 고유 인원 또는 취업자 수로 해석하지 않음.""}"
971ab9e6e859dd9195449b7d,credential_issuance_2004_2023may,4,"{""year"":""2004"",""period_label"":""2004"",""certificate_type"":""무인비행선"",""acquisition_count"":""0"",""period_end"":""2004-12-31"",""full_year"":""Y"",""measure_type"":""연간 조종자 증명 취득 공표 건수"",""source_unit"":""명"",""source_file"":""초경량비행장치드론 포함 조종자 증명 취득현황2023.5월 기준.xlsx"",""quality_note"":""복수 자격 취득 가능. 고유 인원 또는 취업자 수로 해석하지 않음.""}"
1963960660602ea9305d6b30,credential_issuance_2004_2023may,5,"{""year"":""2004"",""period_label"":""2004"",""certificate_type"":""무인헬리콥터"",""acquisition_count"":""0"",""period_end"":""2004-12-31"",""full_year"":""Y"",""measure_type"":""연간 조종자 증명 취득 공표 건수"",""source_unit"":""명"",""source_file"":""초경량비행장치드론 포함 조종자 증명 취득현황2023.5월 기준.xlsx"",""quality_note"":""복수 자격 취득 가능. 고유 인원 또는 취업자 수로 해석하지 않음.""}"
2da45cb8ad302ae4d1450894,credential_issuance_2004_2023may,6,"{""year"":""2005"",""period_label"":""2005"",""certificate_type"":""무인비행기"",""acquisition_count"":""0"",""period_end"":""2005-12-31"",""full_year"":""Y"",""measure_type"":""연간 조종자 증명 취득 공표 건수"",""source_unit"":""명"",""source_file"":""초경량비행장치드론 포함 조종자 증명 취득현황2023.5월 기준.xlsx"",""quality_note"":""복수 자격 취득 가능. 고유 인원 또는 취업자 수로 해석하지 않음.""}"
74d8dac0d16f932031d3d6e1,credential_issuance_2004_2023may,7,"{""year"":""2005"",""period_label"":""2005"",""certificate_type"":""무인멀티콥터"",""acquisition_count"":""0"",""period_end"":""2005-12-31"",""full_year"":""Y"",""measure_type"":""연간 조종자 증명 취득 공표 건수"",""source_unit"":""명"",""source_file"":""초경량비행장치드론 포함 조종자 증명 취득현황2023.5월 기준.xlsx"",""quality_note"":""복수 자격 취득 가능. 고유 인원 또는 취업자 수로 해석하지 않음.""}"
b0cf59f4c1c58c3823a20cf2,credential_issuance_2004_2023may,8,"{""year"":""2005"",""period_label"":""2005"",""certificate_type"":""무인비행선"",""acquisition_count"":""0"",""period_end"":""2005-12-31"",""full_year"":""Y"",""measure_type"":""연간 조종자 증명 취득 공표 건수"",""source_unit"":""명"",""source_file"":""초경량비행장치드론 포함 조종자 증명 취득현황2023.5월 기준.xlsx"",""quality_note"":""복수 자격 취득 가능. 고유 인원 또는 취업자 수로 해석하지 않음.""}"
209e39132a355c344d9e621c,credential_issuance_2004_2023may,9,"{""year"":""2005"",""period_label"":""2005"",""certificate_type"":""무인헬리콥터"",""acquisition_count"":""0"",""period_end"":""2005-12-31"",""full_year"":""Y"",""measure_type"":""연간 조종자 증명 취득 공표 건수"",""source_unit"":""명"",""source_file"":""초경량비행장치드론 포함 조종자 증명 취득현황2023.5월 기준.xlsx"",""quality_note"":""복수 자격 취득 가능. 고유 인원 또는 취업자 수로 해석하지 않음.""}"
4787402a2259c3c022c39b0c,credential_issuance_2004_2023may,10,"{""year"":""2006"",""period_label"":""2006"",""certificate_type"":""무인비행기"",""acquisition_count"":""0"",""period_end"":""2006-12-31"",""full_year"":""Y"",""measure_type"":""연간 조종자 증명 취득 공표 건수"",""source_unit"":""명"",""source_file"":""초경량비행장치드론 포함 조종자 증명 취득현황2023.5월 기준.xlsx"",""quality_note"":""복수 자격 취득 가능. 고유 인원 또는 취업자 수로 해석하지 않음.""}"
f0ff6709a5f4c57c600bcda3,credential_issuance_2004_2023may,11,"{""year"":""2006"",""period_label"":""2006"",""certificate_type"":""무인멀티콥터"",""acquisition_count"":""0"",""period_end"":""2006-12-31"",""full_year"":""Y"",""measure_type"":""연간 조종자 증명 취득 공표 건수"",""source_unit"":""명"",""source_file"":""초경량비행장치드론 포함 조종자 증명 취득현황2023.5월 기준.xlsx"",""quality_note"":""복수 자격 취득 가능. 고유 인원 또는 취업자 수로 해석하지 않음.""}"
79486a389b9e6e2d6d9adc63,credential_issuance_2004_2023may,12,"{""year"":""2006"",""period_label"":""2006"",""certificate_type"":""무인비행선"",""acquisition_count"":""0"",""period_end"":""2006-12-31"",""full_year"":""Y"",""measure_type"":""연간 조종자 증명 취득 공표 건수"",""source_unit"":""명"",""source_file"":""초경량비행장치드론 포함 조종자 증명 취득현황2023.5월 기준.xlsx"",""quality_note"":""복수 자격 취득 가능. 고유 인원 또는 취업자 수로 해석하지 않음.""}"
ccddbb0ace8be6a3a6c021d3,credential_issuance_2004_2023may,13,"{""year"":""2006"",""period_label"":""2006"",""certificate_type"":""무인헬리콥터"",""acquisition_count"":""0"",""period_end"":""2006-12-31"",""full_year"":""Y"",""measure_type"":""연간 조종자 증명 취득 공표 건수"",""source_unit"":""명"",""source_file"":""초경량비행장치드론 포함 조종자 증명 취득현황2023.5월 기준.xlsx"",""quality_note"":""복수 자격 취득 가능. 고유 인원 또는 취업자 수로 해석하지 않음.""}"
b5f8414a6d2125fea8040d29,credential_issuance_2004_2023may,14,"{""year"":""2007"",""period_label"":""2007"",""certificate_type"":""무인비행기"",""acquisition_count"":""0"",""period_end"":""2007-12-31"",""full_year"":""Y"",""measure_type"":""연간 조종자 증명 취득 공표 건수"",""source_unit"":""명"",""source_file"":""초경량비행장치드론 포함 조종자 증명 취득현황2023.5월 기준.xlsx"",""quality_note"":""복수 자격 취득 가능. 고유 인원 또는 취업자 수로 해석하지 않음.""}"
eb6c0b48ad4125e68524d351,credential_issuance_2004_2023may,15,"{""year"":""2007"",""period_label"":""2007"",""certificate_type"":""무인멀티콥터"",""acquisition_count"":""0"",""period_end"":""2007-12-31"",""full_year"":""Y"",""measure_type"":""연간 조종자 증명 취득 공표 건수"",""source_unit"":""명"",""source_file"":""초경량비행장치드론 포함 조종자 증명 취득현황2023.5월 기준.xlsx"",""quality_note"":""복수 자격 취득 가능. 고유 인원 또는 취업자 수로 해석하지 않음.""}"
02fe536902d05df8a6476d47,credential_issuance_2004_2023may,16,"{""year"":""2007"",""period_label"":""2007"",""certificate_type"":""무인비행선"",""acquisition_count"":""0"",""period_end"":""2007-12-31"",""full_year"":""Y"",""measure_type"":""연간 조종자 증명 취득 공표 건수"",""source_unit"":""명"",""source_file"":""초경량비행장치드론 포함 조종자 증명 취득현황2023.5월 기준.xlsx"",""quality_note"":""복수 자격 취득 가능. 고유 인원 또는 취업자 수로 해석하지 않음.""}"
558d4945687e61ec002b1a7b,credential_issuance_2004_2023may,17,"{""year"":""2007"",""period_label"":""2007"",""certificate_type"":""무인헬리콥터"",""acquisition_count"":""0"",""period_end"":""2007-12-31"",""full_year"":""Y"",""measure_type"":""연간 조종자 증명 취득 공표 건수"",""source_unit"":""명"",""source_file"":""초경량비행장치드론 포함 조종자 증명 취득현황2023.5월 기준.xlsx"",""quality_note"":""복수 자격 취득 가능. 고유 인원 또는 취업자 수로 해석하지 않음.""}"
7a9a7159d59e648f416cd3ca,credential_issuance_2004_2023may,18,"{""year"":""2008"",""period_label"":""2008"",""certificate_type"":""무인비행기"",""acquisition_count"":""0"",""period_end"":""2008-12-31"",""full_year"":""Y"",""measure_type"":""연간 조종자 증명 취득 공표 건수"",""source_unit"":""명"",""source_file"":""초경량비행장치드론 포함 조종자 증명 취득현황2023.5월 기준.xlsx"",""quality_note"":""복수 자격 취득 가능. 고유 인원 또는 취업자 수로 해석하지 않음.""}"
67aa06954eca9484002fbd56,credential_issuance_2004_2023may,19,"{""year"":""2008"",""period_label"":""2008"",""certificate_type"":""무인멀티콥터"",""acquisition_count"":""0"",""period_end"":""2008-12-31"",""full_year"":""Y"",""measure_type"":""연간 조종자 증명 취득 공표 건수"",""source_unit"":""명"",""source_file"":""초경량비행장치드론 포함 조종자 증명 취득현황2023.5월 기준.xlsx"",""quality_note"":""복수 자격 취득 가능. 고유 인원 또는 취업자 수로 해석하지 않음.""}"
0bb95e52fd389c1e6a27eb04,credential_issuance_2004_2023may,20,"{""year"":""2008"",""period_label"":""2008"",""certificate_type"":""무인비행선"",""acquisition_count"":""0"",""period_end"":""2008-12-31"",""full_year"":""Y"",""measure_type"":""연간 조종자 증명 취득 공표 건수"",""source_unit"":""명"",""source_file"":""초경량비행장치드론 포함 조종자 증명 취득현황2023.5월 기준.xlsx"",""quality_note"":""복수 자격 취득 가능. 고유 인원 또는 취업자 수로 해석하지 않음.""}"
53d686bf7cc5e8a79ee028d2,credential_issuance_2004_2023may,21,"{""year"":""2008"",""period_label"":""2008"",""certificate_type"":""무인헬리콥터"",""acquisition_count"":""0"",""period_end"":""2008-12-31"",""full_year"":""Y"",""measure_type"":""연간 조종자 증명 취득 공표 건수"",""source_unit"":""명"",""source_file"":""초경량비행장치드론 포함 조종자 증명 취득현황2023.5월 기준.xlsx"",""quality_note"":""복수 자격 취득 가능. 고유 인원 또는 취업자 수로 해석하지 않음.""}"
042bf8a008eaf4fac0e5d6bc,credential_issuance_2004_2023may,22,"{""year"":""2009"",""period_label"":""2009"",""certificate_type"":""무인비행기"",""acquisition_count"":""0"",""period_end"":""2009-12-31"",""full_year"":""Y"",""measure_type"":""연간 조종자 증명 취득 공표 건수"",""source_unit"":""명"",""source_file"":""초경량비행장치드론 포함 조종자 증명 취득현황2023.5월 기준.xlsx"",""quality_note"":""복수 자격 취득 가능. 고유 인원 또는 취업자 수로 해석하지 않음.""}"
7ecb43d8fba7bba5e54f3064,credential_issuance_2004_2023may,23,"{""year"":""2009"",""period_label"":""2009"",""certificate_type"":""무인멀티콥터"",""acquisition_count"":""0"",""period_end"":""2009-12-31"",""full_year"":""Y"",""measure_type"":""연간 조종자 증명 취득 공표 건수"",""source_unit"":""명"",""source_file"":""초경량비행장치드론 포함 조종자 증명 취득현황2023.5월 기준.xlsx"",""quality_note"":""복수 자격 취득 가능. 고유 인원 또는 취업자 수로 해석하지 않음.""}"
ae086b15cc2e7126e5a1291f,credential_issuance_2004_2023may,24,"{""year"":""2009"",""period_label"":""2009"",""certificate_type"":""무인비행선"",""acquisition_count"":""0"",""period_end"":""2009-12-31"",""full_year"":""Y"",""measure_type"":""연간 조종자 증명 취득 공표 건수"",""source_unit"":""명"",""source_file"":""초경량비행장치드론 포함 조종자 증명 취득현황2023.5월 기준.xlsx"",""quality_note"":""복수 자격 취득 가능. 고유 인원 또는 취업자 수로 해석하지 않음.""}"
dec8ff126e818a2029d647f4,credential_issuance_2004_2023may,25,"{""year"":""2009"",""period_label"":""2009"",""certificate_type"":""무인헬리콥터"",""acquisition_count"":""0"",""period_end"":""2009-12-31"",""full_year"":""Y"",""measure_type"":""연간 조종자 증명 취득 공표 건수"",""source_unit"":""명"",""source_file"":""초경량비행장치드론 포함 조종자 증명 취득현황2023.5월 기준.xlsx"",""quality_note"":""복수 자격 취득 가능. 고유 인원 또는 취업자 수로 해석하지 않음.""}"
645272ae70d3c2bcaf95c06c,credential_issuance_2004_2023may,26,"{""year"":""2010"",""period_label"":""2010"",""certificate_type"":""무인비행기"",""acquisition_count"":""0"",""period_end"":""2010-12-31"",""full_year"":""Y"",""measure_type"":""연간 조종자 증명 취득 공표 건수"",""source_unit"":""명"",""source_file"":""초경량비행장치드론 포함 조종자 증명 취득현황2023.5월 기준.xlsx"",""quality_note"":""복수 자격 취득 가능. 고유 인원 또는 취업자 수로 해석하지 않음.""}"
96dfc432c16654b87ac00ef7,credential_issuance_2004_2023may,27,"{""year"":""2010"",""period_label"":""2010"",""certificate_type"":""무인멀티콥터"",""acquisition_count"":""0"",""period_end"":""2010-12-31"",""full_year"":""Y"",""measure_type"":""연간 조종자 증명 취득 공표 건수"",""source_unit"":""명"",""source_file"":""초경량비행장치드론 포함 조종자 증명 취득현황2023.5월 기준.xlsx"",""quality_note"":""복수 자격 취득 가능. 고유 인원 또는 취업자 수로 해석하지 않음.""}"
dba8d75cc54607798a11ba43,credential_issuance_2004_2023may,28,"{""year"":""2010"",""period_label"":""2010"",""certificate_type"":""무인비행선"",""acquisition_count"":""0"",""period_end"":""2010-12-31"",""full_year"":""Y"",""measure_type"":""연간 조종자 증명 취득 공표 건수"",""source_unit"":""명"",""source_file"":""초경량비행장치드론 포함 조종자 증명 취득현황2023.5월 기준.xlsx"",""quality_note"":""복수 자격 취득 가능. 고유 인원 또는 취업자 수로 해석하지 않음.""}"
43719f212014e12d41192b96,credential_issuance_2004_2023may,29,"{""year"":""2010"",""period_label"":""2010"",""certificate_type"":""무인헬리콥터"",""acquisition_count"":""0"",""period_end"":""2010-12-31"",""full_year"":""Y"",""measure_type"":""연간 조종자 증명 취득 공표 건수"",""source_unit"":""명"",""source_file"":""초경량비행장치드론 포함 조종자 증명 취득현황2023.5월 기준.xlsx"",""quality_note"":""복수 자격 취득 가능. 고유 인원 또는 취업자 수로 해석하지 않음.""}"
fe1966a7da8344901b8440cf,credential_issuance_2004_2023may,30,"{""year"":""2011"",""period_label"":""2011"",""certificate_type"":""무인비행기"",""acquisition_count"":""0"",""period_end"":""2011-12-31"",""full_year"":""Y"",""measure_type"":""연간 조종자 증명 취득 공표 건수"",""source_unit"":""명"",""source_file"":""초경량비행장치드론 포함 조종자 증명 취득현황2023.5월 기준.xlsx"",""quality_note"":""복수 자격 취득 가능. 고유 인원 또는 취업자 수로 해석하지 않음.""}"
b2a6fa59fd8241c026e1dbbd,credential_issuance_2004_2023may,31,"{""year"":""2011"",""period_label"":""2011"",""certificate_type"":""무인멀티콥터"",""acquisition_count"":""0"",""period_end"":""2011-12-31"",""full_year"":""Y"",""measure_type"":""연간 조종자 증명 취득 공표 건수"",""source_unit"":""명"",""source_file"":""초경량비행장치드론 포함 조종자 증명 취득현황2023.5월 기준.xlsx"",""quality_note"":""복수 자격 취득 가능. 고유 인원 또는 취업자 수로 해석하지 않음.""}"
5a70ecd704d6f04040261bd6,credential_issuance_2004_2023may,32,"{""year"":""2011"",""period_label"":""2011"",""certificate_type"":""무인비행선"",""acquisition_count"":""0"",""period_end"":""2011-12-31"",""full_year"":""Y"",""measure_type"":""연간 조종자 증명 취득 공표 건수"",""source_unit"":""명"",""source_file"":""초경량비행장치드론 포함 조종자 증명 취득현황2023.5월 기준.xlsx"",""quality_note"":""복수 자격 취득 가능. 고유 인원 또는 취업자 수로 해석하지 않음.""}"
c6f2122f1acfd1a7b209da33,credential_issuance_2004_2023may,33,"{""year"":""2011"",""period_label"":""2011"",""certificate_type"":""무인헬리콥터"",""acquisition_count"":""0"",""period_end"":""2011-12-31"",""full_year"":""Y"",""measure_type"":""연간 조종자 증명 취득 공표 건수"",""source_unit"":""명"",""source_file"":""초경량비행장치드론 포함 조종자 증명 취득현황2023.5월 기준.xlsx"",""quality_note"":""복수 자격 취득 가능. 고유 인원 또는 취업자 수로 해석하지 않음.""}"
9317fb1b5bcc3e9eec04cd15,credential_issuance_2004_2023may,34,"{""year"":""2012"",""period_label"":""2012"",""certificate_type"":""무인비행기"",""acquisition_count"":""0"",""period_end"":""2012-12-31"",""full_year"":""Y"",""measure_type"":""연간 조종자 증명 취득 공표 건수"",""source_unit"":""명"",""source_file"":""초경량비행장치드론 포함 조종자 증명 취득현황2023.5월 기준.xlsx"",""quality_note"":""복수 자격 취득 가능. 고유 인원 또는 취업자 수로 해석하지 않음.""}"
4995f8edf7bd20b4487a3a96,credential_issuance_2004_2023may,35,"{""year"":""2012"",""period_label"":""2012"",""certificate_type"":""무인멀티콥터"",""acquisition_count"":""0"",""period_end"":""2012-12-31"",""full_year"":""Y"",""measure_type"":""연간 조종자 증명 취득 공표 건수"",""source_unit"":""명"",""source_file"":""초경량비행장치드론 포함 조종자 증명 취득현황2023.5월 기준.xlsx"",""quality_note"":""복수 자격 취득 가능. 고유 인원 또는 취업자 수로 해석하지 않음.""}"
fb4d5916788c195f21f36c9a,credential_issuance_2004_2023may,36,"{""year"":""2012"",""period_label"":""2012"",""certificate_type"":""무인비행선"",""acquisition_count"":""0"",""period_end"":""2012-12-31"",""full_year"":""Y"",""measure_type"":""연간 조종자 증명 취득 공표 건수"",""source_unit"":""명"",""source_file"":""초경량비행장치드론 포함 조종자 증명 취득현황2023.5월 기준.xlsx"",""quality_note"":""복수 자격 취득 가능. 고유 인원 또는 취업자 수로 해석하지 않음.""}"
91f8d32f03891796fe95a15f,credential_issuance_2004_2023may,37,"{""year"":""2012"",""period_label"":""2012"",""certificate_type"":""무인헬리콥터"",""acquisition_count"":""0"",""period_end"":""2012-12-31"",""full_year"":""Y"",""measure_type"":""연간 조종자 증명 취득 공표 건수"",""source_unit"":""명"",""source_file"":""초경량비행장치드론 포함 조종자 증명 취득현황2023.5월 기준.xlsx"",""quality_note"":""복수 자격 취득 가능. 고유 인원 또는 취업자 수로 해석하지 않음.""}"
9b5d381ef97bd4fbd7a3eca2,credential_issuance_2004_2023may,38,"{""year"":""2013"",""period_label"":""2013"",""certificate_type"":""무인비행기"",""acquisition_count"":""52"",""period_end"":""2013-12-31"",""full_year"":""Y"",""measure_type"":""연간 조종자 증명 취득 공표 건수"",""source_unit"":""명"",""source_file"":""초경량비행장치드론 포함 조종자 증명 취득현황2023.5월 기준.xlsx"",""quality_note"":""복수 자격 취득 가능. 고유 인원 또는 취업자 수로 해석하지 않음.""}"
91a662dcca8d0199360a9f10,credential_issuance_2004_2023may,39,"{""year"":""2013"",""period_label"":""2013"",""certificate_type"":""무인멀티콥터"",""acquisition_count"":""0"",""period_end"":""2013-12-31"",""full_year"":""Y"",""measure_type"":""연간 조종자 증명 취득 공표 건수"",""source_unit"":""명"",""source_file"":""초경량비행장치드론 포함 조종자 증명 취득현황2023.5월 기준.xlsx"",""quality_note"":""복수 자격 취득 가능. 고유 인원 또는 취업자 수로 해석하지 않음.""}"
56f7dfef60fe2ae5af6807e8,credential_issuance_2004_2023may,40,"{""year"":""2013"",""period_label"":""2013"",""certificate_type"":""무인비행선"",""acquisition_count"":""12"",""period_end"":""2013-12-31"",""full_year"":""Y"",""measure_type"":""연간 조종자 증명 취득 공표 건수"",""source_unit"":""명"",""source_file"":""초경량비행장치드론 포함 조종자 증명 취득현황2023.5월 기준.xlsx"",""quality_note"":""복수 자격 취득 가능. 고유 인원 또는 취업자 수로 해석하지 않음.""}"
910a49f508e7cfe198b07657,credential_issuance_2004_2023may,41,"{""year"":""2013"",""period_label"":""2013"",""certificate_type"":""무인헬리콥터"",""acquisition_count"":""0"",""period_end"":""2013-12-31"",""full_year"":""Y"",""measure_type"":""연간 조종자 증명 취득 공표 건수"",""source_unit"":""명"",""source_file"":""초경량비행장치드론 포함 조종자 증명 취득현황2023.5월 기준.xlsx"",""quality_note"":""복수 자격 취득 가능. 고유 인원 또는 취업자 수로 해석하지 않음.""}"
f265bda15a5f05b66961f869,credential_issuance_2004_2023may,42,"{""year"":""2014"",""period_label"":""2014"",""certificate_type"":""무인비행기"",""acquisition_count"":""9"",""period_end"":""2014-12-31"",""full_year"":""Y"",""measure_type"":""연간 조종자 증명 취득 공표 건수"",""source_unit"":""명"",""source_file"":""초경량비행장치드론 포함 조종자 증명 취득현황2023.5월 기준.xlsx"",""quality_note"":""복수 자격 취득 가능. 고유 인원 또는 취업자 수로 해석하지 않음.""}"
56971749e1ae863780438a59,credential_issuance_2004_2023may,43,"{""year"":""2014"",""period_label"":""2014"",""certificate_type"":""무인멀티콥터"",""acquisition_count"":""606"",""period_end"":""2014-12-31"",""full_year"":""Y"",""measure_type"":""연간 조종자 증명 취득 공표 건수"",""source_unit"":""명"",""source_file"":""초경량비행장치드론 포함 조종자 증명 취득현황2023.5월 기준.xlsx"",""quality_note"":""복수 자격 취득 가능. 고유 인원 또는 취업자 수로 해석하지 않음.""}"
fa8bc3f6c77010aa651dec18,credential_issuance_2004_2023may,44,"{""year"":""2014"",""period_label"":""2014"",""certificate_type"":""무인비행선"",""acquisition_count"":""9"",""period_end"":""2014-12-31"",""full_year"":""Y"",""measure_type"":""연간 조종자 증명 취득 공표 건수"",""source_unit"":""명"",""source_file"":""초경량비행장치드론 포함 조종자 증명 취득현황2023.5월 기준.xlsx"",""quality_note"":""복수 자격 취득 가능. 고유 인원 또는 취업자 수로 해석하지 않음.""}"
f348cbe49658c8365fecc2d0,credential_issuance_2004_2023may,45,"{""year"":""2014"",""period_label"":""2014"",""certificate_type"":""무인헬리콥터"",""acquisition_count"":""606"",""period_end"":""2014-12-31"",""full_year"":""Y"",""measure_type"":""연간 조종자 증명 취득 공표 건수"",""source_unit"":""명"",""source_file"":""초경량비행장치드론 포함 조종자 증명 취득현황2023.5월 기준.xlsx"",""quality_note"":""복수 자격 취득 가능. 고유 인원 또는 취업자 수로 해석하지 않음.""}"
9e479f0b52bb6335433dcbb5,credential_issuance_2004_2023may,46,"{""year"":""2015"",""period_label"":""2015"",""certificate_type"":""무인비행기"",""acquisition_count"":""0"",""period_end"":""2015-12-31"",""full_year"":""Y"",""measure_type"":""연간 조종자 증명 취득 공표 건수"",""source_unit"":""명"",""source_file"":""초경량비행장치드론 포함 조종자 증명 취득현황2023.5월 기준.xlsx"",""quality_note"":""복수 자격 취득 가능. 고유 인원 또는 취업자 수로 해석하지 않음.""}"
880339eb74dfc60cccf6fd52,credential_issuance_2004_2023may,47,"{""year"":""2015"",""period_label"":""2015"",""certificate_type"":""무인멀티콥터"",""acquisition_count"":""205"",""period_end"":""2015-12-31"",""full_year"":""Y"",""measure_type"":""연간 조종자 증명 취득 공표 건수"",""source_unit"":""명"",""source_file"":""초경량비행장치드론 포함 조종자 증명 취득현황2023.5월 기준.xlsx"",""quality_note"":""복수 자격 취득 가능. 고유 인원 또는 취업자 수로 해석하지 않음.""}"
3beceda911aa6d4a1e0f456d,credential_issuance_2004_2023may,48,"{""year"":""2015"",""period_label"":""2015"",""certificate_type"":""무인비행선"",""acquisition_count"":""4"",""period_end"":""2015-12-31"",""full_year"":""Y"",""measure_type"":""연간 조종자 증명 취득 공표 건수"",""source_unit"":""명"",""source_file"":""초경량비행장치드론 포함 조종자 증명 취득현황2023.5월 기준.xlsx"",""quality_note"":""복수 자격 취득 가능. 고유 인원 또는 취업자 수로 해석하지 않음.""}"
d21b6388a62f622b82a84337,credential_issuance_2004_2023may,49,"{""year"":""2015"",""period_label"":""2015"",""certificate_type"":""무인헬리콥터"",""acquisition_count"":""205"",""period_end"":""2015-12-31"",""full_year"":""Y"",""measure_type"":""연간 조종자 증명 취득 공표 건수"",""source_unit"":""명"",""source_file"":""초경량비행장치드론 포함 조종자 증명 취득현황2023.5월 기준.xlsx"",""quality_note"":""복수 자격 취득 가능. 고유 인원 또는 취업자 수로 해석하지 않음.""}"
53355c45d9317ec2a10eb7e2,credential_issuance_2004_2023may,50,"{""year"":""2016"",""period_label"":""2016"",""certificate_type"":""무인비행기"",""acquisition_count"":""0"",""period_end"":""2016-12-31"",""full_year"":""Y"",""measure_type"":""연간 조종자 증명 취득 공표 건수"",""source_unit"":""명"",""source_file"":""초경량비행장치드론 포함 조종자 증명 취득현황2023.5월 기준.xlsx"",""quality_note"":""복수 자격 취득 가능. 고유 인원 또는 취업자 수로 해석하지 않음.""}"
5444138ef2b6ac384de7f383,credential_issuance_2004_2023may,51,"{""year"":""2016"",""period_label"":""2016"",""certificate_type"":""무인멀티콥터"",""acquisition_count"":""454"",""period_end"":""2016-12-31"",""full_year"":""Y"",""measure_type"":""연간 조종자 증명 취득 공표 건수"",""source_unit"":""명"",""source_file"":""초경량비행장치드론 포함 조종자 증명 취득현황2023.5월 기준.xlsx"",""quality_note"":""복수 자격 취득 가능. 고유 인원 또는 취업자 수로 해석하지 않음.""}"
fc7fdd556eb2bd4411396a06,credential_issuance_2004_2023may,52,"{""year"":""2016"",""period_label"":""2016"",""certificate_type"":""무인비행선"",""acquisition_count"":""0"",""period_end"":""2016-12-31"",""full_year"":""Y"",""measure_type"":""연간 조종자 증명 취득 공표 건수"",""source_unit"":""명"",""source_file"":""초경량비행장치드론 포함 조종자 증명 취득현황2023.5월 기준.xlsx"",""quality_note"":""복수 자격 취득 가능. 고유 인원 또는 취업자 수로 해석하지 않음.""}"
54d36995a12cc87be2d31574,credential_issuance_2004_2023may,53,"{""year"":""2016"",""period_label"":""2016"",""certificate_type"":""무인헬리콥터"",""acquisition_count"":""454"",""period_end"":""2016-12-31"",""full_year"":""Y"",""measure_type"":""연간 조종자 증명 취득 공표 건수"",""source_unit"":""명"",""source_file"":""초경량비행장치드론 포함 조종자 증명 취득현황2023.5월 기준.xlsx"",""quality_note"":""복수 자격 취득 가능. 고유 인원 또는 취업자 수로 해석하지 않음.""}"
18d3429cf3f0f75b9c13386c,credential_issuance_2004_2023may,54,"{""year"":""2017"",""period_label"":""2017"",""certificate_type"":""무인비행기"",""acquisition_count"":""0"",""period_end"":""2017-12-31"",""full_year"":""Y"",""measure_type"":""연간 조종자 증명 취득 공표 건수"",""source_unit"":""명"",""source_file"":""초경량비행장치드론 포함 조종자 증명 취득현황2023.5월 기준.xlsx"",""quality_note"":""복수 자격 취득 가능. 고유 인원 또는 취업자 수로 해석하지 않음.""}"
bf06a7261fbb18d59f5704e2,credential_issuance_2004_2023may,55,"{""year"":""2017"",""period_label"":""2017"",""certificate_type"":""무인멀티콥터"",""acquisition_count"":""2872"",""period_end"":""2017-12-31"",""full_year"":""Y"",""measure_type"":""연간 조종자 증명 취득 공표 건수"",""source_unit"":""명"",""source_file"":""초경량비행장치드론 포함 조종자 증명 취득현황2023.5월 기준.xlsx"",""quality_note"":""복수 자격 취득 가능. 고유 인원 또는 취업자 수로 해석하지 않음.""}"
e1e0cee7d8fd8772c5b15f43,credential_issuance_2004_2023may,56,"{""year"":""2017"",""period_label"":""2017"",""certificate_type"":""무인비행선"",""acquisition_count"":""0"",""period_end"":""2017-12-31"",""full_year"":""Y"",""measure_type"":""연간 조종자 증명 취득 공표 건수"",""source_unit"":""명"",""source_file"":""초경량비행장치드론 포함 조종자 증명 취득현황2023.5월 기준.xlsx"",""quality_note"":""복수 자격 취득 가능. 고유 인원 또는 취업자 수로 해석하지 않음.""}"
4b968e7b0f946fc8a9fce2be,credential_issuance_2004_2023may,57,"{""year"":""2017"",""period_label"":""2017"",""certificate_type"":""무인헬리콥터"",""acquisition_count"":""461"",""period_end"":""2017-12-31"",""full_year"":""Y"",""measure_type"":""연간 조종자 증명 취득 공표 건수"",""source_unit"":""명"",""source_file"":""초경량비행장치드론 포함 조종자 증명 취득현황2023.5월 기준.xlsx"",""quality_note"":""복수 자격 취득 가능. 고유 인원 또는 취업자 수로 해석하지 않음.""}"
c2be65258935c28104ab7413,credential_issuance_2004_2023may,58,"{""year"":""2018"",""period_label"":""2018"",""certificate_type"":""무인비행기"",""acquisition_count"":""6"",""period_end"":""2018-12-31"",""full_year"":""Y"",""measure_type"":""연간 조종자 증명 취득 공표 건수"",""source_unit"":""명"",""source_file"":""초경량비행장치드론 포함 조종자 증명 취득현황2023.5월 기준.xlsx"",""quality_note"":""복수 자격 취득 가능. 고유 인원 또는 취업자 수로 해석하지 않음.""}"
315cc7f1400ad0bf4848aad4,credential_issuance_2004_2023may,59,"{""year"":""2018"",""period_label"":""2018"",""certificate_type"":""무인멀티콥터"",""acquisition_count"":""11291"",""period_end"":""2018-12-31"",""full_year"":""Y"",""measure_type"":""연간 조종자 증명 취득 공표 건수"",""source_unit"":""명"",""source_file"":""초경량비행장치드론 포함 조종자 증명 취득현황2023.5월 기준.xlsx"",""quality_note"":""복수 자격 취득 가능. 고유 인원 또는 취업자 수로 해석하지 않음.""}"
945894d2e9dbbf017c4ae3c1,credential_issuance_2004_2023may,60,"{""year"":""2018"",""period_label"":""2018"",""certificate_type"":""무인비행선"",""acquisition_count"":""7"",""period_end"":""2018-12-31"",""full_year"":""Y"",""measure_type"":""연간 조종자 증명 취득 공표 건수"",""source_unit"":""명"",""source_file"":""초경량비행장치드론 포함 조종자 증명 취득현황2023.5월 기준.xlsx"",""quality_note"":""복수 자격 취득 가능. 고유 인원 또는 취업자 수로 해석하지 않음.""}"
3c7c300d69093c4872f00b9d,credential_issuance_2004_2023may,61,"{""year"":""2018"",""period_label"":""2018"",""certificate_type"":""무인헬리콥터"",""acquisition_count"":""95"",""period_end"":""2018-12-31"",""full_year"":""Y"",""measure_type"":""연간 조종자 증명 취득 공표 건수"",""source_unit"":""명"",""source_file"":""초경량비행장치드론 포함 조종자 증명 취득현황2023.5월 기준.xlsx"",""quality_note"":""복수 자격 취득 가능. 고유 인원 또는 취업자 수로 해석하지 않음.""}"
4f4b4505871ea9cd93aaefb0,credential_issuance_2004_2023may,62,"{""year"":""2019"",""period_label"":""2019"",""certificate_type"":""무인비행기"",""acquisition_count"":""14"",""period_end"":""2019-12-31"",""full_year"":""Y"",""measure_type"":""연간 조종자 증명 취득 공표 건수"",""source_unit"":""명"",""source_file"":""초경량비행장치드론 포함 조종자 증명 취득현황2023.5월 기준.xlsx"",""quality_note"":""복수 자격 취득 가능. 고유 인원 또는 취업자 수로 해석하지 않음.""}"
e02f9e7f4c1a94fb5f6c2829,credential_issuance_2004_2023may,63,"{""year"":""2019"",""period_label"":""2019"",""certificate_type"":""무인멀티콥터"",""acquisition_count"":""14713"",""period_end"":""2019-12-31"",""full_year"":""Y"",""measure_type"":""연간 조종자 증명 취득 공표 건수"",""source_unit"":""명"",""source_file"":""초경량비행장치드론 포함 조종자 증명 취득현황2023.5월 기준.xlsx"",""quality_note"":""복수 자격 취득 가능. 고유 인원 또는 취업자 수로 해석하지 않음.""}"
a7466876dfbaa24816fddff7,credential_issuance_2004_2023may,64,"{""year"":""2019"",""period_label"":""2019"",""certificate_type"":""무인비행선"",""acquisition_count"":""30"",""period_end"":""2019-12-31"",""full_year"":""Y"",""measure_type"":""연간 조종자 증명 취득 공표 건수"",""source_unit"":""명"",""source_file"":""초경량비행장치드론 포함 조종자 증명 취득현황2023.5월 기준.xlsx"",""quality_note"":""복수 자격 취득 가능. 고유 인원 또는 취업자 수로 해석하지 않음.""}"
72bf8a273d9e7061465dffad,credential_issuance_2004_2023may,65,"{""year"":""2019"",""period_label"":""2019"",""certificate_type"":""무인헬리콥터"",""acquisition_count"":""70"",""period_end"":""2019-12-31"",""full_year"":""Y"",""measure_type"":""연간 조종자 증명 취득 공표 건수"",""source_unit"":""명"",""source_file"":""초경량비행장치드론 포함 조종자 증명 취득현황2023.5월 기준.xlsx"",""quality_note"":""복수 자격 취득 가능. 고유 인원 또는 취업자 수로 해석하지 않음.""}"
246701132414d4f5db837acc,credential_issuance_2004_2023may,66,"{""year"":""2020"",""period_label"":""2020"",""certificate_type"":""무인비행기"",""acquisition_count"":""28"",""period_end"":""2020-12-31"",""full_year"":""Y"",""measure_type"":""연간 조종자 증명 취득 공표 건수"",""source_unit"":""명"",""source_file"":""초경량비행장치드론 포함 조종자 증명 취득현황2023.5월 기준.xlsx"",""quality_note"":""복수 자격 취득 가능. 고유 인원 또는 취업자 수로 해석하지 않음.""}"
a8a3e43ac775b5e252b51bea,credential_issuance_2004_2023may,67,"{""year"":""2020"",""period_label"":""2020"",""certificate_type"":""무인멀티콥터"",""acquisition_count"":""13574"",""period_end"":""2020-12-31"",""full_year"":""Y"",""measure_type"":""연간 조종자 증명 취득 공표 건수"",""source_unit"":""명"",""source_file"":""초경량비행장치드론 포함 조종자 증명 취득현황2023.5월 기준.xlsx"",""quality_note"":""복수 자격 취득 가능. 고유 인원 또는 취업자 수로 해석하지 않음.""}"
afa984d7282bc4e3f3e5ba87,credential_issuance_2004_2023may,68,"{""year"":""2020"",""period_label"":""2020"",""certificate_type"":""무인비행선"",""acquisition_count"":""2"",""period_end"":""2020-12-31"",""full_year"":""Y"",""measure_type"":""연간 조종자 증명 취득 공표 건수"",""source_unit"":""명"",""source_file"":""초경량비행장치드론 포함 조종자 증명 취득현황2023.5월 기준.xlsx"",""quality_note"":""복수 자격 취득 가능. 고유 인원 또는 취업자 수로 해석하지 않음.""}"
7ea11045507e0fadfe02d426,credential_issuance_2004_2023may,69,"{""year"":""2020"",""period_label"":""2020"",""certificate_type"":""무인헬리콥터"",""acquisition_count"":""68"",""period_end"":""2020-12-31"",""full_year"":""Y"",""measure_type"":""연간 조종자 증명 취득 공표 건수"",""source_unit"":""명"",""source_file"":""초경량비행장치드론 포함 조종자 증명 취득현황2023.5월 기준.xlsx"",""quality_note"":""복수 자격 취득 가능. 고유 인원 또는 취업자 수로 해석하지 않음.""}"
9ea29abed098a8584fcdb0b1,credential_issuance_2004_2023may,70,"{""year"":""2021"",""period_label"":""2021"",""certificate_type"":""무인비행기"",""acquisition_count"":""977"",""period_end"":""2021-12-31"",""full_year"":""Y"",""measure_type"":""연간 조종자 증명 취득 공표 건수"",""source_unit"":""명"",""source_file"":""초경량비행장치드론 포함 조종자 증명 취득현황2023.5월 기준.xlsx"",""quality_note"":""복수 자격 취득 가능. 고유 인원 또는 취업자 수로 해석하지 않음.""}"
97440bbbdc89d5aaaa7d056e,credential_issuance_2004_2023may,71,"{""year"":""2021"",""period_label"":""2021"",""certificate_type"":""무인멀티콥터"",""acquisition_count"":""26746"",""period_end"":""2021-12-31"",""full_year"":""Y"",""measure_type"":""연간 조종자 증명 취득 공표 건수"",""source_unit"":""명"",""source_file"":""초경량비행장치드론 포함 조종자 증명 취득현황2023.5월 기준.xlsx"",""quality_note"":""복수 자격 취득 가능. 고유 인원 또는 취업자 수로 해석하지 않음.""}"
817b79de10df9268f76e448d,credential_issuance_2004_2023may,72,"{""year"":""2021"",""period_label"":""2021"",""certificate_type"":""무인비행선"",""acquisition_count"":""2"",""period_end"":""2021-12-31"",""full_year"":""Y"",""measure_type"":""연간 조종자 증명 취득 공표 건수"",""source_unit"":""명"",""source_file"":""초경량비행장치드론 포함 조종자 증명 취득현황2023.5월 기준.xlsx"",""quality_note"":""복수 자격 취득 가능. 고유 인원 또는 취업자 수로 해석하지 않음.""}"
2b59632460b5604a0ae3391e,credential_issuance_2004_2023may,73,"{""year"":""2021"",""period_label"":""2021"",""certificate_type"":""무인헬리콥터"",""acquisition_count"":""471"",""period_end"":""2021-12-31"",""full_year"":""Y"",""measure_type"":""연간 조종자 증명 취득 공표 건수"",""source_unit"":""명"",""source_file"":""초경량비행장치드론 포함 조종자 증명 취득현황2023.5월 기준.xlsx"",""quality_note"":""복수 자격 취득 가능. 고유 인원 또는 취업자 수로 해석하지 않음.""}"
3c101179bbbf1400b72bf7c4,credential_issuance_2004_2023may,74,"{""year"":""2022"",""period_label"":""2022"",""certificate_type"":""무인비행기"",""acquisition_count"":""224"",""period_end"":""2022-12-31"",""full_year"":""Y"",""measure_type"":""연간 조종자 증명 취득 공표 건수"",""source_unit"":""명"",""source_file"":""초경량비행장치드론 포함 조종자 증명 취득현황2023.5월 기준.xlsx"",""quality_note"":""복수 자격 취득 가능. 고유 인원 또는 취업자 수로 해석하지 않음.""}"
1fdc23aa874e138de01395e3,credential_issuance_2004_2023may,75,"{""year"":""2022"",""period_label"":""2022"",""certificate_type"":""무인멀티콥터"",""acquisition_count"":""26253"",""period_end"":""2022-12-31"",""full_year"":""Y"",""measure_type"":""연간 조종자 증명 취득 공표 건수"",""source_unit"":""명"",""source_file"":""초경량비행장치드론 포함 조종자 증명 취득현황2023.5월 기준.xlsx"",""quality_note"":""복수 자격 취득 가능. 고유 인원 또는 취업자 수로 해석하지 않음.""}"
ad2f6e8c246748232e5864fa,credential_issuance_2004_2023may,76,"{""year"":""2022"",""period_label"":""2022"",""certificate_type"":""무인비행선"",""acquisition_count"":""3"",""period_end"":""2022-12-31"",""full_year"":""Y"",""measure_type"":""연간 조종자 증명 취득 공표 건수"",""source_unit"":""명"",""source_file"":""초경량비행장치드론 포함 조종자 증명 취득현황2023.5월 기준.xlsx"",""quality_note"":""복수 자격 취득 가능. 고유 인원 또는 취업자 수로 해석하지 않음.""}"
689c5ca9b19aa8cb90067e93,credential_issuance_2004_2023may,77,"{""year"":""2022"",""period_label"":""2022"",""certificate_type"":""무인헬리콥터"",""acquisition_count"":""221"",""period_end"":""2022-12-31"",""full_year"":""Y"",""measure_type"":""연간 조종자 증명 취득 공표 건수"",""source_unit"":""명"",""source_file"":""초경량비행장치드론 포함 조종자 증명 취득현황2023.5월 기준.xlsx"",""quality_note"":""복수 자격 취득 가능. 고유 인원 또는 취업자 수로 해석하지 않음.""}"
d7a17c983ee2cb3357a63c1c,credential_issuance_2004_2023may,78,"{""year"":""2023"",""period_label"":""2023.5"",""certificate_type"":""무인비행기"",""acquisition_count"":""86"",""period_end"":""2023-05-31"",""full_year"":""N"",""measure_type"":""연간 조종자 증명 취득 공표 건수"",""source_unit"":""명"",""source_file"":""초경량비행장치드론 포함 조종자 증명 취득현황2023.5월 기준.xlsx"",""quality_note"":""복수 자격 취득 가능. 고유 인원 또는 취업자 수로 해석하지 않음.""}"
6c0a29e5449bf58de670aa6e,credential_issuance_2004_2023may,79,"{""year"":""2023"",""period_label"":""2023.5"",""certificate_type"":""무인멀티콥터"",""acquisition_count"":""10203"",""period_end"":""2023-05-31"",""full_year"":""N"",""measure_type"":""연간 조종자 증명 취득 공표 건수"",""source_unit"":""명"",""source_file"":""초경량비행장치드론 포함 조종자 증명 취득현황2023.5월 기준.xlsx"",""quality_note"":""복수 자격 취득 가능. 고유 인원 또는 취업자 수로 해석하지 않음.""}"
fcfce61f6bb53745e687868f,credential_issuance_2004_2023may,80,"{""year"":""2023"",""period_label"":""2023.5"",""certificate_type"":""무인비행선"",""acquisition_count"":""3"",""period_end"":""2023-05-31"",""full_year"":""N"",""measure_type"":""연간 조종자 증명 취득 공표 건수"",""source_unit"":""명"",""source_file"":""초경량비행장치드론 포함 조종자 증명 취득현황2023.5월 기준.xlsx"",""quality_note"":""복수 자격 취득 가능. 고유 인원 또는 취업자 수로 해석하지 않음.""}"
2819887806f2fea2d6668efb,credential_issuance_2004_2023may,81,"{""year"":""2023"",""period_label"":""2023.5"",""certificate_type"":""무인헬리콥터"",""acquisition_count"":""96"",""period_end"":""2023-05-31"",""full_year"":""N"",""measure_type"":""연간 조종자 증명 취득 공표 건수"",""source_unit"":""명"",""source_file"":""초경량비행장치드론 포함 조종자 증명 취득현황2023.5월 기준.xlsx"",""quality_note"":""복수 자격 취득 가능. 고유 인원 또는 취업자 수로 해석하지 않음.""}"
f029c631fe6b74b340d5fa2c,dashboard_use_cases,2,"{""use_case_id"":""UC01"",""title"":""산업 규모 추세"",""question"":""드론 산업은 성장하고 있는가"",""datasets"":""industry_yearly"",""metric_or_join"":""기준연도별 사업체·매출·고용"",""visual_example"":""KPI + 선그래프"",""caution"":""연도 간 조사설계 변화와 2024 매출 불일치 표시""}"
1b379e4a1792e39bf6859999,dashboard_use_cases,3,"{""use_case_id"":""UC02"",""title"":""방산 드론 기업 탐색"",""question"":""어떤 기업을 우선 조사할 것인가"",""datasets"":""company_master + company_defense_evidence"",""metric_or_join"":""원문 직접확인 → 교차출처 후보 → 방산인접 탐색후보"",""visual_example"":""근거등급 필터 + 기업표"",""caution"":""공식 지정 여부와 동일시 금지""}"
7429b84235cdb8763d30275f,dashboard_use_cases,4,"{""use_case_id"":""UC03"",""title"":""안티드론 생태계"",""question"":""C-UAS 후보 기업과 기술은 무엇인가"",""datasets"":""company_category_bridge + defense_technology_master"",""metric_or_join"":""안티드론 기업과 재밍·요격·HPM 기술"",""visual_example"":""기업 수 막대 + 기술 카드"",""caution"":""포털 분야 태그는 군 납품 근거 아님""}"
705b68617b524ea033229bb7,dashboard_use_cases,5,"{""use_case_id"":""UC04"",""title"":""기술-직무-교육 경로"",""question"":""방산 드론 직무를 위해 무엇을 배워야 하는가"",""datasets"":""defense_technology_master + technology_job_map"",""metric_or_join"":""기술→직무군→키워드→학습주제"",""visual_example"":""Sankey 또는 단계형 목록"",""caution"":""실제 채용공고 keyword로 빈도 검증 필요""}"
1178911b3608947a74aaaea9,dashboard_use_cases,6,"{""use_case_id"":""UC05"",""title"":""방산 근거가 있는 채용 비교"",""question"":""방산 연계 기업의 채용 특성은 다른가"",""datasets"":""company_master + 기존 JOB_POSTING"",""metric_or_join"":""기업명 정규화 후 관계등급별 직무·경력·기술 비교"",""visual_example"":""토글 + 그룹 막대"",""caution"":""이번 파일 묶음에는 채용공고 원문이 없어 후속 조인 필요""}"
2ac2762fcf41a701e281ba86,dashboard_use_cases,7,"{""use_case_id"":""UC06"",""title"":""특허-채용 기술 비교"",""question"":""연구가 활발한 기술이 채용에도 나타나는가"",""datasets"":""patent_ranking + technology_job_map + 기존 keyword_long"",""metric_or_join"":""IPC·출원인 순위와 채용 키워드"",""visual_example"":""순위표 + 키워드 막대"",""caution"":""특허 순위표의 검색 범위 한계 표시""}"
be0c927dfe579acbb4bc7905,dashboard_use_cases,8,"{""use_case_id"":""UC07"",""title"":""자격 취득과 채용 수요"",""question"":""자격증이 실제 취업에 얼마나 필요한가"",""datasets"":""credential_cumulative_2024 + 기존 JOB_POSTING"",""metric_or_join"":""누적 발급 건수와 자격 요구 공고 수"",""visual_example"":""두 지표 병렬표"",""caution"":""서로 다른 모집단이므로 비율 계산 금지""}"
c19f52021feb0ea7b749f51c,dashboard_use_cases,9,"{""use_case_id"":""UC08"",""title"":""공공 활용 사례"",""question"":""드론이 실제 공공업무에서 어떻게 쓰이는가"",""datasets"":""public_drone_inventory"",""metric_or_join"":""교육·훈련, 안전점검, 시설검사, 조사·관측"",""visual_example"":""용도별 막대 + 사례표"",""caution"":""한국교통안전공단 단일 기관 사례""}"
3e04ddc122acc54e85b42943,dashboard_use_cases,10,"{""use_case_id"":""UC09"",""title"":""기업 사업분야 집중도"",""question"":""기업들이 어느 분야에 몰려 있는가"",""datasets"":""company_category_summary"",""metric_or_join"":""감시·정찰·수색, 인프라관리, 안티드론 등"",""visual_example"":""정렬 막대"",""caution"":""디렉터리 내 비율이며 시장점유율이 아님""}"
542e4e42f591901986459e12,dashboard_use_cases,11,"{""use_case_id"":""UC10"",""title"":""군집드론 운영기업 탐색"",""question"":""군집드론 실운영 경험이 있는 기업은 어디인가"",""datasets"":""swarm_drone_registry_public + company_master"",""metric_or_join"":""지역·사업범위·기업 관계등급"",""visual_example"":""지도 + 기업표"",""caution"":""군집드론 등록만으로 방산 참여 판단 금지""}"
8d693aaff0978e23660c13d7,defense_cost_certification,2,"{""source_order"":""1"",""company_name_raw"":""대한항공"",""company_name_normalized"":""대한항공"",""신규 인증일"":""2015-07-09"",""1차 갱신일"":""2018-07-09"",""2차 갱신일"":""2021-07-08"",""3차 갱신일"":"""",""4차 갱신일"":"""",""5차 갱신일"":"""",""유효기간 시작일"":""2021-07-09"",""유효기간 종료일"":""2026-07-08"",""as_of_date"":""2026-05-06"",""valid_as_of_date"":""Y"",""source_file"":""방위사업청_방산원가관리체계 인증업체 현황_20260506.csv"",""quality_note"":""방산원가관리체계 인증은 방산업체 지정 또는 드론 사업 참여를 뜻하지 않음""}"
27ac90de501c10432f3714de,defense_cost_certification,3,"{""source_order"":""2"",""company_name_raw"":""LIG넥스원"",""company_name_normalized"":""LIG넥스원"",""신규 인증일"":""2012-09-18"",""1차 갱신일"":""2015-09-18"",""2차 갱신일"":""2018-09-12"",""3차 갱신일"":""2021-09-16"",""4차 갱신일"":"""",""5차 갱신일"":"""",""유효기간 시작일"":""2021-09-18"",""유효기간 종료일"":""2026-09-17"",""as_of_date"":""2026-05-06"",""valid_as_of_date"":""Y"",""source_file"":""방위사업청_방산원가관리체계 인증업체 현황_20260506.csv"",""quality_note"":""방산원가관리체계 인증은 방산업체 지정 또는 드론 사업 참여를 뜻하지 않음""}"
c2b58aa2653b4b593e87a9fa,defense_cost_certification,4,"{""source_order"":""3"",""company_name_raw"":""한화시스템"",""company_name_normalized"":""한화시스템"",""신규 인증일"":""2012-09-18"",""1차 갱신일"":""2015-09-18"",""2차 갱신일"":""2018-09-12"",""3차 갱신일"":""2021-09-16"",""4차 갱신일"":"""",""5차 갱신일"":"""",""유효기간 시작일"":""2021-09-18"",""유효기간 종료일"":""2026-09-17"",""as_of_date"":""2026-05-06"",""valid_as_of_date"":""Y"",""source_file"":""방위사업청_방산원가관리체계 인증업체 현황_20260506.csv"",""quality_note"":""방산원가관리체계 인증은 방산업체 지정 또는 드론 사업 참여를 뜻하지 않음""}"
bdf035859ead14236b61e234,defense_cost_certification,5,"{""source_order"":""4"",""company_name_raw"":""STX엔진"",""company_name_normalized"":""STX엔진"",""신규 인증일"":""2013-02-28"",""1차 갱신일"":""2016-02-28"",""2차 갱신일"":""2019-02-25"",""3차 갱신일"":""2022-02-24"",""4차 갱신일"":"""",""5차 갱신일"":"""",""유효기간 시작일"":""2022-02-28"",""유효기간 종료일"":""2027-02-27"",""as_of_date"":""2026-05-06"",""valid_as_of_date"":""Y"",""source_file"":""방위사업청_방산원가관리체계 인증업체 현황_20260506.csv"",""quality_note"":""방산원가관리체계 인증은 방산업체 지정 또는 드론 사업 참여를 뜻하지 않음""}"
3d97940bbdfb1106d7b67ee8,defense_cost_certification,6,"{""source_order"":""5"",""company_name_raw"":""풍산"",""company_name_normalized"":""풍산"",""신규 인증일"":""2013-02-28"",""1차 갱신일"":""2016-02-28"",""2차 갱신일"":""2019-02-25"",""3차 갱신일"":""2022-02-24"",""4차 갱신일"":"""",""5차 갱신일"":"""",""유효기간 시작일"":""2022-02-28"",""유효기간 종료일"":""2027-02-27"",""as_of_date"":""2026-05-06"",""valid_as_of_date"":""Y"",""source_file"":""방위사업청_방산원가관리체계 인증업체 현황_20260506.csv"",""quality_note"":""방산원가관리체계 인증은 방산업체 지정 또는 드론 사업 참여를 뜻하지 않음""}"
af4e1633f85830bead68d117,defense_cost_certification,7,"{""source_order"":""6"",""company_name_raw"":""S&T모티브"",""company_name_normalized"":""S&T모티브"",""신규 인증일"":""2013-06-21"",""1차 갱신일"":""2016-06-21"",""2차 갱신일"":""2019-05-20"",""3차 갱신일"":""2022-05-17"",""4차 갱신일"":"""",""5차 갱신일"":"""",""유효기간 시작일"":""2022-06-21"",""유효기간 종료일"":""2027-06-22"",""as_of_date"":""2026-05-06"",""valid_as_of_date"":""Y"",""source_file"":""방위사업청_방산원가관리체계 인증업체 현황_20260506.csv"",""quality_note"":""방산원가관리체계 인증은 방산업체 지정 또는 드론 사업 참여를 뜻하지 않음""}"
4957efeb17ff978c9a0c021e,defense_cost_certification,8,"{""source_order"":""7"",""company_name_raw"":""한국항공우주산업"",""company_name_normalized"":""한국항공우주산업"",""신규 인증일"":""2016-09-13"",""1차 갱신일"":""2019-09-13"",""2차 갱신일"":""2022-09-05"",""3차 갱신일"":"""",""4차 갱신일"":"""",""5차 갱신일"":"""",""유효기간 시작일"":""2022-09-13"",""유효기간 종료일"":""2027-09-12"",""as_of_date"":""2026-05-06"",""valid_as_of_date"":""Y"",""source_file"":""방위사업청_방산원가관리체계 인증업체 현황_20260506.csv"",""quality_note"":""방산원가관리체계 인증은 방산업체 지정 또는 드론 사업 참여를 뜻하지 않음""}"
7ade0b615034b30e986be35c,defense_cost_certification,9,"{""source_order"":""8"",""company_name_raw"":""한화에어로스페이스"",""company_name_normalized"":""한화에어로스페이스"",""신규 인증일"":""2013-09-17"",""1차 갱신일"":""2016-09-17"",""2차 갱신일"":""2019-09-17"",""3차 갱신일"":""2022-09-05"",""4차 갱신일"":""2023-02-08"",""5차 갱신일"":""2023-06-13"",""유효기간 시작일"":""2022-09-17"",""유효기간 종료일"":""2027-09-16"",""as_of_date"":""2026-05-06"",""valid_as_of_date"":""Y"",""source_file"":""방위사업청_방산원가관리체계 인증업체 현황_20260506.csv"",""quality_note"":""방산원가관리체계 인증은 방산업체 지정 또는 드론 사업 참여를 뜻하지 않음""}"
364df02958ce42318f4dae02,defense_cost_certification,10,"{""source_order"":""9"",""company_name_raw"":""현대로템"",""company_name_normalized"":""현대로템"",""신규 인증일"":""2013-09-17"",""1차 갱신일"":""2016-09-17"",""2차 갱신일"":""2019-09-17"",""3차 갱신일"":""2022-09-05"",""4차 갱신일"":"""",""5차 갱신일"":"""",""유효기간 시작일"":""2022-09-17"",""유효기간 종료일"":""2027-09-16"",""as_of_date"":""2026-05-06"",""valid_as_of_date"":""Y"",""source_file"":""방위사업청_방산원가관리체계 인증업체 현황_20260506.csv"",""quality_note"":""방산원가관리체계 인증은 방산업체 지정 또는 드론 사업 참여를 뜻하지 않음""}"
9c61efdf08c93b7ba89ddcc7,defense_cost_certification,11,"{""source_order"":""10"",""company_name_raw"":""휴니드테크놀러지스"",""company_name_normalized"":""휴니드테크놀러지스"",""신규 인증일"":""2014-02-17"",""1차 갱신일"":""2017-02-17"",""2차 갱신일"":""2020-02-14"",""3차 갱신일"":""2023-02-08"",""4차 갱신일"":"""",""5차 갱신일"":"""",""유효기간 시작일"":""2023-02-17"",""유효기간 종료일"":""2028-02-16"",""as_of_date"":""2026-05-06"",""valid_as_of_date"":""Y"",""source_file"":""방위사업청_방산원가관리체계 인증업체 현황_20260506.csv"",""quality_note"":""방산원가관리체계 인증은 방산업체 지정 또는 드론 사업 참여를 뜻하지 않음""}"
b55c7d2faf75242fa6144ff5,defense_cost_certification,12,"{""source_order"":""11"",""company_name_raw"":""퍼스텍"",""company_name_normalized"":""퍼스텍"",""신규 인증일"":""2014-02-17"",""1차 갱신일"":""2017-02-17"",""2차 갱신일"":""2020-02-14"",""3차 갱신일"":""2023-02-08"",""4차 갱신일"":"""",""5차 갱신일"":"""",""유효기간 시작일"":""2023-02-17"",""유효기간 종료일"":""2028-02-16"",""as_of_date"":""2026-05-06"",""valid_as_of_date"":""Y"",""source_file"":""방위사업청_방산원가관리체계 인증업체 현황_20260506.csv"",""quality_note"":""방산원가관리체계 인증은 방산업체 지정 또는 드론 사업 참여를 뜻하지 않음""}"
a6d51280720cf5c2a797c8a9,defense_cost_certification,13,"{""source_order"":""12"",""company_name_raw"":""코리아디펜스인더스트리"",""company_name_normalized"":""코리아디펜스인더스트리"",""신규 인증일"":""2023-05-04"",""1차 갱신일"":"""",""2차 갱신일"":"""",""3차 갱신일"":"""",""4차 갱신일"":"""",""5차 갱신일"":"""",""유효기간 시작일"":""2023-05-04"",""유효기간 종료일"":""2028-05-03"",""as_of_date"":""2026-05-06"",""valid_as_of_date"":""Y"",""source_file"":""방위사업청_방산원가관리체계 인증업체 현황_20260506.csv"",""quality_note"":""방산원가관리체계 인증은 방산업체 지정 또는 드론 사업 참여를 뜻하지 않음""}"
4463a3412260a47d4096140d,defense_cost_certification,14,"{""source_order"":""13"",""company_name_raw"":""에이치디현대중공업(주)"",""company_name_normalized"":""에이치디현대중공업(주)"",""신규 인증일"":""2025-05-28"",""1차 갱신일"":"""",""2차 갱신일"":"""",""3차 갱신일"":"""",""4차 갱신일"":"""",""5차 갱신일"":"""",""유효기간 시작일"":""2025-05-28"",""유효기간 종료일"":""2030-05-28"",""as_of_date"":""2026-05-06"",""valid_as_of_date"":""Y"",""source_file"":""방위사업청_방산원가관리체계 인증업체 현황_20260506.csv"",""quality_note"":""방산원가관리체계 인증은 방산업체 지정 또는 드론 사업 참여를 뜻하지 않음""}"
02420ae5ddb9f38fdab0b493,drone_stock_long,2,"{""aircraft_type"":""무인헬리콥터"",""weight_band_order"":""1"",""weight_band_source"":""250그램이하"",""weight_band_label"":""250g 이하"",""registered_count"":""0"",""as_of_date"":""2026-06-30"",""full_year"":""N"",""source_file"":""한국교통안전공단_드론 현황_20260630.csv"",""quality_note"":""원문 중량 라벨을 표준화. 구간 경계의 중첩 여부는 원자료 정의 확인 필요.""}"
c3e9ef919177e4e088eed2cd,drone_stock_long,3,"{""aircraft_type"":""무인헬리콥터"",""weight_band_order"":""2"",""weight_band_source"":""2키로그램이하"",""weight_band_label"":""2kg 이하"",""registered_count"":""6"",""as_of_date"":""2026-06-30"",""full_year"":""N"",""source_file"":""한국교통안전공단_드론 현황_20260630.csv"",""quality_note"":""원문 중량 라벨을 표준화. 구간 경계의 중첩 여부는 원자료 정의 확인 필요.""}"
2c2a09e4ff0e7b54ad700cb9,drone_stock_long,4,"{""aircraft_type"":""무인헬리콥터"",""weight_band_order"":""3"",""weight_band_source"":""7키로그램이하"",""weight_band_label"":""7kg 이하"",""registered_count"":""1325"",""as_of_date"":""2026-06-30"",""full_year"":""N"",""source_file"":""한국교통안전공단_드론 현황_20260630.csv"",""quality_note"":""원문 중량 라벨을 표준화. 구간 경계의 중첩 여부는 원자료 정의 확인 필요.""}"
b70a714b985e3c4d79da80f7,drone_stock_long,5,"{""aircraft_type"":""무인헬리콥터"",""weight_band_order"":""4"",""weight_band_source"":""25키로그램이하"",""weight_band_label"":""25kg 이하"",""registered_count"":""143"",""as_of_date"":""2026-06-30"",""full_year"":""N"",""source_file"":""한국교통안전공단_드론 현황_20260630.csv"",""quality_note"":""원문 중량 라벨을 표준화. 구간 경계의 중첩 여부는 원자료 정의 확인 필요.""}"
75d8f508486ac3379cee852e,drone_stock_long,6,"{""aircraft_type"":""무인헬리콥터"",""weight_band_order"":""5"",""weight_band_source"":""25키로그램초과"",""weight_band_label"":""25kg 초과"",""registered_count"":""461"",""as_of_date"":""2026-06-30"",""full_year"":""N"",""source_file"":""한국교통안전공단_드론 현황_20260630.csv"",""quality_note"":""원문 중량 라벨을 표준화. 구간 경계의 중첩 여부는 원자료 정의 확인 필요.""}"
2a18c913f14e994243c37fc1,drone_stock_long,7,"{""aircraft_type"":""무인멀티콥터"",""weight_band_order"":""1"",""weight_band_source"":""250그램이하"",""weight_band_label"":""250g 이하"",""registered_count"":""1181"",""as_of_date"":""2026-06-30"",""full_year"":""N"",""source_file"":""한국교통안전공단_드론 현황_20260630.csv"",""quality_note"":""원문 중량 라벨을 표준화. 구간 경계의 중첩 여부는 원자료 정의 확인 필요.""}"
50d1d5164cb79914265edc53,drone_stock_long,8,"{""aircraft_type"":""무인멀티콥터"",""weight_band_order"":""2"",""weight_band_source"":""2키로그램이하"",""weight_band_label"":""2kg 이하"",""registered_count"":""30731"",""as_of_date"":""2026-06-30"",""full_year"":""N"",""source_file"":""한국교통안전공단_드론 현황_20260630.csv"",""quality_note"":""원문 중량 라벨을 표준화. 구간 경계의 중첩 여부는 원자료 정의 확인 필요.""}"
ae1e547e6b562cd893a16598,drone_stock_long,9,"{""aircraft_type"":""무인멀티콥터"",""weight_band_order"":""3"",""weight_band_source"":""7키로그램이하"",""weight_band_label"":""7kg 이하"",""registered_count"":""5113"",""as_of_date"":""2026-06-30"",""full_year"":""N"",""source_file"":""한국교통안전공단_드론 현황_20260630.csv"",""quality_note"":""원문 중량 라벨을 표준화. 구간 경계의 중첩 여부는 원자료 정의 확인 필요.""}"
baba7a15d5f8a52ca30a68df,drone_stock_long,10,"{""aircraft_type"":""무인멀티콥터"",""weight_band_order"":""4"",""weight_band_source"":""25키로그램이하"",""weight_band_label"":""25kg 이하"",""registered_count"":""18200"",""as_of_date"":""2026-06-30"",""full_year"":""N"",""source_file"":""한국교통안전공단_드론 현황_20260630.csv"",""quality_note"":""원문 중량 라벨을 표준화. 구간 경계의 중첩 여부는 원자료 정의 확인 필요.""}"
7f27a4ac065184677600cf39,drone_stock_long,11,"{""aircraft_type"":""무인멀티콥터"",""weight_band_order"":""5"",""weight_band_source"":""25키로그램초과"",""weight_band_label"":""25kg 초과"",""registered_count"":""16178"",""as_of_date"":""2026-06-30"",""full_year"":""N"",""source_file"":""한국교통안전공단_드론 현황_20260630.csv"",""quality_note"":""원문 중량 라벨을 표준화. 구간 경계의 중첩 여부는 원자료 정의 확인 필요.""}"
45938544f883dd0929a12b41,drone_stock_long,12,"{""aircraft_type"":""무인비행기"",""weight_band_order"":""1"",""weight_band_source"":""250그램이하"",""weight_band_label"":""250g 이하"",""registered_count"":""4"",""as_of_date"":""2026-06-30"",""full_year"":""N"",""source_file"":""한국교통안전공단_드론 현황_20260630.csv"",""quality_note"":""원문 중량 라벨을 표준화. 구간 경계의 중첩 여부는 원자료 정의 확인 필요.""}"
b92fc94f61a842aeb5804fd6,drone_stock_long,13,"{""aircraft_type"":""무인비행기"",""weight_band_order"":""2"",""weight_band_source"":""2키로그램이하"",""weight_band_label"":""2kg 이하"",""registered_count"":""66"",""as_of_date"":""2026-06-30"",""full_year"":""N"",""source_file"":""한국교통안전공단_드론 현황_20260630.csv"",""quality_note"":""원문 중량 라벨을 표준화. 구간 경계의 중첩 여부는 원자료 정의 확인 필요.""}"
7f275257361222b96271b638,drone_stock_long,14,"{""aircraft_type"":""무인비행기"",""weight_band_order"":""3"",""weight_band_source"":""7키로그램이하"",""weight_band_label"":""7kg 이하"",""registered_count"":""4022"",""as_of_date"":""2026-06-30"",""full_year"":""N"",""source_file"":""한국교통안전공단_드론 현황_20260630.csv"",""quality_note"":""원문 중량 라벨을 표준화. 구간 경계의 중첩 여부는 원자료 정의 확인 필요.""}"
737292c03bace1b2b23db2e9,drone_stock_long,15,"{""aircraft_type"":""무인비행기"",""weight_band_order"":""4"",""weight_band_source"":""25키로그램이하"",""weight_band_label"":""25kg 이하"",""registered_count"":""1159"",""as_of_date"":""2026-06-30"",""full_year"":""N"",""source_file"":""한국교통안전공단_드론 현황_20260630.csv"",""quality_note"":""원문 중량 라벨을 표준화. 구간 경계의 중첩 여부는 원자료 정의 확인 필요.""}"
3eb809870a481ac31812da1b,drone_stock_long,16,"{""aircraft_type"":""무인비행기"",""weight_band_order"":""5"",""weight_band_source"":""25키로그램초과"",""weight_band_label"":""25kg 초과"",""registered_count"":""89"",""as_of_date"":""2026-06-30"",""full_year"":""N"",""source_file"":""한국교통안전공단_드론 현황_20260630.csv"",""quality_note"":""원문 중량 라벨을 표준화. 구간 경계의 중첩 여부는 원자료 정의 확인 필요.""}"
185434b986d940ca95528e1c,drone_stock_long,17,"{""aircraft_type"":""무인비행선"",""weight_band_order"":""1"",""weight_band_source"":""250그램이하"",""weight_band_label"":""250g 이하"",""registered_count"":""0"",""as_of_date"":""2026-06-30"",""full_year"":""N"",""source_file"":""한국교통안전공단_드론 현황_20260630.csv"",""quality_note"":""원문 중량 라벨을 표준화. 구간 경계의 중첩 여부는 원자료 정의 확인 필요.""}"
baeec47f9a46e15991b5bf95,drone_stock_long,18,"{""aircraft_type"":""무인비행선"",""weight_band_order"":""2"",""weight_band_source"":""2키로그램이하"",""weight_band_label"":""2kg 이하"",""registered_count"":""1"",""as_of_date"":""2026-06-30"",""full_year"":""N"",""source_file"":""한국교통안전공단_드론 현황_20260630.csv"",""quality_note"":""원문 중량 라벨을 표준화. 구간 경계의 중첩 여부는 원자료 정의 확인 필요.""}"
909edcc1a9626c6a0339d9e1,drone_stock_long,19,"{""aircraft_type"":""무인비행선"",""weight_band_order"":""3"",""weight_band_source"":""7키로그램이하"",""weight_band_label"":""7kg 이하"",""registered_count"":""0"",""as_of_date"":""2026-06-30"",""full_year"":""N"",""source_file"":""한국교통안전공단_드론 현황_20260630.csv"",""quality_note"":""원문 중량 라벨을 표준화. 구간 경계의 중첩 여부는 원자료 정의 확인 필요.""}"
6ab853a32dbcfa160dbff95e,drone_stock_long,20,"{""aircraft_type"":""무인비행선"",""weight_band_order"":""4"",""weight_band_source"":""25키로그램이하"",""weight_band_label"":""25kg 이하"",""registered_count"":""48"",""as_of_date"":""2026-06-30"",""full_year"":""N"",""source_file"":""한국교통안전공단_드론 현황_20260630.csv"",""quality_note"":""원문 중량 라벨을 표준화. 구간 경계의 중첩 여부는 원자료 정의 확인 필요.""}"
450cf2f24b4f2b23c0fe6cb2,drone_stock_long,21,"{""aircraft_type"":""무인비행선"",""weight_band_order"":""5"",""weight_band_source"":""25키로그램초과"",""weight_band_label"":""25kg 초과"",""registered_count"":""20"",""as_of_date"":""2026-06-30"",""full_year"":""N"",""source_file"":""한국교통안전공단_드론 현황_20260630.csv"",""quality_note"":""원문 중량 라벨을 표준화. 구간 경계의 중첩 여부는 원자료 정의 확인 필요.""}"
f1dd46f902e0a5253227e97b,drone_stock_long,22,"{""aircraft_type"":""무인수직이착륙기"",""weight_band_order"":""1"",""weight_band_source"":""250그램이하"",""weight_band_label"":""250g 이하"",""registered_count"":""0"",""as_of_date"":""2026-06-30"",""full_year"":""N"",""source_file"":""한국교통안전공단_드론 현황_20260630.csv"",""quality_note"":""원문 중량 라벨을 표준화. 구간 경계의 중첩 여부는 원자료 정의 확인 필요.""}"
94c358eb4888586028ff8bf7,drone_stock_long,23,"{""aircraft_type"":""무인수직이착륙기"",""weight_band_order"":""2"",""weight_band_source"":""2키로그램이하"",""weight_band_label"":""2kg 이하"",""registered_count"":""9"",""as_of_date"":""2026-06-30"",""full_year"":""N"",""source_file"":""한국교통안전공단_드론 현황_20260630.csv"",""quality_note"":""원문 중량 라벨을 표준화. 구간 경계의 중첩 여부는 원자료 정의 확인 필요.""}"
0d368c157dc1f616fe5a33cd,drone_stock_long,24,"{""aircraft_type"":""무인수직이착륙기"",""weight_band_order"":""3"",""weight_band_source"":""7키로그램이하"",""weight_band_label"":""7kg 이하"",""registered_count"":""344"",""as_of_date"":""2026-06-30"",""full_year"":""N"",""source_file"":""한국교통안전공단_드론 현황_20260630.csv"",""quality_note"":""원문 중량 라벨을 표준화. 구간 경계의 중첩 여부는 원자료 정의 확인 필요.""}"
0531abd5f5a237ad10524836,drone_stock_long,25,"{""aircraft_type"":""무인수직이착륙기"",""weight_band_order"":""4"",""weight_band_source"":""25키로그램이하"",""weight_band_label"":""25kg 이하"",""registered_count"":""533"",""as_of_date"":""2026-06-30"",""full_year"":""N"",""source_file"":""한국교통안전공단_드론 현황_20260630.csv"",""quality_note"":""원문 중량 라벨을 표준화. 구간 경계의 중첩 여부는 원자료 정의 확인 필요.""}"
86d38e320e3f0d3918fa4254,drone_stock_long,26,"{""aircraft_type"":""무인수직이착륙기"",""weight_band_order"":""5"",""weight_band_source"":""25키로그램초과"",""weight_band_label"":""25kg 초과"",""registered_count"":""82"",""as_of_date"":""2026-06-30"",""full_year"":""N"",""source_file"":""한국교통안전공단_드론 현황_20260630.csv"",""quality_note"":""원문 중량 라벨을 표준화. 구간 경계의 중첩 여부는 원자료 정의 확인 필요.""}"
9df20b272d645f139ba3ab43,employment_outlook,2,"{""reference_year"":""2024"",""dimension"":""채용규모"",""category"":""향후 3년 신규 채용 예정"",""value"":""1200.0"",""unit"":""명"",""denominator_note"":""전체 응답 기업의 계획 합계"",""forecast_horizon"":""향후 3년"",""source_file"":""2025년 드론산업 실태조사 보고서_항공안전기술원.pdf"",""source_page"":""195"",""quality_note"":""계획·전망치이며 실제 채용 실적이 아님""}"
53524983e20e3735c21874f7,employment_outlook,3,"{""reference_year"":""2024"",""dimension"":""제작직무"",""category"":""연구·개발"",""value"":""44.5"",""unit"":""%"",""denominator_note"":""제작 분야 직무 수요 내 비중"",""forecast_horizon"":""향후 3년"",""source_file"":""2025년 드론산업 실태조사 보고서_항공안전기술원.pdf"",""source_page"":""195"",""quality_note"":""계획·전망치이며 실제 채용 실적이 아님""}"
731324b743e40a140189e334,employment_outlook,4,"{""reference_year"":""2024"",""dimension"":""활용직무"",""category"":""드론 조종"",""value"":""57.0"",""unit"":""%"",""denominator_note"":""활용 분야 직무 수요 내 비중"",""forecast_horizon"":""향후 3년"",""source_file"":""2025년 드론산업 실태조사 보고서_항공안전기술원.pdf"",""source_page"":""195"",""quality_note"":""계획·전망치이며 실제 채용 실적이 아님""}"
f65a83db899e14aa3954ba21,employment_outlook,5,"{""reference_year"":""2024"",""dimension"":""학력"",""category"":""대졸"",""value"":""58.9"",""unit"":""%"",""denominator_note"":""예상 채용 인력의 학력 구성"",""forecast_horizon"":""향후 3년"",""source_file"":""2025년 드론산업 실태조사 보고서_항공안전기술원.pdf"",""source_page"":""195"",""quality_note"":""계획·전망치이며 실제 채용 실적이 아님""}"
92bbc883114f7eb43947f00c,employment_outlook,6,"{""reference_year"":""2024"",""dimension"":""학력"",""category"":""초대졸"",""value"":""20.3"",""unit"":""%"",""denominator_note"":""예상 채용 인력의 학력 구성"",""forecast_horizon"":""향후 3년"",""source_file"":""2025년 드론산업 실태조사 보고서_항공안전기술원.pdf"",""source_page"":""195"",""quality_note"":""계획·전망치이며 실제 채용 실적이 아님""}"
244e8cd9f662b0d717ef8e0f,employment_outlook,7,"{""reference_year"":""2024"",""dimension"":""학력"",""category"":""석박사 이상"",""value"":""10.8"",""unit"":""%"",""denominator_note"":""예상 채용 인력의 학력 구성"",""forecast_horizon"":""향후 3년"",""source_file"":""2025년 드론산업 실태조사 보고서_항공안전기술원.pdf"",""source_page"":""195"",""quality_note"":""계획·전망치이며 실제 채용 실적이 아님""}"
617517a8d707c94edbe67577,employment_outlook,8,"{""reference_year"":""2024"",""dimension"":""학력"",""category"":""고졸 이하"",""value"":""10.0"",""unit"":""%"",""denominator_note"":""예상 채용 인력의 학력 구성"",""forecast_horizon"":""향후 3년"",""source_file"":""2025년 드론산업 실태조사 보고서_항공안전기술원.pdf"",""source_page"":""195"",""quality_note"":""계획·전망치이며 실제 채용 실적이 아님""}"
c3c7421bb5daad88b9eb4a8c,employment_outlook,9,"{""reference_year"":""2024"",""dimension"":""경력"",""category"":""경력"",""value"":""53.9"",""unit"":""%"",""denominator_note"":""예상 채용 인력의 경력 구성"",""forecast_horizon"":""향후 3년"",""source_file"":""2025년 드론산업 실태조사 보고서_항공안전기술원.pdf"",""source_page"":""195"",""quality_note"":""계획·전망치이며 실제 채용 실적이 아님""}"
9dd768281aa7546e5b7cd4ae,employment_outlook,10,"{""reference_year"":""2024"",""dimension"":""경력"",""category"":""신입"",""value"":""46.1"",""unit"":""%"",""denominator_note"":""예상 채용 인력의 경력 구성"",""forecast_horizon"":""향후 3년"",""source_file"":""2025년 드론산업 실태조사 보고서_항공안전기술원.pdf"",""source_page"":""195"",""quality_note"":""계획·전망치이며 실제 채용 실적이 아님""}"
889d0fba75d4e8bbdc776f30,employment_outlook,11,"{""reference_year"":""2024"",""dimension"":""채용애로"",""category"":""숙련된 전문인력 부족"",""value"":""46.0"",""unit"":""%"",""denominator_note"":""애로사항 1순위 응답 비중"",""forecast_horizon"":""향후 3년"",""source_file"":""2025년 드론산업 실태조사 보고서_항공안전기술원.pdf"",""source_page"":""195"",""quality_note"":""계획·전망치이며 실제 채용 실적이 아님""}"
d0b719b006934b68285318c7,industry_yearly,2,"{""reference_year"":""2021"",""report_year"":""2022"",""company_total"":""4994"",""company_manufacturing"":""345"",""company_utilization"":""4649"",""revenue_total_million_krw"":""840619"",""revenue_manufacturing_million_krw"":""351961"",""revenue_utilization_million_krw"":""488658"",""employees_total"":""16753"",""employees_manufacturing"":""4152"",""employees_utilization"":""12601"",""valid_sample_total"":""1012"",""reported_summary_revenue_100m_krw"":""8406"",""source_page_company"":""14"",""source_page_revenue"":""40"",""source_page_employment"":""46"",""source_file"":""2022년 드론산업 실태조사 보고서_항공안전기술원.pdf"",""comparability_flag"":""주의"",""quality_note"":""제작 분야 대형 무인기 3개사는 일부 분석표본에서 제외됨. 보고서의 추정치 사용."",""revenue_total_100m_krw"":""8406.19"",""revenue_component_check_million_krw"":""840619"",""revenue_check_pass"":""Y""}"
efcb2cd36e903871edf4e95f,industry_yearly,3,"{""reference_year"":""2022"",""report_year"":""2023"",""company_total"":""5867"",""company_manufacturing"":""584"",""company_utilization"":""5283"",""revenue_total_million_krw"":""980377"",""revenue_manufacturing_million_krw"":""602104"",""revenue_utilization_million_krw"":""378273"",""employees_total"":""23130"",""employees_manufacturing"":""6973"",""employees_utilization"":""16157"",""valid_sample_total"":""1036"",""reported_summary_revenue_100m_krw"":""9804"",""source_page_company"":""16"",""source_page_revenue"":""41"",""source_page_employment"":""45"",""source_file"":""2023년 드론산업 실태조사 보고서_항공안전기술원.pdf"",""comparability_flag"":""주의"",""quality_note"":""연도별 모집단·표본 설계 변화가 있어 고용 급증을 실제 성장으로만 해석하지 않음."",""revenue_total_100m_krw"":""9803.77"",""revenue_component_check_million_krw"":""980377"",""revenue_check_pass"":""Y""}"
6762c45595bf32dc59e7a16b,industry_yearly,4,"{""reference_year"":""2023"",""report_year"":""2024"",""company_total"":""6835"",""company_manufacturing"":""608"",""company_utilization"":""6227"",""revenue_total_million_krw"":""1099281"",""revenue_manufacturing_million_krw"":""393548"",""revenue_utilization_million_krw"":""705733"",""employees_total"":""15718"",""employees_manufacturing"":""2740"",""employees_utilization"":""12978"",""valid_sample_total"":""1012"",""reported_summary_revenue_100m_krw"":""10993"",""source_page_company"":""14"",""source_page_revenue"":""36"",""source_page_employment"":""44"",""source_file"":""2024년 드론산업 실태조사 보고서_항공안전기술원.pdf"",""comparability_flag"":""주의"",""quality_note"":""제작·활용 모집단 구성 및 분야 분류 변화 가능성. 2022년과의 고용 직접 증감 해석 주의."",""revenue_total_100m_krw"":""10992.81"",""revenue_component_check_million_krw"":""1099281"",""revenue_check_pass"":""Y""}"
fa23644ea8e787d3393440bb,industry_yearly,5,"{""reference_year"":""2024"",""report_year"":""2025"",""company_total"":""6493"",""company_manufacturing"":""678"",""company_utilization"":""5815"",""revenue_total_million_krw"":""1107719"",""revenue_manufacturing_million_krw"":""465400"",""revenue_utilization_million_krw"":""642319"",""employees_total"":""17204"",""employees_manufacturing"":""3315"",""employees_utilization"":""13889"",""valid_sample_total"":""1639"",""reported_summary_revenue_100m_krw"":""11107"",""source_page_company"":""32"",""source_page_revenue"":""35"",""source_page_employment"":""44"",""source_file"":""2025년 드론산업 실태조사 보고서_항공안전기술원.pdf"",""comparability_flag"":""검토필요"",""quality_note"":""세부표 합계는 1,107,719백만원(약 1조 1,077억원)이지만 일부 요약문은 1조 1,107억원으로 표기. 정제본은 합계 재현이 되는 세부표 값을 우선."",""revenue_total_100m_krw"":""11077.19"",""revenue_component_check_million_krw"":""1107719"",""revenue_check_pass"":""Y""}"
6f874848d88c9c0e281676b8,portal_company_directory_clean,2,"{""company_name_raw"":""(사)한국드론활용협회"",""company_name_normalized"":""한국드론활용협회"",""business_categories_raw"":""감시.정찰.수색/인프라관리/통합솔루션"",""company_id"":""CMP0267"",""source_file"":""항공안전기술원_드론정보포털_기업명_사업분야_20240424 (1).csv"",""as_of_date"":""2024-04-24"",""coverage_note"":""드론정보포털 수록 240개사 디렉터리이며 국내 전체 드론 사업체가 아님""}"
f45d4a5ebdfe6b355f098123,portal_company_directory_clean,3,"{""company_name_raw"":""(유)서해항공방제"",""company_name_normalized"":""서해항공방제"",""business_categories_raw"":""방역/방제/살포/방송·공연/임무장비"",""company_id"":""CMP0124"",""source_file"":""항공안전기술원_드론정보포털_기업명_사업분야_20240424 (1).csv"",""as_of_date"":""2024-04-24"",""coverage_note"":""드론정보포털 수록 240개사 디렉터리이며 국내 전체 드론 사업체가 아님""}"
626906ade72a0af188c4e120,portal_company_directory_clean,4,"{""company_name_raw"":""(주) 규림"",""company_name_normalized"":""규림"",""business_categories_raw"":""방역/방제/살포/취미·교육/기타"",""company_id"":""CMP0019"",""source_file"":""항공안전기술원_드론정보포털_기업명_사업분야_20240424 (1).csv"",""as_of_date"":""2024-04-24"",""coverage_note"":""드론정보포털 수록 240개사 디렉터리이며 국내 전체 드론 사업체가 아님""}"
3d504a7a6fa652317fbc8304,portal_company_directory_clean,5,"{""company_name_raw"":""(주) 테이슨"",""company_name_normalized"":""테이슨"",""business_categories_raw"":""감시.정찰.수색/인프라관리/통합솔루션/앱"",""company_id"":""CMP0240"",""source_file"":""항공안전기술원_드론정보포털_기업명_사업분야_20240424 (1).csv"",""as_of_date"":""2024-04-24"",""coverage_note"":""드론정보포털 수록 240개사 디렉터리이며 국내 전체 드론 사업체가 아님""}"
1e72e51c8de08451b28fe34e,portal_company_directory_clean,6,"{""company_name_raw"":""(주) 한컴아카데미"",""company_name_normalized"":""한컴아카데미"",""business_categories_raw"":""감시.정찰.수색/인프라관리/물류·운송·구조/공간정보/특수촬영/방역/방제/살포/환경측량/다목적 H/W/방송·공연/취미·교육/드론스테이션/임무장비/모듈/지상통제장비/통합솔루션/앱"",""company_id"":""CMP0281"",""source_file"":""항공안전기술원_드론정보포털_기업명_사업분야_20240424 (1).csv"",""as_of_date"":""2024-04-24"",""coverage_note"":""드론정보포털 수록 240개사 디렉터리이며 국내 전체 드론 사업체가 아님""}"
a21e393a92e4cac43026077d,portal_company_directory_clean,7,"{""company_name_raw"":""(주)가이온"",""company_name_normalized"":""가이온"",""business_categories_raw"":""감시.정찰.수색/인프라관리/물류·운송·구조/공간정보/특수촬영/방역/방제/살포/다목적 H/W/임무장비/모듈/지상통제장비/통합솔루션"",""company_id"":""CMP0006"",""source_file"":""항공안전기술원_드론정보포털_기업명_사업분야_20240424 (1).csv"",""as_of_date"":""2024-04-24"",""coverage_note"":""드론정보포털 수록 240개사 디렉터리이며 국내 전체 드론 사업체가 아님""}"
36d68359c821c84b92f0f560,portal_company_directory_clean,8,"{""company_name_raw"":""(주)군집텍"",""company_name_normalized"":""군집텍"",""business_categories_raw"":""감시.정찰.수색/인프라관리/물류·운송·구조/공간정보/특수촬영/방역/방제/살포/환경측량/다목적 H/W/방송·공연/취미·교육/드론스테이션/임무장비/지상통제장비/통합솔루션"",""company_id"":""CMP0018"",""source_file"":""항공안전기술원_드론정보포털_기업명_사업분야_20240424 (1).csv"",""as_of_date"":""2024-04-24"",""coverage_note"":""드론정보포털 수록 240개사 디렉터리이며 국내 전체 드론 사업체가 아님""}"
f8aa3e81651686e2e7b9d4cb,portal_company_directory_clean,9,"{""company_name_raw"":""(주)다츠"",""company_name_normalized"":""다츠"",""business_categories_raw"":""지상통제장비/통합솔루션/감시.정찰.수색/인프라관리/물류·운송·구조/다목적 H/W/임무장비"",""company_id"":""CMP0040"",""source_file"":""항공안전기술원_드론정보포털_기업명_사업분야_20240424 (1).csv"",""as_of_date"":""2024-04-24"",""coverage_note"":""드론정보포털 수록 240개사 디렉터리이며 국내 전체 드론 사업체가 아님""}"
9e83ed0d0d423db2f5abc09f,portal_company_directory_clean,10,"{""company_name_raw"":""(주)드론아카데미"",""company_name_normalized"":""드론아카데미"",""business_categories_raw"":""감시.정찰.수색/인프라관리/물류·운송·구조/공간정보/특수촬영/방송·공연/취미·교육/임무장비"",""company_id"":""CMP0069"",""source_file"":""항공안전기술원_드론정보포털_기업명_사업분야_20240424 (1).csv"",""as_of_date"":""2024-04-24"",""coverage_note"":""드론정보포털 수록 240개사 디렉터리이며 국내 전체 드론 사업체가 아님""}"
4e5e55cd5e98d36cc427465d,portal_company_directory_clean,11,"{""company_name_raw"":""(주)디알원"",""company_name_normalized"":""디알원"",""business_categories_raw"":""방역/방제/살포/다목적 H/W/임무장비"",""company_id"":""CMP0080"",""source_file"":""항공안전기술원_드론정보포털_기업명_사업분야_20240424 (1).csv"",""as_of_date"":""2024-04-24"",""coverage_note"":""드론정보포털 수록 240개사 디렉터리이며 국내 전체 드론 사업체가 아님""}"
5b9a86afdb4373b4245bea57,portal_company_directory_clean,12,"{""company_name_raw"":""(주)띄움스토리"",""company_name_normalized"":""띄움스토리"",""business_categories_raw"":""감시.정찰.수색/인프라관리/물류·운송·구조/공간정보/특수촬영/방역/방제/살포/방송·공연/취미·교육"",""company_id"":""CMP0086"",""source_file"":""항공안전기술원_드론정보포털_기업명_사업분야_20240424 (1).csv"",""as_of_date"":""2024-04-24"",""coverage_note"":""드론정보포털 수록 240개사 디렉터리이며 국내 전체 드론 사업체가 아님""}"
ae0396810e307b78da14e0c0,portal_company_directory_clean,13,"{""company_name_raw"":""(주)리얼테크"",""company_name_normalized"":""리얼테크"",""business_categories_raw"":""공간정보/특수촬영/취미·교육/임무장비"",""company_id"":""CMP0091"",""source_file"":""항공안전기술원_드론정보포털_기업명_사업분야_20240424 (1).csv"",""as_of_date"":""2024-04-24"",""coverage_note"":""드론정보포털 수록 240개사 디렉터리이며 국내 전체 드론 사업체가 아님""}"
718fdab56ca0f06d3b5ae1f2,portal_company_directory_clean,14,"{""company_name_raw"":""(주)모빌리티원"",""company_name_normalized"":""모빌리티원"",""business_categories_raw"":""감시.정찰.수색/인프라관리/물류·운송·구조/방역/방제/살포/환경측량/드론스테이션/임무장비/지상통제장비/통합솔루션/앱"",""company_id"":""CMP0099"",""source_file"":""항공안전기술원_드론정보포털_기업명_사업분야_20240424 (1).csv"",""as_of_date"":""2024-04-24"",""coverage_note"":""드론정보포털 수록 240개사 디렉터리이며 국내 전체 드론 사업체가 아님""}"
0416f91a5a1aa9eb26bfd83e,portal_company_directory_clean,15,"{""company_name_raw"":""(주)보라스카이"",""company_name_normalized"":""보라스카이"",""business_categories_raw"":""감시.정찰.수색/인프라관리/물류·운송·구조/공간정보/특수촬영/환경측량/다목적 H/W/모듈/통합솔루션"",""company_id"":""CMP0108"",""source_file"":""항공안전기술원_드론정보포털_기업명_사업분야_20240424 (1).csv"",""as_of_date"":""2024-04-24"",""coverage_note"":""드론정보포털 수록 240개사 디렉터리이며 국내 전체 드론 사업체가 아님""}"
f24c30f1405027279993bd0f,portal_company_directory_clean,16,"{""company_name_raw"":""(주)보헤미안오에스"",""company_name_normalized"":""보헤미안오에스"",""business_categories_raw"":""감시.정찰.수색/인프라관리/물류·운송·구조/통합솔루션/앱/기타"",""company_id"":""CMP0109"",""source_file"":""항공안전기술원_드론정보포털_기업명_사업분야_20240424 (1).csv"",""as_of_date"":""2024-04-24"",""coverage_note"":""드론정보포털 수록 240개사 디렉터리이며 국내 전체 드론 사업체가 아님""}"
50c31957b9b133bae77603ca,portal_company_directory_clean,17,"{""company_name_raw"":""(주)볼로랜드"",""company_name_normalized"":""볼로랜드"",""business_categories_raw"":""감시.정찰.수색/인프라관리/물류·운송·구조/공간정보/특수촬영/다목적 H/W/드론스테이션/임무장비/모듈/지상통제장비/통합솔루션"",""company_id"":""CMP0110"",""source_file"":""항공안전기술원_드론정보포털_기업명_사업분야_20240424 (1).csv"",""as_of_date"":""2024-04-24"",""coverage_note"":""드론정보포털 수록 240개사 디렉터리이며 국내 전체 드론 사업체가 아님""}"
780f8abdfe2659481bab6116,portal_company_directory_clean,18,"{""company_name_raw"":""(주)솔더"",""company_name_normalized"":""솔더"",""business_categories_raw"":""감시.정찰.수색/인프라관리/물류·운송·구조/방역/방제/살포/다목적 H/W/임무장비"",""company_id"":""CMP0130"",""source_file"":""항공안전기술원_드론정보포털_기업명_사업분야_20240424 (1).csv"",""as_of_date"":""2024-04-24"",""coverage_note"":""드론정보포털 수록 240개사 디렉터리이며 국내 전체 드론 사업체가 아님""}"
a710d63d402ea8577f4ff38d,portal_company_directory_clean,19,"{""company_name_raw"":""(주)솔빛"",""company_name_normalized"":""솔빛"",""business_categories_raw"":""감시.정찰.수색/인프라관리/물류·운송·구조/방역/방제/살포/임무장비"",""company_id"":""CMP0132"",""source_file"":""항공안전기술원_드론정보포털_기업명_사업분야_20240424 (1).csv"",""as_of_date"":""2024-04-24"",""coverage_note"":""드론정보포털 수록 240개사 디렉터리이며 국내 전체 드론 사업체가 아님""}"
a93d2c2a43db441890435e4c,portal_company_directory_clean,20,"{""company_name_raw"":""(주)스마티"",""company_name_normalized"":""스마티"",""business_categories_raw"":""감시.정찰.수색/인프라관리/물류·운송·구조/드론스테이션/모듈"",""company_id"":""CMP0136"",""source_file"":""항공안전기술원_드론정보포털_기업명_사업분야_20240424 (1).csv"",""as_of_date"":""2024-04-24"",""coverage_note"":""드론정보포털 수록 240개사 디렉터리이며 국내 전체 드론 사업체가 아님""}"
7fca7725dbf49423849bccf4,portal_company_directory_clean,21,"{""company_name_raw"":""(주)아이엔"",""company_name_normalized"":""아이엔"",""business_categories_raw"":""물류·운송·구조/방역/방제/살포/환경측량/취미·교육/드론스테이션"",""company_id"":""CMP0153"",""source_file"":""항공안전기술원_드론정보포털_기업명_사업분야_20240424 (1).csv"",""as_of_date"":""2024-04-24"",""coverage_note"":""드론정보포털 수록 240개사 디렉터리이며 국내 전체 드론 사업체가 아님""}"
1854b31864c9d38292860fbd,portal_company_directory_clean,22,"{""company_name_raw"":""(주)에스엠소프트"",""company_name_normalized"":""에스엠소프트"",""business_categories_raw"":""감시.정찰.수색/인프라관리/물류·운송·구조/공간정보/특수촬영/방역/방제/살포/환경측량/다목적 H/W/취미·교육/드론스테이션/안티드론/임무장비/모듈/지상통제장비/통합솔루션/앱"",""company_id"":""CMP0165"",""source_file"":""항공안전기술원_드론정보포털_기업명_사업분야_20240424 (1).csv"",""as_of_date"":""2024-04-24"",""coverage_note"":""드론정보포털 수록 240개사 디렉터리이며 국내 전체 드론 사업체가 아님""}"
6e6ddcaa8057f099d69b9b2f,portal_company_directory_clean,23,"{""company_name_raw"":""(주)에어로디제이컨설팅"",""company_name_normalized"":""에어로디제이컨설팅"",""business_categories_raw"":""감시.정찰.수색/인프라관리/물류·운송·구조/다목적 H/W/안티드론/지상통제장비/기타"",""company_id"":""CMP0168"",""source_file"":""항공안전기술원_드론정보포털_기업명_사업분야_20240424 (1).csv"",""as_of_date"":""2024-04-24"",""coverage_note"":""드론정보포털 수록 240개사 디렉터리이며 국내 전체 드론 사업체가 아님""}"
a8c7ba5b2b0bf1be1d6b6799,portal_company_directory_clean,24,"{""company_name_raw"":""(주)이노스카이"",""company_name_normalized"":""이노스카이"",""business_categories_raw"":""기타"",""company_id"":""CMP0208"",""source_file"":""항공안전기술원_드론정보포털_기업명_사업분야_20240424 (1).csv"",""as_of_date"":""2024-04-24"",""coverage_note"":""드론정보포털 수록 240개사 디렉터리이며 국내 전체 드론 사업체가 아님""}"
d449b45422dcef24d5ddbd3a,portal_company_directory_clean,25,"{""company_name_raw"":""(주)이투비비"",""company_name_normalized"":""이투비비"",""business_categories_raw"":""안티드론"",""company_id"":""CMP0213"",""source_file"":""항공안전기술원_드론정보포털_기업명_사업분야_20240424 (1).csv"",""as_of_date"":""2024-04-24"",""coverage_note"":""드론정보포털 수록 240개사 디렉터리이며 국내 전체 드론 사업체가 아님""}"
238d98aae417b6bc0f268ef2,portal_company_directory_clean,26,"{""company_name_raw"":""(주)인투스카이"",""company_name_normalized"":""인투스카이"",""business_categories_raw"":""감시.정찰.수색/인프라관리/물류·운송·구조/공간정보/특수촬영/방역/방제/살포/다목적 H/W/취미·교육/임무장비/모듈/지상통제장비/통합솔루션/앱"",""company_id"":""CMP0216"",""source_file"":""항공안전기술원_드론정보포털_기업명_사업분야_20240424 (1).csv"",""as_of_date"":""2024-04-24"",""coverage_note"":""드론정보포털 수록 240개사 디렉터리이며 국내 전체 드론 사업체가 아님""}"
23eea1d18830be9f770fd4d1,portal_company_directory_clean,27,"{""company_name_raw"":""(주)제이와이시스템"",""company_name_normalized"":""제이와이시스템"",""business_categories_raw"":""감시.정찰.수색/인프라관리/공간정보/특수촬영/환경측량/임무장비"",""company_id"":""CMP0221"",""source_file"":""항공안전기술원_드론정보포털_기업명_사업분야_20240424 (1).csv"",""as_of_date"":""2024-04-24"",""coverage_note"":""드론정보포털 수록 240개사 디렉터리이며 국내 전체 드론 사업체가 아님""}"
2a9e21b1df878fb4af10cb49,portal_company_directory_clean,28,"{""company_name_raw"":""(주)코세코"",""company_name_normalized"":""코세코"",""business_categories_raw"":""감시.정찰.수색/인프라관리/공간정보/특수촬영/환경측량/드론스테이션/임무장비/통합솔루션/기타"",""company_id"":""CMP0235"",""source_file"":""항공안전기술원_드론정보포털_기업명_사업분야_20240424 (1).csv"",""as_of_date"":""2024-04-24"",""coverage_note"":""드론정보포털 수록 240개사 디렉터리이며 국내 전체 드론 사업체가 아님""}"
15d5486df491e6ba7f34149c,portal_company_directory_clean,29,"{""company_name_raw"":""(주)플라이존드론교육원"",""company_name_normalized"":""플라이존드론교육원"",""business_categories_raw"":""취미·교육"",""company_id"":""CMP0255"",""source_file"":""항공안전기술원_드론정보포털_기업명_사업분야_20240424 (1).csv"",""as_of_date"":""2024-04-24"",""coverage_note"":""드론정보포털 수록 240개사 디렉터리이며 국내 전체 드론 사업체가 아님""}"
8934350f43613c2677ae43fd,portal_company_directory_clean,30,"{""company_name_raw"":""(주)픽소니어"",""company_name_normalized"":""픽소니어"",""business_categories_raw"":""감시.정찰.수색/인프라관리/공간정보/특수촬영/환경측량/드론스테이션/안티드론/임무장비/지상통제장비/통합솔루션"",""company_id"":""CMP0257"",""source_file"":""항공안전기술원_드론정보포털_기업명_사업분야_20240424 (1).csv"",""as_of_date"":""2024-04-24"",""coverage_note"":""드론정보포털 수록 240개사 디렉터리이며 국내 전체 드론 사업체가 아님""}"
e2dc86694015fc0b34d58852,portal_company_directory_clean,31,"{""company_name_raw"":""(주)한국드론센터"",""company_name_normalized"":""한국드론센터"",""business_categories_raw"":""감시.정찰.수색/인프라관리/물류·운송·구조/공간정보/특수촬영/방역/방제/살포/환경측량/다목적 H/W/취미·교육"",""company_id"":""CMP0266"",""source_file"":""항공안전기술원_드론정보포털_기업명_사업분야_20240424 (1).csv"",""as_of_date"":""2024-04-24"",""coverage_note"":""드론정보포털 수록 240개사 디렉터리이며 국내 전체 드론 사업체가 아님""}"
48bd24383026fdf5b3f337d7,portal_company_directory_clean,32,"{""company_name_raw"":""(주)한국헬리콥터"",""company_name_normalized"":""한국헬리콥터"",""business_categories_raw"":""감시.정찰.수색/인프라관리/물류·운송·구조/방역/방제/살포/다목적 H/W/임무장비/지상통제장비/통합솔루션/앱"",""company_id"":""CMP0278"",""source_file"":""항공안전기술원_드론정보포털_기업명_사업분야_20240424 (1).csv"",""as_of_date"":""2024-04-24"",""coverage_note"":""드론정보포털 수록 240개사 디렉터리이며 국내 전체 드론 사업체가 아님""}"
229f7a359d008c47b4e05fbf,portal_company_directory_clean,33,"{""company_name_raw"":""(주)해오름드론항공"",""company_name_normalized"":""해오름드론항공"",""business_categories_raw"":""감시.정찰.수색/인프라관리/물류·운송·구조/공간정보/특수촬영/방역/방제/살포/환경측량/다목적 H/W/방송·공연/취미·교육/드론스테이션/안티드론/임무장비/모듈/지상통제장비/통합솔루션/앱/기타"",""company_id"":""CMP0286"",""source_file"":""항공안전기술원_드론정보포털_기업명_사업분야_20240424 (1).csv"",""as_of_date"":""2024-04-24"",""coverage_note"":""드론정보포털 수록 240개사 디렉터리이며 국내 전체 드론 사업체가 아님""}"
360eb3db220d6dce0cd528e9,portal_company_directory_clean,34,"{""company_name_raw"":""(협)한국드론진흥원"",""company_name_normalized"":""(협)한국드론진흥원"",""business_categories_raw"":""감시.정찰.수색/인프라관리/공간정보/특수촬영/방역/방제/살포/방송·공연/취미·교육/임무장비"",""company_id"":""CMP0293"",""source_file"":""항공안전기술원_드론정보포털_기업명_사업분야_20240424 (1).csv"",""as_of_date"":""2024-04-24"",""coverage_note"":""드론정보포털 수록 240개사 디렉터리이며 국내 전체 드론 사업체가 아님""}"
bcfc4ade5f5c28ae5b78dde8,portal_company_directory_clean,35,"{""company_name_raw"":""4S Mapper"",""company_name_normalized"":""4S Mapper"",""business_categories_raw"":""공간정보/특수촬영/환경측량/다목적 H/W/모듈/지상통제장비/통합솔루션"",""company_id"":""CMP0001"",""source_file"":""항공안전기술원_드론정보포털_기업명_사업분야_20240424 (1).csv"",""as_of_date"":""2024-04-24"",""coverage_note"":""드론정보포털 수록 240개사 디렉터리이며 국내 전체 드론 사업체가 아님""}"
51b91d0d424d017551d727ae,portal_company_directory_clean,36,"{""company_name_raw"":""LIG넥스원"",""company_name_normalized"":""LIG넥스원"",""business_categories_raw"":""감시.정찰.수색/인프라관리"",""company_id"":""CMP0002"",""source_file"":""항공안전기술원_드론정보포털_기업명_사업분야_20240424 (1).csv"",""as_of_date"":""2024-04-24"",""coverage_note"":""드론정보포털 수록 240개사 디렉터리이며 국내 전체 드론 사업체가 아님""}"
89fa1b2e21d0ab9477945b7d,portal_company_directory_clean,37,"{""company_name_raw"":""강남무인항공"",""company_name_normalized"":""강남무인항공"",""business_categories_raw"":""방역/방제/살포/취미·교육/기타"",""company_id"":""CMP0007"",""source_file"":""항공안전기술원_드론정보포털_기업명_사업분야_20240424 (1).csv"",""as_of_date"":""2024-04-24"",""coverage_note"":""드론정보포털 수록 240개사 디렉터리이며 국내 전체 드론 사업체가 아님""}"
9ccf0ca4f3ed546f6b41e423,portal_company_directory_clean,38,"{""company_name_raw"":""건국대학교 산학협력단"",""company_name_normalized"":""건국대학교 산학협력단"",""business_categories_raw"":""앱/기타"",""company_id"":""CMP0008"",""source_file"":""항공안전기술원_드론정보포털_기업명_사업분야_20240424 (1).csv"",""as_of_date"":""2024-04-24"",""coverage_note"":""드론정보포털 수록 240개사 디렉터리이며 국내 전체 드론 사업체가 아님""}"
073d3562b61170dedc455d0b,portal_company_directory_clean,39,"{""company_name_raw"":""고양드론앵커센터"",""company_name_normalized"":""고양드론앵커센터"",""business_categories_raw"":""취미·교육/기타"",""company_id"":""CMP0013"",""source_file"":""항공안전기술원_드론정보포털_기업명_사업분야_20240424 (1).csv"",""as_of_date"":""2024-04-24"",""coverage_note"":""드론정보포털 수록 240개사 디렉터리이며 국내 전체 드론 사업체가 아님""}"
369ca2f9b6229a8d3f787b53,portal_company_directory_clean,40,"{""company_name_raw"":""공간정보"",""company_name_normalized"":""공간정보"",""business_categories_raw"":""감시.정찰.수색/인프라관리/물류·운송·구조"",""company_id"":""CMP0014"",""source_file"":""항공안전기술원_드론정보포털_기업명_사업분야_20240424 (1).csv"",""as_of_date"":""2024-04-24"",""coverage_note"":""드론정보포털 수록 240개사 디렉터리이며 국내 전체 드론 사업체가 아님""}"
e6f334e25f5876ed28f74cea,portal_company_directory_clean,41,"{""company_name_raw"":""국제드론표준산업협회"",""company_name_normalized"":""국제드론표준산업협회"",""business_categories_raw"":""감시.정찰.수색/인프라관리/물류·운송·구조/취미·교육/통합솔루션/기타"",""company_id"":""CMP0016"",""source_file"":""항공안전기술원_드론정보포털_기업명_사업분야_20240424 (1).csv"",""as_of_date"":""2024-04-24"",""coverage_note"":""드론정보포털 수록 240개사 디렉터리이며 국내 전체 드론 사업체가 아님""}"
8c1abfc6722eb92637cff62a,portal_company_directory_clean,42,"{""company_name_raw"":""국토드론센터"",""company_name_normalized"":""국토드론센터"",""business_categories_raw"":""감시.정찰.수색/인프라관리/물류·운송·구조/공간정보/특수촬영/방역/방제/살포/방송·공연/취미·교육"",""company_id"":""CMP0017"",""source_file"":""항공안전기술원_드론정보포털_기업명_사업분야_20240424 (1).csv"",""as_of_date"":""2024-04-24"",""coverage_note"":""드론정보포털 수록 240개사 디렉터리이며 국내 전체 드론 사업체가 아님""}"
1d72d9fe9631d62820468da9,portal_company_directory_clean,43,"{""company_name_raw"":""그리폰다이나믹스"",""company_name_normalized"":""그리폰다이나믹스"",""business_categories_raw"":""감시.정찰.수색/인프라관리/물류·운송·구조/공간정보/특수촬영/환경측량"",""company_id"":""CMP0020"",""source_file"":""항공안전기술원_드론정보포털_기업명_사업분야_20240424 (1).csv"",""as_of_date"":""2024-04-24"",""coverage_note"":""드론정보포털 수록 240개사 디렉터리이며 국내 전체 드론 사업체가 아님""}"
af0b99a91c68d65ad4fe2a0b,portal_company_directory_clean,44,"{""company_name_raw"":""나라항공기술"",""company_name_normalized"":""나라항공기술"",""business_categories_raw"":""방역/방제/살포"",""company_id"":""CMP0024"",""source_file"":""항공안전기술원_드론정보포털_기업명_사업분야_20240424 (1).csv"",""as_of_date"":""2024-04-24"",""coverage_note"":""드론정보포털 수록 240개사 디렉터리이며 국내 전체 드론 사업체가 아님""}"
724e2edb5a310c07417b30bd,portal_company_directory_clean,45,"{""company_name_raw"":""나래기술"",""company_name_normalized"":""나래기술"",""business_categories_raw"":""드론스테이션/다목적 H/W/취미·교육/임무장비/모듈/지상통제장비/통합솔루션/기타"",""company_id"":""CMP0025"",""source_file"":""항공안전기술원_드론정보포털_기업명_사업분야_20240424 (1).csv"",""as_of_date"":""2024-04-24"",""coverage_note"":""드론정보포털 수록 240개사 디렉터리이며 국내 전체 드론 사업체가 아님""}"
06ab30cfe27bde5ffc0510dd,portal_company_directory_clean,46,"{""company_name_raw"":""나르마"",""company_name_normalized"":""나르마"",""business_categories_raw"":""물류·운송·구조"",""company_id"":""CMP0026"",""source_file"":""항공안전기술원_드론정보포털_기업명_사업분야_20240424 (1).csv"",""as_of_date"":""2024-04-24"",""coverage_note"":""드론정보포털 수록 240개사 디렉터리이며 국내 전체 드론 사업체가 아님""}"
774cf4c8880c41b97412e42b,portal_company_directory_clean,47,"{""company_name_raw"":""남양주드론항공센터"",""company_name_normalized"":""남양주드론항공센터"",""business_categories_raw"":""방역/방제/살포/취미·교육"",""company_id"":""CMP0028"",""source_file"":""항공안전기술원_드론정보포털_기업명_사업분야_20240424 (1).csv"",""as_of_date"":""2024-04-24"",""coverage_note"":""드론정보포털 수록 240개사 디렉터리이며 국내 전체 드론 사업체가 아님""}"
e9bbc2ae51c675dfed35d3a4,portal_company_directory_clean,48,"{""company_name_raw"":""네스앤텍"",""company_name_normalized"":""네스앤텍"",""business_categories_raw"":""감시.정찰.수색/인프라관리/드론스테이션/임무장비/모듈/통합솔루션"",""company_id"":""CMP0029"",""source_file"":""항공안전기술원_드론정보포털_기업명_사업분야_20240424 (1).csv"",""as_of_date"":""2024-04-24"",""coverage_note"":""드론정보포털 수록 240개사 디렉터리이며 국내 전체 드론 사업체가 아님""}"
543b56ad37c4b5023ddfe096,portal_company_directory_clean,49,"{""company_name_raw"":""네오와인"",""company_name_normalized"":""네오와인"",""business_categories_raw"":""모듈"",""company_id"":""CMP0030"",""source_file"":""항공안전기술원_드론정보포털_기업명_사업분야_20240424 (1).csv"",""as_of_date"":""2024-04-24"",""coverage_note"":""드론정보포털 수록 240개사 디렉터리이며 국내 전체 드론 사업체가 아님""}"
e80cad133143c877187fc60e,portal_company_directory_clean,50,"{""company_name_raw"":""네온테크"",""company_name_normalized"":""네온테크"",""business_categories_raw"":""감시.정찰.수색/인프라관리/물류·운송·구조/공간정보/특수촬영"",""company_id"":""CMP0031"",""source_file"":""항공안전기술원_드론정보포털_기업명_사업분야_20240424 (1).csv"",""as_of_date"":""2024-04-24"",""coverage_note"":""드론정보포털 수록 240개사 디렉터리이며 국내 전체 드론 사업체가 아님""}"
52528dd7637cece1763d028f,portal_company_directory_clean,51,"{""company_name_raw"":""넥스컴스"",""company_name_normalized"":""넥스컴스"",""business_categories_raw"":""감시.정찰.수색/인프라관리"",""company_id"":""CMP0032"",""source_file"":""항공안전기술원_드론정보포털_기업명_사업분야_20240424 (1).csv"",""as_of_date"":""2024-04-24"",""coverage_note"":""드론정보포털 수록 240개사 디렉터리이며 국내 전체 드론 사업체가 아님""}"
70633257333ff75ebd709370,portal_company_directory_clean,52,"{""company_name_raw"":""노타"",""company_name_normalized"":""노타"",""business_categories_raw"":""감시.정찰.수색/인프라관리/통합솔루션"",""company_id"":""CMP0033"",""source_file"":""항공안전기술원_드론정보포털_기업명_사업분야_20240424 (1).csv"",""as_of_date"":""2024-04-24"",""coverage_note"":""드론정보포털 수록 240개사 디렉터리이며 국내 전체 드론 사업체가 아님""}"
9dcbbb2b4a9897b2d91530d3,portal_company_directory_clean,53,"{""company_name_raw"":""농업회사법인 주식회사 금산"",""company_name_normalized"":""농업회사법인 주식회사 금산"",""business_categories_raw"":""감시.정찰.수색/인프라관리/물류·운송·구조/공간정보/특수촬영/방역/방제/살포/환경측량/다목적 H/W/드론스테이션/임무장비/지상통제장비/통합솔루션/앱"",""company_id"":""CMP0034"",""source_file"":""항공안전기술원_드론정보포털_기업명_사업분야_20240424 (1).csv"",""as_of_date"":""2024-04-24"",""coverage_note"":""드론정보포털 수록 240개사 디렉터리이며 국내 전체 드론 사업체가 아님""}"
b1239a4d2cb4024f1fa4472d,portal_company_directory_clean,54,"{""company_name_raw"":""니어스랩"",""company_name_normalized"":""니어스랩"",""business_categories_raw"":""감시.정찰.수색/인프라관리"",""company_id"":""CMP0037"",""source_file"":""항공안전기술원_드론정보포털_기업명_사업분야_20240424 (1).csv"",""as_of_date"":""2024-04-24"",""coverage_note"":""드론정보포털 수록 240개사 디렉터리이며 국내 전체 드론 사업체가 아님""}"
4bd7bc53b7384aed2c9a8b9a,portal_company_directory_clean,55,"{""company_name_raw"":""다산항공드론교육원"",""company_name_normalized"":""다산항공드론교육원"",""business_categories_raw"":""기타/감시.정찰.수색/인프라관리/공간정보/특수촬영/방역/방제/살포/방송·공연/취미·교육"",""company_id"":""CMP0038"",""source_file"":""항공안전기술원_드론정보포털_기업명_사업분야_20240424 (1).csv"",""as_of_date"":""2024-04-24"",""coverage_note"":""드론정보포털 수록 240개사 디렉터리이며 국내 전체 드론 사업체가 아님""}"
21708d3f8c02b92fd5bc7967,portal_company_directory_clean,56,"{""company_name_raw"":""단트넷"",""company_name_normalized"":""단트넷"",""business_categories_raw"":""감시.정찰.수색/인프라관리/취미·교육"",""company_id"":""CMP0041"",""source_file"":""항공안전기술원_드론정보포털_기업명_사업분야_20240424 (1).csv"",""as_of_date"":""2024-04-24"",""coverage_note"":""드론정보포털 수록 240개사 디렉터리이며 국내 전체 드론 사업체가 아님""}"
a7883e05f3459df7fad53cfc,portal_company_directory_clean,57,"{""company_name_raw"":""대영드론솔루션(주)"",""company_name_normalized"":""대영드론솔루션(주)"",""business_categories_raw"":""공간정보/특수촬영/취미·교육/임무장비/통합솔루션"",""company_id"":""CMP0044"",""source_file"":""항공안전기술원_드론정보포털_기업명_사업분야_20240424 (1).csv"",""as_of_date"":""2024-04-24"",""coverage_note"":""드론정보포털 수록 240개사 디렉터리이며 국내 전체 드론 사업체가 아님""}"
af09e35272320b70cccef82b,portal_company_directory_clean,58,"{""company_name_raw"":""대한항공"",""company_name_normalized"":""대한항공"",""business_categories_raw"":""감시.정찰.수색/인프라관리"",""company_id"":""CMP0049"",""source_file"":""항공안전기술원_드론정보포털_기업명_사업분야_20240424 (1).csv"",""as_of_date"":""2024-04-24"",""coverage_note"":""드론정보포털 수록 240개사 디렉터리이며 국내 전체 드론 사업체가 아님""}"
6144ce4869e76eb012ec8a06,portal_company_directory_clean,59,"{""company_name_raw"":""더 드론"",""company_name_normalized"":""더 드론"",""business_categories_raw"":""감시.정찰.수색/인프라관리/물류·운송·구조/공간정보/특수촬영/방역/방제/살포/환경측량/방송·공연/취미·교육"",""company_id"":""CMP0051"",""source_file"":""항공안전기술원_드론정보포털_기업명_사업분야_20240424 (1).csv"",""as_of_date"":""2024-04-24"",""coverage_note"":""드론정보포털 수록 240개사 디렉터리이며 국내 전체 드론 사업체가 아님""}"
feece758285a080233156f54,portal_company_directory_clean,60,"{""company_name_raw"":""더피치"",""company_name_normalized"":""더피치"",""business_categories_raw"":""다목적 H/W/모듈/통합솔루션/앱"",""company_id"":""CMP0052"",""source_file"":""항공안전기술원_드론정보포털_기업명_사업분야_20240424 (1).csv"",""as_of_date"":""2024-04-24"",""coverage_note"":""드론정보포털 수록 240개사 디렉터리이며 국내 전체 드론 사업체가 아님""}"
eb6a49d4a97009221847183b,portal_company_directory_clean,61,"{""company_name_raw"":""동부엔지니어링(주)"",""company_name_normalized"":""동부엔지니어링(주)"",""business_categories_raw"":""환경측량/공간정보/특수촬영"",""company_id"":""CMP0055"",""source_file"":""항공안전기술원_드론정보포털_기업명_사업분야_20240424 (1).csv"",""as_of_date"":""2024-04-24"",""coverage_note"":""드론정보포털 수록 240개사 디렉터리이며 국내 전체 드론 사업체가 아님""}"
a1a2a9a7fba56d0916fa1fca,portal_company_directory_clean,62,"{""company_name_raw"":""두드론"",""company_name_normalized"":""두드론"",""business_categories_raw"":""드론스테이션"",""company_id"":""CMP0056"",""source_file"":""항공안전기술원_드론정보포털_기업명_사업분야_20240424 (1).csv"",""as_of_date"":""2024-04-24"",""coverage_note"":""드론정보포털 수록 240개사 디렉터리이며 국내 전체 드론 사업체가 아님""}"
8536dae6cc72e6675263847a,portal_company_directory_clean,63,"{""company_name_raw"":""두산모빌리티이노베이션"",""company_name_normalized"":""두산모빌리티이노베이션"",""business_categories_raw"":""감시.정찰.수색/인프라관리/물류·운송·구조"",""company_id"":""CMP0057"",""source_file"":""항공안전기술원_드론정보포털_기업명_사업분야_20240424 (1).csv"",""as_of_date"":""2024-04-24"",""coverage_note"":""드론정보포털 수록 240개사 디렉터리이며 국내 전체 드론 사업체가 아님""}"
fc73e357956ca05c7b39aa5c,portal_company_directory_clean,64,"{""company_name_raw"":""두시텍"",""company_name_normalized"":""두시텍"",""business_categories_raw"":""감시.정찰.수색/인프라관리/공간정보/특수촬영"",""company_id"":""CMP0058"",""source_file"":""항공안전기술원_드론정보포털_기업명_사업분야_20240424 (1).csv"",""as_of_date"":""2024-04-24"",""coverage_note"":""드론정보포털 수록 240개사 디렉터리이며 국내 전체 드론 사업체가 아님""}"
1cb958bdba59813b8eb68f10,portal_company_directory_clean,65,"{""company_name_raw"":""두타기술"",""company_name_normalized"":""두타기술"",""business_categories_raw"":""안티드론"",""company_id"":""CMP0059"",""source_file"":""항공안전기술원_드론정보포털_기업명_사업분야_20240424 (1).csv"",""as_of_date"":""2024-04-24"",""coverage_note"":""드론정보포털 수록 240개사 디렉터리이며 국내 전체 드론 사업체가 아님""}"
c45f2fb0081030e1fc32391b,portal_company_directory_clean,66,"{""company_name_raw"":""드론- 디디에이(DRONE DDA)"",""company_name_normalized"":""드론- 디디에이(DRONE DDA)"",""business_categories_raw"":""취미·교육/공간정보/특수촬영/방역/방제/살포/환경측량/임무장비"",""company_id"":""CMP0062"",""source_file"":""항공안전기술원_드론정보포털_기업명_사업분야_20240424 (1).csv"",""as_of_date"":""2024-04-24"",""coverage_note"":""드론정보포털 수록 240개사 디렉터리이며 국내 전체 드론 사업체가 아님""}"
7ddfb5fa2cc9c61294a8d1f1,portal_company_directory_clean,67,"{""company_name_raw"":""드론매거진"",""company_name_normalized"":""드론매거진"",""business_categories_raw"":""방송·공연/기타"",""company_id"":""CMP0063"",""source_file"":""항공안전기술원_드론정보포털_기업명_사업분야_20240424 (1).csv"",""as_of_date"":""2024-04-24"",""coverage_note"":""드론정보포털 수록 240개사 디렉터리이며 국내 전체 드론 사업체가 아님""}"
e93a560fbba6cde1d8e6f0d0,portal_company_directory_clean,68,"{""company_name_raw"":""드론메이커"",""company_name_normalized"":""드론메이커"",""business_categories_raw"":""앱/기타"",""company_id"":""CMP0064"",""source_file"":""항공안전기술원_드론정보포털_기업명_사업분야_20240424 (1).csv"",""as_of_date"":""2024-04-24"",""coverage_note"":""드론정보포털 수록 240개사 디렉터리이며 국내 전체 드론 사업체가 아님""}"
47827f9e561b0b7653403aa8,portal_company_directory_clean,69,"{""company_name_raw"":""드론메이커스항공(주)"",""company_name_normalized"":""드론메이커스항공(주)"",""business_categories_raw"":""감시.정찰.수색/인프라관리/물류·운송·구조/공간정보/특수촬영/환경측량/다목적 H/W/방송·공연/취미·교육/드론스테이션/임무장비/모듈"",""company_id"":""CMP0065"",""source_file"":""항공안전기술원_드론정보포털_기업명_사업분야_20240424 (1).csv"",""as_of_date"":""2024-04-24"",""coverage_note"":""드론정보포털 수록 240개사 디렉터리이며 국내 전체 드론 사업체가 아님""}"
80b412b983bac8072ee08d92,portal_company_directory_clean,70,"{""company_name_raw"":""드론미디어"",""company_name_normalized"":""드론미디어"",""business_categories_raw"":""방송·공연"",""company_id"":""CMP0066"",""source_file"":""항공안전기술원_드론정보포털_기업명_사업분야_20240424 (1).csv"",""as_of_date"":""2024-04-24"",""coverage_note"":""드론정보포털 수록 240개사 디렉터리이며 국내 전체 드론 사업체가 아님""}"
768d788108639f03d07abcd3,portal_company_directory_clean,71,"{""company_name_raw"":""드론버스"",""company_name_normalized"":""드론버스"",""business_categories_raw"":""물류·운송·구조"",""company_id"":""CMP0067"",""source_file"":""항공안전기술원_드론정보포털_기업명_사업분야_20240424 (1).csv"",""as_of_date"":""2024-04-24"",""coverage_note"":""드론정보포털 수록 240개사 디렉터리이며 국내 전체 드론 사업체가 아님""}"
f58e2025214a028aba0c5e23,portal_company_directory_clean,72,"{""company_name_raw"":""드론스퀘어"",""company_name_normalized"":""드론스퀘어"",""business_categories_raw"":""감시.정찰.수색/인프라관리/물류·운송·구조/공간정보/특수촬영/환경측량/다목적 H/W/취미·교육/드론스테이션/모듈/통합솔루션"",""company_id"":""CMP0068"",""source_file"":""항공안전기술원_드론정보포털_기업명_사업분야_20240424 (1).csv"",""as_of_date"":""2024-04-24"",""coverage_note"":""드론정보포털 수록 240개사 디렉터리이며 국내 전체 드론 사업체가 아님""}"
3a8f724d0db55386c88c78af,portal_company_directory_clean,73,"{""company_name_raw"":""드론안전기술"",""company_name_normalized"":""드론안전기술"",""business_categories_raw"":""감시.정찰.수색/인프라관리/공간정보/특수촬영/방역/방제/살포/환경측량"",""company_id"":""CMP0070"",""source_file"":""항공안전기술원_드론정보포털_기업명_사업분야_20240424 (1).csv"",""as_of_date"":""2024-04-24"",""coverage_note"":""드론정보포털 수록 240개사 디렉터리이며 국내 전체 드론 사업체가 아님""}"
4370ca36e9beaab88ed83240,portal_company_directory_clean,74,"{""company_name_raw"":""드론월드"",""company_name_normalized"":""드론월드"",""business_categories_raw"":""통합솔루션/감시.정찰.수색/인프라관리/물류·운송·구조/공간정보/특수촬영/방역/방제/살포/취미·교육/임무장비"",""company_id"":""CMP0071"",""source_file"":""항공안전기술원_드론정보포털_기업명_사업분야_20240424 (1).csv"",""as_of_date"":""2024-04-24"",""coverage_note"":""드론정보포털 수록 240개사 디렉터리이며 국내 전체 드론 사업체가 아님""}"
99bea8f5d2674d6388438f57,portal_company_directory_clean,75,"{""company_name_raw"":""드론테크"",""company_name_normalized"":""드론테크"",""business_categories_raw"":""감시.정찰.수색/인프라관리/물류·운송·구조/공간정보/특수촬영/다목적 H/W/방송·공연/취미·교육/임무장비/감시.정찰.수색/인프라관리/물류·운송·구조/방역/방제/살포/다목적 H/W/취미·교육/임무장비/모듈"",""company_id"":""CMP0073"",""source_file"":""항공안전기술원_드론정보포털_기업명_사업분야_20240424 (1).csv"",""as_of_date"":""2024-04-24"",""coverage_note"":""드론정보포털 수록 240개사 디렉터리이며 국내 전체 드론 사업체가 아님""}"
13a44fb74b485b6a2eb375ca,portal_company_directory_clean,76,"{""company_name_raw"":""드론핏"",""company_name_normalized"":""드론핏"",""business_categories_raw"":""감시.정찰.수색/인프라관리/취미·교육/통합솔루션/앱/기타"",""company_id"":""CMP0075"",""source_file"":""항공안전기술원_드론정보포털_기업명_사업분야_20240424 (1).csv"",""as_of_date"":""2024-04-24"",""coverage_note"":""드론정보포털 수록 240개사 디렉터리이며 국내 전체 드론 사업체가 아님""}"
c305e408f545f675e833c4f0,portal_company_directory_clean,77,"{""company_name_raw"":""드림플라잉"",""company_name_normalized"":""드림플라잉"",""business_categories_raw"":""취미·교육"",""company_id"":""CMP0076"",""source_file"":""항공안전기술원_드론정보포털_기업명_사업분야_20240424 (1).csv"",""as_of_date"":""2024-04-24"",""coverage_note"":""드론정보포털 수록 240개사 디렉터리이며 국내 전체 드론 사업체가 아님""}"
45e8c75c538f9f96afe019c0,portal_company_directory_clean,78,"{""company_name_raw"":""디브레인"",""company_name_normalized"":""디브레인"",""business_categories_raw"":""감시.정찰.수색/인프라관리"",""company_id"":""CMP0077"",""source_file"":""항공안전기술원_드론정보포털_기업명_사업분야_20240424 (1).csv"",""as_of_date"":""2024-04-24"",""coverage_note"":""드론정보포털 수록 240개사 디렉터리이며 국내 전체 드론 사업체가 아님""}"
88fb18a1bf6acdffaf83ae31,portal_company_directory_clean,79,"{""company_name_raw"":""디스이즈엔지니어링"",""company_name_normalized"":""디스이즈엔지니어링"",""business_categories_raw"":""감시.정찰.수색/인프라관리/취미·교육"",""company_id"":""CMP0078"",""source_file"":""항공안전기술원_드론정보포털_기업명_사업분야_20240424 (1).csv"",""as_of_date"":""2024-04-24"",""coverage_note"":""드론정보포털 수록 240개사 디렉터리이며 국내 전체 드론 사업체가 아님""}"
bc8141efa2101719d9ca2c2f,portal_company_directory_clean,80,"{""company_name_raw"":""디알메이커시스템"",""company_name_normalized"":""디알메이커시스템"",""business_categories_raw"":""다목적 H/W/취미·교육"",""company_id"":""CMP0079"",""source_file"":""항공안전기술원_드론정보포털_기업명_사업분야_20240424 (1).csv"",""as_of_date"":""2024-04-24"",""coverage_note"":""드론정보포털 수록 240개사 디렉터리이며 국내 전체 드론 사업체가 아님""}"
d4cad5bbfb805e3572dbc711,portal_company_directory_clean,81,"{""company_name_raw"":""디에이브이윙스"",""company_name_normalized"":""디에이브이윙스"",""business_categories_raw"":""감시.정찰.수색/인프라관리/물류·운송·구조/공간정보/특수촬영/방역/방제/살포/임무장비"",""company_id"":""CMP0082"",""source_file"":""항공안전기술원_드론정보포털_기업명_사업분야_20240424 (1).csv"",""as_of_date"":""2024-04-24"",""coverage_note"":""드론정보포털 수록 240개사 디렉터리이며 국내 전체 드론 사업체가 아님""}"
dc9e7cb789a1e9c02c19b7a2,portal_company_directory_clean,82,"{""company_name_raw"":""딥블루익스플로러"",""company_name_normalized"":""딥블루익스플로러"",""business_categories_raw"":""감시.정찰.수색/인프라관리/공간정보/특수촬영/환경측량/방송·공연/임무장비/통합솔루션/앱/기타"",""company_id"":""CMP0084"",""source_file"":""항공안전기술원_드론정보포털_기업명_사업분야_20240424 (1).csv"",""as_of_date"":""2024-04-24"",""coverage_note"":""드론정보포털 수록 240개사 디렉터리이며 국내 전체 드론 사업체가 아님""}"
71b950da077f21c910ed8cb2,portal_company_directory_clean,83,"{""company_name_raw"":""마이크로드론코리아"",""company_name_normalized"":""마이크로드론코리아"",""business_categories_raw"":""감시.정찰.수색/인프라관리"",""company_id"":""CMP0093"",""source_file"":""항공안전기술원_드론정보포털_기업명_사업분야_20240424 (1).csv"",""as_of_date"":""2024-04-24"",""coverage_note"":""드론정보포털 수록 240개사 디렉터리이며 국내 전체 드론 사업체가 아님""}"
bfa3605d920eebd4c1135821,portal_company_directory_clean,84,"{""company_name_raw"":""만물공작소"",""company_name_normalized"":""만물공작소"",""business_categories_raw"":""감시.정찰.수색/인프라관리/방역/방제/살포/드론스테이션"",""company_id"":""CMP0094"",""source_file"":""항공안전기술원_드론정보포털_기업명_사업분야_20240424 (1).csv"",""as_of_date"":""2024-04-24"",""coverage_note"":""드론정보포털 수록 240개사 디렉터리이며 국내 전체 드론 사업체가 아님""}"
eba0af985a80d9451dd49f32,portal_company_directory_clean,85,"{""company_name_raw"":""메타로보틱스"",""company_name_normalized"":""메타로보틱스"",""business_categories_raw"":""방역/방제/살포"",""company_id"":""CMP0096"",""source_file"":""항공안전기술원_드론정보포털_기업명_사업분야_20240424 (1).csv"",""as_of_date"":""2024-04-24"",""coverage_note"":""드론정보포털 수록 240개사 디렉터리이며 국내 전체 드론 사업체가 아님""}"
8310b35ad8a0124a36685709,portal_company_directory_clean,86,"{""company_name_raw"":""메타파스"",""company_name_normalized"":""메타파스"",""business_categories_raw"":""감시.정찰.수색/인프라관리/드론스테이션/모듈"",""company_id"":""CMP0097"",""source_file"":""항공안전기술원_드론정보포털_기업명_사업분야_20240424 (1).csv"",""as_of_date"":""2024-04-24"",""coverage_note"":""드론정보포털 수록 240개사 디렉터리이며 국내 전체 드론 사업체가 아님""}"
bdb076848b485ceae4af91dc,portal_company_directory_clean,87,"{""company_name_raw"":""모디랩스"",""company_name_normalized"":""모디랩스"",""business_categories_raw"":""감시.정찰.수색/인프라관리/물류·운송·구조/공간정보/특수촬영/방역/방제/살포/모듈"",""company_id"":""CMP0098"",""source_file"":""항공안전기술원_드론정보포털_기업명_사업분야_20240424 (1).csv"",""as_of_date"":""2024-04-24"",""coverage_note"":""드론정보포털 수록 240개사 디렉터리이며 국내 전체 드론 사업체가 아님""}"
edd9e9ef0558c3008a9732e9,portal_company_directory_clean,88,"{""company_name_raw"":""모터이엔지(주)"",""company_name_normalized"":""모터이엔지(주)"",""business_categories_raw"":""모듈/기타"",""company_id"":""CMP0100"",""source_file"":""항공안전기술원_드론정보포털_기업명_사업분야_20240424 (1).csv"",""as_of_date"":""2024-04-24"",""coverage_note"":""드론정보포털 수록 240개사 디렉터리이며 국내 전체 드론 사업체가 아님""}"
859b94cef440a3107f02f070,portal_company_directory_clean,89,"{""company_name_raw"":""몬스터드론"",""company_name_normalized"":""몬스터드론"",""business_categories_raw"":""취미·교육"",""company_id"":""CMP0101"",""source_file"":""항공안전기술원_드론정보포털_기업명_사업분야_20240424 (1).csv"",""as_of_date"":""2024-04-24"",""coverage_note"":""드론정보포털 수록 240개사 디렉터리이며 국내 전체 드론 사업체가 아님""}"
4e2718016e7d38d4f262bf9b,portal_company_directory_clean,90,"{""company_name_raw"":""무지개연구소"",""company_name_normalized"":""무지개연구소"",""business_categories_raw"":""모듈/통합솔루션"",""company_id"":""CMP0102"",""source_file"":""항공안전기술원_드론정보포털_기업명_사업분야_20240424 (1).csv"",""as_of_date"":""2024-04-24"",""coverage_note"":""드론정보포털 수록 240개사 디렉터리이며 국내 전체 드론 사업체가 아님""}"
7b493d464412714311298f4d,portal_company_directory_clean,91,"{""company_name_raw"":""베셀"",""company_name_normalized"":""베셀"",""business_categories_raw"":""감시.정찰.수색/인프라관리/물류·운송·구조/공간정보/특수촬영/방역/방제/살포/환경측량"",""company_id"":""CMP0105"",""source_file"":""항공안전기술원_드론정보포털_기업명_사업분야_20240424 (1).csv"",""as_of_date"":""2024-04-24"",""coverage_note"":""드론정보포털 수록 240개사 디렉터리이며 국내 전체 드론 사업체가 아님""}"
a857a68d67cc23ba01ce2687,portal_company_directory_clean,92,"{""company_name_raw"":""베이리스"",""company_name_normalized"":""베이리스"",""business_categories_raw"":""감시.정찰.수색/인프라관리/물류·운송·구조/환경측량/드론스테이션/지상통제장비/통합솔루션/앱"",""company_id"":""CMP0106"",""source_file"":""항공안전기술원_드론정보포털_기업명_사업분야_20240424 (1).csv"",""as_of_date"":""2024-04-24"",""coverage_note"":""드론정보포털 수록 240개사 디렉터리이며 국내 전체 드론 사업체가 아님""}"
1a11d9bb48074a68891a3170,portal_company_directory_clean,93,"{""company_name_raw"":""부산드론교육센터"",""company_name_normalized"":""부산드론교육센터"",""business_categories_raw"":""취미·교육"",""company_id"":""CMP0111"",""source_file"":""항공안전기술원_드론정보포털_기업명_사업분야_20240424 (1).csv"",""as_of_date"":""2024-04-24"",""coverage_note"":""드론정보포털 수록 240개사 디렉터리이며 국내 전체 드론 사업체가 아님""}"
835bb41adbb48dbab092afcd,portal_company_directory_clean,94,"{""company_name_raw"":""부산직업능력교육원"",""company_name_normalized"":""부산직업능력교육원"",""business_categories_raw"":""취미·교육"",""company_id"":""CMP0112"",""source_file"":""항공안전기술원_드론정보포털_기업명_사업분야_20240424 (1).csv"",""as_of_date"":""2024-04-24"",""coverage_note"":""드론정보포털 수록 240개사 디렉터리이며 국내 전체 드론 사업체가 아님""}"
48cf829cc360982bc86459df,portal_company_directory_clean,95,"{""company_name_raw"":""비스타컴"",""company_name_normalized"":""비스타컴"",""business_categories_raw"":""안티드론/통합솔루션"",""company_id"":""CMP0116"",""source_file"":""항공안전기술원_드론정보포털_기업명_사업분야_20240424 (1).csv"",""as_of_date"":""2024-04-24"",""coverage_note"":""드론정보포털 수록 240개사 디렉터리이며 국내 전체 드론 사업체가 아님""}"
b2100d7aa65f9204bc5c0550,portal_company_directory_clean,96,"{""company_name_raw"":""사단법인 대한드론진흥협회"",""company_name_normalized"":""대한드론진흥협회"",""business_categories_raw"":""취미·교육/기타"",""company_id"":""CMP0046"",""source_file"":""항공안전기술원_드론정보포털_기업명_사업분야_20240424 (1).csv"",""as_of_date"":""2024-04-24"",""coverage_note"":""드론정보포털 수록 240개사 디렉터리이며 국내 전체 드론 사업체가 아님""}"
89c8375fa22cffac17a9c34d,portal_company_directory_clean,97,"{""company_name_raw"":""삼정솔루션"",""company_name_normalized"":""삼정솔루션"",""business_categories_raw"":""안티드론"",""company_id"":""CMP0117"",""source_file"":""항공안전기술원_드론정보포털_기업명_사업분야_20240424 (1).csv"",""as_of_date"":""2024-04-24"",""coverage_note"":""드론정보포털 수록 240개사 디렉터리이며 국내 전체 드론 사업체가 아님""}"
9180e82b2371b032f85de866,portal_company_directory_clean,98,"{""company_name_raw"":""새론에스엔아이"",""company_name_normalized"":""새론에스엔아이"",""business_categories_raw"":""임무장비/모듈"",""company_id"":""CMP0118"",""source_file"":""항공안전기술원_드론정보포털_기업명_사업분야_20240424 (1).csv"",""as_of_date"":""2024-04-24"",""coverage_note"":""드론정보포털 수록 240개사 디렉터리이며 국내 전체 드론 사업체가 아님""}"
aeaf737c4645a52a3a3ddef3,portal_company_directory_clean,99,"{""company_name_raw"":""샘코"",""company_name_normalized"":""샘코"",""business_categories_raw"":""감시.정찰.수색/인프라관리/공간정보/특수촬영"",""company_id"":""CMP0119"",""source_file"":""항공안전기술원_드론정보포털_기업명_사업분야_20240424 (1).csv"",""as_of_date"":""2024-04-24"",""coverage_note"":""드론정보포털 수록 240개사 디렉터리이며 국내 전체 드론 사업체가 아님""}"
dfa2d768b0a344ec97c096d5,portal_company_directory_clean,100,"{""company_name_raw"":""서넙드론"",""company_name_normalized"":""서넙드론"",""business_categories_raw"":""취미·교육"",""company_id"":""CMP0120"",""source_file"":""항공안전기술원_드론정보포털_기업명_사업분야_20240424 (1).csv"",""as_of_date"":""2024-04-24"",""coverage_note"":""드론정보포털 수록 240개사 디렉터리이며 국내 전체 드론 사업체가 아님""}"
7deb5f8f82d08eeb63471dd6,portal_company_directory_clean,101,"{""company_name_raw"":""서우"",""company_name_normalized"":""서우"",""business_categories_raw"":""방역/방제/살포/기타"",""company_id"":""CMP0121"",""source_file"":""항공안전기술원_드론정보포털_기업명_사업분야_20240424 (1).csv"",""as_of_date"":""2024-04-24"",""coverage_note"":""드론정보포털 수록 240개사 디렉터리이며 국내 전체 드론 사업체가 아님""}"
366367207887023e846146b4,portal_company_directory_clean,102,"{""company_name_raw"":""서원무인기술"",""company_name_normalized"":""서원무인기술"",""business_categories_raw"":""감시.정찰.수색/인프라관리"",""company_id"":""CMP0123"",""source_file"":""항공안전기술원_드론정보포털_기업명_사업분야_20240424 (1).csv"",""as_of_date"":""2024-04-24"",""coverage_note"":""드론정보포털 수록 240개사 디렉터리이며 국내 전체 드론 사업체가 아님""}"
ddbdf0f6a8aab7862095bd36,portal_company_directory_clean,103,"{""company_name_raw"":""성문드론아카데미"",""company_name_normalized"":""성문드론아카데미"",""business_categories_raw"":""취미·교육/임무장비/감시.정찰.수색/인프라관리/물류·운송·구조/방역/방제/살포"",""company_id"":""CMP0125"",""source_file"":""항공안전기술원_드론정보포털_기업명_사업분야_20240424 (1).csv"",""as_of_date"":""2024-04-24"",""coverage_note"":""드론정보포털 수록 240개사 디렉터리이며 국내 전체 드론 사업체가 아님""}"
e35ac6a6b9ddf040e5b37141,portal_company_directory_clean,104,"{""company_name_raw"":""성우엔지니어링"",""company_name_normalized"":""성우엔지니어링"",""business_categories_raw"":""물류·운송·구조/방역/방제/살포/취미·교육/감시.정찰.수색/인프라관리"",""company_id"":""CMP0126"",""source_file"":""항공안전기술원_드론정보포털_기업명_사업분야_20240424 (1).csv"",""as_of_date"":""2024-04-24"",""coverage_note"":""드론정보포털 수록 240개사 디렉터리이며 국내 전체 드론 사업체가 아님""}"
ed1bd148777428d422551223,portal_company_directory_clean,105,"{""company_name_raw"":""세이에어"",""company_name_normalized"":""세이에어"",""business_categories_raw"":""감시.정찰.수색/인프라관리/방송·공연"",""company_id"":""CMP0127"",""source_file"":""항공안전기술원_드론정보포털_기업명_사업분야_20240424 (1).csv"",""as_of_date"":""2024-04-24"",""coverage_note"":""드론정보포털 수록 240개사 디렉터리이며 국내 전체 드론 사업체가 아님""}"
d63ea69cf9bfa30b8277ee7f,portal_company_directory_clean,106,"{""company_name_raw"":""세이프어스드론"",""company_name_normalized"":""세이프어스드론"",""business_categories_raw"":""감시.정찰.수색/인프라관리/물류·운송·구조/방역/방제/살포/환경측량"",""company_id"":""CMP0128"",""source_file"":""항공안전기술원_드론정보포털_기업명_사업분야_20240424 (1).csv"",""as_of_date"":""2024-04-24"",""coverage_note"":""드론정보포털 수록 240개사 디렉터리이며 국내 전체 드론 사업체가 아님""}"
f5800470e1ce2a2282bfd44f,portal_company_directory_clean,107,"{""company_name_raw"":""솔더드론스쿨"",""company_name_normalized"":""솔더드론스쿨"",""business_categories_raw"":""방역/방제/살포/다목적 H/W/방송·공연/취미·교육"",""company_id"":""CMP0131"",""source_file"":""항공안전기술원_드론정보포털_기업명_사업분야_20240424 (1).csv"",""as_of_date"":""2024-04-24"",""coverage_note"":""드론정보포털 수록 240개사 디렉터리이며 국내 전체 드론 사업체가 아님""}"
cfd247549982eaf82725880a,portal_company_directory_clean,108,"{""company_name_raw"":""수성알씨(수성RC)"",""company_name_normalized"":""수성알씨(수성RC)"",""business_categories_raw"":""감시.정찰.수색/인프라관리/방송·공연/취미·교육/임무장비"",""company_id"":""CMP0133"",""source_file"":""항공안전기술원_드론정보포털_기업명_사업분야_20240424 (1).csv"",""as_of_date"":""2024-04-24"",""coverage_note"":""드론정보포털 수록 240개사 디렉터리이며 국내 전체 드론 사업체가 아님""}"
4630117f9671a7cbd05f5c44,portal_company_directory_clean,109,"{""company_name_raw"":""순돌이드론"",""company_name_normalized"":""순돌이드론"",""business_categories_raw"":""감시.정찰.수색/인프라관리/물류·운송·구조/공간정보/특수촬영/방역/방제/살포/환경측량/다목적 H/W/취미·교육/드론스테이션/안티드론/임무장비/지상통제장비/통합솔루션"",""company_id"":""CMP0134"",""source_file"":""항공안전기술원_드론정보포털_기업명_사업분야_20240424 (1).csv"",""as_of_date"":""2024-04-24"",""coverage_note"":""드론정보포털 수록 240개사 디렉터리이며 국내 전체 드론 사업체가 아님""}"
4a7ddaeaa5bfead2e5549344,portal_company_directory_clean,110,"{""company_name_raw"":""숨비"",""company_name_normalized"":""숨비"",""business_categories_raw"":""물류·운송·구조/다목적 H/W/안티드론/모듈/통합솔루션/앱"",""company_id"":""CMP0135"",""source_file"":""항공안전기술원_드론정보포털_기업명_사업분야_20240424 (1).csv"",""as_of_date"":""2024-04-24"",""coverage_note"":""드론정보포털 수록 240개사 디렉터리이며 국내 전체 드론 사업체가 아님""}"
032e6807ec8396f854280c7e,portal_company_directory_clean,111,"{""company_name_raw"":""스카이시스"",""company_name_normalized"":""스카이시스"",""business_categories_raw"":""감시.정찰.수색/인프라관리"",""company_id"":""CMP0137"",""source_file"":""항공안전기술원_드론정보포털_기업명_사업분야_20240424 (1).csv"",""as_of_date"":""2024-04-24"",""coverage_note"":""드론정보포털 수록 240개사 디렉터리이며 국내 전체 드론 사업체가 아님""}"
7fe57275512da60205404b16,portal_company_directory_clean,112,"{""company_name_raw"":""스카이텍"",""company_name_normalized"":""스카이텍"",""business_categories_raw"":""감시.정찰.수색/인프라관리/모듈"",""company_id"":""CMP0140"",""source_file"":""항공안전기술원_드론정보포털_기업명_사업분야_20240424 (1).csv"",""as_of_date"":""2024-04-24"",""coverage_note"":""드론정보포털 수록 240개사 디렉터리이며 국내 전체 드론 사업체가 아님""}"
049ea87c53c6f5770032b91e,portal_company_directory_clean,113,"{""company_name_raw"":""스타맨"",""company_name_normalized"":""스타맨"",""business_categories_raw"":""모듈/기타"",""company_id"":""CMP0141"",""source_file"":""항공안전기술원_드론정보포털_기업명_사업분야_20240424 (1).csv"",""as_of_date"":""2024-04-24"",""coverage_note"":""드론정보포털 수록 240개사 디렉터리이며 국내 전체 드론 사업체가 아님""}"
5b401e3a35498167892bb045,portal_company_directory_clean,114,"{""company_name_raw"":""스타팅드론교육원"",""company_name_normalized"":""스타팅드론교육원"",""business_categories_raw"":""방역/방제/살포/취미·교육/기타"",""company_id"":""CMP0142"",""source_file"":""항공안전기술원_드론정보포털_기업명_사업분야_20240424 (1).csv"",""as_of_date"":""2024-04-24"",""coverage_note"":""드론정보포털 수록 240개사 디렉터리이며 국내 전체 드론 사업체가 아님""}"
5efaf9a051118f47f3fb3e7c,portal_company_directory_clean,115,"{""company_name_raw"":""시스테크"",""company_name_normalized"":""시스테크"",""business_categories_raw"":""감시.정찰.수색/인프라관리/공간정보/특수촬영"",""company_id"":""CMP0144"",""source_file"":""항공안전기술원_드론정보포털_기업명_사업분야_20240424 (1).csv"",""as_of_date"":""2024-04-24"",""coverage_note"":""드론정보포털 수록 240개사 디렉터리이며 국내 전체 드론 사업체가 아님""}"
90785464a706db32efc7cf90,portal_company_directory_clean,116,"{""company_name_raw"":""써드아이로보틱스"",""company_name_normalized"":""써드아이로보틱스"",""business_categories_raw"":""감시.정찰.수색/인프라관리/공간정보/특수촬영/환경측량"",""company_id"":""CMP0145"",""source_file"":""항공안전기술원_드론정보포털_기업명_사업분야_20240424 (1).csv"",""as_of_date"":""2024-04-24"",""coverage_note"":""드론정보포털 수록 240개사 디렉터리이며 국내 전체 드론 사업체가 아님""}"
0bea93191a9f6377244ab697,portal_company_directory_clean,117,"{""company_name_raw"":""아르고스다인"",""company_name_normalized"":""아르고스다인"",""business_categories_raw"":""드론스테이션/임무장비/모듈/지상통제장비/통합솔루션/공간정보/특수촬영/방역/방제/살포/환경측량/감시.정찰.수색/인프라관리"",""company_id"":""CMP0148"",""source_file"":""항공안전기술원_드론정보포털_기업명_사업분야_20240424 (1).csv"",""as_of_date"":""2024-04-24"",""coverage_note"":""드론정보포털 수록 240개사 디렉터리이며 국내 전체 드론 사업체가 아님""}"
5ae275b46714979e89f3380c,portal_company_directory_clean,118,"{""company_name_raw"":""아와소프트"",""company_name_normalized"":""아와소프트"",""business_categories_raw"":""감시.정찰.수색/인프라관리/통합솔루션"",""company_id"":""CMP0150"",""source_file"":""항공안전기술원_드론정보포털_기업명_사업분야_20240424 (1).csv"",""as_of_date"":""2024-04-24"",""coverage_note"":""드론정보포털 수록 240개사 디렉터리이며 국내 전체 드론 사업체가 아님""}"
405822578d1d38f65fb37954,portal_company_directory_clean,119,"{""company_name_raw"":""아이디에스코리아"",""company_name_normalized"":""아이디에스코리아"",""business_categories_raw"":""감시.정찰.수색/인프라관리/물류·운송·구조/공간정보/특수촬영/방역/방제/살포/임무장비"",""company_id"":""CMP0151"",""source_file"":""항공안전기술원_드론정보포털_기업명_사업분야_20240424 (1).csv"",""as_of_date"":""2024-04-24"",""coverage_note"":""드론정보포털 수록 240개사 디렉터리이며 국내 전체 드론 사업체가 아님""}"
9605045ea35bbb0ebdc63236,portal_company_directory_clean,120,"{""company_name_raw"":""아이지아이에스"",""company_name_normalized"":""아이지아이에스"",""business_categories_raw"":""통합솔루션/앱"",""company_id"":""CMP0154"",""source_file"":""항공안전기술원_드론정보포털_기업명_사업분야_20240424 (1).csv"",""as_of_date"":""2024-04-24"",""coverage_note"":""드론정보포털 수록 240개사 디렉터리이며 국내 전체 드론 사업체가 아님""}"
132f614abe7cdf5a12d0488a,portal_company_directory_clean,121,"{""company_name_raw"":""아이팝"",""company_name_normalized"":""아이팝"",""business_categories_raw"":""감시.정찰.수색/인프라관리/방역/방제/살포/다목적 H/W/드론스테이션/통합솔루션"",""company_id"":""CMP0155"",""source_file"":""항공안전기술원_드론정보포털_기업명_사업분야_20240424 (1).csv"",""as_of_date"":""2024-04-24"",""coverage_note"":""드론정보포털 수록 240개사 디렉터리이며 국내 전체 드론 사업체가 아님""}"
21d94acdc4db4b67fa744628,portal_company_directory_clean,122,"{""company_name_raw"":""알씨뱅크"",""company_name_normalized"":""알씨뱅크"",""business_categories_raw"":""감시.정찰.수색/인프라관리/물류·운송·구조/취미·교육/임무장비/모듈/통합솔루션"",""company_id"":""CMP0159"",""source_file"":""항공안전기술원_드론정보포털_기업명_사업분야_20240424 (1).csv"",""as_of_date"":""2024-04-24"",""coverage_note"":""드론정보포털 수록 240개사 디렉터리이며 국내 전체 드론 사업체가 아님""}"
b9fa2715b4f3fcce9eb6a643,portal_company_directory_clean,123,"{""company_name_raw"":""억세스위"",""company_name_normalized"":""억세스위"",""business_categories_raw"":""감시.정찰.수색/인프라관리/물류·운송·구조/공간정보/특수촬영/방역/방제/살포/환경측량"",""company_id"":""CMP0160"",""source_file"":""항공안전기술원_드론정보포털_기업명_사업분야_20240424 (1).csv"",""as_of_date"":""2024-04-24"",""coverage_note"":""드론정보포털 수록 240개사 디렉터리이며 국내 전체 드론 사업체가 아님""}"
24f8b6fa66c393199f632b62,portal_company_directory_clean,124,"{""company_name_raw"":""에보션"",""company_name_normalized"":""에보션"",""business_categories_raw"":""임무장비/통합솔루션/기타"",""company_id"":""CMP0162"",""source_file"":""항공안전기술원_드론정보포털_기업명_사업분야_20240424 (1).csv"",""as_of_date"":""2024-04-24"",""coverage_note"":""드론정보포털 수록 240개사 디렉터리이며 국내 전체 드론 사업체가 아님""}"
84b6b0d532a29754a1bf93fb,portal_company_directory_clean,125,"{""company_name_raw"":""에스아이에스"",""company_name_normalized"":""에스아이에스"",""business_categories_raw"":""감시.정찰.수색/인프라관리/물류·운송·구조/공간정보/특수촬영/방역/방제/살포/환경측량/다목적 H/W/임무장비"",""company_id"":""CMP0164"",""source_file"":""항공안전기술원_드론정보포털_기업명_사업분야_20240424 (1).csv"",""as_of_date"":""2024-04-24"",""coverage_note"":""드론정보포털 수록 240개사 디렉터리이며 국내 전체 드론 사업체가 아님""}"
4855d406926d8dc3cab43c66,portal_company_directory_clean,126,"{""company_name_raw"":""에스큐엔지니어링(주)"",""company_name_normalized"":""에스큐엔지니어링(주)"",""business_categories_raw"":""감시.정찰.수색/인프라관리/공간정보/특수촬영/환경측량/취미·교육/임무장비/기타"",""company_id"":""CMP0167"",""source_file"":""항공안전기술원_드론정보포털_기업명_사업분야_20240424 (1).csv"",""as_of_date"":""2024-04-24"",""coverage_note"":""드론정보포털 수록 240개사 디렉터리이며 국내 전체 드론 사업체가 아님""}"
4075dcfa542630c4493bb9fc,portal_company_directory_clean,127,"{""company_name_raw"":""에어온"",""company_name_normalized"":""에어온"",""business_categories_raw"":""물류·운송·구조/드론스테이션"",""company_id"":""CMP0170"",""source_file"":""항공안전기술원_드론정보포털_기업명_사업분야_20240424 (1).csv"",""as_of_date"":""2024-04-24"",""coverage_note"":""드론정보포털 수록 240개사 디렉터리이며 국내 전체 드론 사업체가 아님""}"
2cc20edbe35005d75b1b1df4,portal_company_directory_clean,128,"{""company_name_raw"":""에이미파이 주식회사"",""company_name_normalized"":""에이미파이"",""business_categories_raw"":""감시.정찰.수색/인프라관리/환경측량/방송·공연/임무장비/모듈/지상통제장비/통합솔루션/앱"",""company_id"":""CMP0173"",""source_file"":""항공안전기술원_드론정보포털_기업명_사업분야_20240424 (1).csv"",""as_of_date"":""2024-04-24"",""coverage_note"":""드론정보포털 수록 240개사 디렉터리이며 국내 전체 드론 사업체가 아님""}"
5180615c9ab9f62d5608d6a1,portal_company_directory_clean,129,"{""company_name_raw"":""에이엔에이치스트럭쳐"",""company_name_normalized"":""에이엔에이치스트럭쳐"",""business_categories_raw"":""감시.정찰.수색/인프라관리/환경측량"",""company_id"":""CMP0176"",""source_file"":""항공안전기술원_드론정보포털_기업명_사업분야_20240424 (1).csv"",""as_of_date"":""2024-04-24"",""coverage_note"":""드론정보포털 수록 240개사 디렉터리이며 국내 전체 드론 사업체가 아님""}"
420c75f43914992a49b80bb4,portal_company_directory_clean,130,"{""company_name_raw"":""에이엠시스템"",""company_name_normalized"":""에이엠시스템"",""business_categories_raw"":""물류·운송·구조/공간정보/특수촬영"",""company_id"":""CMP0178"",""source_file"":""항공안전기술원_드론정보포털_기업명_사업분야_20240424 (1).csv"",""as_of_date"":""2024-04-24"",""coverage_note"":""드론정보포털 수록 240개사 디렉터리이며 국내 전체 드론 사업체가 아님""}"
da9c1a47bb1bc6effda7cb6a,portal_company_directory_clean,131,"{""company_name_raw"":""에이치에스지"",""company_name_normalized"":""에이치에스지"",""business_categories_raw"":""모듈"",""company_id"":""CMP0181"",""source_file"":""항공안전기술원_드론정보포털_기업명_사업분야_20240424 (1).csv"",""as_of_date"":""2024-04-24"",""coverage_note"":""드론정보포털 수록 240개사 디렉터리이며 국내 전체 드론 사업체가 아님""}"
5361729d48676ba7650bc479,portal_company_directory_clean,132,"{""company_name_raw"":""엑스드론"",""company_name_normalized"":""엑스드론"",""business_categories_raw"":""감시.정찰.수색/인프라관리/물류·운송·구조/공간정보/특수촬영/다목적 H/W/임무장비/통합솔루션"",""company_id"":""CMP0184"",""source_file"":""항공안전기술원_드론정보포털_기업명_사업분야_20240424 (1).csv"",""as_of_date"":""2024-04-24"",""coverage_note"":""드론정보포털 수록 240개사 디렉터리이며 국내 전체 드론 사업체가 아님""}"
fcf1dfb95d0c6bc300cfa7e9,portal_company_directory_clean,133,"{""company_name_raw"":""엑슬리트엣지"",""company_name_normalized"":""엑슬리트엣지"",""business_categories_raw"":""안티드론"",""company_id"":""CMP0185"",""source_file"":""항공안전기술원_드론정보포털_기업명_사업분야_20240424 (1).csv"",""as_of_date"":""2024-04-24"",""coverage_note"":""드론정보포털 수록 240개사 디렉터리이며 국내 전체 드론 사업체가 아님""}"
26f6352e773e97f3b2617bd7,portal_company_directory_clean,134,"{""company_name_raw"":""엔디티엔지니어링(주)"",""company_name_normalized"":""엔디티엔지니어링(주)"",""business_categories_raw"":""감시.정찰.수색/인프라관리"",""company_id"":""CMP0186"",""source_file"":""항공안전기술원_드론정보포털_기업명_사업분야_20240424 (1).csv"",""as_of_date"":""2024-04-24"",""coverage_note"":""드론정보포털 수록 240개사 디렉터리이며 국내 전체 드론 사업체가 아님""}"
2f17f8b9527cd89ad949abfd,portal_company_directory_clean,135,"{""company_name_raw"":""엔텍로직"",""company_name_normalized"":""엔텍로직"",""business_categories_raw"":""임무장비"",""company_id"":""CMP0188"",""source_file"":""항공안전기술원_드론정보포털_기업명_사업분야_20240424 (1).csv"",""as_of_date"":""2024-04-24"",""coverage_note"":""드론정보포털 수록 240개사 디렉터리이며 국내 전체 드론 사업체가 아님""}"
413aa4870681d9ba683bcfdb,portal_company_directory_clean,136,"{""company_name_raw"":""영인모빌리티 주식회사"",""company_name_normalized"":""영인모빌리티"",""business_categories_raw"":""통합솔루션/지상통제장비/취미·교육/드론스테이션/임무장비/감시.정찰.수색/인프라관리/공간정보/특수촬영/환경측량/다목적 H/W"",""company_id"":""CMP0193"",""source_file"":""항공안전기술원_드론정보포털_기업명_사업분야_20240424 (1).csv"",""as_of_date"":""2024-04-24"",""coverage_note"":""드론정보포털 수록 240개사 디렉터리이며 국내 전체 드론 사업체가 아님""}"
0e61d51dc10b5488ab08d199,portal_company_directory_clean,137,"{""company_name_raw"":""온누리무인항공"",""company_name_normalized"":""온누리무인항공"",""business_categories_raw"":""감시.정찰.수색/인프라관리/방역/방제/살포"",""company_id"":""CMP0194"",""source_file"":""항공안전기술원_드론정보포털_기업명_사업분야_20240424 (1).csv"",""as_of_date"":""2024-04-24"",""coverage_note"":""드론정보포털 수록 240개사 디렉터리이며 국내 전체 드론 사업체가 아님""}"
c3ae5292569becae07d7f37a,portal_company_directory_clean,138,"{""company_name_raw"":""올뉴텍"",""company_name_normalized"":""올뉴텍"",""business_categories_raw"":""감시.정찰.수색/인프라관리/물류·운송·구조/공간정보/특수촬영/임무장비"",""company_id"":""CMP0195"",""source_file"":""항공안전기술원_드론정보포털_기업명_사업분야_20240424 (1).csv"",""as_of_date"":""2024-04-24"",""coverage_note"":""드론정보포털 수록 240개사 디렉터리이며 국내 전체 드론 사업체가 아님""}"
26ac58859a884bde64a916ce,portal_company_directory_clean,139,"{""company_name_raw"":""와우미래기술"",""company_name_normalized"":""와우미래기술"",""business_categories_raw"":""감시.정찰.수색/인프라관리/공간정보/특수촬영/방역/방제/살포/취미·교육"",""company_id"":""CMP0196"",""source_file"":""항공안전기술원_드론정보포털_기업명_사업분야_20240424 (1).csv"",""as_of_date"":""2024-04-24"",""coverage_note"":""드론정보포털 수록 240개사 디렉터리이며 국내 전체 드론 사업체가 아님""}"
d10e5499ebfc8ed5399f8b74,portal_company_directory_clean,140,"{""company_name_raw"":""웨이브랩스"",""company_name_normalized"":""웨이브랩스"",""business_categories_raw"":""모듈"",""company_id"":""CMP0198"",""source_file"":""항공안전기술원_드론정보포털_기업명_사업분야_20240424 (1).csv"",""as_of_date"":""2024-04-24"",""coverage_note"":""드론정보포털 수록 240개사 디렉터리이며 국내 전체 드론 사업체가 아님""}"
30bf18d8a2c98c4aa91c7580,portal_company_directory_clean,141,"{""company_name_raw"":""위즈윙"",""company_name_normalized"":""위즈윙"",""business_categories_raw"":""감시.정찰.수색/인프라관리/물류·운송·구조/공간정보/특수촬영/방역/방제/살포/환경측량/다목적 H/W/취미·교육/임무장비/지상통제장비/통합솔루션"",""company_id"":""CMP0199"",""source_file"":""항공안전기술원_드론정보포털_기업명_사업분야_20240424 (1).csv"",""as_of_date"":""2024-04-24"",""coverage_note"":""드론정보포털 수록 240개사 디렉터리이며 국내 전체 드론 사업체가 아님""}"
f65d38cdb04f57022a972270,portal_company_directory_clean,142,"{""company_name_raw"":""윈스젠"",""company_name_normalized"":""윈스젠"",""business_categories_raw"":""앱/공간정보/특수촬영/방역/방제/살포/모듈/지상통제장비/통합솔루션"",""company_id"":""CMP0200"",""source_file"":""항공안전기술원_드론정보포털_기업명_사업분야_20240424 (1).csv"",""as_of_date"":""2024-04-24"",""coverage_note"":""드론정보포털 수록 240개사 디렉터리이며 국내 전체 드론 사업체가 아님""}"
4f8a6908d80972cb77063d2b,portal_company_directory_clean,143,"{""company_name_raw"":""유맥에어"",""company_name_normalized"":""유맥에어"",""business_categories_raw"":""감시.정찰.수색/인프라관리/공간정보/특수촬영/방역/방제/살포/취미·교육"",""company_id"":""CMP0201"",""source_file"":""항공안전기술원_드론정보포털_기업명_사업분야_20240424 (1).csv"",""as_of_date"":""2024-04-24"",""coverage_note"":""드론정보포털 수록 240개사 디렉터리이며 국내 전체 드론 사업체가 아님""}"
c409228d75ff7bb93076f372,portal_company_directory_clean,144,"{""company_name_raw"":""유비파이"",""company_name_normalized"":""유비파이"",""business_categories_raw"":""다목적 H/W/방송·공연"",""company_id"":""CMP0202"",""source_file"":""항공안전기술원_드론정보포털_기업명_사업분야_20240424 (1).csv"",""as_of_date"":""2024-04-24"",""coverage_note"":""드론정보포털 수록 240개사 디렉터리이며 국내 전체 드론 사업체가 아님""}"
52cdbc86b25014cfa0bd7041,portal_company_directory_clean,145,"{""company_name_raw"":""유시스"",""company_name_normalized"":""유시스"",""business_categories_raw"":""감시.정찰.수색/인프라관리/방역/방제/살포/환경측량/드론스테이션/통합솔루션"",""company_id"":""CMP0203"",""source_file"":""항공안전기술원_드론정보포털_기업명_사업분야_20240424 (1).csv"",""as_of_date"":""2024-04-24"",""coverage_note"":""드론정보포털 수록 240개사 디렉터리이며 국내 전체 드론 사업체가 아님""}"
8522b9ea7326c8567c27a4d1,portal_company_directory_clean,146,"{""company_name_raw"":""유콘시스템"",""company_name_normalized"":""유콘시스템"",""business_categories_raw"":""감시.정찰.수색/인프라관리/공간정보/특수촬영/환경측량"",""company_id"":""CMP0205"",""source_file"":""항공안전기술원_드론정보포털_기업명_사업분야_20240424 (1).csv"",""as_of_date"":""2024-04-24"",""coverage_note"":""드론정보포털 수록 240개사 디렉터리이며 국내 전체 드론 사업체가 아님""}"
4b527bbcbd13afca9d509d68,portal_company_directory_clean,147,"{""company_name_raw"":""이노뎁"",""company_name_normalized"":""이노뎁"",""business_categories_raw"":""공간정보/특수촬영/통합솔루션"",""company_id"":""CMP0206"",""source_file"":""항공안전기술원_드론정보포털_기업명_사업분야_20240424 (1).csv"",""as_of_date"":""2024-04-24"",""coverage_note"":""드론정보포털 수록 240개사 디렉터리이며 국내 전체 드론 사업체가 아님""}"
9abb10449c935ecf6cb00505,portal_company_directory_clean,148,"{""company_name_raw"":""이노드"",""company_name_normalized"":""이노드"",""business_categories_raw"":""감시.정찰.수색/인프라관리/방역/방제/살포/모듈/앱"",""company_id"":""CMP0207"",""source_file"":""항공안전기술원_드론정보포털_기업명_사업분야_20240424 (1).csv"",""as_of_date"":""2024-04-24"",""coverage_note"":""드론정보포털 수록 240개사 디렉터리이며 국내 전체 드론 사업체가 아님""}"
d39969eeac67f5bc236f6ab3,portal_company_directory_clean,149,"{""company_name_raw"":""이노팸"",""company_name_normalized"":""이노팸"",""business_categories_raw"":""감시.정찰.수색/인프라관리/환경측량"",""company_id"":""CMP0209"",""source_file"":""항공안전기술원_드론정보포털_기업명_사업분야_20240424 (1).csv"",""as_of_date"":""2024-04-24"",""coverage_note"":""드론정보포털 수록 240개사 디렉터리이며 국내 전체 드론 사업체가 아님""}"
cdf757cb052bb45908777d43,portal_company_directory_clean,150,"{""company_name_raw"":""이지시스템"",""company_name_normalized"":""이지시스템"",""business_categories_raw"":""물류·운송·구조"",""company_id"":""CMP0212"",""source_file"":""항공안전기술원_드론정보포털_기업명_사업분야_20240424 (1).csv"",""as_of_date"":""2024-04-24"",""coverage_note"":""드론정보포털 수록 240개사 디렉터리이며 국내 전체 드론 사업체가 아님""}"
f19e05339483504f0fa9b621,portal_company_directory_clean,151,"{""company_name_raw"":""인스페이스"",""company_name_normalized"":""인스페이스"",""business_categories_raw"":""공간정보/특수촬영/드론스테이션/지상통제장비"",""company_id"":""CMP0215"",""source_file"":""항공안전기술원_드론정보포털_기업명_사업분야_20240424 (1).csv"",""as_of_date"":""2024-04-24"",""coverage_note"":""드론정보포털 수록 240개사 디렉터리이며 국내 전체 드론 사업체가 아님""}"
6bf9f28804d24b26bbea8d07,portal_company_directory_clean,152,"{""company_name_raw"":""자이언트드론"",""company_name_normalized"":""자이언트드론"",""business_categories_raw"":""감시.정찰.수색/인프라관리/물류·운송·구조/공간정보/특수촬영/방역/방제/살포/취미·교육/임무장비"",""company_id"":""CMP0218"",""source_file"":""항공안전기술원_드론정보포털_기업명_사업분야_20240424 (1).csv"",""as_of_date"":""2024-04-24"",""coverage_note"":""드론정보포털 수록 240개사 디렉터리이며 국내 전체 드론 사업체가 아님""}"
5f31ea2380831b5208b5fb9d,portal_company_directory_clean,153,"{""company_name_raw"":""제이씨현시스템"",""company_name_normalized"":""제이씨현시스템"",""business_categories_raw"":""감시.정찰.수색/인프라관리/물류·운송·구조/방역/방제/살포/환경측량/다목적 H/W/취미·교육/드론스테이션/안티드론/임무장비/모듈/지상통제장비/통합솔루션/앱/감시.정찰.수색/인프라관리/물류·운송·구조"",""company_id"":""CMP0219"",""source_file"":""항공안전기술원_드론정보포털_기업명_사업분야_20240424 (1).csv"",""as_of_date"":""2024-04-24"",""coverage_note"":""드론정보포털 수록 240개사 디렉터리이며 국내 전체 드론 사업체가 아님""}"
0a3759b2f8b28385fda0a07f,portal_company_directory_clean,154,"{""company_name_raw"":""제이에스융합인재교육원주식회사"",""company_name_normalized"":""제이에스융합인재교육원"",""business_categories_raw"":""감시.정찰.수색/인프라관리/물류·운송·구조/공간정보/특수촬영/방역/방제/살포/환경측량/다목적 H/W/방송·공연/취미·교육/드론스테이션/안티드론/임무장비/모듈/지상통제장비/통합솔루션/앱"",""company_id"":""CMP0220"",""source_file"":""항공안전기술원_드론정보포털_기업명_사업분야_20240424 (1).csv"",""as_of_date"":""2024-04-24"",""coverage_note"":""드론정보포털 수록 240개사 디렉터리이며 국내 전체 드론 사업체가 아님""}"
fc01a270851b2bcc856171b8,portal_company_directory_clean,155,"{""company_name_raw"":""조은에듀테크"",""company_name_normalized"":""조은에듀테크"",""business_categories_raw"":""취미·교육"",""company_id"":""CMP0222"",""source_file"":""항공안전기술원_드론정보포털_기업명_사업분야_20240424 (1).csv"",""as_of_date"":""2024-04-24"",""coverage_note"":""드론정보포털 수록 240개사 디렉터리이며 국내 전체 드론 사업체가 아님""}"
6c807a90d9cb5289474b87d9,portal_company_directory_clean,156,"{""company_name_raw"":""주)제주도드론"",""company_name_normalized"":""주)제주도드론"",""business_categories_raw"":""감시.정찰.수색/인프라관리/물류·운송·구조/공간정보/특수촬영/방역/방제/살포/취미·교육/임무장비/기타"",""company_id"":""CMP0223"",""source_file"":""항공안전기술원_드론정보포털_기업명_사업분야_20240424 (1).csv"",""as_of_date"":""2024-04-24"",""coverage_note"":""드론정보포털 수록 240개사 디렉터리이며 국내 전체 드론 사업체가 아님""}"
09a4c6b79d381c6cf9c896ff,portal_company_directory_clean,157,"{""company_name_raw"":""주식회사 경기항공"",""company_name_normalized"":""경기항공"",""business_categories_raw"":""감시.정찰.수색/인프라관리/물류·운송·구조/공간정보/특수촬영/방역/방제/살포/환경측량/취미·교육"",""company_id"":""CMP0009"",""source_file"":""항공안전기술원_드론정보포털_기업명_사업분야_20240424 (1).csv"",""as_of_date"":""2024-04-24"",""coverage_note"":""드론정보포털 수록 240개사 디렉터리이며 국내 전체 드론 사업체가 아님""}"
32cc65cca3a5ba561d6d71d7,portal_company_directory_clean,158,"{""company_name_raw"":""주식회사 날다"",""company_name_normalized"":""날다"",""business_categories_raw"":""감시.정찰.수색/인프라관리/방역/방제/살포/환경측량/다목적 H/W/취미·교육/임무장비"",""company_id"":""CMP0027"",""source_file"":""항공안전기술원_드론정보포털_기업명_사업분야_20240424 (1).csv"",""as_of_date"":""2024-04-24"",""coverage_note"":""드론정보포털 수록 240개사 디렉터리이며 국내 전체 드론 사업체가 아님""}"
a004962b8e1c300b2ab3a6d8,portal_company_directory_clean,159,"{""company_name_raw"":""주식회사 니나노컴퍼니"",""company_name_normalized"":""니나노컴퍼니"",""business_categories_raw"":""임무장비/통합솔루션/물류·운송·구조/공간정보/특수촬영/방역/방제/살포/감시.정찰.수색/인프라관리"",""company_id"":""CMP0036"",""source_file"":""항공안전기술원_드론정보포털_기업명_사업분야_20240424 (1).csv"",""as_of_date"":""2024-04-24"",""coverage_note"":""드론정보포털 수록 240개사 디렉터리이며 국내 전체 드론 사업체가 아님""}"
658288c7d47c7640a58e9100,portal_company_directory_clean,160,"{""company_name_raw"":""주식회사 담스테크"",""company_name_normalized"":""담스테크"",""business_categories_raw"":""다목적 H/W/안티드론/임무장비/지상통제장비/통합솔루션"",""company_id"":""CMP0042"",""source_file"":""항공안전기술원_드론정보포털_기업명_사업분야_20240424 (1).csv"",""as_of_date"":""2024-04-24"",""coverage_note"":""드론정보포털 수록 240개사 디렉터리이며 국내 전체 드론 사업체가 아님""}"
5ada90cfff391e6e1cf4ea80,portal_company_directory_clean,161,"{""company_name_raw"":""주식회사 더대시"",""company_name_normalized"":""더대시"",""business_categories_raw"":""감시.정찰.수색/인프라관리/물류·운송·구조/공간정보/특수촬영/방역/방제/살포/환경측량/다목적 H/W/방송·공연/취미·교육/드론스테이션/안티드론/임무장비/모듈/지상통제장비/통합솔루션/앱/기타"",""company_id"":""CMP0050"",""source_file"":""항공안전기술원_드론정보포털_기업명_사업분야_20240424 (1).csv"",""as_of_date"":""2024-04-24"",""coverage_note"":""드론정보포털 수록 240개사 디렉터리이며 국내 전체 드론 사업체가 아님""}"
25c838b2aee61685c3f1e986,portal_company_directory_clean,162,"{""company_name_raw"":""주식회사 더하드"",""company_name_normalized"":""더하드"",""business_categories_raw"":""감시.정찰.수색/인프라관리/물류·운송·구조/방역/방제/살포"",""company_id"":""CMP0053"",""source_file"":""항공안전기술원_드론정보포털_기업명_사업분야_20240424 (1).csv"",""as_of_date"":""2024-04-24"",""coverage_note"":""드론정보포털 수록 240개사 디렉터리이며 국내 전체 드론 사업체가 아님""}"
6a7acb587d331f2f64cb87b6,portal_company_directory_clean,163,"{""company_name_raw"":""주식회사 드로니아"",""company_name_normalized"":""드로니아"",""business_categories_raw"":""감시.정찰.수색/인프라관리/물류·운송·구조/방역/방제/살포/다목적 H/W/취미·교육/통합솔루션/기타"",""company_id"":""CMP0060"",""source_file"":""항공안전기술원_드론정보포털_기업명_사업분야_20240424 (1).csv"",""as_of_date"":""2024-04-24"",""coverage_note"":""드론정보포털 수록 240개사 디렉터리이며 국내 전체 드론 사업체가 아님""}"
aa251999a207fad27e60f942,portal_company_directory_clean,164,"{""company_name_raw"":""주식회사 드로미"",""company_name_normalized"":""드로미"",""business_categories_raw"":""공간정보/특수촬영/환경측량/다목적 H/W/임무장비/모듈/지상통제장비/통합솔루션"",""company_id"":""CMP0061"",""source_file"":""항공안전기술원_드론정보포털_기업명_사업분야_20240424 (1).csv"",""as_of_date"":""2024-04-24"",""coverage_note"":""드론정보포털 수록 240개사 디렉터리이며 국내 전체 드론 사업체가 아님""}"
f1d73d9d13b57e8653ae9a9c,portal_company_directory_clean,165,"{""company_name_raw"":""주식회사 드론프릭"",""company_name_normalized"":""드론프릭"",""business_categories_raw"":""감시.정찰.수색/인프라관리/물류·운송·구조/공간정보/특수촬영/방역/방제/살포/다목적 H/W/방송·공연/취미·교육/임무장비/모듈/지상통제장비/앱"",""company_id"":""CMP0074"",""source_file"":""항공안전기술원_드론정보포털_기업명_사업분야_20240424 (1).csv"",""as_of_date"":""2024-04-24"",""coverage_note"":""드론정보포털 수록 240개사 디렉터리이며 국내 전체 드론 사업체가 아님""}"
f66d913a357f1f0b4e47abb3,portal_company_directory_clean,166,"{""company_name_raw"":""주식회사 디에어"",""company_name_normalized"":""디에어"",""business_categories_raw"":""감시.정찰.수색/인프라관리/물류·운송·구조/다목적 H/W/드론스테이션/임무장비/지상통제장비/통합솔루션"",""company_id"":""CMP0081"",""source_file"":""항공안전기술원_드론정보포털_기업명_사업분야_20240424 (1).csv"",""as_of_date"":""2024-04-24"",""coverage_note"":""드론정보포털 수록 240개사 디렉터리이며 국내 전체 드론 사업체가 아님""}"
78948945da788e98a4dcc6cf,portal_company_directory_clean,167,"{""company_name_raw"":""주식회사 로텀"",""company_name_normalized"":""로텀"",""business_categories_raw"":""감시.정찰.수색/인프라관리/다목적 H/W/모듈"",""company_id"":""CMP0088"",""source_file"":""항공안전기술원_드론정보포털_기업명_사업분야_20240424 (1).csv"",""as_of_date"":""2024-04-24"",""coverage_note"":""드론정보포털 수록 240개사 디렉터리이며 국내 전체 드론 사업체가 아님""}"
9ea51661dea0d9886a5d9d00,portal_company_directory_clean,168,"{""company_name_raw"":""주식회사 루프"",""company_name_normalized"":""루프"",""business_categories_raw"":""안티드론"",""company_id"":""CMP0089"",""source_file"":""항공안전기술원_드론정보포털_기업명_사업분야_20240424 (1).csv"",""as_of_date"":""2024-04-24"",""coverage_note"":""드론정보포털 수록 240개사 디렉터리이며 국내 전체 드론 사업체가 아님""}"
92acc87296fb881bef23d226,portal_company_directory_clean,169,"{""company_name_raw"":""주식회사 리맵"",""company_name_normalized"":""리맵"",""business_categories_raw"":""공간정보/특수촬영/환경측량"",""company_id"":""CMP0090"",""source_file"":""항공안전기술원_드론정보포털_기업명_사업분야_20240424 (1).csv"",""as_of_date"":""2024-04-24"",""coverage_note"":""드론정보포털 수록 240개사 디렉터리이며 국내 전체 드론 사업체가 아님""}"
f96e6bfabb21df8c4e3c31dc,portal_company_directory_clean,170,"{""company_name_raw"":""주식회사 리하이"",""company_name_normalized"":""리하이"",""business_categories_raw"":""공간정보/특수촬영/방역/방제/살포/취미·교육"",""company_id"":""CMP0092"",""source_file"":""항공안전기술원_드론정보포털_기업명_사업분야_20240424 (1).csv"",""as_of_date"":""2024-04-24"",""coverage_note"":""드론정보포털 수록 240개사 디렉터리이며 국내 전체 드론 사업체가 아님""}"
07e6618ec0f996ed4d9b425a,portal_company_directory_clean,171,"{""company_name_raw"":""주식회사 메이사"",""company_name_normalized"":""메이사"",""business_categories_raw"":""공간정보/특수촬영/통합솔루션"",""company_id"":""CMP0095"",""source_file"":""항공안전기술원_드론정보포털_기업명_사업분야_20240424 (1).csv"",""as_of_date"":""2024-04-24"",""coverage_note"":""드론정보포털 수록 240개사 디렉터리이며 국내 전체 드론 사업체가 아님""}"
70386d1eca9ab927320002cb,portal_company_directory_clean,172,"{""company_name_raw"":""주식회사 무한정보기술"",""company_name_normalized"":""무한정보기술"",""business_categories_raw"":""감시.정찰.수색/인프라관리/공간정보/특수촬영/통합솔루션/기타"",""company_id"":""CMP0103"",""source_file"":""항공안전기술원_드론정보포털_기업명_사업분야_20240424 (1).csv"",""as_of_date"":""2024-04-24"",""coverage_note"":""드론정보포털 수록 240개사 디렉터리이며 국내 전체 드론 사업체가 아님""}"
95cb1d6dc0ee1026587f4f9c,portal_company_directory_clean,173,"{""company_name_raw"":""주식회사 미래도시정보"",""company_name_normalized"":""미래도시정보"",""business_categories_raw"":""감시.정찰.수색/인프라관리/물류·운송·구조/공간정보/특수촬영/방역/방제/살포/환경측량/취미·교육"",""company_id"":""CMP0104"",""source_file"":""항공안전기술원_드론정보포털_기업명_사업분야_20240424 (1).csv"",""as_of_date"":""2024-04-24"",""coverage_note"":""드론정보포털 수록 240개사 디렉터리이며 국내 전체 드론 사업체가 아님""}"
babd5d504e4a583044c19a64,portal_company_directory_clean,174,"{""company_name_raw"":""주식회사 보다"",""company_name_normalized"":""보다"",""business_categories_raw"":""감시.정찰.수색/인프라관리/물류·운송·구조/공간정보/특수촬영/방역/방제/살포/취미·교육/통합솔루션/앱/기타"",""company_id"":""CMP0107"",""source_file"":""항공안전기술원_드론정보포털_기업명_사업분야_20240424 (1).csv"",""as_of_date"":""2024-04-24"",""coverage_note"":""드론정보포털 수록 240개사 디렉터리이며 국내 전체 드론 사업체가 아님""}"
f6b8428ff7b59e6ac653dece,portal_company_directory_clean,175,"{""company_name_raw"":""주식회사 뷰메진"",""company_name_normalized"":""뷰메진"",""business_categories_raw"":""공간정보/특수촬영/환경측량/드론스테이션/지상통제장비/통합솔루션"",""company_id"":""CMP0114"",""source_file"":""항공안전기술원_드론정보포털_기업명_사업분야_20240424 (1).csv"",""as_of_date"":""2024-04-24"",""coverage_note"":""드론정보포털 수록 240개사 디렉터리이며 국내 전체 드론 사업체가 아님""}"
f9b5bc9102583196021e9aaa,portal_company_directory_clean,176,"{""company_name_raw"":""주식회사 스카이엔터프라이즈"",""company_name_normalized"":""스카이엔터프라이즈"",""business_categories_raw"":""감시.정찰.수색/인프라관리/방송·공연/취미·교육"",""company_id"":""CMP0139"",""source_file"":""항공안전기술원_드론정보포털_기업명_사업분야_20240424 (1).csv"",""as_of_date"":""2024-04-24"",""coverage_note"":""드론정보포털 수록 240개사 디렉터리이며 국내 전체 드론 사업체가 아님""}"
83209734228770801ecf92b0,portal_company_directory_clean,177,"{""company_name_raw"":""주식회사 씨너렉스"",""company_name_normalized"":""씨너렉스"",""business_categories_raw"":""모듈"",""company_id"":""CMP0146"",""source_file"":""항공안전기술원_드론정보포털_기업명_사업분야_20240424 (1).csv"",""as_of_date"":""2024-04-24"",""coverage_note"":""드론정보포털 수록 240개사 디렉터리이며 국내 전체 드론 사업체가 아님""}"
fcd5477a6883479fe8daad64,portal_company_directory_clean,178,"{""company_name_raw"":""주식회사 아라레연구소"",""company_name_normalized"":""아라레연구소"",""business_categories_raw"":""감시.정찰.수색/인프라관리/환경측량"",""company_id"":""CMP0147"",""source_file"":""항공안전기술원_드론정보포털_기업명_사업분야_20240424 (1).csv"",""as_of_date"":""2024-04-24"",""coverage_note"":""드론정보포털 수록 240개사 디렉터리이며 국내 전체 드론 사업체가 아님""}"
cb4605cd3e8edfbedb4e7800,portal_company_directory_clean,179,"{""company_name_raw"":""주식회사 아소아"",""company_name_normalized"":""아소아"",""business_categories_raw"":""감시.정찰.수색/인프라관리/물류·운송·구조/공간정보/특수촬영/다목적 H/W/드론스테이션/안티드론/임무장비/모듈/지상통제장비/통합솔루션"",""company_id"":""CMP0149"",""source_file"":""항공안전기술원_드론정보포털_기업명_사업분야_20240424 (1).csv"",""as_of_date"":""2024-04-24"",""coverage_note"":""드론정보포털 수록 240개사 디렉터리이며 국내 전체 드론 사업체가 아님""}"
1bd7c22b173eb57d814f664a,portal_company_directory_clean,180,"{""company_name_raw"":""주식회사 아이씨알 (ICR)"",""company_name_normalized"":""아이씨알 (ICR)"",""business_categories_raw"":""통합솔루션/기타"",""company_id"":""CMP0152"",""source_file"":""항공안전기술원_드론정보포털_기업명_사업분야_20240424 (1).csv"",""as_of_date"":""2024-04-24"",""coverage_note"":""드론정보포털 수록 240개사 디렉터리이며 국내 전체 드론 사업체가 아님""}"
565e9cf75a259bc2a58fc329,portal_company_directory_clean,181,"{""company_name_raw"":""주식회사 업사이트"",""company_name_normalized"":""업사이트"",""business_categories_raw"":""공간정보/특수촬영/환경측량"",""company_id"":""CMP0161"",""source_file"":""항공안전기술원_드론정보포털_기업명_사업분야_20240424 (1).csv"",""as_of_date"":""2024-04-24"",""coverage_note"":""드론정보포털 수록 240개사 디렉터리이며 국내 전체 드론 사업체가 아님""}"
e6952bc67f49c01c70b4c9be,portal_company_directory_clean,182,"{""company_name_raw"":""주식회사 에어로리서치"",""company_name_normalized"":""에어로리서치"",""business_categories_raw"":""감시.정찰.수색/인프라관리/임무장비/통합솔루션"",""company_id"":""CMP0169"",""source_file"":""항공안전기술원_드론정보포털_기업명_사업분야_20240424 (1).csv"",""as_of_date"":""2024-04-24"",""coverage_note"":""드론정보포털 수록 240개사 디렉터리이며 국내 전체 드론 사업체가 아님""}"
8e88fdcf334b773445cee36c,portal_company_directory_clean,183,"{""company_name_raw"":""주식회사 에이디시스템"",""company_name_normalized"":""에이디시스템"",""business_categories_raw"":""감시.정찰.수색/인프라관리/물류·운송·구조/공간정보/특수촬영"",""company_id"":""CMP0171"",""source_file"":""항공안전기술원_드론정보포털_기업명_사업분야_20240424 (1).csv"",""as_of_date"":""2024-04-24"",""coverage_note"":""드론정보포털 수록 240개사 디렉터리이며 국내 전체 드론 사업체가 아님""}"
308d0249783c18ec382a4873,portal_company_directory_clean,184,"{""company_name_raw"":""주식회사 에이디티"",""company_name_normalized"":""에이디티"",""business_categories_raw"":""감시.정찰.수색/인프라관리"",""company_id"":""CMP0172"",""source_file"":""항공안전기술원_드론정보포털_기업명_사업분야_20240424 (1).csv"",""as_of_date"":""2024-04-24"",""coverage_note"":""드론정보포털 수록 240개사 디렉터리이며 국내 전체 드론 사업체가 아님""}"
08351f84bcc9525645c6048f,portal_company_directory_clean,185,"{""company_name_raw"":""주식회사 에이스드론"",""company_name_normalized"":""에이스드론"",""business_categories_raw"":""감시.정찰.수색/인프라관리/물류·운송·구조/공간정보/특수촬영/방역/방제/살포/환경측량/다목적 H/W/방송·공연/취미·교육/드론스테이션/안티드론/임무장비/모듈/지상통제장비/통합솔루션/앱"",""company_id"":""CMP0174"",""source_file"":""항공안전기술원_드론정보포털_기업명_사업분야_20240424 (1).csv"",""as_of_date"":""2024-04-24"",""coverage_note"":""드론정보포털 수록 240개사 디렉터리이며 국내 전체 드론 사업체가 아님""}"
36d1c33e3460d26632322886,portal_company_directory_clean,186,"{""company_name_raw"":""주식회사 에이알엑스"",""company_name_normalized"":""에이알엑스"",""business_categories_raw"":""방역/방제/살포/환경측량/다목적 H/W/취미·교육/안티드론/임무장비/모듈/지상통제장비/물류·운송·구조/공간정보/특수촬영/감시.정찰.수색/인프라관리"",""company_id"":""CMP0175"",""source_file"":""항공안전기술원_드론정보포털_기업명_사업분야_20240424 (1).csv"",""as_of_date"":""2024-04-24"",""coverage_note"":""드론정보포털 수록 240개사 디렉터리이며 국내 전체 드론 사업체가 아님""}"
a658b5adcc00e4750f90dc87,portal_company_directory_clean,187,"{""company_name_raw"":""주식회사 에이엠피"",""company_name_normalized"":""에이엠피"",""business_categories_raw"":""감시.정찰.수색/인프라관리/환경측량"",""company_id"":""CMP0179"",""source_file"":""항공안전기술원_드론정보포털_기업명_사업분야_20240424 (1).csv"",""as_of_date"":""2024-04-24"",""coverage_note"":""드론정보포털 수록 240개사 디렉터리이며 국내 전체 드론 사업체가 아님""}"
aa0caee2ddc2c7890f8386b7,portal_company_directory_clean,188,"{""company_name_raw"":""주식회사 에프엠웍스"",""company_name_normalized"":""에프엠웍스"",""business_categories_raw"":""감시.정찰.수색/인프라관리/공간정보/특수촬영/방역/방제/살포/환경측량/다목적 H/W/임무장비/지상통제장비/통합솔루션/앱"",""company_id"":""CMP0183"",""source_file"":""항공안전기술원_드론정보포털_기업명_사업분야_20240424 (1).csv"",""as_of_date"":""2024-04-24"",""coverage_note"":""드론정보포털 수록 240개사 디렉터리이며 국내 전체 드론 사업체가 아님""}"
f2f7b03ae2fa50da8425d1d9,portal_company_directory_clean,189,"{""company_name_raw"":""주식회사 엠엠피"",""company_name_normalized"":""엠엠피"",""business_categories_raw"":""공간정보/특수촬영"",""company_id"":""CMP0191"",""source_file"":""항공안전기술원_드론정보포털_기업명_사업분야_20240424 (1).csv"",""as_of_date"":""2024-04-24"",""coverage_note"":""드론정보포털 수록 240개사 디렉터리이며 국내 전체 드론 사업체가 아님""}"
34ce74d4c7160071aac6ad53,portal_company_directory_clean,190,"{""company_name_raw"":""주식회사 우리아이오"",""company_name_normalized"":""우리아이오"",""business_categories_raw"":""임무장비/감시.정찰.수색/인프라관리/환경측량"",""company_id"":""CMP0197"",""source_file"":""항공안전기술원_드론정보포털_기업명_사업분야_20240424 (1).csv"",""as_of_date"":""2024-04-24"",""coverage_note"":""드론정보포털 수록 240개사 디렉터리이며 국내 전체 드론 사업체가 아님""}"
1ce42461c5b4d33634b866df,portal_company_directory_clean,191,"{""company_name_raw"":""주식회사 유인프라"",""company_name_normalized"":""유인프라"",""business_categories_raw"":""감시.정찰.수색/인프라관리/공간정보/특수촬영/환경측량/드론스테이션/임무장비/지상통제장비/통합솔루션/기타"",""company_id"":""CMP0204"",""source_file"":""항공안전기술원_드론정보포털_기업명_사업분야_20240424 (1).csv"",""as_of_date"":""2024-04-24"",""coverage_note"":""드론정보포털 수록 240개사 디렉터리이며 국내 전체 드론 사업체가 아님""}"
5e7154363216e9a400918043,portal_company_directory_clean,192,"{""company_name_raw"":""주식회사 이스온"",""company_name_normalized"":""이스온"",""business_categories_raw"":""통합솔루션/기타/다목적 H/W/드론스테이션/임무장비/감시.정찰.수색/인프라관리/환경측량"",""company_id"":""CMP0210"",""source_file"":""항공안전기술원_드론정보포털_기업명_사업분야_20240424 (1).csv"",""as_of_date"":""2024-04-24"",""coverage_note"":""드론정보포털 수록 240개사 디렉터리이며 국내 전체 드론 사업체가 아님""}"
bd059fc9040d8b0f4fdc7123,portal_company_directory_clean,193,"{""company_name_raw"":""주식회사 코코드론"",""company_name_normalized"":""코코드론"",""business_categories_raw"":""감시.정찰.수색/인프라관리/공간정보/특수촬영/취미·교육/드론스테이션"",""company_id"":""CMP0236"",""source_file"":""항공안전기술원_드론정보포털_기업명_사업분야_20240424 (1).csv"",""as_of_date"":""2024-04-24"",""coverage_note"":""드론정보포털 수록 240개사 디렉터리이며 국내 전체 드론 사업체가 아님""}"
23a5a27e2d4911f3a39270d1,portal_company_directory_clean,194,"{""company_name_raw"":""주식회사 클로버스튜디오"",""company_name_normalized"":""클로버스튜디오"",""business_categories_raw"":""지상통제장비/통합솔루션/앱"",""company_id"":""CMP0237"",""source_file"":""항공안전기술원_드론정보포털_기업명_사업분야_20240424 (1).csv"",""as_of_date"":""2024-04-24"",""coverage_note"":""드론정보포털 수록 240개사 디렉터리이며 국내 전체 드론 사업체가 아님""}"
3dd5d8e14d28744f2c5cb9bf,portal_company_directory_clean,195,"{""company_name_raw"":""주식회사 팰콘샵"",""company_name_normalized"":""팰콘샵"",""business_categories_raw"":""감시.정찰.수색/인프라관리/물류·운송·구조/취미·교육/임무장비/모듈/통합솔루션"",""company_id"":""CMP0247"",""source_file"":""항공안전기술원_드론정보포털_기업명_사업분야_20240424 (1).csv"",""as_of_date"":""2024-04-24"",""coverage_note"":""드론정보포털 수록 240개사 디렉터리이며 국내 전체 드론 사업체가 아님""}"
32ee091a64ce20b4ebdf281f,portal_company_directory_clean,196,"{""company_name_raw"":""주식회사 프로펠"",""company_name_normalized"":""프로펠"",""business_categories_raw"":""감시.정찰.수색/인프라관리/물류·운송·구조/공간정보/특수촬영/환경측량/다목적 H/W/드론스테이션/임무장비"",""company_id"":""CMP0253"",""source_file"":""항공안전기술원_드론정보포털_기업명_사업분야_20240424 (1).csv"",""as_of_date"":""2024-04-24"",""coverage_note"":""드론정보포털 수록 240개사 디렉터리이며 국내 전체 드론 사업체가 아님""}"
d04fd5755c4c7ded0774fc40,portal_company_directory_clean,197,"{""company_name_raw"":""주식회사 하늘로"",""company_name_normalized"":""하늘로"",""business_categories_raw"":""지상통제장비/기타"",""company_id"":""CMP0259"",""source_file"":""항공안전기술원_드론정보포털_기업명_사업분야_20240424 (1).csv"",""as_of_date"":""2024-04-24"",""coverage_note"":""드론정보포털 수록 240개사 디렉터리이며 국내 전체 드론 사업체가 아님""}"
408a12ca515a82a0fb9f6250,portal_company_directory_clean,198,"{""company_name_raw"":""주식회사 한울드론"",""company_name_normalized"":""한울드론"",""business_categories_raw"":""감시.정찰.수색/인프라관리/물류·운송·구조/임무장비/모듈"",""company_id"":""CMP0280"",""source_file"":""항공안전기술원_드론정보포털_기업명_사업분야_20240424 (1).csv"",""as_of_date"":""2024-04-24"",""coverage_note"":""드론정보포털 수록 240개사 디렉터리이며 국내 전체 드론 사업체가 아님""}"
af41155076bf5b65e2d5079c,portal_company_directory_clean,199,"{""company_name_raw"":""주식회사 헤디"",""company_name_normalized"":""헤디"",""business_categories_raw"":""감시.정찰.수색/인프라관리/물류·운송·구조/방역/방제/살포/다목적 H/W/드론스테이션/임무장비/모듈/지상통제장비/앱/기타"",""company_id"":""CMP0288"",""source_file"":""항공안전기술원_드론정보포털_기업명_사업분야_20240424 (1).csv"",""as_of_date"":""2024-04-24"",""coverage_note"":""드론정보포털 수록 240개사 디렉터리이며 국내 전체 드론 사업체가 아님""}"
ec972f78e8c21caec83f469a,portal_company_directory_clean,200,"{""company_name_raw"":""주식회사 헬셀"",""company_name_normalized"":""헬셀"",""business_categories_raw"":""통합솔루션/드론스테이션/임무장비/감시.정찰.수색/인프라관리/물류·운송·구조/공간정보/특수촬영/방역/방제/살포/환경측량/다목적 H/W/방송·공연/취미·교육"",""company_id"":""CMP0290"",""source_file"":""항공안전기술원_드론정보포털_기업명_사업분야_20240424 (1).csv"",""as_of_date"":""2024-04-24"",""coverage_note"":""드론정보포털 수록 240개사 디렉터리이며 국내 전체 드론 사업체가 아님""}"
d189b8a4fea5e561be164af2,portal_company_directory_clean,201,"{""company_name_raw"":""주식회사 휴론네트워크"",""company_name_normalized"":""휴론네트워크"",""business_categories_raw"":""환경측량"",""company_id"":""CMP0297"",""source_file"":""항공안전기술원_드론정보포털_기업명_사업분야_20240424 (1).csv"",""as_of_date"":""2024-04-24"",""coverage_note"":""드론정보포털 수록 240개사 디렉터리이며 국내 전체 드론 사업체가 아님""}"
992d09b9bccf98d0b214ad46,portal_company_directory_clean,202,"{""company_name_raw"":""주식회사 휴머놀러지"",""company_name_normalized"":""휴머놀러지"",""business_categories_raw"":""감시.정찰.수색/인프라관리/지상통제장비/앱"",""company_id"":""CMP0298"",""source_file"":""항공안전기술원_드론정보포털_기업명_사업분야_20240424 (1).csv"",""as_of_date"":""2024-04-24"",""coverage_note"":""드론정보포털 수록 240개사 디렉터리이며 국내 전체 드론 사업체가 아님""}"
69ed342e9274422d816f1555,portal_company_directory_clean,203,"{""company_name_raw"":""주식회사비거텍코리아"",""company_name_normalized"":""비거텍코리아"",""business_categories_raw"":""감시.정찰.수색/인프라관리/물류·운송·구조/다목적 H/W/통합솔루션"",""company_id"":""CMP0115"",""source_file"":""항공안전기술원_드론정보포털_기업명_사업분야_20240424 (1).csv"",""as_of_date"":""2024-04-24"",""coverage_note"":""드론정보포털 수록 240개사 디렉터리이며 국내 전체 드론 사업체가 아님""}"
15a791eae4763150cbaa60ba,portal_company_directory_clean,204,"{""company_name_raw"":""주식회사에이엔에이치시스템즈"",""company_name_normalized"":""에이엔에이치시스템즈"",""business_categories_raw"":""공간정보/특수촬영/다목적 H/W/드론스테이션/지상통제장비/통합솔루션"",""company_id"":""CMP0177"",""source_file"":""항공안전기술원_드론정보포털_기업명_사업분야_20240424 (1).csv"",""as_of_date"":""2024-04-24"",""coverage_note"":""드론정보포털 수록 240개사 디렉터리이며 국내 전체 드론 사업체가 아님""}"
ee8a5d06519a16063cbd246c,portal_company_directory_clean,205,"{""company_name_raw"":""주식회사엔클라우드"",""company_name_normalized"":""엔클라우드"",""business_categories_raw"":""감시.정찰.수색/인프라관리/통합솔루션"",""company_id"":""CMP0187"",""source_file"":""항공안전기술원_드론정보포털_기업명_사업분야_20240424 (1).csv"",""as_of_date"":""2024-04-24"",""coverage_note"":""드론정보포털 수록 240개사 디렉터리이며 국내 전체 드론 사업체가 아님""}"
7cfe53b927cc262eebcf7efe,portal_company_directory_clean,206,"{""company_name_raw"":""주식회사케이프로시스템"",""company_name_normalized"":""케이프로시스템"",""business_categories_raw"":""모듈/지상통제장비/통합솔루션/앱/기타/감시.정찰.수색/인프라관리/물류·운송·구조/공간정보/특수촬영/방역/방제/살포/환경측량/다목적 H/W/방송·공연/취미·교육/드론스테이션/안티드론/임무장비"",""company_id"":""CMP0231"",""source_file"":""항공안전기술원_드론정보포털_기업명_사업분야_20240424 (1).csv"",""as_of_date"":""2024-04-24"",""coverage_note"":""드론정보포털 수록 240개사 디렉터리이며 국내 전체 드론 사업체가 아님""}"
3cc81e02ab76e8e118e2b2c2,portal_company_directory_clean,207,"{""company_name_raw"":""주식회사허니"",""company_name_normalized"":""허니"",""business_categories_raw"":""방역/방제/살포/취미·교육"",""company_id"":""CMP0287"",""source_file"":""항공안전기술원_드론정보포털_기업명_사업분야_20240424 (1).csv"",""as_of_date"":""2024-04-24"",""coverage_note"":""드론정보포털 수록 240개사 디렉터리이며 국내 전체 드론 사업체가 아님""}"
24b10a15695e402399ac0433,portal_company_directory_clean,208,"{""company_name_raw"":""지오랩스(주)"",""company_name_normalized"":""지오랩스(주)"",""business_categories_raw"":""공간정보/특수촬영/환경측량"",""company_id"":""CMP0224"",""source_file"":""항공안전기술원_드론정보포털_기업명_사업분야_20240424 (1).csv"",""as_of_date"":""2024-04-24"",""coverage_note"":""드론정보포털 수록 240개사 디렉터리이며 국내 전체 드론 사업체가 아님""}"
055830d7a2f09163f5f5f69b,portal_company_directory_clean,209,"{""company_name_raw"":""진항공시스템"",""company_name_normalized"":""진항공시스템"",""business_categories_raw"":""방역/방제/살포/취미·교육"",""company_id"":""CMP0225"",""source_file"":""항공안전기술원_드론정보포털_기업명_사업분야_20240424 (1).csv"",""as_of_date"":""2024-04-24"",""coverage_note"":""드론정보포털 수록 240개사 디렉터리이며 국내 전체 드론 사업체가 아님""}"
867c14baf1129cc39735c85a,portal_company_directory_clean,210,"{""company_name_raw"":""천풍"",""company_name_normalized"":""천풍"",""business_categories_raw"":""방역/방제/살포"",""company_id"":""CMP0226"",""source_file"":""항공안전기술원_드론정보포털_기업명_사업분야_20240424 (1).csv"",""as_of_date"":""2024-04-24"",""coverage_note"":""드론정보포털 수록 240개사 디렉터리이며 국내 전체 드론 사업체가 아님""}"
1ec5273020f1cca9b0e8f4e0,portal_company_directory_clean,211,"{""company_name_raw"":""케바드론"",""company_name_normalized"":""케바드론"",""business_categories_raw"":""감시.정찰.수색/인프라관리/공간정보/특수촬영"",""company_id"":""CMP0228"",""source_file"":""항공안전기술원_드론정보포털_기업명_사업분야_20240424 (1).csv"",""as_of_date"":""2024-04-24"",""coverage_note"":""드론정보포털 수록 240개사 디렉터리이며 국내 전체 드론 사업체가 아님""}"
dd2b73669ffd5759d1237740,portal_company_directory_clean,212,"{""company_name_raw"":""케이드론"",""company_name_normalized"":""케이드론"",""business_categories_raw"":""방역/방제/살포"",""company_id"":""CMP0229"",""source_file"":""항공안전기술원_드론정보포털_기업명_사업분야_20240424 (1).csv"",""as_of_date"":""2024-04-24"",""coverage_note"":""드론정보포털 수록 240개사 디렉터리이며 국내 전체 드론 사업체가 아님""}"
76a25128c280edb50d3c656a,portal_company_directory_clean,213,"{""company_name_raw"":""케이텍"",""company_name_normalized"":""케이텍"",""business_categories_raw"":""감시.정찰.수색/인프라관리/물류·운송·구조/환경측량/다목적 H/W/임무장비"",""company_id"":""CMP0230"",""source_file"":""항공안전기술원_드론정보포털_기업명_사업분야_20240424 (1).csv"",""as_of_date"":""2024-04-24"",""coverage_note"":""드론정보포털 수록 240개사 디렉터리이며 국내 전체 드론 사업체가 아님""}"
baf3b480bb62a21832de7d0c,portal_company_directory_clean,214,"{""company_name_raw"":""코리아드론(주)"",""company_name_normalized"":""코리아드론(주)"",""business_categories_raw"":""감시.정찰.수색/인프라관리/물류·운송·구조/방역/방제/살포/취미·교육/임무장비"",""company_id"":""CMP0233"",""source_file"":""항공안전기술원_드론정보포털_기업명_사업분야_20240424 (1).csv"",""as_of_date"":""2024-04-24"",""coverage_note"":""드론정보포털 수록 240개사 디렉터리이며 국내 전체 드론 사업체가 아님""}"
0833819a6b1beef2679772d6,portal_company_directory_clean,215,"{""company_name_raw"":""코리아드론안전시스템"",""company_name_normalized"":""코리아드론안전시스템"",""business_categories_raw"":""감시.정찰.수색/인프라관리/물류·운송·구조/공간정보/특수촬영/방역/방제/살포/환경측량/다목적 H/W/방송·공연/취미·교육/드론스테이션/임무장비/모듈/지상통제장비/통합솔루션/기타"",""company_id"":""CMP0232"",""source_file"":""항공안전기술원_드론정보포털_기업명_사업분야_20240424 (1).csv"",""as_of_date"":""2024-04-24"",""coverage_note"":""드론정보포털 수록 240개사 디렉터리이며 국내 전체 드론 사업체가 아님""}"
4418a0584756c6def15a0bd2,portal_company_directory_clean,216,"{""company_name_raw"":""클로버스튜디오"",""company_name_normalized"":""클로버스튜디오"",""business_categories_raw"":""통합솔루션"",""company_id"":""CMP0237"",""source_file"":""항공안전기술원_드론정보포털_기업명_사업분야_20240424 (1).csv"",""as_of_date"":""2024-04-24"",""coverage_note"":""드론정보포털 수록 240개사 디렉터리이며 국내 전체 드론 사업체가 아님""}"
a4292d2ac5ef5394bda458ae,portal_company_directory_clean,217,"{""company_name_raw"":""태경전자 주식회사"",""company_name_normalized"":""태경전자"",""business_categories_raw"":""감시.정찰.수색/인프라관리/임무장비/모듈/지상통제장비/기타"",""company_id"":""CMP0239"",""source_file"":""항공안전기술원_드론정보포털_기업명_사업분야_20240424 (1).csv"",""as_of_date"":""2024-04-24"",""coverage_note"":""드론정보포털 수록 240개사 디렉터리이며 국내 전체 드론 사업체가 아님""}"
1326320a8efc96992545c605,portal_company_directory_clean,218,"{""company_name_raw"":""트라이셀인터내셔널"",""company_name_normalized"":""트라이셀인터내셔널"",""business_categories_raw"":""감시.정찰.수색/인프라관리/물류·운송·구조/공간정보/특수촬영/방역/방제/살포/임무장비"",""company_id"":""CMP0241"",""source_file"":""항공안전기술원_드론정보포털_기업명_사업분야_20240424 (1).csv"",""as_of_date"":""2024-04-24"",""coverage_note"":""드론정보포털 수록 240개사 디렉터리이며 국내 전체 드론 사업체가 아님""}"
c1868449d3efef841fe62e02,portal_company_directory_clean,219,"{""company_name_raw"":""파블로항공"",""company_name_normalized"":""파블로항공"",""business_categories_raw"":""물류·운송·구조/환경측량/방송·공연/모듈"",""company_id"":""CMP0242"",""source_file"":""항공안전기술원_드론정보포털_기업명_사업분야_20240424 (1).csv"",""as_of_date"":""2024-04-24"",""coverage_note"":""드론정보포털 수록 240개사 디렉터리이며 국내 전체 드론 사업체가 아님""}"
038f03d8bb65cd699c33950f,portal_company_directory_clean,220,"{""company_name_raw"":""파이온시스템즈"",""company_name_normalized"":""파이온시스템즈"",""business_categories_raw"":""안티드론/임무장비/모듈"",""company_id"":""CMP0243"",""source_file"":""항공안전기술원_드론정보포털_기업명_사업분야_20240424 (1).csv"",""as_of_date"":""2024-04-24"",""coverage_note"":""드론정보포털 수록 240개사 디렉터리이며 국내 전체 드론 사업체가 아님""}"
1b10eb11a1815cbffbde4010,portal_company_directory_clean,221,"{""company_name_raw"":""파인ADS"",""company_name_normalized"":""파인ADS"",""business_categories_raw"":""감시.정찰.수색/인프라관리/공간정보/특수촬영"",""company_id"":""CMP0244"",""source_file"":""항공안전기술원_드론정보포털_기업명_사업분야_20240424 (1).csv"",""as_of_date"":""2024-04-24"",""coverage_note"":""드론정보포털 수록 240개사 디렉터리이며 국내 전체 드론 사업체가 아님""}"
f9640b20acb7dd8f76b6d98d,portal_company_directory_clean,222,"{""company_name_raw"":""파인브이티"",""company_name_normalized"":""파인브이티"",""business_categories_raw"":""감시.정찰.수색/인프라관리/물류·운송·구조/공간정보/특수촬영/방역/방제/살포/환경측량/다목적 H/W/드론스테이션/안티드론/임무장비/모듈/지상통제장비/통합솔루션/앱"",""company_id"":""CMP0245"",""source_file"":""항공안전기술원_드론정보포털_기업명_사업분야_20240424 (1).csv"",""as_of_date"":""2024-04-24"",""coverage_note"":""드론정보포털 수록 240개사 디렉터리이며 국내 전체 드론 사업체가 아님""}"
fe36ceb5c80f695fe3ed4a39,portal_company_directory_clean,223,"{""company_name_raw"":""팝코즈(popcoz)"",""company_name_normalized"":""팝코즈(popcoz)"",""business_categories_raw"":""방송·공연/취미·교육/드론스테이션/통합솔루션/앱"",""company_id"":""CMP0246"",""source_file"":""항공안전기술원_드론정보포털_기업명_사업분야_20240424 (1).csv"",""as_of_date"":""2024-04-24"",""coverage_note"":""드론정보포털 수록 240개사 디렉터리이며 국내 전체 드론 사업체가 아님""}"
48ddaa51a891a3f59d793d88,portal_company_directory_clean,224,"{""company_name_raw"":""포토플랫폼"",""company_name_normalized"":""포토플랫폼"",""business_categories_raw"":""감시.정찰.수색/인프라관리/다목적 H/W/방송·공연/임무장비"",""company_id"":""CMP0250"",""source_file"":""항공안전기술원_드론정보포털_기업명_사업분야_20240424 (1).csv"",""as_of_date"":""2024-04-24"",""coverage_note"":""드론정보포털 수록 240개사 디렉터리이며 국내 전체 드론 사업체가 아님""}"
f3bd7b3eedcbd99835b2fb15,portal_company_directory_clean,225,"{""company_name_raw"":""프리뉴"",""company_name_normalized"":""프리뉴"",""business_categories_raw"":""드론스테이션/안티드론/모듈/공간정보/특수촬영/방역/방제/살포/환경측량/다목적 H/W/방송·공연/취미·교육/감시.정찰.수색/인프라관리/물류·운송·구조/지상통제장비/통합솔루션"",""company_id"":""CMP0254"",""source_file"":""항공안전기술원_드론정보포털_기업명_사업분야_20240424 (1).csv"",""as_of_date"":""2024-04-24"",""coverage_note"":""드론정보포털 수록 240개사 디렉터리이며 국내 전체 드론 사업체가 아님""}"
fa25acc5e74b601004e205e3,portal_company_directory_clean,226,"{""company_name_raw"":""피앤유드론"",""company_name_normalized"":""피앤유드론"",""business_categories_raw"":""감시.정찰.수색/인프라관리/통합솔루션"",""company_id"":""CMP0256"",""source_file"":""항공안전기술원_드론정보포털_기업명_사업분야_20240424 (1).csv"",""as_of_date"":""2024-04-24"",""coverage_note"":""드론정보포털 수록 240개사 디렉터리이며 국내 전체 드론 사업체가 아님""}"
d287633cdc259f7612dff4b1,portal_company_directory_clean,227,"{""company_name_raw"":""필라넷"",""company_name_normalized"":""필라넷"",""business_categories_raw"":""안티드론/지상통제장비"",""company_id"":""CMP0258"",""source_file"":""항공안전기술원_드론정보포털_기업명_사업분야_20240424 (1).csv"",""as_of_date"":""2024-04-24"",""coverage_note"":""드론정보포털 수록 240개사 디렉터리이며 국내 전체 드론 사업체가 아님""}"
32002d5e114ffb2eaacf7fbb,portal_company_directory_clean,228,"{""company_name_raw"":""하늘항공"",""company_name_normalized"":""하늘항공"",""business_categories_raw"":""물류·운송·구조/방역/방제/살포"",""company_id"":""CMP0261"",""source_file"":""항공안전기술원_드론정보포털_기업명_사업분야_20240424 (1).csv"",""as_of_date"":""2024-04-24"",""coverage_note"":""드론정보포털 수록 240개사 디렉터리이며 국내 전체 드론 사업체가 아님""}"
786ffcbe0c13dea77395f5f1,portal_company_directory_clean,229,"{""company_name_raw"":""하이즈복합재산업(주)"",""company_name_normalized"":""하이즈복합재산업(주)"",""business_categories_raw"":""감시.정찰.수색/인프라관리/물류·운송·구조/다목적 H/W"",""company_id"":""CMP0262"",""source_file"":""항공안전기술원_드론정보포털_기업명_사업분야_20240424 (1).csv"",""as_of_date"":""2024-04-24"",""coverage_note"":""드론정보포털 수록 240개사 디렉터리이며 국내 전체 드론 사업체가 아님""}"
ac3f9f581511868e5cbad796,portal_company_directory_clean,230,"{""company_name_raw"":""한강드론교육원"",""company_name_normalized"":""한강드론교육원"",""business_categories_raw"":""취미·교육"",""company_id"":""CMP0263"",""source_file"":""항공안전기술원_드론정보포털_기업명_사업분야_20240424 (1).csv"",""as_of_date"":""2024-04-24"",""coverage_note"":""드론정보포털 수록 240개사 디렉터리이며 국내 전체 드론 사업체가 아님""}"
6cf407f540adbfb1f1fe9400,portal_company_directory_clean,231,"{""company_name_raw"":""한국사업관리연구원"",""company_name_normalized"":""한국사업관리연구원"",""business_categories_raw"":""감시.정찰.수색/인프라관리/공간정보/특수촬영/방역/방제/살포/환경측량/취미·교육/드론스테이션/지상통제장비/통합솔루션"",""company_id"":""CMP0268"",""source_file"":""항공안전기술원_드론정보포털_기업명_사업분야_20240424 (1).csv"",""as_of_date"":""2024-04-24"",""coverage_note"":""드론정보포털 수록 240개사 디렉터리이며 국내 전체 드론 사업체가 아님""}"
53b78203b722784645ecbad6,portal_company_directory_clean,232,"{""company_name_raw"":""한국유에이브이"",""company_name_normalized"":""한국유에이브이"",""business_categories_raw"":""방역/방제/살포"",""company_id"":""CMP0269"",""source_file"":""항공안전기술원_드론정보포털_기업명_사업분야_20240424 (1).csv"",""as_of_date"":""2024-04-24"",""coverage_note"":""드론정보포털 수록 240개사 디렉터리이며 국내 전체 드론 사업체가 아님""}"
1099a6ef490b4f834f983f4e,portal_company_directory_clean,233,"{""company_name_raw"":""한국항공기술케이에이티"",""company_name_normalized"":""한국항공기술케이에이티"",""business_categories_raw"":""감시.정찰.수색/인프라관리"",""company_id"":""CMP0274"",""source_file"":""항공안전기술원_드론정보포털_기업명_사업분야_20240424 (1).csv"",""as_of_date"":""2024-04-24"",""coverage_note"":""드론정보포털 수록 240개사 디렉터리이며 국내 전체 드론 사업체가 아님""}"
16067f2a054bf2c2e2317ef3,portal_company_directory_clean,234,"{""company_name_raw"":""한국항공우주산업"",""company_name_normalized"":""한국항공우주산업"",""business_categories_raw"":""감시.정찰.수색/인프라관리"",""company_id"":""CMP0276"",""source_file"":""항공안전기술원_드론정보포털_기업명_사업분야_20240424 (1).csv"",""as_of_date"":""2024-04-24"",""coverage_note"":""드론정보포털 수록 240개사 디렉터리이며 국내 전체 드론 사업체가 아님""}"
ffedcaa8f1e13b2dd8072c2e,portal_company_directory_clean,235,"{""company_name_raw"":""한빛드론"",""company_name_normalized"":""한빛드론"",""business_categories_raw"":""다목적 H/W/안티드론/감시.정찰.수색/인프라관리/환경측량/임무장비/통합솔루션"",""company_id"":""CMP0279"",""source_file"":""항공안전기술원_드론정보포털_기업명_사업분야_20240424 (1).csv"",""as_of_date"":""2024-04-24"",""coverage_note"":""드론정보포털 수록 240개사 디렉터리이며 국내 전체 드론 사업체가 아님""}"
43bc5975cf4d8e98f6493899,portal_company_directory_clean,236,"{""company_name_raw"":""해양드론기술"",""company_name_normalized"":""해양드론기술"",""business_categories_raw"":""물류·운송·구조/모듈/감시.정찰.수색/인프라관리"",""company_id"":""CMP0285"",""source_file"":""항공안전기술원_드론정보포털_기업명_사업분야_20240424 (1).csv"",""as_of_date"":""2024-04-24"",""coverage_note"":""드론정보포털 수록 240개사 디렉터리이며 국내 전체 드론 사업체가 아님""}"
2bef6f3a91ac273d9a75f586,portal_company_directory_clean,237,"{""company_name_raw"":""헥사팩토리"",""company_name_normalized"":""헥사팩토리"",""business_categories_raw"":""감시.정찰.수색/인프라관리/물류·운송·구조/공간정보/특수촬영/환경측량/다목적 H/W/방송·공연/취미·교육/드론스테이션/임무장비/모듈/지상통제장비/통합솔루션/앱"",""company_id"":""CMP0289"",""source_file"":""항공안전기술원_드론정보포털_기업명_사업분야_20240424 (1).csv"",""as_of_date"":""2024-04-24"",""coverage_note"":""드론정보포털 수록 240개사 디렉터리이며 국내 전체 드론 사업체가 아님""}"
c9ee6df98ce57256310f03aa,portal_company_directory_clean,238,"{""company_name_raw"":""호그린에어"",""company_name_normalized"":""호그린에어"",""business_categories_raw"":""방역/방제/살포/임무장비/모듈"",""company_id"":""CMP0294"",""source_file"":""항공안전기술원_드론정보포털_기업명_사업분야_20240424 (1).csv"",""as_of_date"":""2024-04-24"",""coverage_note"":""드론정보포털 수록 240개사 디렉터리이며 국내 전체 드론 사업체가 아님""}"
eebbc53f41fc4fa1fe6cba8c,portal_company_directory_clean,239,"{""company_name_raw"":""훈검항업 주식회사"",""company_name_normalized"":""훈검항업"",""business_categories_raw"":""감시.정찰.수색/인프라관리/공간정보/특수촬영/환경측량/다목적 H/W/취미·교육/임무장비/모듈"",""company_id"":""CMP0295"",""source_file"":""항공안전기술원_드론정보포털_기업명_사업분야_20240424 (1).csv"",""as_of_date"":""2024-04-24"",""coverage_note"":""드론정보포털 수록 240개사 디렉터리이며 국내 전체 드론 사업체가 아님""}"
fb0ab2a6fd5814fe10263c74,portal_company_directory_clean,240,"{""company_name_raw"":""휴먼드론개발"",""company_name_normalized"":""휴먼드론개발"",""business_categories_raw"":""감시.정찰.수색/인프라관리/물류·운송·구조/방역/방제/살포/환경측량/임무장비"",""company_id"":""CMP0299"",""source_file"":""항공안전기술원_드론정보포털_기업명_사업분야_20240424 (1).csv"",""as_of_date"":""2024-04-24"",""coverage_note"":""드론정보포털 수록 240개사 디렉터리이며 국내 전체 드론 사업체가 아님""}"
9c0bb547cb688fd6d90e500a,portal_company_directory_clean,241,"{""company_name_raw"":""휴인스"",""company_name_normalized"":""휴인스"",""business_categories_raw"":""감시.정찰.수색/인프라관리/드론스테이션/지상통제장비"",""company_id"":""CMP0300"",""source_file"":""항공안전기술원_드론정보포털_기업명_사업분야_20240424 (1).csv"",""as_of_date"":""2024-04-24"",""coverage_note"":""드론정보포털 수록 240개사 디렉터리이며 국내 전체 드론 사업체가 아님""}"
b2ddb013220a3931a590412c,source_metadata,2,"{""source_id"":""SRC01"",""source_file"":""2022년 드론산업 실태조사 보고서_항공안전기술원.pdf"",""file_type"":""PDF"",""issuer"":""항공안전기술원"",""coverage"":""2021 산업통계"",""use_priority"":""핵심"",""recommended_use"":""산업 시계열"",""read_status"":""전체 텍스트 판독"",""limitation"":""추정치·조사설계 주의"",""defense_relevance"":""중간"",""unread_flag"":""N""}"
692d6f071d83d14f51ab5588,source_metadata,3,"{""source_id"":""SRC02"",""source_file"":""2023년 드론산업 실태조사 보고서_항공안전기술원.pdf"",""file_type"":""PDF"",""issuer"":""항공안전기술원"",""coverage"":""2022 산업통계"",""use_priority"":""핵심"",""recommended_use"":""산업 시계열"",""read_status"":""전체 텍스트 판독"",""limitation"":""연도 간 조사설계 변화"",""defense_relevance"":""중간"",""unread_flag"":""N""}"
7ecae6048106977d2e392b95,source_metadata,4,"{""source_id"":""SRC03"",""source_file"":""2024년 드론산업 실태조사 보고서_항공안전기술원.pdf"",""file_type"":""PDF"",""issuer"":""항공안전기술원"",""coverage"":""2023 산업통계"",""use_priority"":""핵심"",""recommended_use"":""산업 시계열"",""read_status"":""전체 텍스트 판독"",""limitation"":""고용 급감 직접해석 주의"",""defense_relevance"":""중간"",""unread_flag"":""N""}"
037ab86560f4db47c2bb42af,source_metadata,5,"{""source_id"":""SRC04"",""source_file"":""2025년 드론산업 실태조사 보고서_항공안전기술원.pdf"",""file_type"":""PDF"",""issuer"":""항공안전기술원"",""coverage"":""2024 산업통계·고용전망·자격"",""use_priority"":""핵심"",""recommended_use"":""산업·고용·자격"",""read_status"":""전체 텍스트 판독"",""limitation"":""매출 요약문과 세부표 불일치"",""defense_relevance"":""높음"",""unread_flag"":""N""}"
b1f5a1f45a9961bf360e721f,source_metadata,6,"{""source_id"":""SRC05"",""source_file"":""항공안전기술원_드론정보포털_기업명_사업분야_20240424 (1).csv"",""file_type"":""CSV"",""issuer"":""항공안전기술원 드론정보포털"",""coverage"":""2024-04-24 기업 디렉터리"",""use_priority"":""핵심"",""recommended_use"":""기업·사업분야"",""read_status"":""전체 240행 판독"",""limitation"":""전체 시장 모집단 아님"",""defense_relevance"":""중간"",""unread_flag"":""N""}"
287ab7ac2c8c657d1e0e05ec,source_metadata,7,"{""source_id"":""SRC06"",""source_file"":""국방기술진흥연구소 - KRIT 이슈페이퍼 29호.pdf"",""file_type"":""PDF"",""issuer"":""국방기술진흥연구소"",""coverage"":""2026 드론·대드론 전략"",""use_priority"":""핵심"",""recommended_use"":""방산 기술·기업 근거"",""read_status"":""전체 텍스트 판독, 핵심 표 수기 구조화"",""limitation"":""저자 견해·전략 제안 포함"",""defense_relevance"":""높음"",""unread_flag"":""N""}"
9cddf0212a01ce7104673d79,source_metadata,8,"{""source_id"":""SRC07"",""source_file"":""미래국방_2030 기술전략.pdf"",""file_type"":""PDF"",""issuer"":""국방기술진흥연구소"",""coverage"":""국방 드론 기술로드맵"",""use_priority"":""핵심"",""recommended_use"":""방산 기술분류"",""read_status"":""전체 텍스트 판독, 핵심 pWBS 구조화"",""limitation"":""목표 시점은 계획 당시 평가"",""defense_relevance"":""높음"",""unread_flag"":""N""}"
6bc02a2e7e8e81ab7370fe29,source_metadata,9,"{""source_id"":""SRC08"",""source_file"":""방위사업청_방산원가관리체계 인증업체 현황_20260506.csv"",""file_type"":""CSV"",""issuer"":""방위사업청"",""coverage"":""2026-05-06 인증업체"",""use_priority"":""보조"",""recommended_use"":""방산 연계 근거"",""read_status"":""전체 13행 판독"",""limitation"":""방산업체 지정과 다름"",""defense_relevance"":""높음"",""unread_flag"":""N""}"
d460eaf1f1537a0720d765b5,source_metadata,10,"{""source_id"":""SRC09"",""source_file"":""드론 무인기_특허실용신안.xlsx"",""file_type"":""XLSX"",""issuer"":""수집본"",""coverage"":""드론·무인기 특허 순위"",""use_priority"":""핵심"",""recommended_use"":""기술활동"",""read_status"":""스타일 XML 오류를 LibreOffice로 정상화 후 전체 51행 판독"",""limitation"":""검색식·국가 범위 미기재"",""defense_relevance"":""높음"",""unread_flag"":""N""}"
aeeca9b63761d5dd1a1ec5db,source_metadata,11,"{""source_id"":""SRC10"",""source_file"":""한국교통안전공단_초경량비행장치사용사업체(군집드론) 등록 현황_20240823.csv"",""file_type"":""CSV"",""issuer"":""한국교통안전공단"",""coverage"":""2024-08-23 군집드론 등록"",""use_priority"":""보조"",""recommended_use"":""군집드론 운영기업"",""read_status"":""전체 12행 판독"",""limitation"":""방산 참여 근거 아님"",""defense_relevance"":""중간"",""unread_flag"":""N""}"
59be933e2baa8aa119d12c8a,source_metadata,12,"{""source_id"":""SRC11"",""source_file"":""한국교통안전공단_드론(초경량비행장치 중 무인비행장치) 사용사업체 등록현황_20260630.csv"",""file_type"":""CSV"",""issuer"":""한국교통안전공단"",""coverage"":""2012~2026-06-30 신고"",""use_priority"":""보조"",""recommended_use"":""행정활동"",""read_status"":""전체 15행 판독"",""limitation"":""신고 건수와 활동기업 수 구분"",""defense_relevance"":""중간"",""unread_flag"":""N""}"
492a8673d6b583215c12dadb,source_metadata,13,"{""source_id"":""SRC12"",""source_file"":""한국교통안전공단_드론 현황_20260630.csv"",""file_type"":""CSV"",""issuer"":""한국교통안전공단"",""coverage"":""2026-06-30 기체 현황"",""use_priority"":""보조"",""recommended_use"":""기체 구조"",""read_status"":""전체 5×5 셀 판독"",""limitation"":""2026 부분시점"",""defense_relevance"":""중간"",""unread_flag"":""N""}"
316c5c8f12894ee0ebcc7460,source_metadata,14,"{""source_id"":""SRC13"",""source_file"":""한국교통안전공단_공단 드론 보유 현황_20220731.csv"",""file_type"":""CSV"",""issuer"":""한국교통안전공단"",""coverage"":""2022-07-31 공단 보유"",""use_priority"":""보조"",""recommended_use"":""공공 활용 사례"",""read_status"":""전체 30행 판독"",""limitation"":""단일 기관 사례"",""defense_relevance"":""중간"",""unread_flag"":""N""}"
0356c6ec3dfebb0ec87539f8,source_metadata,15,"{""source_id"":""SRC14"",""source_file"":""초경량비행장치드론 포함 조종자 증명 취득현황2023.5월 기준.xlsx"",""file_type"":""XLSX"",""issuer"":""한국교통안전공단"",""coverage"":""2004~2023-05-31 자격"",""use_priority"":""보조"",""recommended_use"":""자격 발급"",""read_status"":""전체 시트 판독"",""limitation"":""2023 부분연도·고유 인원 아님"",""defense_relevance"":""중간"",""unread_flag"":""N""}"
0f6a152a63590ea02dabc2b4,source_metadata,16,"{""source_id"":""SRC15"",""source_file"":""2025[30호] K-드론 산업의 수출경쟁력 분석 및 향후 과제.pdf"",""file_type"":""PDF"",""issuer"":""한국무역협회"",""coverage"":""K-드론 수출경쟁력"",""use_priority"":""보조"",""recommended_use"":""수출 배경"",""read_status"":""텍스트층 일부 깨짐, 핵심 수치만 확인"",""limitation"":""모든 그래프 좌표 미전사"",""defense_relevance"":""높음"",""unread_flag"":""N""}"
f916471244927ab7a632e543,source_metadata,17,"{""source_id"":""SRC16"",""source_file"":""제2차 드론산업발전 기본계획_2023-2033.pdf"",""file_type"":""PDF"",""issuer"":""관계부처 합동"",""coverage"":""2023~2032 정책계획"",""use_priority"":""보조"",""recommended_use"":""정책 배경"",""read_status"":""전체 텍스트 판독"",""limitation"":""목표를 실적으로 사용 금지"",""defense_relevance"":""중간"",""unread_flag"":""N""}"
db81cfb709efbd4d5cc4f8fc,source_metadata,18,"{""source_id"":""SRC17"",""source_file"":""2027년 국방예산으로 보는 K-방산 발전 방향성_260914.pdf"",""file_type"":""PDF"",""issuer"":""DS투자증권"",""coverage"":""2027 국방예산 분석"",""use_priority"":""참고"",""recommended_use"":""정책수요 신호"",""read_status"":""전체 텍스트 판독"",""limitation"":""예산안·리서치 자료"",""defense_relevance"":""중간"",""unread_flag"":""N""}"
dc661538c448030f81f8c817,source_metadata,19,"{""source_id"":""SRC18"",""source_file"":""드론 너 내 동료가 돼라_260908.pdf"",""file_type"":""PDF"",""issuer"":""DS투자증권"",""coverage"":""드론·방산 산업 분석"",""use_priority"":""참고"",""recommended_use"":""가치사슬 사례"",""read_status"":""전체 텍스트 판독"",""limitation"":""투자전망 제외"",""defense_relevance"":""중간"",""unread_flag"":""N""}"
5aaacd3b9f2d8a1edc95f6b1,source_metadata,20,"{""source_id"":""SRC19"",""source_file"":""해외 방산 실적발표로 보는 한국 방산 주가 반등의 열쇠_260803.pdf"",""file_type"":""PDF"",""issuer"":""DS투자증권"",""coverage"":""해외 방산 실적 분석"",""use_priority"":""제외"",""recommended_use"":""프로젝트 연관성 낮음"",""read_status"":""관련성 판단을 위한 판독"",""limitation"":""주가·밸류에이션 중심"",""defense_relevance"":""낮음"",""unread_flag"":""N""}"
2a0d63284d9ded2cbdf56796,swarm_drone_registry_public,2,"{""registry_id"":""SWARM001"",""company_name_raw"":""(주)스카이엔터프라이즈"",""company_name_normalized"":""스카이엔터프라이즈"",""region_sido"":""대구광역시"",""region_sigungu"":""달서구"",""business_scope"":""촬영,조종교육,농업지원,기타"",""business_scope_detail"":""기타(드론공연, 군집비행, 드론배송)"",""as_of_date"":""2024-08-23"",""source_file"":""한국교통안전공단_초경량비행장치사용사업체(군집드론) 등록 현황_20240823.csv"",""quality_note"":""군집드론 사용사업체 등록은 방산기업 또는 군 납품을 의미하지 않음. 개인정보·사업자번호·상세주소 제외.""}"
77c159e0c56b0b3a16b4a7de,swarm_drone_registry_public,3,"{""registry_id"":""SWARM002"",""company_name_raw"":""주식회사 유비파이"",""company_name_normalized"":""유비파이"",""region_sido"":""서울특별시"",""region_sigungu"":""관악구"",""business_scope"":""촬영,기타"",""business_scope_detail"":""기타(군집비행, 드론공연)"",""as_of_date"":""2024-08-23"",""source_file"":""한국교통안전공단_초경량비행장치사용사업체(군집드론) 등록 현황_20240823.csv"",""quality_note"":""군집드론 사용사업체 등록은 방산기업 또는 군 납품을 의미하지 않음. 개인정보·사업자번호·상세주소 제외.""}"
44a85f501798b0e7ad4aadb7,swarm_drone_registry_public,4,"{""registry_id"":""SWARM003"",""company_name_raw"":""경북과학대 산학협력단"",""company_name_normalized"":""경북과학대 산학협력단"",""region_sido"":""경상북도"",""region_sigungu"":""칠곡군"",""business_scope"":""촬영,조종교육,농업지원,기타"",""business_scope_detail"":""조종교육, 교관양성, 항공촬영, 농업 방제 및 방역, 드론군집 및 공연"",""as_of_date"":""2024-08-23"",""source_file"":""한국교통안전공단_초경량비행장치사용사업체(군집드론) 등록 현황_20240823.csv"",""quality_note"":""군집드론 사용사업체 등록은 방산기업 또는 군 납품을 의미하지 않음. 개인정보·사업자번호·상세주소 제외.""}"
5ccba51b02b8cb68e60d362a,swarm_drone_registry_public,5,"{""registry_id"":""SWARM004"",""company_name_raw"":""주식회사 날다"",""company_name_normalized"":""날다"",""region_sido"":""전라남도"",""region_sigungu"":""광양시"",""business_scope"":""촬영,관측,측량,조종교육,농업지원,기타"",""business_scope_detail"":""항공방제, 사진촬영, 측량 또는 탐사, 관측 또는 탐사, 조종교육, 드론배송, 기타(드론공연 )"",""as_of_date"":""2024-08-23"",""source_file"":""한국교통안전공단_초경량비행장치사용사업체(군집드론) 등록 현황_20240823.csv"",""quality_note"":""군집드론 사용사업체 등록은 방산기업 또는 군 납품을 의미하지 않음. 개인정보·사업자번호·상세주소 제외.""}"
e47c4ef8f1ccb98dec0f937e,swarm_drone_registry_public,6,"{""registry_id"":""SWARM005"",""company_name_raw"":""주식회사 라온스랩"",""company_name_normalized"":""라온스랩"",""region_sido"":""강원도"",""region_sigungu"":""원주시"",""business_scope"":""촬영,관측,농업지원,기타"",""business_scope_detail"":""드론 군집공연, 항공촬영, 관측, 탐사, 농업지원,  드론 도소매업"",""as_of_date"":""2024-08-23"",""source_file"":""한국교통안전공단_초경량비행장치사용사업체(군집드론) 등록 현황_20240823.csv"",""quality_note"":""군집드론 사용사업체 등록은 방산기업 또는 군 납품을 의미하지 않음. 개인정보·사업자번호·상세주소 제외.""}"
3ae3a6a98e8f37ef7e8b8592,swarm_drone_registry_public,7,"{""registry_id"":""SWARM006"",""company_name_raw"":""주식회사 스카이아트"",""company_name_normalized"":""스카이아트"",""region_sido"":""전라남도"",""region_sigungu"":""목포시"",""business_scope"":""촬영,기타"",""business_scope_detail"":""드론을 이용한 촬영과 다양한 퍼포먼스를 위한 군집 드론 쇼 "",""as_of_date"":""2024-08-23"",""source_file"":""한국교통안전공단_초경량비행장치사용사업체(군집드론) 등록 현황_20240823.csv"",""quality_note"":""군집드론 사용사업체 등록은 방산기업 또는 군 납품을 의미하지 않음. 개인정보·사업자번호·상세주소 제외.""}"
5521763498af5038892211b7,swarm_drone_registry_public,8,"{""registry_id"":""SWARM007"",""company_name_raw"":""안동드론클럽"",""company_name_normalized"":""안동드론클럽"",""region_sido"":""경상북도"",""region_sigungu"":""안동시"",""business_scope"":""촬영,관측,측량,조종교육,농업지원,기타"",""business_scope_detail"":""자격교육, 농업지원, 항공방제, 항공방역, 항공촬영, 항공측량, 항공관측, 항공광고, 드론쇼, 배송"",""as_of_date"":""2024-08-23"",""source_file"":""한국교통안전공단_초경량비행장치사용사업체(군집드론) 등록 현황_20240823.csv"",""quality_note"":""군집드론 사용사업체 등록은 방산기업 또는 군 납품을 의미하지 않음. 개인정보·사업자번호·상세주소 제외.""}"
ff2a887227701924f93fbfed,swarm_drone_registry_public,9,"{""registry_id"":""SWARM008"",""company_name_raw"":""주식회사 파블로항공"",""company_name_normalized"":""파블로항공"",""region_sido"":""인천광역시"",""region_sigungu"":""연수구"",""business_scope"":""조종교육,기타"",""business_scope_detail"":""물품배송, 공연, 조종교육, 비행시험"",""as_of_date"":""2024-08-23"",""source_file"":""한국교통안전공단_초경량비행장치사용사업체(군집드론) 등록 현황_20240823.csv"",""quality_note"":""군집드론 사용사업체 등록은 방산기업 또는 군 납품을 의미하지 않음. 개인정보·사업자번호·상세주소 제외.""}"
d4e844790053d7fdcbd4e9f8,swarm_drone_registry_public,10,"{""registry_id"":""SWARM009"",""company_name_raw"":""농업회사법인 주식회사 케이제이"",""company_name_normalized"":""농업회사법인 주식회사 케이제이"",""region_sido"":""경상북도"",""region_sigungu"":""의성군"",""business_scope"":""촬영,관측,측량,조종교육,농업지원,기타"",""business_scope_detail"":""조종교육, 교관양성, 항공촬영, 농업 방제 및 방역, 드론군집 및 공연"",""as_of_date"":""2024-08-23"",""source_file"":""한국교통안전공단_초경량비행장치사용사업체(군집드론) 등록 현황_20240823.csv"",""quality_note"":""군집드론 사용사업체 등록은 방산기업 또는 군 납품을 의미하지 않음. 개인정보·사업자번호·상세주소 제외.""}"
4b4c7554f69c36a69ba4dbd9,swarm_drone_registry_public,11,"{""registry_id"":""SWARM010"",""company_name_raw"":""영월드론비행교육원"",""company_name_normalized"":""영월드론비행교육원"",""region_sido"":""강원"",""region_sigungu"":""영월군"",""business_scope"":""촬영,조종교육,농업지원,기타"",""business_scope_detail"":""드론아트쇼"",""as_of_date"":""2024-08-23"",""source_file"":""한국교통안전공단_초경량비행장치사용사업체(군집드론) 등록 현황_20240823.csv"",""quality_note"":""군집드론 사용사업체 등록은 방산기업 또는 군 납품을 의미하지 않음. 개인정보·사업자번호·상세주소 제외.""}"
464003345f1a4e012e128a1b,swarm_drone_registry_public,12,"{""registry_id"":""SWARM011"",""company_name_raw"":""주식회사 드론코리아 아카데미"",""company_name_normalized"":""드론코리아 아카데미"",""region_sido"":""경상북도"",""region_sigungu"":""안동시"",""business_scope"":""촬영,측량,조종교육,농업지원,기타"",""business_scope_detail"":""조종교육, 항공방제, 항공촬영, 측량 또는 탐사, 드론공연"",""as_of_date"":""2024-08-23"",""source_file"":""한국교통안전공단_초경량비행장치사용사업체(군집드론) 등록 현황_20240823.csv"",""quality_note"":""군집드론 사용사업체 등록은 방산기업 또는 군 납품을 의미하지 않음. 개인정보·사업자번호·상세주소 제외.""}"
ad40c16b72fd55f9f833a31b,swarm_drone_registry_public,13,"{""registry_id"":""SWARM012"",""company_name_raw"":""(주)다온아이앤씨"",""company_name_normalized"":""다온아이앤씨"",""region_sido"":""경기도"",""region_sigungu"":""광명시"",""business_scope"":""촬영,기타"",""business_scope_detail"":""공연, 촬영"",""as_of_date"":""2024-08-23"",""source_file"":""한국교통안전공단_초경량비행장치사용사업체(군집드론) 등록 현황_20240823.csv"",""quality_note"":""군집드론 사용사업체 등록은 방산기업 또는 군 납품을 의미하지 않음. 개인정보·사업자번호·상세주소 제외.""}"
ac45f45d934f4e0bf2ed0e4a,technology_job_map,2,"{""technology_id"":""DT01"",""job_group"":""AI·컴퓨터비전"",""example_roles"":""AI 엔지니어, 영상처리 연구원"",""job_keywords"":""Python, PyTorch, OpenCV, YOLO, 객체탐지, 추적"",""learning_topics"":""컴퓨터비전, 딥러닝, 임베디드 AI"",""mapping_type"":""분석용 매핑"",""usage_note"":""실제 채용공고 keyword와 조인해 요구 빈도를 검증해야 함""}"
cbec9a36336277d8381414f4,technology_job_map,3,"{""technology_id"":""DT02"",""job_group"":""비행제어·자율비행"",""example_roles"":""자율비행 연구원, 로보틱스 엔지니어"",""job_keywords"":""C++, Python, ROS2, PX4, 경로계획, 군집제어"",""learning_topics"":""제어공학, 로보틱스, 최적화"",""mapping_type"":""분석용 매핑"",""usage_note"":""실제 채용공고 keyword와 조인해 요구 빈도를 검증해야 함""}"
eb3805c9e4a3d0cfedc17c0b,technology_job_map,4,"{""technology_id"":""DT03"",""job_group"":""항법·센서융합"",""example_roles"":""항법 알고리즘 연구원, GNC 엔지니어"",""job_keywords"":""GNSS, IMU, EKF, SLAM, VIO, 센서융합"",""learning_topics"":""확률로봇, 신호처리, 항법"",""mapping_type"":""분석용 매핑"",""usage_note"":""실제 채용공고 keyword와 조인해 요구 빈도를 검증해야 함""}"
c4f03542777c099926df37f1,technology_job_map,5,"{""technology_id"":""DT04"",""job_group"":""임베디드·비행컴퓨터"",""example_roles"":""임베디드 SW, 비행컴퓨터 개발자"",""job_keywords"":""C/C++, RTOS, Linux, GPGPU, 분산처리"",""learning_topics"":""운영체제, 컴퓨터구조, 실시간 시스템"",""mapping_type"":""분석용 매핑"",""usage_note"":""실제 채용공고 keyword와 조인해 요구 빈도를 검증해야 함""}"
a1483cbff2bddd2720e11389,technology_job_map,6,"{""technology_id"":""DT05"",""job_group"":""센서·신호처리"",""example_roles"":""EO/IR·SAR 연구원, 센서융합 엔지니어"",""job_keywords"":""EO/IR, SAR, LiDAR, 영상신호처리"",""learning_topics"":""전자공학, 광학, 신호처리"",""mapping_type"":""분석용 매핑"",""usage_note"":""실제 채용공고 keyword와 조인해 요구 빈도를 검증해야 함""}"
5eac21f1850933554fb29ff0,technology_job_map,7,"{""technology_id"":""DT06"",""job_group"":""통신·데이터링크"",""example_roles"":""RF 엔지니어, 데이터링크 개발자"",""job_keywords"":""RF, SDR, 메시네트워크, 암호통신, 네트워크"",""learning_topics"":""무선통신, 안테나, 네트워크 보안"",""mapping_type"":""분석용 매핑"",""usage_note"":""실제 채용공고 keyword와 조인해 요구 빈도를 검증해야 함""}"
98e79fa226040fb622c03bf8,technology_job_map,8,"{""technology_id"":""DT07"",""job_group"":""지상통제·시스템통합"",""example_roles"":""GCS 개발자, 시스템 엔지니어"",""job_keywords"":""GCS, C2, 임무계획, HMI, 시스템통합"",""learning_topics"":""소프트웨어공학, HCI, 체계공학"",""mapping_type"":""분석용 매핑"",""usage_note"":""실제 채용공고 keyword와 조인해 요구 빈도를 검증해야 함""}"
2e9f999e0ea360affbb3455d,technology_job_map,9,"{""technology_id"":""DT08"",""job_group"":""동력·에너지"",""example_roles"":""전력전자, 배터리·연료전지 엔지니어"",""job_keywords"":""BMS, 연료전지, 파워팩, 전력전자"",""learning_topics"":""전기전자, 화학공학, 에너지시스템"",""mapping_type"":""분석용 매핑"",""usage_note"":""실제 채용공고 keyword와 조인해 요구 빈도를 검증해야 함""}"
3e3fedb263a5abbbde55f5be,technology_job_map,10,"{""technology_id"":""DT09"",""job_group"":""기계·기체설계"",""example_roles"":""기구설계, 구조해석, 생산기술"",""job_keywords"":""CAD, CAE, 복합재, 3D 프린팅, 구조해석"",""learning_topics"":""기계공학, 재료공학, 제조공학"",""mapping_type"":""분석용 매핑"",""usage_note"":""실제 채용공고 keyword와 조인해 요구 빈도를 검증해야 함""}"
31dd239e202242edfe69a4c4,technology_job_map,11,"{""technology_id"":""DT10"",""job_group"":""안티드론·전자전"",""example_roles"":""전자전 연구원, C-UAS 시스템 엔지니어"",""job_keywords"":""재밍, 스푸핑, RF 탐지, 레이더, 위협식별"",""learning_topics"":""전자전, 레이더, RF 신호처리"",""mapping_type"":""분석용 매핑"",""usage_note"":""실제 채용공고 keyword와 조인해 요구 빈도를 검증해야 함""}"
fe3e6ce7a942b103a551c34d,technology_job_map,12,"{""technology_id"":""DT11"",""job_group"":""요격체계·고출력전자기"",""example_roles"":""요격체계 연구원, 레이저·HPM 엔지니어"",""job_keywords"":""요격유도, 고출력 레이저, HPM, 전자기펄스"",""learning_topics"":""유도제어, 전자기학, 고전력공학"",""mapping_type"":""분석용 매핑"",""usage_note"":""실제 채용공고 keyword와 조인해 요구 빈도를 검증해야 함""}"
da5a610ee31eb819727f8736,technology_job_map,13,"{""technology_id"":""DT12"",""job_group"":""AI 지휘통제·데이터"",""example_roles"":""국방 AI 엔지니어, 의사결정지원 개발자"",""job_keywords"":""데이터융합, 상황인식, 의사결정지원, MLOps"",""learning_topics"":""데이터공학, AI, 작전분석"",""mapping_type"":""분석용 매핑"",""usage_note"":""실제 채용공고 keyword와 조인해 요구 빈도를 검증해야 함""}"
