source_row,job_id,major_category,middle_category,job_title_ko,job_title_en,job_nature,core_duties,skills_raw,preferred_qualifications,workplace_types_raw,employer_examples_raw,has_actual_posting,actual_employer,actual_posting_title,actual_posting_url,salary_disclosure_status,salary_min_10k_krw,salary_max_10k_krw,salary_original_text,evidence_level,evidence_type,primary_source_name,primary_source_url,secondary_source_name,secondary_source_url,domestic_demand_evidence,data_status,collected_date,validation_note,salary_midpoint_10k_krw,analysis_evidence_tier,source_file,source_sheet
2,DJ-001,체계기획·사업,기획·통합·사업,무인항공시스템 체계종합 엔지니어,UAS Systems Integration Engineer,핵심기술·사업,기체·항전·통신·임무장비 요구도를 통합하고 체계 성능을 관리,시스템공학; 요구도관리; 형상관리; 인터페이스,직무별 관련 전공·경력; 채용공고별 상이,드론 제조사; 방산기업; 연구기관; 솔루션사,한국항공우주산업(KAI); 항공안전기술원; 드론 전문기업,0,,,,미공개,,,직무별 공개 급여 근거 없음,A,공식 직업·NCS 직접 근거,NCS 무인항공 연구·시험·안전 직무,https://ncs.go.kr/blind/bl04/RecrtNotifDetail.do?recrtNo=20180508114352,드론정보포털 드론산업 통계,https://www.droneportal.or.kr/main/web/contents/M020-05-01,"드론정보포털 2024년 드론산업 전체 종사자 17,204명(제조 3,315명·활용 13,889명); 직업별 인원 수치는 아님",RAW,2026-09-16,직접 근거 확인,,HIGH_DIRECT,drone_career_taxonomy_korea_2026-09-16.xlsx,drone_career_taxonomy_korea_202
3,DJ-002,체계기획·사업,기획·통합·사업,드론 시스템 아키텍트,Drone System Architect,핵심기술·사업,드론 하드웨어·소프트웨어·통신 구조 설계,시스템 아키텍처; MBSE; 인터페이스,직무별 관련 전공·경력; 채용공고별 상이,드론 제조사; 방산기업; 연구기관; 솔루션사,한국항공우주산업(KAI); 항공안전기술원; 드론 전문기업,0,,,,미공개,,,직무별 공개 급여 근거 없음,C,공식 산업·활용 분야에서 세부 직무 도출,NCS 무인항공 연구·시험·안전 직무,https://ncs.go.kr/blind/bl04/RecrtNotifDetail.do?recrtNo=20180508114352,드론정보포털 드론산업 통계,https://www.droneportal.or.kr/main/web/contents/M020-05-01,"드론정보포털 2024년 드론산업 전체 종사자 17,204명(제조 3,315명·활용 13,889명); 직업별 인원 수치는 아님",DERIVED,2026-09-16,공식 활용·산업분류를 실제 수행 기능 단위로 세분화한 직업명; 채용 시 명칭은 달라질 수 있음,,DERIVED_REVIEW,drone_career_taxonomy_korea_2026-09-16.xlsx,drone_career_taxonomy_korea_202
4,DJ-003,체계기획·사업,기획·통합·사업,드론 임무·운용개념 분석가,UAS Mission Analyst,핵심기술·사업,임무 시나리오와 운용개념·성능 요구도 분석,CONOPS; 임무분석; 성능지표,직무별 관련 전공·경력; 채용공고별 상이,드론 제조사; 방산기업; 연구기관; 솔루션사,한국항공우주산업(KAI); 항공안전기술원; 드론 전문기업,0,,,,미공개,,,직무별 공개 급여 근거 없음,A,공식 직업·NCS 직접 근거,NCS 무인항공 연구·시험·안전 직무,https://ncs.go.kr/blind/bl04/RecrtNotifDetail.do?recrtNo=20180508114352,드론정보포털 드론산업 통계,https://www.droneportal.or.kr/main/web/contents/M020-05-01,"드론정보포털 2024년 드론산업 전체 종사자 17,204명(제조 3,315명·활용 13,889명); 직업별 인원 수치는 아님",RAW,2026-09-16,직접 근거 확인,,HIGH_DIRECT,drone_career_taxonomy_korea_2026-09-16.xlsx,drone_career_taxonomy_korea_202
5,DJ-004,체계기획·사업,기획·통합·사업,드론 제품기획자,Drone Product Manager,핵심기술·사업,시장·고객 요구를 제품 사양과 개발 로드맵으로 전환,제품기획; 시장조사; 요구사항,직무별 관련 전공·경력; 채용공고별 상이,드론 제조사; 방산기업; 연구기관; 솔루션사,한국항공우주산업(KAI); 항공안전기술원; 드론 전문기업,0,,,,미공개,,,직무별 공개 급여 근거 없음,C,공식 산업·활용 분야에서 세부 직무 도출,NCS 무인항공 연구·시험·안전 직무,https://ncs.go.kr/blind/bl04/RecrtNotifDetail.do?recrtNo=20180508114352,드론정보포털 드론산업 통계,https://www.droneportal.or.kr/main/web/contents/M020-05-01,"드론정보포털 2024년 드론산업 전체 종사자 17,204명(제조 3,315명·활용 13,889명); 직업별 인원 수치는 아님",DERIVED,2026-09-16,공식 활용·산업분류를 실제 수행 기능 단위로 세분화한 직업명; 채용 시 명칭은 달라질 수 있음,,DERIVED_REVIEW,drone_career_taxonomy_korea_2026-09-16.xlsx,drone_career_taxonomy_korea_202
6,DJ-005,체계기획·사업,기획·통합·사업,드론 서비스기획자,Drone Service Planner,핵심기술·사업,드론 활용 서비스의 고객 여정·운영모델·수익모델 기획,서비스디자인; 운영설계; 데이터기획,직무별 관련 전공·경력; 채용공고별 상이,드론 제조사; 방산기업; 연구기관; 솔루션사,한국항공우주산업(KAI); 항공안전기술원; 드론 전문기업,0,,,,미공개,,,직무별 공개 급여 근거 없음,C,공식 산업·활용 분야에서 세부 직무 도출,NCS 무인항공 연구·시험·안전 직무,https://ncs.go.kr/blind/bl04/RecrtNotifDetail.do?recrtNo=20180508114352,드론정보포털 드론산업 통계,https://www.droneportal.or.kr/main/web/contents/M020-05-01,"드론정보포털 2024년 드론산업 전체 종사자 17,204명(제조 3,315명·활용 13,889명); 직업별 인원 수치는 아님",DERIVED,2026-09-16,공식 활용·산업분류를 실제 수행 기능 단위로 세분화한 직업명; 채용 시 명칭은 달라질 수 있음,,DERIVED_REVIEW,drone_career_taxonomy_korea_2026-09-16.xlsx,drone_career_taxonomy_korea_202
7,DJ-006,체계기획·사업,기획·통합·사업,드론 연구개발 프로젝트 매니저,Drone R&D Project Manager,핵심기술·사업,개발 일정·예산·위험·협력기관 관리,PM; 원가; 일정; 위험관리,직무별 관련 전공·경력; 채용공고별 상이,드론 제조사; 방산기업; 연구기관; 솔루션사,한국항공우주산업(KAI); 항공안전기술원; 드론 전문기업,0,,,,미공개,,,직무별 공개 급여 근거 없음,A,공식 직업·NCS 직접 근거,NCS 무인항공 연구·시험·안전 직무,https://ncs.go.kr/blind/bl04/RecrtNotifDetail.do?recrtNo=20180508114352,드론정보포털 드론산업 통계,https://www.droneportal.or.kr/main/web/contents/M020-05-01,"드론정보포털 2024년 드론산업 전체 종사자 17,204명(제조 3,315명·활용 13,889명); 직업별 인원 수치는 아님",RAW,2026-09-16,직접 근거 확인,,HIGH_DIRECT,drone_career_taxonomy_korea_2026-09-16.xlsx,drone_career_taxonomy_korea_202
8,DJ-007,체계기획·사업,기획·통합·사업,드론 구축 프로젝트 매니저,Drone Deployment Project Manager,핵심기술·사업,관제·스테이션·현장 시스템 구축 프로젝트 관리,PM; SI; 현장구축; 검수,직무별 관련 전공·경력; 채용공고별 상이,드론 제조사; 방산기업; 연구기관; 솔루션사,한국항공우주산업(KAI); 항공안전기술원; 드론 전문기업,0,,,,미공개,,,직무별 공개 급여 근거 없음,C,공식 산업·활용 분야에서 세부 직무 도출,NCS 무인항공 연구·시험·안전 직무,https://ncs.go.kr/blind/bl04/RecrtNotifDetail.do?recrtNo=20180508114352,드론정보포털 드론산업 통계,https://www.droneportal.or.kr/main/web/contents/M020-05-01,"드론정보포털 2024년 드론산업 전체 종사자 17,204명(제조 3,315명·활용 13,889명); 직업별 인원 수치는 아님",DERIVED,2026-09-16,공식 활용·산업분류를 실제 수행 기능 단위로 세분화한 직업명; 채용 시 명칭은 달라질 수 있음,,DERIVED_REVIEW,drone_career_taxonomy_korea_2026-09-16.xlsx,drone_career_taxonomy_korea_202
9,DJ-008,체계기획·사업,기획·통합·사업,드론 사업개발 담당자,Drone Business Development Manager,핵심기술·사업,산업별 활용처 발굴과 제안·파트너십 추진,B2B 제안; 파트너십; 사업성분석,직무별 관련 전공·경력; 채용공고별 상이,드론 제조사; 방산기업; 연구기관; 솔루션사,한국항공우주산업(KAI); 항공안전기술원; 드론 전문기업,0,,,,미공개,,,직무별 공개 급여 근거 없음,C,공식 산업·활용 분야에서 세부 직무 도출,NCS 무인항공 연구·시험·안전 직무,https://ncs.go.kr/blind/bl04/RecrtNotifDetail.do?recrtNo=20180508114352,드론정보포털 드론산업 통계,https://www.droneportal.or.kr/main/web/contents/M020-05-01,"드론정보포털 2024년 드론산업 전체 종사자 17,204명(제조 3,315명·활용 13,889명); 직업별 인원 수치는 아님",DERIVED,2026-09-16,공식 활용·산업분류를 실제 수행 기능 단위로 세분화한 직업명; 채용 시 명칭은 달라질 수 있음,,DERIVED_REVIEW,drone_career_taxonomy_korea_2026-09-16.xlsx,drone_career_taxonomy_korea_202
10,DJ-009,체계기획·사업,기획·통합·사업,드론 부품 기술영업 담당자,Drone Technical Sales Specialist,핵심기술·사업,드론 부품·교보재·솔루션의 기술제안과 고객 지원,기술영업; Pixhawk; PX4; ArduPilot,직무별 관련 전공·경력; 채용공고별 상이,드론 제조사; 방산기업; 연구기관; 솔루션사,한국항공우주산업(KAI); 항공안전기술원; 드론 전문기업,1,(주)아크로사,"로봇키트, 드론부품 대학교 교보재 영업직 모집",https://www.jobkorea.co.kr/Recruit/GI_Read/50000499?Oem_Code=C900&api=592,최저액공개,4500,,"연봉 4,500만원 이상(면접 후 결정)",B,실제 채용공고 직접 근거,NCS 무인항공 연구·시험·안전 직무,https://ncs.go.kr/blind/bl04/RecrtNotifDetail.do?recrtNo=20180508114352,드론정보포털 드론산업 통계,https://www.droneportal.or.kr/main/web/contents/M020-05-01,"드론정보포털 2024년 드론산업 전체 종사자 17,204명(제조 3,315명·활용 13,889명); 직업별 인원 수치는 아님",RAW,2026-09-16,직접 근거 확인,,MEDIUM_SUPPORTING,drone_career_taxonomy_korea_2026-09-16.xlsx,drone_career_taxonomy_korea_202
11,DJ-010,체계기획·사업,기획·통합·사업,드론 조달·공급망 담당자,Drone Supply Chain Specialist,핵심기술·사업,"기체·부품 공급사 발굴, 구매, 납기·재고·품질 관리",SCM; 구매; BOM; 협력사관리,직무별 관련 전공·경력; 채용공고별 상이,드론 제조사; 방산기업; 연구기관; 솔루션사,한국항공우주산업(KAI); 항공안전기술원; 드론 전문기업,0,,,,미공개,,,직무별 공개 급여 근거 없음,C,공식 산업·활용 분야에서 세부 직무 도출,NCS 무인항공 연구·시험·안전 직무,https://ncs.go.kr/blind/bl04/RecrtNotifDetail.do?recrtNo=20180508114352,드론정보포털 드론산업 통계,https://www.droneportal.or.kr/main/web/contents/M020-05-01,"드론정보포털 2024년 드론산업 전체 종사자 17,204명(제조 3,315명·활용 13,889명); 직업별 인원 수치는 아님",DERIVED,2026-09-16,공식 활용·산업분류를 실제 수행 기능 단위로 세분화한 직업명; 채용 시 명칭은 달라질 수 있음,,DERIVED_REVIEW,drone_career_taxonomy_korea_2026-09-16.xlsx,drone_career_taxonomy_korea_202
12,DJ-011,기체·공력·구조·생산,기체개발,드론 개념·형상설계 엔지니어,Drone Conceptual Design Engineer,핵심기술,임무 요구에 맞는 기체 형상과 주요 치수 설계,항공역학; CAD; 중량추정,직무별 관련 전공·경력; 채용공고별 상이,드론 제조사; 항공우주기업; 방산기업; 연구소,한국항공우주산업(KAI); (주)프리뉴; 에이럭스; 드론 제조기업,0,,,,미공개,,,직무별 공개 급여 근거 없음,A,공식 직업·NCS 직접 근거,NCS 무인기 개발 직무 근거,https://www.ncs.go.kr/blind/bl04/RecrtNotifDetail.do?recrtNo=20240508140011,드론정보포털 드론산업 통계,https://www.droneportal.or.kr/main/web/contents/M020-05-01,"드론정보포털 2024년 드론산업 전체 종사자 17,204명(제조 3,315명·활용 13,889명); 직업별 인원 수치는 아님",RAW,2026-09-16,직접 근거 확인,,HIGH_DIRECT,drone_career_taxonomy_korea_2026-09-16.xlsx,drone_career_taxonomy_korea_202
13,DJ-012,기체·공력·구조·생산,기체개발,드론 공력설계 엔지니어,Drone Aerodynamics Engineer,핵심기술,날개·동체·로터의 공력 설계와 해석,CFD; 풍동시험; 항공역학,직무별 관련 전공·경력; 채용공고별 상이,드론 제조사; 항공우주기업; 방산기업; 연구소,한국항공우주산업(KAI); (주)프리뉴; 에이럭스; 드론 제조기업,0,,,,미공개,,,직무별 공개 급여 근거 없음,C,공식 산업·활용 분야에서 세부 직무 도출,NCS 무인기 개발 직무 근거,https://www.ncs.go.kr/blind/bl04/RecrtNotifDetail.do?recrtNo=20240508140011,드론정보포털 드론산업 통계,https://www.droneportal.or.kr/main/web/contents/M020-05-01,"드론정보포털 2024년 드론산업 전체 종사자 17,204명(제조 3,315명·활용 13,889명); 직업별 인원 수치는 아님",DERIVED,2026-09-16,공식 활용·산업분류를 실제 수행 기능 단위로 세분화한 직업명; 채용 시 명칭은 달라질 수 있음,,DERIVED_REVIEW,drone_career_taxonomy_korea_2026-09-16.xlsx,drone_career_taxonomy_korea_202
14,DJ-013,기체·공력·구조·생산,기체개발,드론 성능해석 엔지니어,Drone Performance Analyst,핵심기술,항속·체공·상승·탑재 성능 예측과 검증,비행성능; MATLAB; 모델링,직무별 관련 전공·경력; 채용공고별 상이,드론 제조사; 항공우주기업; 방산기업; 연구소,한국항공우주산업(KAI); (주)프리뉴; 에이럭스; 드론 제조기업,0,,,,미공개,,,직무별 공개 급여 근거 없음,A,공식 직업·NCS 직접 근거,NCS 무인기 개발 직무 근거,https://www.ncs.go.kr/blind/bl04/RecrtNotifDetail.do?recrtNo=20240508140011,드론정보포털 드론산업 통계,https://www.droneportal.or.kr/main/web/contents/M020-05-01,"드론정보포털 2024년 드론산업 전체 종사자 17,204명(제조 3,315명·활용 13,889명); 직업별 인원 수치는 아님",RAW,2026-09-16,직접 근거 확인,,HIGH_DIRECT,drone_career_taxonomy_korea_2026-09-16.xlsx,drone_career_taxonomy_korea_202
15,DJ-014,기체·공력·구조·생산,기체개발,드론 비행역학 엔지니어,Drone Flight Dynamics Engineer,핵심기술,안정성·조종성 모델링과 동특성 분석,비행역학; 상태공간; 시뮬레이션,직무별 관련 전공·경력; 채용공고별 상이,드론 제조사; 항공우주기업; 방산기업; 연구소,한국항공우주산업(KAI); (주)프리뉴; 에이럭스; 드론 제조기업,0,,,,미공개,,,직무별 공개 급여 근거 없음,C,공식 산업·활용 분야에서 세부 직무 도출,NCS 무인기 개발 직무 근거,https://www.ncs.go.kr/blind/bl04/RecrtNotifDetail.do?recrtNo=20240508140011,드론정보포털 드론산업 통계,https://www.droneportal.or.kr/main/web/contents/M020-05-01,"드론정보포털 2024년 드론산업 전체 종사자 17,204명(제조 3,315명·활용 13,889명); 직업별 인원 수치는 아님",DERIVED,2026-09-16,공식 활용·산업분류를 실제 수행 기능 단위로 세분화한 직업명; 채용 시 명칭은 달라질 수 있음,,DERIVED_REVIEW,drone_career_taxonomy_korea_2026-09-16.xlsx,drone_career_taxonomy_korea_202
16,DJ-015,기체·공력·구조·생산,기체개발,무인항공기 구조설계 엔지니어,UAV Structural Design Engineer,핵심기술,기체 구조·하중경로·접합부 설계,CATIA; CAD; 구조설계; AS9100,직무별 관련 전공·경력; 채용공고별 상이,드론 제조사; 항공우주기업; 방산기업; 연구소,한국항공우주산업(KAI); (주)프리뉴; 에이럭스; 드론 제조기업,1,(주)프리뉴,고정익·VTOL 무인항공기 형상 및 구조설계,https://www.jobkorea.co.kr/Recruit/GI_Read/49960036?Oem_Code=C900&api=592,회사내규,,,회사 내규,B,실제 채용공고 직접 근거,NCS 무인기 개발 직무 근거,https://www.ncs.go.kr/blind/bl04/RecrtNotifDetail.do?recrtNo=20240508140011,드론정보포털 드론산업 통계,https://www.droneportal.or.kr/main/web/contents/M020-05-01,"드론정보포털 2024년 드론산업 전체 종사자 17,204명(제조 3,315명·활용 13,889명); 직업별 인원 수치는 아님",RAW,2026-09-16,직접 근거 확인,,MEDIUM_SUPPORTING,drone_career_taxonomy_korea_2026-09-16.xlsx,drone_career_taxonomy_korea_202
17,DJ-016,기체·공력·구조·생산,기체개발,UAV 구조해석 엔지니어,UAV Structural Analyst,핵심기술,정적·동적·피로·좌굴 구조해석,FEM; ANSYS; NASTRAN,직무별 관련 전공·경력; 채용공고별 상이,드론 제조사; 항공우주기업; 방산기업; 연구소,한국항공우주산업(KAI); (주)프리뉴; 에이럭스; 드론 제조기업,1,(주)지티에이에어로스페이스,UAV·중대형 무인헬기 구조설계·해석 연구원,https://www.jobkorea.co.kr/Recruit/GI_Read/49850309?Oem_Code=C900&api=592,미공개,,,공고에서 급여 미공개,B,실제 채용공고 직접 근거,NCS 무인기 개발 직무 근거,https://www.ncs.go.kr/blind/bl04/RecrtNotifDetail.do?recrtNo=20240508140011,드론정보포털 드론산업 통계,https://www.droneportal.or.kr/main/web/contents/M020-05-01,"드론정보포털 2024년 드론산업 전체 종사자 17,204명(제조 3,315명·활용 13,889명); 직업별 인원 수치는 아님",RAW,2026-09-16,직접 근거 확인,,MEDIUM_SUPPORTING,drone_career_taxonomy_korea_2026-09-16.xlsx,drone_career_taxonomy_korea_202
18,DJ-017,기체·공력·구조·생산,기체개발,드론 기구설계 엔지니어,Drone Mechanical Design Engineer,핵심기술,프레임·암·마운트·짐벌 기구 설계,3D CAD; 공차; 기구설계,직무별 관련 전공·경력; 채용공고별 상이,드론 제조사; 항공우주기업; 방산기업; 연구소,한국항공우주산업(KAI); (주)프리뉴; 에이럭스; 드론 제조기업,1,에이럭스,드론 멀티콥터·VTOL·고정익 기구 설계 엔지니어,https://www.jobkorea.co.kr/Recruit/GI_Read/49955059?Oem_Code=C900&api=592,회사내규,,,회사 내규,B,실제 채용공고 직접 근거,NCS 무인기 개발 직무 근거,https://www.ncs.go.kr/blind/bl04/RecrtNotifDetail.do?recrtNo=20240508140011,드론정보포털 드론산업 통계,https://www.droneportal.or.kr/main/web/contents/M020-05-01,"드론정보포털 2024년 드론산업 전체 종사자 17,204명(제조 3,315명·활용 13,889명); 직업별 인원 수치는 아님",RAW,2026-09-16,직접 근거 확인,,MEDIUM_SUPPORTING,drone_career_taxonomy_korea_2026-09-16.xlsx,drone_career_taxonomy_korea_202
19,DJ-018,기체·공력·구조·생산,기체개발,멀티콥터 기체개발 엔지니어,Multicopter Airframe Engineer,핵심기술,멀티콥터 구조·배치·진동·냉각 설계,멀티콥터; 진동; 경량화,직무별 관련 전공·경력; 채용공고별 상이,드론 제조사; 항공우주기업; 방산기업; 연구소,한국항공우주산업(KAI); (주)프리뉴; 에이럭스; 드론 제조기업,0,,,,미공개,,,직무별 공개 급여 근거 없음,A,공식 직업·NCS 직접 근거,NCS 무인기 개발 직무 근거,https://www.ncs.go.kr/blind/bl04/RecrtNotifDetail.do?recrtNo=20240508140011,드론정보포털 드론산업 통계,https://www.droneportal.or.kr/main/web/contents/M020-05-01,"드론정보포털 2024년 드론산업 전체 종사자 17,204명(제조 3,315명·활용 13,889명); 직업별 인원 수치는 아님",RAW,2026-09-16,직접 근거 확인,,HIGH_DIRECT,drone_career_taxonomy_korea_2026-09-16.xlsx,drone_career_taxonomy_korea_202
20,DJ-019,기체·공력·구조·생산,기체개발,고정익 무인기 기체개발 엔지니어,Fixed-wing UAV Airframe Engineer,핵심기술,고정익 무인기의 날개·동체·조종면 개발,고정익; 공력; 복합재,직무별 관련 전공·경력; 채용공고별 상이,드론 제조사; 항공우주기업; 방산기업; 연구소,한국항공우주산업(KAI); (주)프리뉴; 에이럭스; 드론 제조기업,0,,,,미공개,,,직무별 공개 급여 근거 없음,A,공식 직업·NCS 직접 근거,NCS 무인기 개발 직무 근거,https://www.ncs.go.kr/blind/bl04/RecrtNotifDetail.do?recrtNo=20240508140011,드론정보포털 드론산업 통계,https://www.droneportal.or.kr/main/web/contents/M020-05-01,"드론정보포털 2024년 드론산업 전체 종사자 17,204명(제조 3,315명·활용 13,889명); 직업별 인원 수치는 아님",RAW,2026-09-16,직접 근거 확인,,HIGH_DIRECT,drone_career_taxonomy_korea_2026-09-16.xlsx,drone_career_taxonomy_korea_202
21,DJ-020,기체·공력·구조·생산,기체개발,회전익 무인기 기체개발 엔지니어,Unmanned Rotorcraft Engineer,핵심기술,무인헬기 로터·동력전달·기체 개발,로터역학; 회전익; 진동,직무별 관련 전공·경력; 채용공고별 상이,드론 제조사; 항공우주기업; 방산기업; 연구소,한국항공우주산업(KAI); (주)프리뉴; 에이럭스; 드론 제조기업,0,,,,미공개,,,직무별 공개 급여 근거 없음,A,공식 직업·NCS 직접 근거,NCS 무인기 개발 직무 근거,https://www.ncs.go.kr/blind/bl04/RecrtNotifDetail.do?recrtNo=20240508140011,드론정보포털 드론산업 통계,https://www.droneportal.or.kr/main/web/contents/M020-05-01,"드론정보포털 2024년 드론산업 전체 종사자 17,204명(제조 3,315명·활용 13,889명); 직업별 인원 수치는 아님",RAW,2026-09-16,직접 근거 확인,,HIGH_DIRECT,drone_career_taxonomy_korea_2026-09-16.xlsx,drone_career_taxonomy_korea_202
22,DJ-021,기체·공력·구조·생산,기체개발,VTOL 무인기 기체개발 엔지니어,VTOL UAV Airframe Engineer,핵심기술,수직이착륙 전환기구와 복합형 기체 개발,VTOL; 천이비행; 기구설계,직무별 관련 전공·경력; 채용공고별 상이,드론 제조사; 항공우주기업; 방산기업; 연구소,한국항공우주산업(KAI); (주)프리뉴; 에이럭스; 드론 제조기업,0,,,,미공개,,,직무별 공개 급여 근거 없음,C,공식 산업·활용 분야에서 세부 직무 도출,NCS 무인기 개발 직무 근거,https://www.ncs.go.kr/blind/bl04/RecrtNotifDetail.do?recrtNo=20240508140011,드론정보포털 드론산업 통계,https://www.droneportal.or.kr/main/web/contents/M020-05-01,"드론정보포털 2024년 드론산업 전체 종사자 17,204명(제조 3,315명·활용 13,889명); 직업별 인원 수치는 아님",DERIVED,2026-09-16,공식 활용·산업분류를 실제 수행 기능 단위로 세분화한 직업명; 채용 시 명칭은 달라질 수 있음,,DERIVED_REVIEW,drone_career_taxonomy_korea_2026-09-16.xlsx,drone_career_taxonomy_korea_202
23,DJ-022,기체·공력·구조·생산,기체개발,무인비행선 개발 엔지니어,Unmanned Airship Engineer,핵심기술,무인비행선 부력체·추진·조종계통 개발,부력; 비행선; 경량구조,직무별 관련 전공·경력; 채용공고별 상이,드론 제조사; 항공우주기업; 방산기업; 연구소,한국항공우주산업(KAI); (주)프리뉴; 에이럭스; 드론 제조기업,0,,,,미공개,,,직무별 공개 급여 근거 없음,A,공식 직업·NCS 직접 근거,NCS 무인기 개발 직무 근거,https://www.ncs.go.kr/blind/bl04/RecrtNotifDetail.do?recrtNo=20240508140011,드론정보포털 드론산업 통계,https://www.droneportal.or.kr/main/web/contents/M020-05-01,"드론정보포털 2024년 드론산업 전체 종사자 17,204명(제조 3,315명·활용 13,889명); 직업별 인원 수치는 아님",RAW,2026-09-16,직접 근거 확인,,HIGH_DIRECT,drone_career_taxonomy_korea_2026-09-16.xlsx,drone_career_taxonomy_korea_202
24,DJ-023,기체·공력·구조·생산,기체개발,드론 랜딩기어·전개기구 설계자,Drone Mechanism Designer,핵심기술,착륙장치·폴딩암·투하장치 등 작동기구 설계,메커니즘; 액추에이터; CAD,직무별 관련 전공·경력; 채용공고별 상이,드론 제조사; 항공우주기업; 방산기업; 연구소,한국항공우주산업(KAI); (주)프리뉴; 에이럭스; 드론 제조기업,0,,,,미공개,,,직무별 공개 급여 근거 없음,C,공식 산업·활용 분야에서 세부 직무 도출,NCS 무인기 개발 직무 근거,https://www.ncs.go.kr/blind/bl04/RecrtNotifDetail.do?recrtNo=20240508140011,드론정보포털 드론산업 통계,https://www.droneportal.or.kr/main/web/contents/M020-05-01,"드론정보포털 2024년 드론산업 전체 종사자 17,204명(제조 3,315명·활용 13,889명); 직업별 인원 수치는 아님",DERIVED,2026-09-16,공식 활용·산업분류를 실제 수행 기능 단위로 세분화한 직업명; 채용 시 명칭은 달라질 수 있음,,DERIVED_REVIEW,drone_career_taxonomy_korea_2026-09-16.xlsx,drone_career_taxonomy_korea_202
25,DJ-024,기체·공력·구조·생산,제조·생산,드론 제작·통합 엔지니어,Drone Build & Integration Engineer,제조,기체·항전·배선·펌웨어를 조립하고 통합 시험,조립; 배선; Pixhawk; GCS,직무별 관련 전공·경력; 채용공고별 상이,드론 완제기·부품 제조사; 복합재 업체; 생산공장,(주)프리뉴; (주)헬셀; 그리폰다이나믹스; 드론 제조기업,1,(주)아크로사,아크로사(ACROXAR) 픽스호크 드론제작 정직원 모집,https://www.jobkorea.co.kr/Recruit/GI_Read/49819175?Oem_Code=C900&api=592,최저액공개,4000,,"연봉 4,000만원 이상(면접 후 결정)",B,실제 채용공고 직접 근거,드론정보포털 산업생태계 지도,https://www.droneportal.or.kr/main/web/contents/M020-08-03,드론정보포털 드론산업 통계,https://www.droneportal.or.kr/main/web/contents/M020-05-01,"드론정보포털 2024년 드론산업 전체 종사자 17,204명(제조 3,315명·활용 13,889명); 직업별 인원 수치는 아님",RAW,2026-09-16,직접 근거 확인,,MEDIUM_SUPPORTING,drone_career_taxonomy_korea_2026-09-16.xlsx,drone_career_taxonomy_korea_202
26,DJ-025,기체·공력·구조·생산,제조·생산,산업용 드론 제작·운영 엔지니어,Industrial Drone Build & Operations Engineer,제조,산업용 기체 제작과 현장 운용을 함께 수행,기체제작; 조종; 현장운용,직무별 관련 전공·경력; 채용공고별 상이,드론 완제기·부품 제조사; 복합재 업체; 생산공장,(주)프리뉴; (주)헬셀; 그리폰다이나믹스; 드론 제조기업,1,케이프로시스템(주),산업용 드론제작 및 운영 업무모집,https://www.jobkorea.co.kr/Recruit/GI_Read/49994334?Oem_Code=C900&api=592,구간공개,2600,5000,"연봉 2,600~5,000만원(면접 후 결정)",B,실제 채용공고 직접 근거,드론정보포털 산업생태계 지도,https://www.droneportal.or.kr/main/web/contents/M020-08-03,드론정보포털 드론산업 통계,https://www.droneportal.or.kr/main/web/contents/M020-05-01,"드론정보포털 2024년 드론산업 전체 종사자 17,204명(제조 3,315명·활용 13,889명); 직업별 인원 수치는 아님",RAW,2026-09-16,직접 근거 확인,3800.0,MEDIUM_SUPPORTING,drone_career_taxonomy_korea_2026-09-16.xlsx,drone_career_taxonomy_korea_202
27,DJ-026,기체·공력·구조·생산,제조·생산,드론 운용·제작 엔지니어,Drone Operations & Fabrication Engineer,제조,기체 제작·셋업·비행 운용,제작; 세팅; 비행,직무별 관련 전공·경력; 채용공고별 상이,드론 완제기·부품 제조사; 복합재 업체; 생산공장,(주)프리뉴; (주)헬셀; 그리폰다이나믹스; 드론 제조기업,1,(주)아리온,드론 운용 및 제작 경력직,https://www.saramin.co.kr/zf_user/jobs/relay/view?rec_idx=55002735,미공개,,,공고에서 급여 미공개,B,실제 채용공고 직접 근거,드론정보포털 산업생태계 지도,https://www.droneportal.or.kr/main/web/contents/M020-08-03,드론정보포털 드론산업 통계,https://www.droneportal.or.kr/main/web/contents/M020-05-01,"드론정보포털 2024년 드론산업 전체 종사자 17,204명(제조 3,315명·활용 13,889명); 직업별 인원 수치는 아님",RAW,2026-09-16,직접 근거 확인,,MEDIUM_SUPPORTING,drone_career_taxonomy_korea_2026-09-16.xlsx,drone_career_taxonomy_korea_202
28,DJ-027,기체·공력·구조·생산,제조·생산,드론 복합재 제작원,Drone Composite Technician,제조,CFRP·GFRP 적층·성형·트리밍·접착,CFRP; GFRP; 성형; 접착,직무별 관련 전공·경력; 채용공고별 상이,드론 완제기·부품 제조사; 복합재 업체; 생산공장,(주)프리뉴; (주)헬셀; 그리폰다이나믹스; 드론 제조기업,1,(주)프리뉴,기체제작팀 복합재 제작,https://www.jobkorea.co.kr/Recruit/GI_Read/49865329?Oem_Code=C900&api=592,회사내규,,,회사 내규,B,실제 채용공고 직접 근거,드론정보포털 산업생태계 지도,https://www.droneportal.or.kr/main/web/contents/M020-08-03,드론정보포털 드론산업 통계,https://www.droneportal.or.kr/main/web/contents/M020-05-01,"드론정보포털 2024년 드론산업 전체 종사자 17,204명(제조 3,315명·활용 13,889명); 직업별 인원 수치는 아님",RAW,2026-09-16,직접 근거 확인,,MEDIUM_SUPPORTING,drone_career_taxonomy_korea_2026-09-16.xlsx,drone_career_taxonomy_korea_202
29,DJ-028,기체·공력·구조·생산,제조·생산,드론 정밀가공 기술자,Drone Machining Technician,제조,기체용 금속·수지 부품 CNC 정밀가공,CNC; CAM; 공차; 측정,직무별 관련 전공·경력; 채용공고별 상이,드론 완제기·부품 제조사; 복합재 업체; 생산공장,(주)프리뉴; (주)헬셀; 그리폰다이나믹스; 드론 제조기업,0,,,,미공개,,,직무별 공개 급여 근거 없음,C,공식 산업·활용 분야에서 세부 직무 도출,드론정보포털 산업생태계 지도,https://www.droneportal.or.kr/main/web/contents/M020-08-03,드론정보포털 드론산업 통계,https://www.droneportal.or.kr/main/web/contents/M020-05-01,"드론정보포털 2024년 드론산업 전체 종사자 17,204명(제조 3,315명·활용 13,889명); 직업별 인원 수치는 아님",DERIVED,2026-09-16,공식 활용·산업분류를 실제 수행 기능 단위로 세분화한 직업명; 채용 시 명칭은 달라질 수 있음,,DERIVED_REVIEW,drone_career_taxonomy_korea_2026-09-16.xlsx,drone_career_taxonomy_korea_202
30,DJ-029,기체·공력·구조·생산,제조·생산,드론 3D프린팅 시제품 기술자,Drone Additive Manufacturing Technician,제조,기체·마운트 시제품 출력과 후처리,FDM; SLA; SLS; DfAM,직무별 관련 전공·경력; 채용공고별 상이,드론 완제기·부품 제조사; 복합재 업체; 생산공장,(주)프리뉴; (주)헬셀; 그리폰다이나믹스; 드론 제조기업,0,,,,미공개,,,직무별 공개 급여 근거 없음,C,공식 산업·활용 분야에서 세부 직무 도출,드론정보포털 산업생태계 지도,https://www.droneportal.or.kr/main/web/contents/M020-08-03,드론정보포털 드론산업 통계,https://www.droneportal.or.kr/main/web/contents/M020-05-01,"드론정보포털 2024년 드론산업 전체 종사자 17,204명(제조 3,315명·활용 13,889명); 직업별 인원 수치는 아님",DERIVED,2026-09-16,공식 활용·산업분류를 실제 수행 기능 단위로 세분화한 직업명; 채용 시 명칭은 달라질 수 있음,,DERIVED_REVIEW,drone_career_taxonomy_korea_2026-09-16.xlsx,drone_career_taxonomy_korea_202
31,DJ-030,기체·공력·구조·생산,제조·생산,드론 생산기술 엔지니어,Drone Manufacturing Engineer,제조,조립 공정·치공구·작업표준·생산성 개선,공정설계; 치공구; Lean,직무별 관련 전공·경력; 채용공고별 상이,드론 완제기·부품 제조사; 복합재 업체; 생산공장,(주)프리뉴; (주)헬셀; 그리폰다이나믹스; 드론 제조기업,0,,,,미공개,,,직무별 공개 급여 근거 없음,C,공식 산업·활용 분야에서 세부 직무 도출,드론정보포털 산업생태계 지도,https://www.droneportal.or.kr/main/web/contents/M020-08-03,드론정보포털 드론산업 통계,https://www.droneportal.or.kr/main/web/contents/M020-05-01,"드론정보포털 2024년 드론산업 전체 종사자 17,204명(제조 3,315명·활용 13,889명); 직업별 인원 수치는 아님",DERIVED,2026-09-16,공식 활용·산업분류를 실제 수행 기능 단위로 세분화한 직업명; 채용 시 명칭은 달라질 수 있음,,DERIVED_REVIEW,drone_career_taxonomy_korea_2026-09-16.xlsx,drone_career_taxonomy_korea_202
32,DJ-031,기체·공력·구조·생산,제조·생산,드론 조립원,Drone Assembly Technician,제조,프레임·모터·항전·배선을 작업표준에 따라 조립,조립; 납땜; 토크관리,직무별 관련 전공·경력; 채용공고별 상이,드론 완제기·부품 제조사; 복합재 업체; 생산공장,(주)프리뉴; (주)헬셀; 그리폰다이나믹스; 드론 제조기업,0,,,,미공개,,,직무별 공개 급여 근거 없음,C,공식 산업·활용 분야에서 세부 직무 도출,드론정보포털 산업생태계 지도,https://www.droneportal.or.kr/main/web/contents/M020-08-03,드론정보포털 드론산업 통계,https://www.droneportal.or.kr/main/web/contents/M020-05-01,"드론정보포털 2024년 드론산업 전체 종사자 17,204명(제조 3,315명·활용 13,889명); 직업별 인원 수치는 아님",DERIVED,2026-09-16,공식 활용·산업분류를 실제 수행 기능 단위로 세분화한 직업명; 채용 시 명칭은 달라질 수 있음,,DERIVED_REVIEW,drone_career_taxonomy_korea_2026-09-16.xlsx,drone_career_taxonomy_korea_202
33,DJ-032,기체·공력·구조·생산,제조·생산,드론 생산시험 기술자,Drone Production Test Technician,제조,완성 기체 기능·추력·통신·비행 전 검사,EOL시험; 계측; 검사,직무별 관련 전공·경력; 채용공고별 상이,드론 완제기·부품 제조사; 복합재 업체; 생산공장,(주)프리뉴; (주)헬셀; 그리폰다이나믹스; 드론 제조기업,0,,,,미공개,,,직무별 공개 급여 근거 없음,C,공식 산업·활용 분야에서 세부 직무 도출,드론정보포털 산업생태계 지도,https://www.droneportal.or.kr/main/web/contents/M020-08-03,드론정보포털 드론산업 통계,https://www.droneportal.or.kr/main/web/contents/M020-05-01,"드론정보포털 2024년 드론산업 전체 종사자 17,204명(제조 3,315명·활용 13,889명); 직업별 인원 수치는 아님",DERIVED,2026-09-16,공식 활용·산업분류를 실제 수행 기능 단위로 세분화한 직업명; 채용 시 명칭은 달라질 수 있음,,DERIVED_REVIEW,drone_career_taxonomy_korea_2026-09-16.xlsx,drone_career_taxonomy_korea_202
34,DJ-033,기체·공력·구조·생산,제조·생산,드론 자재·BOM 관리 담당자,Drone Materials & BOM Coordinator,제조,부품 BOM·재고·입출고·대체품 관리,BOM; ERP; 재고관리,직무별 관련 전공·경력; 채용공고별 상이,드론 완제기·부품 제조사; 복합재 업체; 생산공장,(주)프리뉴; (주)헬셀; 그리폰다이나믹스; 드론 제조기업,0,,,,미공개,,,직무별 공개 급여 근거 없음,C,공식 산업·활용 분야에서 세부 직무 도출,드론정보포털 산업생태계 지도,https://www.droneportal.or.kr/main/web/contents/M020-08-03,드론정보포털 드론산업 통계,https://www.droneportal.or.kr/main/web/contents/M020-05-01,"드론정보포털 2024년 드론산업 전체 종사자 17,204명(제조 3,315명·활용 13,889명); 직업별 인원 수치는 아님",DERIVED,2026-09-16,공식 활용·산업분류를 실제 수행 기능 단위로 세분화한 직업명; 채용 시 명칭은 달라질 수 있음,,DERIVED_REVIEW,drone_career_taxonomy_korea_2026-09-16.xlsx,drone_career_taxonomy_korea_202
35,DJ-034,기체·공력·구조·생산,제조·생산,드론 품질검사원,Drone Quality Inspector,제조,수입·공정·완성품 검사와 부적합 관리,검사; 측정; NCR; 품질문서,직무별 관련 전공·경력; 채용공고별 상이,드론 완제기·부품 제조사; 복합재 업체; 생산공장,(주)프리뉴; (주)헬셀; 그리폰다이나믹스; 드론 제조기업,0,,,,미공개,,,직무별 공개 급여 근거 없음,C,공식 산업·활용 분야에서 세부 직무 도출,드론정보포털 산업생태계 지도,https://www.droneportal.or.kr/main/web/contents/M020-08-03,드론정보포털 드론산업 통계,https://www.droneportal.or.kr/main/web/contents/M020-05-01,"드론정보포털 2024년 드론산업 전체 종사자 17,204명(제조 3,315명·활용 13,889명); 직업별 인원 수치는 아님",DERIVED,2026-09-16,공식 활용·산업분류를 실제 수행 기능 단위로 세분화한 직업명; 채용 시 명칭은 달라질 수 있음,,DERIVED_REVIEW,drone_career_taxonomy_korea_2026-09-16.xlsx,drone_career_taxonomy_korea_202
36,DJ-035,추진·전원,추진·에너지,드론 추진시스템 통합 엔지니어,Drone Propulsion Integration Engineer,핵심기술,모터·엔진·프로펠러·연료·전원을 기체에 통합,추진계통; 인터페이스; 성능시험,직무별 관련 전공·경력; 채용공고별 상이,드론 제조사; 모터·배터리·연료전지·엔진 업체; 연구소,두산모빌리티이노베이션; UAV 엔진·전동추진 기업,0,,,,미공개,,,직무별 공개 급여 근거 없음,A,공식 직업·NCS 직접 근거,NCS 무인기 개발 직무 근거,https://www.ncs.go.kr/blind/bl04/RecrtNotifDetail.do?recrtNo=20240508140011,두산모빌리티이노베이션,https://www.doosanmobility.com/,"드론정보포털 2024년 드론산업 전체 종사자 17,204명(제조 3,315명·활용 13,889명); 직업별 인원 수치는 아님",RAW,2026-09-16,직접 근거 확인,,HIGH_DIRECT,drone_career_taxonomy_korea_2026-09-16.xlsx,drone_career_taxonomy_korea_202
37,DJ-036,추진·전원,추진·에너지,드론 전기모터 개발 엔지니어,Drone Motor Engineer,핵심기술,고출력밀도 BLDC 모터 설계·해석·시험,BLDC; 전자기해석; 열설계,직무별 관련 전공·경력; 채용공고별 상이,드론 제조사; 모터·배터리·연료전지·엔진 업체; 연구소,두산모빌리티이노베이션; UAV 엔진·전동추진 기업,0,,,,미공개,,,직무별 공개 급여 근거 없음,C,공식 산업·활용 분야에서 세부 직무 도출,NCS 무인기 개발 직무 근거,https://www.ncs.go.kr/blind/bl04/RecrtNotifDetail.do?recrtNo=20240508140011,두산모빌리티이노베이션,https://www.doosanmobility.com/,"드론정보포털 2024년 드론산업 전체 종사자 17,204명(제조 3,315명·활용 13,889명); 직업별 인원 수치는 아님",DERIVED,2026-09-16,공식 활용·산업분류를 실제 수행 기능 단위로 세분화한 직업명; 채용 시 명칭은 달라질 수 있음,,DERIVED_REVIEW,drone_career_taxonomy_korea_2026-09-16.xlsx,drone_career_taxonomy_korea_202
38,DJ-037,추진·전원,추진·에너지,드론 ESC 개발 엔지니어,Drone ESC Engineer,핵심기술,모터 구동 인버터 하드웨어와 제어펌웨어 개발,전력전자; FOC; 임베디드,직무별 관련 전공·경력; 채용공고별 상이,드론 제조사; 모터·배터리·연료전지·엔진 업체; 연구소,두산모빌리티이노베이션; UAV 엔진·전동추진 기업,0,,,,미공개,,,직무별 공개 급여 근거 없음,C,공식 산업·활용 분야에서 세부 직무 도출,NCS 무인기 개발 직무 근거,https://www.ncs.go.kr/blind/bl04/RecrtNotifDetail.do?recrtNo=20240508140011,두산모빌리티이노베이션,https://www.doosanmobility.com/,"드론정보포털 2024년 드론산업 전체 종사자 17,204명(제조 3,315명·활용 13,889명); 직업별 인원 수치는 아님",DERIVED,2026-09-16,공식 활용·산업분류를 실제 수행 기능 단위로 세분화한 직업명; 채용 시 명칭은 달라질 수 있음,,DERIVED_REVIEW,drone_career_taxonomy_korea_2026-09-16.xlsx,drone_career_taxonomy_korea_202
39,DJ-038,추진·전원,추진·에너지,드론 프로펠러·로터 설계자,Drone Propeller/Rotor Designer,핵심기술,프로펠러·로터 형상과 소음·효율 최적화,Blade Element; CFD; 소음,직무별 관련 전공·경력; 채용공고별 상이,드론 제조사; 모터·배터리·연료전지·엔진 업체; 연구소,두산모빌리티이노베이션; UAV 엔진·전동추진 기업,0,,,,미공개,,,직무별 공개 급여 근거 없음,C,공식 산업·활용 분야에서 세부 직무 도출,NCS 무인기 개발 직무 근거,https://www.ncs.go.kr/blind/bl04/RecrtNotifDetail.do?recrtNo=20240508140011,두산모빌리티이노베이션,https://www.doosanmobility.com/,"드론정보포털 2024년 드론산업 전체 종사자 17,204명(제조 3,315명·활용 13,889명); 직업별 인원 수치는 아님",DERIVED,2026-09-16,공식 활용·산업분류를 실제 수행 기능 단위로 세분화한 직업명; 채용 시 명칭은 달라질 수 있음,,DERIVED_REVIEW,drone_career_taxonomy_korea_2026-09-16.xlsx,drone_career_taxonomy_korea_202
40,DJ-039,추진·전원,추진·에너지,드론 배터리팩 개발 엔지니어,Drone Battery Pack Engineer,핵심기술,고에너지 배터리팩 구조·전기·안전 설계,Li-ion; Pack; 열폭주; 안전,직무별 관련 전공·경력; 채용공고별 상이,드론 제조사; 모터·배터리·연료전지·엔진 업체; 연구소,두산모빌리티이노베이션; UAV 엔진·전동추진 기업,0,,,,미공개,,,직무별 공개 급여 근거 없음,C,공식 산업·활용 분야에서 세부 직무 도출,NCS 무인기 개발 직무 근거,https://www.ncs.go.kr/blind/bl04/RecrtNotifDetail.do?recrtNo=20240508140011,두산모빌리티이노베이션,https://www.doosanmobility.com/,"드론정보포털 2024년 드론산업 전체 종사자 17,204명(제조 3,315명·활용 13,889명); 직업별 인원 수치는 아님",DERIVED,2026-09-16,공식 활용·산업분류를 실제 수행 기능 단위로 세분화한 직업명; 채용 시 명칭은 달라질 수 있음,,DERIVED_REVIEW,drone_career_taxonomy_korea_2026-09-16.xlsx,drone_career_taxonomy_korea_202
41,DJ-040,추진·전원,추진·에너지,드론 BMS 개발 엔지니어,Drone BMS Engineer,핵심기술,배터리 상태추정·보호·통신 회로와 펌웨어 개발,BMS; SOC/SOH; CAN,직무별 관련 전공·경력; 채용공고별 상이,드론 제조사; 모터·배터리·연료전지·엔진 업체; 연구소,두산모빌리티이노베이션; UAV 엔진·전동추진 기업,0,,,,미공개,,,직무별 공개 급여 근거 없음,C,공식 산업·활용 분야에서 세부 직무 도출,NCS 무인기 개발 직무 근거,https://www.ncs.go.kr/blind/bl04/RecrtNotifDetail.do?recrtNo=20240508140011,두산모빌리티이노베이션,https://www.doosanmobility.com/,"드론정보포털 2024년 드론산업 전체 종사자 17,204명(제조 3,315명·활용 13,889명); 직업별 인원 수치는 아님",DERIVED,2026-09-16,공식 활용·산업분류를 실제 수행 기능 단위로 세분화한 직업명; 채용 시 명칭은 달라질 수 있음,,DERIVED_REVIEW,drone_career_taxonomy_korea_2026-09-16.xlsx,drone_career_taxonomy_korea_202
42,DJ-041,추진·전원,추진·에너지,수소드론 연료전지 시스템 엔지니어,Hydrogen Drone Fuel Cell Engineer,핵심기술,연료전지 스택·수소용기·전력변환 통합,PEMFC; 수소안전; DC/DC,직무별 관련 전공·경력; 채용공고별 상이,드론 제조사; 모터·배터리·연료전지·엔진 업체; 연구소,두산모빌리티이노베이션; UAV 엔진·전동추진 기업,0,,,,미공개,,,직무별 공개 급여 근거 없음,C,공식 산업·활용 분야에서 세부 직무 도출,NCS 무인기 개발 직무 근거,https://www.ncs.go.kr/blind/bl04/RecrtNotifDetail.do?recrtNo=20240508140011,두산모빌리티이노베이션,https://www.doosanmobility.com/,"드론정보포털 2024년 드론산업 전체 종사자 17,204명(제조 3,315명·활용 13,889명); 직업별 인원 수치는 아님",DERIVED,2026-09-16,공식 활용·산업분류를 실제 수행 기능 단위로 세분화한 직업명; 채용 시 명칭은 달라질 수 있음,,DERIVED_REVIEW,drone_career_taxonomy_korea_2026-09-16.xlsx,drone_career_taxonomy_korea_202
43,DJ-042,추진·전원,추진·에너지,UAV 엔진 설계 엔지니어,UAV Engine Design Engineer,핵심기술,무인기용 내연기관·터빈 엔진 설계와 성능개발,엔진; 열유체; 연소,직무별 관련 전공·경력; 채용공고별 상이,드론 제조사; 모터·배터리·연료전지·엔진 업체; 연구소,두산모빌리티이노베이션; UAV 엔진·전동추진 기업,0,,,,미공개,,,직무별 공개 급여 근거 없음,C,공식 산업·활용 분야에서 세부 직무 도출,NCS 무인기 개발 직무 근거,https://www.ncs.go.kr/blind/bl04/RecrtNotifDetail.do?recrtNo=20240508140011,두산모빌리티이노베이션,https://www.doosanmobility.com/,"드론정보포털 2024년 드론산업 전체 종사자 17,204명(제조 3,315명·활용 13,889명); 직업별 인원 수치는 아님",DERIVED,2026-09-16,공식 활용·산업분류를 실제 수행 기능 단위로 세분화한 직업명; 채용 시 명칭은 달라질 수 있음,,DERIVED_REVIEW,drone_career_taxonomy_korea_2026-09-16.xlsx,drone_career_taxonomy_korea_202
44,DJ-043,추진·전원,추진·에너지,UAV 엔진 구조체 설계 엔지니어,UAV Engine Structure Engineer,핵심기술,엔진 케이스·마운트·구조 부품 설계,구조설계; 진동; 열응력,직무별 관련 전공·경력; 채용공고별 상이,드론 제조사; 모터·배터리·연료전지·엔진 업체; 연구소,두산모빌리티이노베이션; UAV 엔진·전동추진 기업,1,자동차부품 제조사(헤드헌팅),UAV 엔진 구조체 설계,https://www.saramin.co.kr/zf_user/jobs/relay/view?rec_idx=55001565,미공개,,,공고에서 급여 미공개,B,실제 채용공고 직접 근거,NCS 무인기 개발 직무 근거,https://www.ncs.go.kr/blind/bl04/RecrtNotifDetail.do?recrtNo=20240508140011,두산모빌리티이노베이션,https://www.doosanmobility.com/,"드론정보포털 2024년 드론산업 전체 종사자 17,204명(제조 3,315명·활용 13,889명); 직업별 인원 수치는 아님",RAW,2026-09-16,직접 근거 확인,,MEDIUM_SUPPORTING,drone_career_taxonomy_korea_2026-09-16.xlsx,drone_career_taxonomy_korea_202
45,DJ-044,추진·전원,추진·에너지,UAV 엔진 회전계 설계 엔지니어,UAV Rotating Machinery Engineer,핵심기술,축·베어링·로터 등 회전계 설계와 해석,회전체동역학; 베어링; 밸런싱,직무별 관련 전공·경력; 채용공고별 상이,드론 제조사; 모터·배터리·연료전지·엔진 업체; 연구소,두산모빌리티이노베이션; UAV 엔진·전동추진 기업,0,,,,미공개,,,직무별 공개 급여 근거 없음,C,공식 산업·활용 분야에서 세부 직무 도출,NCS 무인기 개발 직무 근거,https://www.ncs.go.kr/blind/bl04/RecrtNotifDetail.do?recrtNo=20240508140011,두산모빌리티이노베이션,https://www.doosanmobility.com/,"드론정보포털 2024년 드론산업 전체 종사자 17,204명(제조 3,315명·활용 13,889명); 직업별 인원 수치는 아님",DERIVED,2026-09-16,공식 활용·산업분류를 실제 수행 기능 단위로 세분화한 직업명; 채용 시 명칭은 달라질 수 있음,,DERIVED_REVIEW,drone_career_taxonomy_korea_2026-09-16.xlsx,drone_career_taxonomy_korea_202
46,DJ-045,추진·전원,추진·에너지,드론 연료공급계통 엔지니어,Drone Fuel System Engineer,핵심기술,연료탱크·펌프·배관·밸브 계통 설계와 시험,유체; 연료계통; 안전,직무별 관련 전공·경력; 채용공고별 상이,드론 제조사; 모터·배터리·연료전지·엔진 업체; 연구소,두산모빌리티이노베이션; UAV 엔진·전동추진 기업,0,,,,미공개,,,직무별 공개 급여 근거 없음,C,공식 산업·활용 분야에서 세부 직무 도출,NCS 무인기 개발 직무 근거,https://www.ncs.go.kr/blind/bl04/RecrtNotifDetail.do?recrtNo=20240508140011,두산모빌리티이노베이션,https://www.doosanmobility.com/,"드론정보포털 2024년 드론산업 전체 종사자 17,204명(제조 3,315명·활용 13,889명); 직업별 인원 수치는 아님",DERIVED,2026-09-16,공식 활용·산업분류를 실제 수행 기능 단위로 세분화한 직업명; 채용 시 명칭은 달라질 수 있음,,DERIVED_REVIEW,drone_career_taxonomy_korea_2026-09-16.xlsx,drone_career_taxonomy_korea_202
47,DJ-046,추진·전원,추진·에너지,드론 열관리 엔지니어,Drone Thermal Management Engineer,핵심기술,배터리·모터·항전장비 방열과 열환경 검증,열해석; 방열; 환경시험,직무별 관련 전공·경력; 채용공고별 상이,드론 제조사; 모터·배터리·연료전지·엔진 업체; 연구소,두산모빌리티이노베이션; UAV 엔진·전동추진 기업,0,,,,미공개,,,직무별 공개 급여 근거 없음,C,공식 산업·활용 분야에서 세부 직무 도출,NCS 무인기 개발 직무 근거,https://www.ncs.go.kr/blind/bl04/RecrtNotifDetail.do?recrtNo=20240508140011,두산모빌리티이노베이션,https://www.doosanmobility.com/,"드론정보포털 2024년 드론산업 전체 종사자 17,204명(제조 3,315명·활용 13,889명); 직업별 인원 수치는 아님",DERIVED,2026-09-16,공식 활용·산업분류를 실제 수행 기능 단위로 세분화한 직업명; 채용 시 명칭은 달라질 수 있음,,DERIVED_REVIEW,drone_career_taxonomy_korea_2026-09-16.xlsx,drone_career_taxonomy_korea_202
48,DJ-047,항전·통신·센서·임무장비,항전·비행제어,드론 항전통합 엔지니어,Drone Avionics Integration Engineer,핵심기술,비행컴퓨터·센서·통신·전원을 기체에 통합,항전; 인터페이스; ICD; 시험,직무별 관련 전공·경력; 채용공고별 상이,드론·항전장비 제조사; 방산기업; 연구소,풍산; 에이럭스; 아크로사; 항전 전문기업,1,에이럭스,드론 멀티콥터·VTOL·고정익 항전 엔지니어,https://www.jobkorea.co.kr/Recruit/GI_Read/49955114?Oem_Code=C900&api=592,회사내규,,,회사 내규,B,실제 채용공고 직접 근거,NCS 무인기 개발 직무 근거,https://www.ncs.go.kr/blind/bl04/RecrtNotifDetail.do?recrtNo=20240508140011,드론정보포털 드론산업 통계,https://www.droneportal.or.kr/main/web/contents/M020-05-01,"드론정보포털 2024년 드론산업 전체 종사자 17,204명(제조 3,315명·활용 13,889명); 직업별 인원 수치는 아님",RAW,2026-09-16,직접 근거 확인,,MEDIUM_SUPPORTING,drone_career_taxonomy_korea_2026-09-16.xlsx,drone_career_taxonomy_korea_202
49,DJ-048,항전·통신·센서·임무장비,항전·비행제어,드론 비행제어 하드웨어 엔지니어,Drone Flight Controller Hardware Engineer,핵심기술,비행제어컴퓨터 회로·PCB·전원 설계,MCU; PCB; 전원; EMI,직무별 관련 전공·경력; 채용공고별 상이,드론·항전장비 제조사; 방산기업; 연구소,풍산; 에이럭스; 아크로사; 항전 전문기업,0,,,,미공개,,,직무별 공개 급여 근거 없음,C,공식 산업·활용 분야에서 세부 직무 도출,NCS 무인기 개발 직무 근거,https://www.ncs.go.kr/blind/bl04/RecrtNotifDetail.do?recrtNo=20240508140011,드론정보포털 드론산업 통계,https://www.droneportal.or.kr/main/web/contents/M020-05-01,"드론정보포털 2024년 드론산업 전체 종사자 17,204명(제조 3,315명·활용 13,889명); 직업별 인원 수치는 아님",DERIVED,2026-09-16,공식 활용·산업분류를 실제 수행 기능 단위로 세분화한 직업명; 채용 시 명칭은 달라질 수 있음,,DERIVED_REVIEW,drone_career_taxonomy_korea_2026-09-16.xlsx,drone_career_taxonomy_korea_202
50,DJ-049,항전·통신·센서·임무장비,항전·비행제어,드론 비행제어 알고리즘 엔지니어,Drone Flight Control Algorithm Engineer,핵심기술,자세·위치·궤적 제어 알고리즘 설계,제어이론; MATLAB; HIL,직무별 관련 전공·경력; 채용공고별 상이,드론·항전장비 제조사; 방산기업; 연구소,풍산; 에이럭스; 아크로사; 항전 전문기업,0,,,,미공개,,,직무별 공개 급여 근거 없음,C,공식 산업·활용 분야에서 세부 직무 도출,NCS 무인기 개발 직무 근거,https://www.ncs.go.kr/blind/bl04/RecrtNotifDetail.do?recrtNo=20240508140011,드론정보포털 드론산업 통계,https://www.droneportal.or.kr/main/web/contents/M020-05-01,"드론정보포털 2024년 드론산업 전체 종사자 17,204명(제조 3,315명·활용 13,889명); 직업별 인원 수치는 아님",DERIVED,2026-09-16,공식 활용·산업분류를 실제 수행 기능 단위로 세분화한 직업명; 채용 시 명칭은 달라질 수 있음,,DERIVED_REVIEW,drone_career_taxonomy_korea_2026-09-16.xlsx,drone_career_taxonomy_korea_202
51,DJ-050,항전·통신·센서·임무장비,항전·비행제어,드론 임베디드 펌웨어 개발자,Drone Embedded Firmware Engineer,핵심기술,센서·액추에이터·통신용 실시간 펌웨어 개발,C/C++; RTOS; UART; CAN,직무별 관련 전공·경력; 채용공고별 상이,드론·항전장비 제조사; 방산기업; 연구소,풍산; 에이럭스; 아크로사; 항전 전문기업,0,,,,미공개,,,직무별 공개 급여 근거 없음,C,공식 산업·활용 분야에서 세부 직무 도출,NCS 무인기 개발 직무 근거,https://www.ncs.go.kr/blind/bl04/RecrtNotifDetail.do?recrtNo=20240508140011,드론정보포털 드론산업 통계,https://www.droneportal.or.kr/main/web/contents/M020-05-01,"드론정보포털 2024년 드론산업 전체 종사자 17,204명(제조 3,315명·활용 13,889명); 직업별 인원 수치는 아님",DERIVED,2026-09-16,공식 활용·산업분류를 실제 수행 기능 단위로 세분화한 직업명; 채용 시 명칭은 달라질 수 있음,,DERIVED_REVIEW,drone_career_taxonomy_korea_2026-09-16.xlsx,drone_career_taxonomy_korea_202
52,DJ-051,항전·통신·센서·임무장비,항전·비행제어,드론 전장·배선 설계 엔지니어,Drone Electrical Harness Engineer,핵심기술,전원분배·하네스·커넥터·배선도 설계,하네스; 전원분배; CAD,직무별 관련 전공·경력; 채용공고별 상이,드론·항전장비 제조사; 방산기업; 연구소,풍산; 에이럭스; 아크로사; 항전 전문기업,0,,,,미공개,,,직무별 공개 급여 근거 없음,C,공식 산업·활용 분야에서 세부 직무 도출,NCS 무인기 개발 직무 근거,https://www.ncs.go.kr/blind/bl04/RecrtNotifDetail.do?recrtNo=20240508140011,드론정보포털 드론산업 통계,https://www.droneportal.or.kr/main/web/contents/M020-05-01,"드론정보포털 2024년 드론산업 전체 종사자 17,204명(제조 3,315명·활용 13,889명); 직업별 인원 수치는 아님",DERIVED,2026-09-16,공식 활용·산업분류를 실제 수행 기능 단위로 세분화한 직업명; 채용 시 명칭은 달라질 수 있음,,DERIVED_REVIEW,drone_career_taxonomy_korea_2026-09-16.xlsx,drone_career_taxonomy_korea_202
53,DJ-052,항전·통신·센서·임무장비,항전·비행제어,드론 GNSS 항법 엔지니어,Drone GNSS Navigation Engineer,핵심기술,GNSS·RTK 기반 위치결정과 항법 알고리즘 개발,GNSS; RTK; 좌표계,직무별 관련 전공·경력; 채용공고별 상이,드론·항전장비 제조사; 방산기업; 연구소,풍산; 에이럭스; 아크로사; 항전 전문기업,0,,,,미공개,,,직무별 공개 급여 근거 없음,C,공식 산업·활용 분야에서 세부 직무 도출,NCS 무인기 개발 직무 근거,https://www.ncs.go.kr/blind/bl04/RecrtNotifDetail.do?recrtNo=20240508140011,드론정보포털 드론산업 통계,https://www.droneportal.or.kr/main/web/contents/M020-05-01,"드론정보포털 2024년 드론산업 전체 종사자 17,204명(제조 3,315명·활용 13,889명); 직업별 인원 수치는 아님",DERIVED,2026-09-16,공식 활용·산업분류를 실제 수행 기능 단위로 세분화한 직업명; 채용 시 명칭은 달라질 수 있음,,DERIVED_REVIEW,drone_career_taxonomy_korea_2026-09-16.xlsx,drone_career_taxonomy_korea_202
54,DJ-053,항전·통신·센서·임무장비,항전·비행제어,드론 INS·IMU 엔지니어,Drone Inertial Navigation Engineer,핵심기술,관성센서 보정·정렬·항법 알고리즘 개발,INS; IMU; Kalman Filter,직무별 관련 전공·경력; 채용공고별 상이,드론·항전장비 제조사; 방산기업; 연구소,풍산; 에이럭스; 아크로사; 항전 전문기업,0,,,,미공개,,,직무별 공개 급여 근거 없음,C,공식 산업·활용 분야에서 세부 직무 도출,NCS 무인기 개발 직무 근거,https://www.ncs.go.kr/blind/bl04/RecrtNotifDetail.do?recrtNo=20240508140011,드론정보포털 드론산업 통계,https://www.droneportal.or.kr/main/web/contents/M020-05-01,"드론정보포털 2024년 드론산업 전체 종사자 17,204명(제조 3,315명·활용 13,889명); 직업별 인원 수치는 아님",DERIVED,2026-09-16,공식 활용·산업분류를 실제 수행 기능 단위로 세분화한 직업명; 채용 시 명칭은 달라질 수 있음,,DERIVED_REVIEW,drone_career_taxonomy_korea_2026-09-16.xlsx,drone_career_taxonomy_korea_202
55,DJ-054,항전·통신·센서·임무장비,항전·비행제어,드론 센서융합 엔지니어,Drone Sensor Fusion Engineer,핵심기술,GNSS·IMU·비전·LiDAR 정보를 융합,EKF; Sensor Fusion; ROS,직무별 관련 전공·경력; 채용공고별 상이,드론·항전장비 제조사; 방산기업; 연구소,풍산; 에이럭스; 아크로사; 항전 전문기업,0,,,,미공개,,,직무별 공개 급여 근거 없음,C,공식 산업·활용 분야에서 세부 직무 도출,NCS 무인기 개발 직무 근거,https://www.ncs.go.kr/blind/bl04/RecrtNotifDetail.do?recrtNo=20240508140011,드론정보포털 드론산업 통계,https://www.droneportal.or.kr/main/web/contents/M020-05-01,"드론정보포털 2024년 드론산업 전체 종사자 17,204명(제조 3,315명·활용 13,889명); 직업별 인원 수치는 아님",DERIVED,2026-09-16,공식 활용·산업분류를 실제 수행 기능 단위로 세분화한 직업명; 채용 시 명칭은 달라질 수 있음,,DERIVED_REVIEW,drone_career_taxonomy_korea_2026-09-16.xlsx,drone_career_taxonomy_korea_202
56,DJ-055,항전·통신·센서·임무장비,통신·관제장비,드론 RF 통신 엔지니어,Drone RF Engineer,핵심기술,조종·텔레메트리·영상 링크 RF 회로 개발,RF; 링크버짓; SDR,직무별 관련 전공·경력; 채용공고별 상이,통신장비사; GCS·관제 솔루션사; 드론 제조사,ETRI; 항전·통신·관제 전문기업,0,,,,미공개,,,직무별 공개 급여 근거 없음,C,공식 산업·활용 분야에서 세부 직무 도출,NCS 드론 GCS·자율비행·공간정보 연구,https://www.ncs.go.kr/blind/bl04/RecrtNotifDetail.do?recrtNo=20201111170104,드론정보포털 드론인증센터,https://www.droneportal.or.kr/main/web/contents/M050-01-03,"드론정보포털 2024년 드론산업 전체 종사자 17,204명(제조 3,315명·활용 13,889명); 직업별 인원 수치는 아님",DERIVED,2026-09-16,공식 활용·산업분류를 실제 수행 기능 단위로 세분화한 직업명; 채용 시 명칭은 달라질 수 있음,,DERIVED_REVIEW,drone_career_taxonomy_korea_2026-09-16.xlsx,drone_career_taxonomy_korea_202
57,DJ-056,항전·통신·센서·임무장비,통신·관제장비,드론 데이터링크 엔지니어,UAS Datalink Engineer,핵심기술,기체-지상 간 C2·페이로드 데이터링크 개발,C2; MAVLink; IP Network,직무별 관련 전공·경력; 채용공고별 상이,통신장비사; GCS·관제 솔루션사; 드론 제조사,ETRI; 항전·통신·관제 전문기업,0,,,,미공개,,,직무별 공개 급여 근거 없음,C,공식 산업·활용 분야에서 세부 직무 도출,NCS 드론 GCS·자율비행·공간정보 연구,https://www.ncs.go.kr/blind/bl04/RecrtNotifDetail.do?recrtNo=20201111170104,드론정보포털 드론인증센터,https://www.droneportal.or.kr/main/web/contents/M050-01-03,"드론정보포털 2024년 드론산업 전체 종사자 17,204명(제조 3,315명·활용 13,889명); 직업별 인원 수치는 아님",DERIVED,2026-09-16,공식 활용·산업분류를 실제 수행 기능 단위로 세분화한 직업명; 채용 시 명칭은 달라질 수 있음,,DERIVED_REVIEW,drone_career_taxonomy_korea_2026-09-16.xlsx,drone_career_taxonomy_korea_202
58,DJ-057,항전·통신·센서·임무장비,통신·관제장비,드론 안테나 엔지니어,Drone Antenna Engineer,핵심기술,기체 탑재 안테나 설계·배치·성능시험,안테나; 전파해석; OTA,직무별 관련 전공·경력; 채용공고별 상이,통신장비사; GCS·관제 솔루션사; 드론 제조사,ETRI; 항전·통신·관제 전문기업,0,,,,미공개,,,직무별 공개 급여 근거 없음,C,공식 산업·활용 분야에서 세부 직무 도출,NCS 드론 GCS·자율비행·공간정보 연구,https://www.ncs.go.kr/blind/bl04/RecrtNotifDetail.do?recrtNo=20201111170104,드론정보포털 드론인증센터,https://www.droneportal.or.kr/main/web/contents/M050-01-03,"드론정보포털 2024년 드론산업 전체 종사자 17,204명(제조 3,315명·활용 13,889명); 직업별 인원 수치는 아님",DERIVED,2026-09-16,공식 활용·산업분류를 실제 수행 기능 단위로 세분화한 직업명; 채용 시 명칭은 달라질 수 있음,,DERIVED_REVIEW,drone_career_taxonomy_korea_2026-09-16.xlsx,drone_career_taxonomy_korea_202
59,DJ-058,항전·통신·센서·임무장비,통신·관제장비,드론 지상통제장비 하드웨어 엔지니어,GCS Hardware Engineer,핵심기술,조종콘솔·모니터·통신·전원 장비 개발,GCS; 산업용PC; HMI,직무별 관련 전공·경력; 채용공고별 상이,통신장비사; GCS·관제 솔루션사; 드론 제조사,ETRI; 항전·통신·관제 전문기업,0,,,,미공개,,,직무별 공개 급여 근거 없음,C,공식 산업·활용 분야에서 세부 직무 도출,NCS 드론 GCS·자율비행·공간정보 연구,https://www.ncs.go.kr/blind/bl04/RecrtNotifDetail.do?recrtNo=20201111170104,드론정보포털 드론인증센터,https://www.droneportal.or.kr/main/web/contents/M050-01-03,"드론정보포털 2024년 드론산업 전체 종사자 17,204명(제조 3,315명·활용 13,889명); 직업별 인원 수치는 아님",DERIVED,2026-09-16,공식 활용·산업분류를 실제 수행 기능 단위로 세분화한 직업명; 채용 시 명칭은 달라질 수 있음,,DERIVED_REVIEW,drone_career_taxonomy_korea_2026-09-16.xlsx,drone_career_taxonomy_korea_202
60,DJ-059,항전·통신·센서·임무장비,통신·관제장비,드론 지상통제소 소프트웨어 개발자,GCS Software Developer,핵심기술,임무계획·지도·상태표시·명령 소프트웨어 개발,C++; Qt; GIS; MAVLink,직무별 관련 전공·경력; 채용공고별 상이,통신장비사; GCS·관제 솔루션사; 드론 제조사,ETRI; 항전·통신·관제 전문기업,0,,,,미공개,,,직무별 공개 급여 근거 없음,A,공식 직업·NCS 직접 근거,NCS 드론 GCS·자율비행·공간정보 연구,https://www.ncs.go.kr/blind/bl04/RecrtNotifDetail.do?recrtNo=20201111170104,드론정보포털 드론인증센터,https://www.droneportal.or.kr/main/web/contents/M050-01-03,"드론정보포털 2024년 드론산업 전체 종사자 17,204명(제조 3,315명·활용 13,889명); 직업별 인원 수치는 아님",RAW,2026-09-16,직접 근거 확인,,HIGH_DIRECT,drone_career_taxonomy_korea_2026-09-16.xlsx,drone_career_taxonomy_korea_202
61,DJ-060,항전·통신·센서·임무장비,통신·관제장비,드론 C2 네트워크 엔지니어,UAS C2 Network Engineer,핵심기술,장거리·다중기체 지휘통제 네트워크 설계,5G/LTE; Mesh; QoS,직무별 관련 전공·경력; 채용공고별 상이,통신장비사; GCS·관제 솔루션사; 드론 제조사,ETRI; 항전·통신·관제 전문기업,0,,,,미공개,,,직무별 공개 급여 근거 없음,C,공식 산업·활용 분야에서 세부 직무 도출,NCS 드론 GCS·자율비행·공간정보 연구,https://www.ncs.go.kr/blind/bl04/RecrtNotifDetail.do?recrtNo=20201111170104,드론정보포털 드론인증센터,https://www.droneportal.or.kr/main/web/contents/M050-01-03,"드론정보포털 2024년 드론산업 전체 종사자 17,204명(제조 3,315명·활용 13,889명); 직업별 인원 수치는 아님",DERIVED,2026-09-16,공식 활용·산업분류를 실제 수행 기능 단위로 세분화한 직업명; 채용 시 명칭은 달라질 수 있음,,DERIVED_REVIEW,drone_career_taxonomy_korea_2026-09-16.xlsx,drone_career_taxonomy_korea_202
62,DJ-061,항전·통신·센서·임무장비,통신·관제장비,드론 원격식별 시스템 개발자,Remote ID System Developer,핵심기술,기체 식별정보 송수신·등록 연계 시스템 개발,Remote ID; PKI; 무선통신,직무별 관련 전공·경력; 채용공고별 상이,통신장비사; GCS·관제 솔루션사; 드론 제조사,ETRI; 항전·통신·관제 전문기업,0,,,,미공개,,,직무별 공개 급여 근거 없음,C,공식 산업·활용 분야에서 세부 직무 도출,NCS 드론 GCS·자율비행·공간정보 연구,https://www.ncs.go.kr/blind/bl04/RecrtNotifDetail.do?recrtNo=20201111170104,드론정보포털 드론인증센터,https://www.droneportal.or.kr/main/web/contents/M050-01-03,"드론정보포털 2024년 드론산업 전체 종사자 17,204명(제조 3,315명·활용 13,889명); 직업별 인원 수치는 아님",DERIVED,2026-09-16,공식 활용·산업분류를 실제 수행 기능 단위로 세분화한 직업명; 채용 시 명칭은 달라질 수 있음,,DERIVED_REVIEW,drone_career_taxonomy_korea_2026-09-16.xlsx,drone_career_taxonomy_korea_202
63,DJ-062,항전·통신·센서·임무장비,센서·임무장비,드론 임무컴퓨터 개발자,Drone Mission Computer Engineer,핵심기술,영상·센서·AI 처리를 위한 탑재컴퓨터 개발,Edge Computer; GPU; 임베디드,직무별 관련 전공·경력; 채용공고별 상이,센서·카메라·레이더·임무장비사; 드론 제조사,EO/IR·LiDAR·레이더·멀티스펙트럴 장비기업,0,,,,미공개,,,직무별 공개 급여 근거 없음,C,공식 산업·활용 분야에서 세부 직무 도출,드론정보포털 산업생태계 지도,https://www.droneportal.or.kr/main/web/contents/M020-08-03,드론정보포털 드론인증센터,https://www.droneportal.or.kr/main/web/contents/M050-01-03,"드론정보포털 2024년 드론산업 전체 종사자 17,204명(제조 3,315명·활용 13,889명); 직업별 인원 수치는 아님",DERIVED,2026-09-16,공식 활용·산업분류를 실제 수행 기능 단위로 세분화한 직업명; 채용 시 명칭은 달라질 수 있음,,DERIVED_REVIEW,drone_career_taxonomy_korea_2026-09-16.xlsx,drone_career_taxonomy_korea_202
64,DJ-063,항전·통신·센서·임무장비,센서·임무장비,드론 EO/IR 짐벌 엔지니어,Drone EO/IR Gimbal Engineer,핵심기술,광학·열화상 카메라와 안정화 짐벌 개발,EO/IR; 짐벌제어; 광학,직무별 관련 전공·경력; 채용공고별 상이,센서·카메라·레이더·임무장비사; 드론 제조사,EO/IR·LiDAR·레이더·멀티스펙트럴 장비기업,0,,,,미공개,,,직무별 공개 급여 근거 없음,C,공식 산업·활용 분야에서 세부 직무 도출,드론정보포털 산업생태계 지도,https://www.droneportal.or.kr/main/web/contents/M020-08-03,드론정보포털 드론인증센터,https://www.droneportal.or.kr/main/web/contents/M050-01-03,"드론정보포털 2024년 드론산업 전체 종사자 17,204명(제조 3,315명·활용 13,889명); 직업별 인원 수치는 아님",DERIVED,2026-09-16,공식 활용·산업분류를 실제 수행 기능 단위로 세분화한 직업명; 채용 시 명칭은 달라질 수 있음,,DERIVED_REVIEW,drone_career_taxonomy_korea_2026-09-16.xlsx,drone_career_taxonomy_korea_202
65,DJ-064,항전·통신·센서·임무장비,센서·임무장비,드론 LiDAR 탑재체 엔지니어,Drone LiDAR Payload Engineer,핵심기술,LiDAR·GNSS/INS 장착·동기화·보정,LiDAR; PPS; Boresight,직무별 관련 전공·경력; 채용공고별 상이,센서·카메라·레이더·임무장비사; 드론 제조사,EO/IR·LiDAR·레이더·멀티스펙트럴 장비기업,0,,,,미공개,,,직무별 공개 급여 근거 없음,C,공식 산업·활용 분야에서 세부 직무 도출,드론정보포털 산업생태계 지도,https://www.droneportal.or.kr/main/web/contents/M020-08-03,드론정보포털 드론인증센터,https://www.droneportal.or.kr/main/web/contents/M050-01-03,"드론정보포털 2024년 드론산업 전체 종사자 17,204명(제조 3,315명·활용 13,889명); 직업별 인원 수치는 아님",DERIVED,2026-09-16,공식 활용·산업분류를 실제 수행 기능 단위로 세분화한 직업명; 채용 시 명칭은 달라질 수 있음,,DERIVED_REVIEW,drone_career_taxonomy_korea_2026-09-16.xlsx,drone_career_taxonomy_korea_202
66,DJ-065,항전·통신·센서·임무장비,센서·임무장비,드론 레이더 탑재체 엔지니어,Drone Radar Payload Engineer,핵심기술,SAR·탐지레이더의 경량화·탑재·신호처리,Radar; SAR; DSP,직무별 관련 전공·경력; 채용공고별 상이,센서·카메라·레이더·임무장비사; 드론 제조사,EO/IR·LiDAR·레이더·멀티스펙트럴 장비기업,0,,,,미공개,,,직무별 공개 급여 근거 없음,C,공식 산업·활용 분야에서 세부 직무 도출,드론정보포털 산업생태계 지도,https://www.droneportal.or.kr/main/web/contents/M020-08-03,드론정보포털 드론인증센터,https://www.droneportal.or.kr/main/web/contents/M050-01-03,"드론정보포털 2024년 드론산업 전체 종사자 17,204명(제조 3,315명·활용 13,889명); 직업별 인원 수치는 아님",DERIVED,2026-09-16,공식 활용·산업분류를 실제 수행 기능 단위로 세분화한 직업명; 채용 시 명칭은 달라질 수 있음,,DERIVED_REVIEW,drone_career_taxonomy_korea_2026-09-16.xlsx,drone_career_taxonomy_korea_202
67,DJ-066,항전·통신·센서·임무장비,센서·임무장비,드론 멀티스펙트럴 센서 엔지니어,Drone Multispectral Sensor Engineer,핵심기술,다중분광 카메라 통합·교정·데이터 품질관리,Multispectral; Radiometric Calibration,직무별 관련 전공·경력; 채용공고별 상이,센서·카메라·레이더·임무장비사; 드론 제조사,EO/IR·LiDAR·레이더·멀티스펙트럴 장비기업,0,,,,미공개,,,직무별 공개 급여 근거 없음,C,공식 산업·활용 분야에서 세부 직무 도출,드론정보포털 산업생태계 지도,https://www.droneportal.or.kr/main/web/contents/M020-08-03,드론정보포털 드론인증센터,https://www.droneportal.or.kr/main/web/contents/M050-01-03,"드론정보포털 2024년 드론산업 전체 종사자 17,204명(제조 3,315명·활용 13,889명); 직업별 인원 수치는 아님",DERIVED,2026-09-16,공식 활용·산업분류를 실제 수행 기능 단위로 세분화한 직업명; 채용 시 명칭은 달라질 수 있음,,DERIVED_REVIEW,drone_career_taxonomy_korea_2026-09-16.xlsx,drone_career_taxonomy_korea_202
68,DJ-067,항전·통신·센서·임무장비,센서·임무장비,드론 임무장비 통합 엔지니어,Drone Payload Integration Engineer,핵심기술,센서·살포기·투하장치 등 페이로드 통합,Payload; ICD; 중량중심,직무별 관련 전공·경력; 채용공고별 상이,센서·카메라·레이더·임무장비사; 드론 제조사,EO/IR·LiDAR·레이더·멀티스펙트럴 장비기업,0,,,,미공개,,,직무별 공개 급여 근거 없음,C,공식 산업·활용 분야에서 세부 직무 도출,드론정보포털 산업생태계 지도,https://www.droneportal.or.kr/main/web/contents/M020-08-03,드론정보포털 드론인증센터,https://www.droneportal.or.kr/main/web/contents/M050-01-03,"드론정보포털 2024년 드론산업 전체 종사자 17,204명(제조 3,315명·활용 13,889명); 직업별 인원 수치는 아님",DERIVED,2026-09-16,공식 활용·산업분류를 실제 수행 기능 단위로 세분화한 직업명; 채용 시 명칭은 달라질 수 있음,,DERIVED_REVIEW,drone_career_taxonomy_korea_2026-09-16.xlsx,drone_career_taxonomy_korea_202
69,DJ-068,항전·통신·센서·임무장비,센서·임무장비,드론 EMC·EMI 시험 엔지니어,Drone EMC Test Engineer,핵심기술,기체·항전품 전자파 적합성 시험과 개선,EMC; EMI; 시험규격,직무별 관련 전공·경력; 채용공고별 상이,센서·카메라·레이더·임무장비사; 드론 제조사,EO/IR·LiDAR·레이더·멀티스펙트럴 장비기업,0,,,,미공개,,,직무별 공개 급여 근거 없음,C,공식 산업·활용 분야에서 세부 직무 도출,드론정보포털 산업생태계 지도,https://www.droneportal.or.kr/main/web/contents/M020-08-03,드론정보포털 드론인증센터,https://www.droneportal.or.kr/main/web/contents/M050-01-03,"드론정보포털 2024년 드론산업 전체 종사자 17,204명(제조 3,315명·활용 13,889명); 직업별 인원 수치는 아님",DERIVED,2026-09-16,공식 활용·산업분류를 실제 수행 기능 단위로 세분화한 직업명; 채용 시 명칭은 달라질 수 있음,,DERIVED_REVIEW,drone_career_taxonomy_korea_2026-09-16.xlsx,drone_career_taxonomy_korea_202
70,DJ-069,항전·통신·센서·임무장비,센서·임무장비,드론 환경·내구 시험 엔지니어,Drone Environmental Test Engineer,핵심기술,온습도·비·눈·진동·낙하·소음 등 환경시험,환경시험; 진동; HALT,직무별 관련 전공·경력; 채용공고별 상이,센서·카메라·레이더·임무장비사; 드론 제조사,EO/IR·LiDAR·레이더·멀티스펙트럴 장비기업,0,,,,미공개,,,직무별 공개 급여 근거 없음,C,공식 산업·활용 분야에서 세부 직무 도출,드론정보포털 산업생태계 지도,https://www.droneportal.or.kr/main/web/contents/M020-08-03,드론정보포털 드론인증센터,https://www.droneportal.or.kr/main/web/contents/M050-01-03,"드론정보포털 2024년 드론산업 전체 종사자 17,204명(제조 3,315명·활용 13,889명); 직업별 인원 수치는 아님",DERIVED,2026-09-16,공식 활용·산업분류를 실제 수행 기능 단위로 세분화한 직업명; 채용 시 명칭은 달라질 수 있음,,DERIVED_REVIEW,drone_career_taxonomy_korea_2026-09-16.xlsx,drone_career_taxonomy_korea_202
71,DJ-070,소프트웨어·AI·데이터·관제,자율비행·AI,드론 자율비행 소프트웨어 개발자,Drone Autonomy Software Engineer,핵심기술,자율이착륙·항법·임무수행 소프트웨어 개발,ROS2; PX4; C++; Python,직무별 관련 전공·경력; 채용공고별 상이,드론 SW기업; AI기업; 연구기관; 제조사,ETRI; 모빌리티랩; AI·로보틱스 기업,1,(주)모빌리티랩,드론 SW/FW 및 자율비행 알고리즘/GUI 개발,https://www.jobkorea.co.kr/Recruit/GI_Read/49893527?Oem_Code=C900&api=592,구간공개,5000,8000,"연봉 5,000~8,000만원(면접 후 결정)",B,실제 채용공고 직접 근거,NCS 드론 GCS·자율비행·공간정보 연구,https://www.ncs.go.kr/blind/bl04/RecrtNotifDetail.do?recrtNo=20201111170104,드론정보포털 드론산업 통계,https://www.droneportal.or.kr/main/web/contents/M020-05-01,"드론정보포털 2024년 드론산업 전체 종사자 17,204명(제조 3,315명·활용 13,889명); 직업별 인원 수치는 아님",RAW,2026-09-16,직접 근거 확인,6500.0,MEDIUM_SUPPORTING,drone_career_taxonomy_korea_2026-09-16.xlsx,drone_career_taxonomy_korea_202
72,DJ-071,소프트웨어·AI·데이터·관제,자율비행·AI,드론 경로계획 알고리즘 개발자,Drone Path Planning Engineer,핵심기술,장애물·비행금지구역·에너지를 고려한 경로 생성,A*; RRT; Optimization,직무별 관련 전공·경력; 채용공고별 상이,드론 SW기업; AI기업; 연구기관; 제조사,ETRI; 모빌리티랩; AI·로보틱스 기업,0,,,,미공개,,,직무별 공개 급여 근거 없음,C,공식 산업·활용 분야에서 세부 직무 도출,NCS 드론 GCS·자율비행·공간정보 연구,https://www.ncs.go.kr/blind/bl04/RecrtNotifDetail.do?recrtNo=20201111170104,드론정보포털 드론산업 통계,https://www.droneportal.or.kr/main/web/contents/M020-05-01,"드론정보포털 2024년 드론산업 전체 종사자 17,204명(제조 3,315명·활용 13,889명); 직업별 인원 수치는 아님",DERIVED,2026-09-16,공식 활용·산업분류를 실제 수행 기능 단위로 세분화한 직업명; 채용 시 명칭은 달라질 수 있음,,DERIVED_REVIEW,drone_career_taxonomy_korea_2026-09-16.xlsx,drone_career_taxonomy_korea_202
73,DJ-072,소프트웨어·AI·데이터·관제,자율비행·AI,드론 장애물 탐지·회피 개발자,Drone Detect-and-Avoid Engineer,핵심기술,카메라·LiDAR·레이더 기반 충돌 회피 개발,DAA; CV; LiDAR; Radar,직무별 관련 전공·경력; 채용공고별 상이,드론 SW기업; AI기업; 연구기관; 제조사,ETRI; 모빌리티랩; AI·로보틱스 기업,0,,,,미공개,,,직무별 공개 급여 근거 없음,A,공식 직업·NCS 직접 근거,NCS 드론 GCS·자율비행·공간정보 연구,https://www.ncs.go.kr/blind/bl04/RecrtNotifDetail.do?recrtNo=20201111170104,드론정보포털 드론산업 통계,https://www.droneportal.or.kr/main/web/contents/M020-05-01,"드론정보포털 2024년 드론산업 전체 종사자 17,204명(제조 3,315명·활용 13,889명); 직업별 인원 수치는 아님",RAW,2026-09-16,직접 근거 확인,,HIGH_DIRECT,drone_career_taxonomy_korea_2026-09-16.xlsx,drone_career_taxonomy_korea_202
74,DJ-073,소프트웨어·AI·데이터·관제,자율비행·AI,드론 SLAM 엔지니어,Drone SLAM Engineer,핵심기술,비GPS 환경 위치추정·지도작성 알고리즘 개발,Visual SLAM; LiDAR SLAM; ROS,직무별 관련 전공·경력; 채용공고별 상이,드론 SW기업; AI기업; 연구기관; 제조사,ETRI; 모빌리티랩; AI·로보틱스 기업,0,,,,미공개,,,직무별 공개 급여 근거 없음,C,공식 산업·활용 분야에서 세부 직무 도출,NCS 드론 GCS·자율비행·공간정보 연구,https://www.ncs.go.kr/blind/bl04/RecrtNotifDetail.do?recrtNo=20201111170104,드론정보포털 드론산업 통계,https://www.droneportal.or.kr/main/web/contents/M020-05-01,"드론정보포털 2024년 드론산업 전체 종사자 17,204명(제조 3,315명·활용 13,889명); 직업별 인원 수치는 아님",DERIVED,2026-09-16,공식 활용·산업분류를 실제 수행 기능 단위로 세분화한 직업명; 채용 시 명칭은 달라질 수 있음,,DERIVED_REVIEW,drone_career_taxonomy_korea_2026-09-16.xlsx,drone_career_taxonomy_korea_202
75,DJ-074,소프트웨어·AI·데이터·관제,자율비행·AI,드론 컴퓨터비전 엔지니어,Drone Computer Vision Engineer,핵심기술,항공영상 객체검출·추적·분할 모델 개발,Deep Learning; OpenCV; YOLO,직무별 관련 전공·경력; 채용공고별 상이,드론 SW기업; AI기업; 연구기관; 제조사,ETRI; 모빌리티랩; AI·로보틱스 기업,0,,,,미공개,,,직무별 공개 급여 근거 없음,C,공식 산업·활용 분야에서 세부 직무 도출,NCS 드론 GCS·자율비행·공간정보 연구,https://www.ncs.go.kr/blind/bl04/RecrtNotifDetail.do?recrtNo=20201111170104,드론정보포털 드론산업 통계,https://www.droneportal.or.kr/main/web/contents/M020-05-01,"드론정보포털 2024년 드론산업 전체 종사자 17,204명(제조 3,315명·활용 13,889명); 직업별 인원 수치는 아님",DERIVED,2026-09-16,공식 활용·산업분류를 실제 수행 기능 단위로 세분화한 직업명; 채용 시 명칭은 달라질 수 있음,,DERIVED_REVIEW,drone_career_taxonomy_korea_2026-09-16.xlsx,drone_career_taxonomy_korea_202
76,DJ-075,소프트웨어·AI·데이터·관제,자율비행·AI,드론 영상탐지·추적 AI 개발자,Drone Detection & Tracking AI Engineer,핵심기술,사람·차량·시설·이상징후 탐지·추적,Detection; Tracking; Segmentation,직무별 관련 전공·경력; 채용공고별 상이,드론 SW기업; AI기업; 연구기관; 제조사,ETRI; 모빌리티랩; AI·로보틱스 기업,0,,,,미공개,,,직무별 공개 급여 근거 없음,C,공식 산업·활용 분야에서 세부 직무 도출,NCS 드론 GCS·자율비행·공간정보 연구,https://www.ncs.go.kr/blind/bl04/RecrtNotifDetail.do?recrtNo=20201111170104,드론정보포털 드론산업 통계,https://www.droneportal.or.kr/main/web/contents/M020-05-01,"드론정보포털 2024년 드론산업 전체 종사자 17,204명(제조 3,315명·활용 13,889명); 직업별 인원 수치는 아님",DERIVED,2026-09-16,공식 활용·산업분류를 실제 수행 기능 단위로 세분화한 직업명; 채용 시 명칭은 달라질 수 있음,,DERIVED_REVIEW,drone_career_taxonomy_korea_2026-09-16.xlsx,drone_career_taxonomy_korea_202
77,DJ-076,소프트웨어·AI·데이터·관제,자율비행·AI,드론 엣지AI 엔지니어,Drone Edge AI Engineer,핵심기술,탑재 GPU/NPU에 AI 모델 최적화·배포,CUDA; TensorRT; Quantization,직무별 관련 전공·경력; 채용공고별 상이,드론 SW기업; AI기업; 연구기관; 제조사,ETRI; 모빌리티랩; AI·로보틱스 기업,0,,,,미공개,,,직무별 공개 급여 근거 없음,C,공식 산업·활용 분야에서 세부 직무 도출,NCS 드론 GCS·자율비행·공간정보 연구,https://www.ncs.go.kr/blind/bl04/RecrtNotifDetail.do?recrtNo=20201111170104,드론정보포털 드론산업 통계,https://www.droneportal.or.kr/main/web/contents/M020-05-01,"드론정보포털 2024년 드론산업 전체 종사자 17,204명(제조 3,315명·활용 13,889명); 직업별 인원 수치는 아님",DERIVED,2026-09-16,공식 활용·산업분류를 실제 수행 기능 단위로 세분화한 직업명; 채용 시 명칭은 달라질 수 있음,,DERIVED_REVIEW,drone_career_taxonomy_korea_2026-09-16.xlsx,drone_career_taxonomy_korea_202
78,DJ-077,소프트웨어·AI·데이터·관제,자율비행·AI,드론 군집비행 알고리즘 개발자,Drone Swarm Engineer,핵심기술,다수 기체 협업·대형·충돌방지 알고리즘 개발,Swarm; 분산제어; 네트워크,직무별 관련 전공·경력; 채용공고별 상이,드론 SW기업; AI기업; 연구기관; 제조사,ETRI; 모빌리티랩; AI·로보틱스 기업,0,,,,미공개,,,직무별 공개 급여 근거 없음,C,공식 산업·활용 분야에서 세부 직무 도출,NCS 드론 GCS·자율비행·공간정보 연구,https://www.ncs.go.kr/blind/bl04/RecrtNotifDetail.do?recrtNo=20201111170104,드론정보포털 드론산업 통계,https://www.droneportal.or.kr/main/web/contents/M020-05-01,"드론정보포털 2024년 드론산업 전체 종사자 17,204명(제조 3,315명·활용 13,889명); 직업별 인원 수치는 아님",DERIVED,2026-09-16,공식 활용·산업분류를 실제 수행 기능 단위로 세분화한 직업명; 채용 시 명칭은 달라질 수 있음,,DERIVED_REVIEW,drone_career_taxonomy_korea_2026-09-16.xlsx,drone_career_taxonomy_korea_202
79,DJ-078,소프트웨어·AI·데이터·관제,자율비행·AI,드론쇼 군집제어 소프트웨어 개발자,Drone Show Swarm Software Engineer,핵심기술,공연용 다수 기체 경로 생성·동기화·안전제어,Trajectory; Swarm; Show Control,직무별 관련 전공·경력; 채용공고별 상이,드론 SW기업; AI기업; 연구기관; 제조사,ETRI; 모빌리티랩; AI·로보틱스 기업,0,,,,미공개,,,직무별 공개 급여 근거 없음,C,공식 산업·활용 분야에서 세부 직무 도출,NCS 드론 GCS·자율비행·공간정보 연구,https://www.ncs.go.kr/blind/bl04/RecrtNotifDetail.do?recrtNo=20201111170104,드론정보포털 드론산업 통계,https://www.droneportal.or.kr/main/web/contents/M020-05-01,"드론정보포털 2024년 드론산업 전체 종사자 17,204명(제조 3,315명·활용 13,889명); 직업별 인원 수치는 아님",DERIVED,2026-09-16,공식 활용·산업분류를 실제 수행 기능 단위로 세분화한 직업명; 채용 시 명칭은 달라질 수 있음,,DERIVED_REVIEW,drone_career_taxonomy_korea_2026-09-16.xlsx,drone_career_taxonomy_korea_202
80,DJ-079,소프트웨어·AI·데이터·관제,자율비행·AI,드론 시뮬레이터 개발자,Drone Simulator Developer,핵심기술,비행역학·센서·환경·조종 시뮬레이터 개발,Gazebo; Unreal; SITL,직무별 관련 전공·경력; 채용공고별 상이,드론 SW기업; AI기업; 연구기관; 제조사,ETRI; 모빌리티랩; AI·로보틱스 기업,0,,,,미공개,,,직무별 공개 급여 근거 없음,C,공식 산업·활용 분야에서 세부 직무 도출,NCS 드론 GCS·자율비행·공간정보 연구,https://www.ncs.go.kr/blind/bl04/RecrtNotifDetail.do?recrtNo=20201111170104,드론정보포털 드론산업 통계,https://www.droneportal.or.kr/main/web/contents/M020-05-01,"드론정보포털 2024년 드론산업 전체 종사자 17,204명(제조 3,315명·활용 13,889명); 직업별 인원 수치는 아님",DERIVED,2026-09-16,공식 활용·산업분류를 실제 수행 기능 단위로 세분화한 직업명; 채용 시 명칭은 달라질 수 있음,,DERIVED_REVIEW,drone_career_taxonomy_korea_2026-09-16.xlsx,drone_career_taxonomy_korea_202
81,DJ-080,소프트웨어·AI·데이터·관제,자율비행·AI,드론 디지털트윈 엔지니어,Drone Digital Twin Engineer,핵심기술,기체·운항·시설을 가상모델로 연계·예측,Digital Twin; IoT; Simulation,직무별 관련 전공·경력; 채용공고별 상이,드론 SW기업; AI기업; 연구기관; 제조사,ETRI; 모빌리티랩; AI·로보틱스 기업,0,,,,미공개,,,직무별 공개 급여 근거 없음,C,공식 산업·활용 분야에서 세부 직무 도출,NCS 드론 GCS·자율비행·공간정보 연구,https://www.ncs.go.kr/blind/bl04/RecrtNotifDetail.do?recrtNo=20201111170104,드론정보포털 드론산업 통계,https://www.droneportal.or.kr/main/web/contents/M020-05-01,"드론정보포털 2024년 드론산업 전체 종사자 17,204명(제조 3,315명·활용 13,889명); 직업별 인원 수치는 아님",DERIVED,2026-09-16,공식 활용·산업분류를 실제 수행 기능 단위로 세분화한 직업명; 채용 시 명칭은 달라질 수 있음,,DERIVED_REVIEW,drone_career_taxonomy_korea_2026-09-16.xlsx,drone_career_taxonomy_korea_202
82,DJ-081,소프트웨어·AI·데이터·관제,자율비행·AI,드론 SITL·HIL 검증 엔지니어,Drone SIL/HIL Validation Engineer,핵심기술,비행소프트웨어를 소프트웨어·하드웨어 루프로 검증,SITL; HIL; 자동화시험,직무별 관련 전공·경력; 채용공고별 상이,드론 SW기업; AI기업; 연구기관; 제조사,ETRI; 모빌리티랩; AI·로보틱스 기업,0,,,,미공개,,,직무별 공개 급여 근거 없음,C,공식 산업·활용 분야에서 세부 직무 도출,NCS 드론 GCS·자율비행·공간정보 연구,https://www.ncs.go.kr/blind/bl04/RecrtNotifDetail.do?recrtNo=20201111170104,드론정보포털 드론산업 통계,https://www.droneportal.or.kr/main/web/contents/M020-05-01,"드론정보포털 2024년 드론산업 전체 종사자 17,204명(제조 3,315명·활용 13,889명); 직업별 인원 수치는 아님",DERIVED,2026-09-16,공식 활용·산업분류를 실제 수행 기능 단위로 세분화한 직업명; 채용 시 명칭은 달라질 수 있음,,DERIVED_REVIEW,drone_career_taxonomy_korea_2026-09-16.xlsx,drone_career_taxonomy_korea_202
83,DJ-082,소프트웨어·AI·데이터·관제,플랫폼·데이터,드론 교통관리(UTM) 시스템 개발자,UTM Software Engineer,플랫폼·데이터,비행계획·승인·추적·충돌관리 플랫폼 개발,UTM; GIS; API; 분산시스템,직무별 관련 전공·경력; 채용공고별 상이,드론 관제·GIS·클라우드 기업; 공공기관; SI기업,지자체 드론공간정보 운영기관; ETRI; 관제 솔루션사,0,,,,미공개,,,직무별 공개 급여 근거 없음,C,공식 산업·활용 분야에서 세부 직무 도출,드론정보포털 드론 활용 시스템,https://www.droneportal.or.kr/main/web/contents/M050-03,NCS 드론 GCS·자율비행·공간정보 연구,https://www.ncs.go.kr/blind/bl04/RecrtNotifDetail.do?recrtNo=20201111170104,"드론정보포털 2024년 드론산업 전체 종사자 17,204명(제조 3,315명·활용 13,889명); 직업별 인원 수치는 아님",DERIVED,2026-09-16,공식 활용·산업분류를 실제 수행 기능 단위로 세분화한 직업명; 채용 시 명칭은 달라질 수 있음,,DERIVED_REVIEW,drone_career_taxonomy_korea_2026-09-16.xlsx,drone_career_taxonomy_korea_202
84,DJ-083,소프트웨어·AI·데이터·관제,플랫폼·데이터,드론 통합관제 플랫폼 개발자,Drone Control Platform Developer,플랫폼·데이터,다수 기체·영상·센서·경보를 통합하는 관제 개발,Backend; Streaming; GIS,직무별 관련 전공·경력; 채용공고별 상이,드론 관제·GIS·클라우드 기업; 공공기관; SI기업,지자체 드론공간정보 운영기관; ETRI; 관제 솔루션사,0,,,,미공개,,,직무별 공개 급여 근거 없음,C,공식 산업·활용 분야에서 세부 직무 도출,드론정보포털 드론 활용 시스템,https://www.droneportal.or.kr/main/web/contents/M050-03,NCS 드론 GCS·자율비행·공간정보 연구,https://www.ncs.go.kr/blind/bl04/RecrtNotifDetail.do?recrtNo=20201111170104,"드론정보포털 2024년 드론산업 전체 종사자 17,204명(제조 3,315명·활용 13,889명); 직업별 인원 수치는 아님",DERIVED,2026-09-16,공식 활용·산업분류를 실제 수행 기능 단위로 세분화한 직업명; 채용 시 명칭은 달라질 수 있음,,DERIVED_REVIEW,drone_career_taxonomy_korea_2026-09-16.xlsx,drone_career_taxonomy_korea_202
85,DJ-084,소프트웨어·AI·데이터·관제,플랫폼·데이터,드론 플릿관리 소프트웨어 개발자,Drone Fleet Software Engineer,플랫폼·데이터,기체 배차·상태·정비·배터리·임무 이력 관리,Fleet; IoT; Telemetry,직무별 관련 전공·경력; 채용공고별 상이,드론 관제·GIS·클라우드 기업; 공공기관; SI기업,지자체 드론공간정보 운영기관; ETRI; 관제 솔루션사,0,,,,미공개,,,직무별 공개 급여 근거 없음,C,공식 산업·활용 분야에서 세부 직무 도출,드론정보포털 드론 활용 시스템,https://www.droneportal.or.kr/main/web/contents/M050-03,NCS 드론 GCS·자율비행·공간정보 연구,https://www.ncs.go.kr/blind/bl04/RecrtNotifDetail.do?recrtNo=20201111170104,"드론정보포털 2024년 드론산업 전체 종사자 17,204명(제조 3,315명·활용 13,889명); 직업별 인원 수치는 아님",DERIVED,2026-09-16,공식 활용·산업분류를 실제 수행 기능 단위로 세분화한 직업명; 채용 시 명칭은 달라질 수 있음,,DERIVED_REVIEW,drone_career_taxonomy_korea_2026-09-16.xlsx,drone_career_taxonomy_korea_202
86,DJ-085,소프트웨어·AI·데이터·관제,플랫폼·데이터,드론 클라우드 백엔드 개발자,Drone Cloud Backend Engineer,플랫폼·데이터,비행·영상·센서 데이터 수집·저장·API 개발,Cloud; Kafka; Database; API,직무별 관련 전공·경력; 채용공고별 상이,드론 관제·GIS·클라우드 기업; 공공기관; SI기업,지자체 드론공간정보 운영기관; ETRI; 관제 솔루션사,0,,,,미공개,,,직무별 공개 급여 근거 없음,C,공식 산업·활용 분야에서 세부 직무 도출,드론정보포털 드론 활용 시스템,https://www.droneportal.or.kr/main/web/contents/M050-03,NCS 드론 GCS·자율비행·공간정보 연구,https://www.ncs.go.kr/blind/bl04/RecrtNotifDetail.do?recrtNo=20201111170104,"드론정보포털 2024년 드론산업 전체 종사자 17,204명(제조 3,315명·활용 13,889명); 직업별 인원 수치는 아님",DERIVED,2026-09-16,공식 활용·산업분류를 실제 수행 기능 단위로 세분화한 직업명; 채용 시 명칭은 달라질 수 있음,,DERIVED_REVIEW,drone_career_taxonomy_korea_2026-09-16.xlsx,drone_career_taxonomy_korea_202
87,DJ-086,소프트웨어·AI·데이터·관제,플랫폼·데이터,드론 모바일 앱 개발자,Drone Mobile App Developer,플랫폼·데이터,조종·임무·점검·데이터 확인 모바일 앱 개발,Android; iOS; Map SDK,직무별 관련 전공·경력; 채용공고별 상이,드론 관제·GIS·클라우드 기업; 공공기관; SI기업,지자체 드론공간정보 운영기관; ETRI; 관제 솔루션사,0,,,,미공개,,,직무별 공개 급여 근거 없음,C,공식 산업·활용 분야에서 세부 직무 도출,드론정보포털 드론 활용 시스템,https://www.droneportal.or.kr/main/web/contents/M050-03,NCS 드론 GCS·자율비행·공간정보 연구,https://www.ncs.go.kr/blind/bl04/RecrtNotifDetail.do?recrtNo=20201111170104,"드론정보포털 2024년 드론산업 전체 종사자 17,204명(제조 3,315명·활용 13,889명); 직업별 인원 수치는 아님",DERIVED,2026-09-16,공식 활용·산업분류를 실제 수행 기능 단위로 세분화한 직업명; 채용 시 명칭은 달라질 수 있음,,DERIVED_REVIEW,drone_career_taxonomy_korea_2026-09-16.xlsx,drone_career_taxonomy_korea_202
88,DJ-087,소프트웨어·AI·데이터·관제,플랫폼·데이터,드론 GIS 소프트웨어 개발자,Drone GIS Developer,플랫폼·데이터,드론 공간정보 편집·분석·서비스 소프트웨어 개발,GIS; 좌표계; Web Map,직무별 관련 전공·경력; 채용공고별 상이,드론 관제·GIS·클라우드 기업; 공공기관; SI기업,지자체 드론공간정보 운영기관; ETRI; 관제 솔루션사,0,,,,미공개,,,직무별 공개 급여 근거 없음,C,공식 산업·활용 분야에서 세부 직무 도출,드론정보포털 드론 활용 시스템,https://www.droneportal.or.kr/main/web/contents/M050-03,NCS 드론 GCS·자율비행·공간정보 연구,https://www.ncs.go.kr/blind/bl04/RecrtNotifDetail.do?recrtNo=20201111170104,"드론정보포털 2024년 드론산업 전체 종사자 17,204명(제조 3,315명·활용 13,889명); 직업별 인원 수치는 아님",DERIVED,2026-09-16,공식 활용·산업분류를 실제 수행 기능 단위로 세분화한 직업명; 채용 시 명칭은 달라질 수 있음,,DERIVED_REVIEW,drone_career_taxonomy_korea_2026-09-16.xlsx,drone_career_taxonomy_korea_202
89,DJ-088,소프트웨어·AI·데이터·관제,플랫폼·데이터,드론 사진측량 소프트웨어 엔지니어,Drone Photogrammetry Software Engineer,플랫폼·데이터,영상 정합·정사영상·DSM·3D 모델 생성 알고리즘 개발,SfM; MVS; Photogrammetry,직무별 관련 전공·경력; 채용공고별 상이,드론 관제·GIS·클라우드 기업; 공공기관; SI기업,지자체 드론공간정보 운영기관; ETRI; 관제 솔루션사,0,,,,미공개,,,직무별 공개 급여 근거 없음,C,공식 산업·활용 분야에서 세부 직무 도출,드론정보포털 드론 활용 시스템,https://www.droneportal.or.kr/main/web/contents/M050-03,NCS 드론 GCS·자율비행·공간정보 연구,https://www.ncs.go.kr/blind/bl04/RecrtNotifDetail.do?recrtNo=20201111170104,"드론정보포털 2024년 드론산업 전체 종사자 17,204명(제조 3,315명·활용 13,889명); 직업별 인원 수치는 아님",DERIVED,2026-09-16,공식 활용·산업분류를 실제 수행 기능 단위로 세분화한 직업명; 채용 시 명칭은 달라질 수 있음,,DERIVED_REVIEW,drone_career_taxonomy_korea_2026-09-16.xlsx,drone_career_taxonomy_korea_202
90,DJ-089,소프트웨어·AI·데이터·관제,플랫폼·데이터,드론 3D 공간정보 구축 전문가,Drone 3D Geospatial Specialist,플랫폼·데이터,점군·메시·정사영상으로 3차원 공간정보 구축,Point Cloud; Mesh; GIS,직무별 관련 전공·경력; 채용공고별 상이,드론 관제·GIS·클라우드 기업; 공공기관; SI기업,지자체 드론공간정보 운영기관; ETRI; 관제 솔루션사,0,,,,미공개,,,직무별 공개 급여 근거 없음,A,공식 직업·NCS 직접 근거,드론정보포털 드론 활용 시스템,https://www.droneportal.or.kr/main/web/contents/M050-03,NCS 드론 GCS·자율비행·공간정보 연구,https://www.ncs.go.kr/blind/bl04/RecrtNotifDetail.do?recrtNo=20201111170104,"드론정보포털 2024년 드론산업 전체 종사자 17,204명(제조 3,315명·활용 13,889명); 직업별 인원 수치는 아님",RAW,2026-09-16,직접 근거 확인,,HIGH_DIRECT,drone_career_taxonomy_korea_2026-09-16.xlsx,drone_career_taxonomy_korea_202
91,DJ-090,소프트웨어·AI·데이터·관제,플랫폼·데이터,드론 비행데이터 분석가,Drone Flight Data Analyst,플랫폼·데이터,로그·텔레메트리로 성능·고장·운항품질 분석,Flight Log; Python; Statistics,직무별 관련 전공·경력; 채용공고별 상이,드론 관제·GIS·클라우드 기업; 공공기관; SI기업,지자체 드론공간정보 운영기관; ETRI; 관제 솔루션사,0,,,,미공개,,,직무별 공개 급여 근거 없음,C,공식 산업·활용 분야에서 세부 직무 도출,드론정보포털 드론 활용 시스템,https://www.droneportal.or.kr/main/web/contents/M050-03,NCS 드론 GCS·자율비행·공간정보 연구,https://www.ncs.go.kr/blind/bl04/RecrtNotifDetail.do?recrtNo=20201111170104,"드론정보포털 2024년 드론산업 전체 종사자 17,204명(제조 3,315명·활용 13,889명); 직업별 인원 수치는 아님",DERIVED,2026-09-16,공식 활용·산업분류를 실제 수행 기능 단위로 세분화한 직업명; 채용 시 명칭은 달라질 수 있음,,DERIVED_REVIEW,drone_career_taxonomy_korea_2026-09-16.xlsx,drone_career_taxonomy_korea_202
92,DJ-091,소프트웨어·AI·데이터·관제,플랫폼·데이터,드론 영상데이터 후처리 담당자,Drone Data Processing Specialist,플랫폼·데이터,촬영영상 정합·보정·좌표화·산출물 제작,Pix4D; DJI Terra; Global Mapper,직무별 관련 전공·경력; 채용공고별 상이,드론 관제·GIS·클라우드 기업; 공공기관; SI기업,지자체 드론공간정보 운영기관; ETRI; 관제 솔루션사,1,(주)제이와이시스템,드론촬영 데이터 후처리 담당자,https://www.jobkorea.co.kr/Recruit/GI_Read/49830305?Oem_Code=C900&api=592,회사내규,,,회사 내규,B,실제 채용공고 직접 근거,드론정보포털 드론 활용 시스템,https://www.droneportal.or.kr/main/web/contents/M050-03,NCS 드론 GCS·자율비행·공간정보 연구,https://www.ncs.go.kr/blind/bl04/RecrtNotifDetail.do?recrtNo=20201111170104,"드론정보포털 2024년 드론산업 전체 종사자 17,204명(제조 3,315명·활용 13,889명); 직업별 인원 수치는 아님",RAW,2026-09-16,직접 근거 확인,,MEDIUM_SUPPORTING,drone_career_taxonomy_korea_2026-09-16.xlsx,drone_career_taxonomy_korea_202
93,DJ-092,소프트웨어·AI·데이터·관제,플랫폼·데이터,드론 데이터 라벨링·품질관리자,Drone Data Annotation QA Specialist,플랫폼·데이터,항공영상 AI 학습데이터 라벨링 기준·품질 관리,Annotation; QA; Dataset,직무별 관련 전공·경력; 채용공고별 상이,드론 관제·GIS·클라우드 기업; 공공기관; SI기업,지자체 드론공간정보 운영기관; ETRI; 관제 솔루션사,0,,,,미공개,,,직무별 공개 급여 근거 없음,C,공식 산업·활용 분야에서 세부 직무 도출,드론정보포털 드론 활용 시스템,https://www.droneportal.or.kr/main/web/contents/M050-03,NCS 드론 GCS·자율비행·공간정보 연구,https://www.ncs.go.kr/blind/bl04/RecrtNotifDetail.do?recrtNo=20201111170104,"드론정보포털 2024년 드론산업 전체 종사자 17,204명(제조 3,315명·활용 13,889명); 직업별 인원 수치는 아님",DERIVED,2026-09-16,공식 활용·산업분류를 실제 수행 기능 단위로 세분화한 직업명; 채용 시 명칭은 달라질 수 있음,,DERIVED_REVIEW,drone_career_taxonomy_korea_2026-09-16.xlsx,drone_career_taxonomy_korea_202
94,DJ-093,소프트웨어·AI·데이터·관제,플랫폼·데이터,드론 MLOps 엔지니어,Drone MLOps Engineer,플랫폼·데이터,드론 AI 데이터·모델 학습·배포·모니터링 파이프라인 운영,MLOps; CI/CD; Model Registry,직무별 관련 전공·경력; 채용공고별 상이,드론 관제·GIS·클라우드 기업; 공공기관; SI기업,지자체 드론공간정보 운영기관; ETRI; 관제 솔루션사,0,,,,미공개,,,직무별 공개 급여 근거 없음,C,공식 산업·활용 분야에서 세부 직무 도출,드론정보포털 드론 활용 시스템,https://www.droneportal.or.kr/main/web/contents/M050-03,NCS 드론 GCS·자율비행·공간정보 연구,https://www.ncs.go.kr/blind/bl04/RecrtNotifDetail.do?recrtNo=20201111170104,"드론정보포털 2024년 드론산업 전체 종사자 17,204명(제조 3,315명·활용 13,889명); 직업별 인원 수치는 아님",DERIVED,2026-09-16,공식 활용·산업분류를 실제 수행 기능 단위로 세분화한 직업명; 채용 시 명칭은 달라질 수 있음,,DERIVED_REVIEW,drone_career_taxonomy_korea_2026-09-16.xlsx,drone_career_taxonomy_korea_202
95,DJ-094,소프트웨어·AI·데이터·관제,플랫폼·데이터,드론 사이버보안 엔지니어,Drone Cybersecurity Engineer,플랫폼·데이터,기체·통신·GCS·클라우드 위협분석과 보안 설계,PKI; Secure Boot; Threat Modeling,직무별 관련 전공·경력; 채용공고별 상이,드론 관제·GIS·클라우드 기업; 공공기관; SI기업,지자체 드론공간정보 운영기관; ETRI; 관제 솔루션사,0,,,,미공개,,,직무별 공개 급여 근거 없음,C,공식 산업·활용 분야에서 세부 직무 도출,드론정보포털 드론 활용 시스템,https://www.droneportal.or.kr/main/web/contents/M050-03,NCS 드론 GCS·자율비행·공간정보 연구,https://www.ncs.go.kr/blind/bl04/RecrtNotifDetail.do?recrtNo=20201111170104,"드론정보포털 2024년 드론산업 전체 종사자 17,204명(제조 3,315명·활용 13,889명); 직업별 인원 수치는 아님",DERIVED,2026-09-16,공식 활용·산업분류를 실제 수행 기능 단위로 세분화한 직업명; 채용 시 명칭은 달라질 수 있음,,DERIVED_REVIEW,drone_career_taxonomy_korea_2026-09-16.xlsx,drone_career_taxonomy_korea_202
96,DJ-095,운항·시험·정비·안전,조종·운항,드론 파일럿,Drone Pilot,운용,비행 전 점검·조종·임무수행·비행 후 기록,조종; 항공법규; 기상; 안전,초경량비행장치 조종자(기체·중량별 해당 종별),드론 서비스사; 제조사; 공공기관; 방송·측량·점검 기업,드론 운용기업; 한국교통안전공단 지정 전문교육기관,1,에이럭스,멀티콥터·VTOL·고정익 드론 파일럿,https://www.jobkorea.co.kr/Recruit/GI_Read/49955170?Oem_Code=C900&api=592,회사내규,,,회사 내규,B,실제 채용공고 직접 근거,NCS 소형무인기 운용·조종·정비 직무,https://www.ncs.go.kr/th07/bbs_ntc_view.do?ntcSeq=20170110111349153&pageIndex=0&searchCondition=&searchkeyword=,한국교통안전공단,https://main.kotsa.or.kr/main.do,"드론정보포털 2024년 드론산업 전체 종사자 17,204명(제조 3,315명·활용 13,889명); 직업별 인원 수치는 아님",RAW,2026-09-16,직접 근거 확인,,MEDIUM_SUPPORTING,drone_career_taxonomy_korea_2026-09-16.xlsx,drone_career_taxonomy_korea_202
97,DJ-096,운항·시험·정비·안전,조종·운항,멀티콥터 드론 조종자,Multicopter Pilot,운용,멀티콥터 촬영·점검·측량·살포 임무 조종,멀티콥터; GCS; 현장안전,초경량비행장치 무인멀티콥터 조종자,드론 서비스사; 제조사; 공공기관; 방송·측량·점검 기업,드론 운용기업; 한국교통안전공단 지정 전문교육기관,0,,,,미공개,,,직무별 공개 급여 근거 없음,A,공식 직업·NCS 직접 근거,NCS 소형무인기 운용·조종·정비 직무,https://www.ncs.go.kr/th07/bbs_ntc_view.do?ntcSeq=20170110111349153&pageIndex=0&searchCondition=&searchkeyword=,한국교통안전공단,https://main.kotsa.or.kr/main.do,"드론정보포털 2024년 드론산업 전체 종사자 17,204명(제조 3,315명·활용 13,889명); 직업별 인원 수치는 아님",RAW,2026-09-16,직접 근거 확인,,HIGH_DIRECT,drone_career_taxonomy_korea_2026-09-16.xlsx,drone_career_taxonomy_korea_202
98,DJ-097,운항·시험·정비·안전,조종·운항,무인비행기 조종자,Unmanned Airplane Pilot,운용,고정익 무인기의 이착륙·경로비행·임무 운용,고정익; 임무계획; 비상절차,초경량비행장치 무인비행기 조종자,드론 서비스사; 제조사; 공공기관; 방송·측량·점검 기업,드론 운용기업; 한국교통안전공단 지정 전문교육기관,0,,,,미공개,,,직무별 공개 급여 근거 없음,A,공식 직업·NCS 직접 근거,NCS 소형무인기 운용·조종·정비 직무,https://www.ncs.go.kr/th07/bbs_ntc_view.do?ntcSeq=20170110111349153&pageIndex=0&searchCondition=&searchkeyword=,한국교통안전공단,https://main.kotsa.or.kr/main.do,"드론정보포털 2024년 드론산업 전체 종사자 17,204명(제조 3,315명·활용 13,889명); 직업별 인원 수치는 아님",RAW,2026-09-16,직접 근거 확인,,HIGH_DIRECT,drone_career_taxonomy_korea_2026-09-16.xlsx,drone_career_taxonomy_korea_202
99,DJ-098,운항·시험·정비·안전,조종·운항,무인헬리콥터 조종자,Unmanned Helicopter Pilot,운용,무인헬기 조종과 농업·산림·특수 임무 수행,무인헬기; 회전익; 정비,초경량비행장치 무인헬리콥터 조종자,드론 서비스사; 제조사; 공공기관; 방송·측량·점검 기업,드론 운용기업; 한국교통안전공단 지정 전문교육기관,0,,,,미공개,,,직무별 공개 급여 근거 없음,A,공식 직업·NCS 직접 근거,NCS 소형무인기 운용·조종·정비 직무,https://www.ncs.go.kr/th07/bbs_ntc_view.do?ntcSeq=20170110111349153&pageIndex=0&searchCondition=&searchkeyword=,한국교통안전공단,https://main.kotsa.or.kr/main.do,"드론정보포털 2024년 드론산업 전체 종사자 17,204명(제조 3,315명·활용 13,889명); 직업별 인원 수치는 아님",RAW,2026-09-16,직접 근거 확인,,HIGH_DIRECT,drone_career_taxonomy_korea_2026-09-16.xlsx,drone_career_taxonomy_korea_202
100,DJ-099,운항·시험·정비·안전,조종·운항,VTOL 무인기 조종자,VTOL UAV Pilot,운용,수직이착륙과 고정익 천이비행 운용,VTOL; 천이비행; GCS,직무별 관련 전공·경력; 채용공고별 상이,드론 서비스사; 제조사; 공공기관; 방송·측량·점검 기업,드론 운용기업; 한국교통안전공단 지정 전문교육기관,0,,,,미공개,,,직무별 공개 급여 근거 없음,C,공식 산업·활용 분야에서 세부 직무 도출,NCS 소형무인기 운용·조종·정비 직무,https://www.ncs.go.kr/th07/bbs_ntc_view.do?ntcSeq=20170110111349153&pageIndex=0&searchCondition=&searchkeyword=,한국교통안전공단,https://main.kotsa.or.kr/main.do,"드론정보포털 2024년 드론산업 전체 종사자 17,204명(제조 3,315명·활용 13,889명); 직업별 인원 수치는 아님",DERIVED,2026-09-16,공식 활용·산업분류를 실제 수행 기능 단위로 세분화한 직업명; 채용 시 명칭은 달라질 수 있음,,DERIVED_REVIEW,drone_career_taxonomy_korea_2026-09-16.xlsx,drone_career_taxonomy_korea_202
101,DJ-100,운항·시험·정비·안전,조종·운항,FPV 드론 조종자,FPV Drone Pilot,운용,1인칭 시점 고기동 촬영·경기·점검 비행,FPV; 수동조종; 영상링크,직무별 관련 전공·경력; 채용공고별 상이,드론 서비스사; 제조사; 공공기관; 방송·측량·점검 기업,드론 운용기업; 한국교통안전공단 지정 전문교육기관,0,,,,미공개,,,직무별 공개 급여 근거 없음,C,공식 산업·활용 분야에서 세부 직무 도출,NCS 소형무인기 운용·조종·정비 직무,https://www.ncs.go.kr/th07/bbs_ntc_view.do?ntcSeq=20170110111349153&pageIndex=0&searchCondition=&searchkeyword=,한국교통안전공단,https://main.kotsa.or.kr/main.do,"드론정보포털 2024년 드론산업 전체 종사자 17,204명(제조 3,315명·활용 13,889명); 직업별 인원 수치는 아님",DERIVED,2026-09-16,공식 활용·산업분류를 실제 수행 기능 단위로 세분화한 직업명; 채용 시 명칭은 달라질 수 있음,,DERIVED_REVIEW,drone_career_taxonomy_korea_2026-09-16.xlsx,drone_career_taxonomy_korea_202
102,DJ-101,운항·시험·정비·안전,조종·운항,장거리·비가시권 드론 조종자,BVLOS Drone Pilot,운용,장거리·비가시권 임무의 통신·추적·비상절차 수행,BVLOS; C2; Detect-and-Avoid,직무별 관련 전공·경력; 채용공고별 상이,드론 서비스사; 제조사; 공공기관; 방송·측량·점검 기업,드론 운용기업; 한국교통안전공단 지정 전문교육기관,0,,,,미공개,,,직무별 공개 급여 근거 없음,C,공식 산업·활용 분야에서 세부 직무 도출,NCS 소형무인기 운용·조종·정비 직무,https://www.ncs.go.kr/th07/bbs_ntc_view.do?ntcSeq=20170110111349153&pageIndex=0&searchCondition=&searchkeyword=,한국교통안전공단,https://main.kotsa.or.kr/main.do,"드론정보포털 2024년 드론산업 전체 종사자 17,204명(제조 3,315명·활용 13,889명); 직업별 인원 수치는 아님",DERIVED,2026-09-16,공식 활용·산업분류를 실제 수행 기능 단위로 세분화한 직업명; 채용 시 명칭은 달라질 수 있음,,DERIVED_REVIEW,drone_career_taxonomy_korea_2026-09-16.xlsx,drone_career_taxonomy_korea_202
103,DJ-102,운항·시험·정비·안전,조종·운항,드론 임무계획 담당자,Drone Mission Planner,운용,항로·고도·촬영·센서·배터리·비상지점 계획,Mission Planning; GIS; 기상,직무별 관련 전공·경력; 채용공고별 상이,드론 서비스사; 제조사; 공공기관; 방송·측량·점검 기업,드론 운용기업; 한국교통안전공단 지정 전문교육기관,0,,,,미공개,,,직무별 공개 급여 근거 없음,C,공식 산업·활용 분야에서 세부 직무 도출,NCS 소형무인기 운용·조종·정비 직무,https://www.ncs.go.kr/th07/bbs_ntc_view.do?ntcSeq=20170110111349153&pageIndex=0&searchCondition=&searchkeyword=,한국교통안전공단,https://main.kotsa.or.kr/main.do,"드론정보포털 2024년 드론산업 전체 종사자 17,204명(제조 3,315명·활용 13,889명); 직업별 인원 수치는 아님",DERIVED,2026-09-16,공식 활용·산업분류를 실제 수행 기능 단위로 세분화한 직업명; 채용 시 명칭은 달라질 수 있음,,DERIVED_REVIEW,drone_career_taxonomy_korea_2026-09-16.xlsx,drone_career_taxonomy_korea_202
104,DJ-103,운항·시험·정비·안전,조종·운항,드론 운항관리자,Drone Operations Manager,운용,조종자·기체·승인·일정·안전·고객 임무 총괄,Operations; 규정; 일정; 안전,직무별 관련 전공·경력; 채용공고별 상이,드론 서비스사; 제조사; 공공기관; 방송·측량·점검 기업,드론 운용기업; 한국교통안전공단 지정 전문교육기관,0,,,,미공개,,,직무별 공개 급여 근거 없음,A,공식 직업·NCS 직접 근거,NCS 소형무인기 운용·조종·정비 직무,https://www.ncs.go.kr/th07/bbs_ntc_view.do?ntcSeq=20170110111349153&pageIndex=0&searchCondition=&searchkeyword=,한국교통안전공단,https://main.kotsa.or.kr/main.do,"드론정보포털 2024년 드론산업 전체 종사자 17,204명(제조 3,315명·활용 13,889명); 직업별 인원 수치는 아님",RAW,2026-09-16,직접 근거 확인,,HIGH_DIRECT,drone_career_taxonomy_korea_2026-09-16.xlsx,drone_career_taxonomy_korea_202
105,DJ-104,운항·시험·정비·안전,조종·운항,드론 배차·운항통제 담당자,Drone Dispatcher,운용,"기체·조종자 배정, 비행계획·기상·운항상태 통제",Dispatch; UTM; Weather,직무별 관련 전공·경력; 채용공고별 상이,드론 서비스사; 제조사; 공공기관; 방송·측량·점검 기업,드론 운용기업; 한국교통안전공단 지정 전문교육기관,0,,,,미공개,,,직무별 공개 급여 근거 없음,C,공식 산업·활용 분야에서 세부 직무 도출,NCS 소형무인기 운용·조종·정비 직무,https://www.ncs.go.kr/th07/bbs_ntc_view.do?ntcSeq=20170110111349153&pageIndex=0&searchCondition=&searchkeyword=,한국교통안전공단,https://main.kotsa.or.kr/main.do,"드론정보포털 2024년 드론산업 전체 종사자 17,204명(제조 3,315명·활용 13,889명); 직업별 인원 수치는 아님",DERIVED,2026-09-16,공식 활용·산업분류를 실제 수행 기능 단위로 세분화한 직업명; 채용 시 명칭은 달라질 수 있음,,DERIVED_REVIEW,drone_career_taxonomy_korea_2026-09-16.xlsx,drone_career_taxonomy_korea_202
106,DJ-105,운항·시험·정비·안전,조종·운항,드론 지상통제소 운용자,GCS Operator,운용,지상통제소에서 항로·상태·통신·비상상황 감시·제어,GCS; Telemetry; C2,직무별 관련 전공·경력; 채용공고별 상이,드론 서비스사; 제조사; 공공기관; 방송·측량·점검 기업,드론 운용기업; 한국교통안전공단 지정 전문교육기관,0,,,,미공개,,,직무별 공개 급여 근거 없음,C,공식 산업·활용 분야에서 세부 직무 도출,NCS 소형무인기 운용·조종·정비 직무,https://www.ncs.go.kr/th07/bbs_ntc_view.do?ntcSeq=20170110111349153&pageIndex=0&searchCondition=&searchkeyword=,한국교통안전공단,https://main.kotsa.or.kr/main.do,"드론정보포털 2024년 드론산업 전체 종사자 17,204명(제조 3,315명·활용 13,889명); 직업별 인원 수치는 아님",DERIVED,2026-09-16,공식 활용·산업분류를 실제 수행 기능 단위로 세분화한 직업명; 채용 시 명칭은 달라질 수 있음,,DERIVED_REVIEW,drone_career_taxonomy_korea_2026-09-16.xlsx,drone_career_taxonomy_korea_202
107,DJ-106,운항·시험·정비·안전,조종·운항,드론 페이로드 운용자,Drone Payload Operator,운용,카메라·LiDAR·레이더·살포기 등 임무장비 조작,Payload; Sensor; Mission,직무별 관련 전공·경력; 채용공고별 상이,드론 서비스사; 제조사; 공공기관; 방송·측량·점검 기업,드론 운용기업; 한국교통안전공단 지정 전문교육기관,0,,,,미공개,,,직무별 공개 급여 근거 없음,C,공식 산업·활용 분야에서 세부 직무 도출,NCS 소형무인기 운용·조종·정비 직무,https://www.ncs.go.kr/th07/bbs_ntc_view.do?ntcSeq=20170110111349153&pageIndex=0&searchCondition=&searchkeyword=,한국교통안전공단,https://main.kotsa.or.kr/main.do,"드론정보포털 2024년 드론산업 전체 종사자 17,204명(제조 3,315명·활용 13,889명); 직업별 인원 수치는 아님",DERIVED,2026-09-16,공식 활용·산업분류를 실제 수행 기능 단위로 세분화한 직업명; 채용 시 명칭은 달라질 수 있음,,DERIVED_REVIEW,drone_career_taxonomy_korea_2026-09-16.xlsx,drone_career_taxonomy_korea_202
108,DJ-107,운항·시험·정비·안전,조종·운항,드론 시각관찰자,Drone Visual Observer,운용,공역·장애물·타 항공기·기체 상태를 육안 감시,Visual Observation; CRM; 무전,직무별 관련 전공·경력; 채용공고별 상이,드론 서비스사; 제조사; 공공기관; 방송·측량·점검 기업,드론 운용기업; 한국교통안전공단 지정 전문교육기관,0,,,,미공개,,,직무별 공개 급여 근거 없음,C,공식 산업·활용 분야에서 세부 직무 도출,NCS 소형무인기 운용·조종·정비 직무,https://www.ncs.go.kr/th07/bbs_ntc_view.do?ntcSeq=20170110111349153&pageIndex=0&searchCondition=&searchkeyword=,한국교통안전공단,https://main.kotsa.or.kr/main.do,"드론정보포털 2024년 드론산업 전체 종사자 17,204명(제조 3,315명·활용 13,889명); 직업별 인원 수치는 아님",DERIVED,2026-09-16,공식 활용·산업분류를 실제 수행 기능 단위로 세분화한 직업명; 채용 시 명칭은 달라질 수 있음,,DERIVED_REVIEW,drone_career_taxonomy_korea_2026-09-16.xlsx,drone_career_taxonomy_korea_202
109,DJ-108,운항·시험·정비·안전,조종·운항,드론 플릿 관제사,Drone Fleet Controller,운용,다수 무인기의 위치·경보·임무·배터리를 원격 관제,Fleet Control; UTM; Telemetry,직무별 관련 전공·경력; 채용공고별 상이,드론 서비스사; 제조사; 공공기관; 방송·측량·점검 기업,드론 운용기업; 한국교통안전공단 지정 전문교육기관,0,,,,미공개,,,직무별 공개 급여 근거 없음,C,공식 산업·활용 분야에서 세부 직무 도출,NCS 소형무인기 운용·조종·정비 직무,https://www.ncs.go.kr/th07/bbs_ntc_view.do?ntcSeq=20170110111349153&pageIndex=0&searchCondition=&searchkeyword=,한국교통안전공단,https://main.kotsa.or.kr/main.do,"드론정보포털 2024년 드론산업 전체 종사자 17,204명(제조 3,315명·활용 13,889명); 직업별 인원 수치는 아님",DERIVED,2026-09-16,공식 활용·산업분류를 실제 수행 기능 단위로 세분화한 직업명; 채용 시 명칭은 달라질 수 있음,,DERIVED_REVIEW,drone_career_taxonomy_korea_2026-09-16.xlsx,drone_career_taxonomy_korea_202
110,DJ-109,운항·시험·정비·안전,시험·정비,드론 운용·시험 엔지니어,Drone Operations Test Engineer,시험·유지보수,연구개발 기체 운용과 시험계획·데이터 기록,시험운용; 계측; 문서,직무별 관련 전공·경력; 채용공고별 상이,드론 제조사; 시험센터; 서비스센터; 운용기업,항공안전기술원 드론인증센터; (주)헬셀; DJI 공식 서비스센터,1,태경전자(주),기업부설연구소 드론 운용 및 시험 담당자,https://www.jobkorea.co.kr/Recruit/GI_Read/49913994?Oem_Code=C900&api=592,회사내규,,,회사 내규,B,실제 채용공고 직접 근거,NCS 소형무인기 운용·조종·정비 직무,https://www.ncs.go.kr/th07/bbs_ntc_view.do?ntcSeq=20170110111349153&pageIndex=0&searchCondition=&searchkeyword=,드론정보포털 드론인증센터,https://www.droneportal.or.kr/main/web/contents/M050-01-03,"드론정보포털 2024년 드론산업 전체 종사자 17,204명(제조 3,315명·활용 13,889명); 직업별 인원 수치는 아님",RAW,2026-09-16,직접 근거 확인,,MEDIUM_SUPPORTING,drone_career_taxonomy_korea_2026-09-16.xlsx,drone_career_taxonomy_korea_202
111,DJ-110,운항·시험·정비·안전,시험·정비,드론 시험비행 조종사,Drone Test Pilot,시험·유지보수,개발·개조 기체의 시험카드에 따른 시험비행,Test Pilot; 비상절차; 계측,직무별 관련 전공·경력; 채용공고별 상이,드론 제조사; 시험센터; 서비스센터; 운용기업,항공안전기술원 드론인증센터; (주)헬셀; DJI 공식 서비스센터,0,,,,미공개,,,직무별 공개 급여 근거 없음,C,공식 산업·활용 분야에서 세부 직무 도출,NCS 소형무인기 운용·조종·정비 직무,https://www.ncs.go.kr/th07/bbs_ntc_view.do?ntcSeq=20170110111349153&pageIndex=0&searchCondition=&searchkeyword=,드론정보포털 드론인증센터,https://www.droneportal.or.kr/main/web/contents/M050-01-03,"드론정보포털 2024년 드론산업 전체 종사자 17,204명(제조 3,315명·활용 13,889명); 직업별 인원 수치는 아님",DERIVED,2026-09-16,공식 활용·산업분류를 실제 수행 기능 단위로 세분화한 직업명; 채용 시 명칭은 달라질 수 있음,,DERIVED_REVIEW,drone_career_taxonomy_korea_2026-09-16.xlsx,drone_career_taxonomy_korea_202
112,DJ-111,운항·시험·정비·안전,시험·정비,드론 비행시험 엔지니어,Drone Flight Test Engineer,시험·유지보수,시험계획·계측·데이터 분석·결과보고,Flight Test; DAQ; Analysis,직무별 관련 전공·경력; 채용공고별 상이,드론 제조사; 시험센터; 서비스센터; 운용기업,항공안전기술원 드론인증센터; (주)헬셀; DJI 공식 서비스센터,0,,,,미공개,,,직무별 공개 급여 근거 없음,A,공식 직업·NCS 직접 근거,NCS 소형무인기 운용·조종·정비 직무,https://www.ncs.go.kr/th07/bbs_ntc_view.do?ntcSeq=20170110111349153&pageIndex=0&searchCondition=&searchkeyword=,드론정보포털 드론인증센터,https://www.droneportal.or.kr/main/web/contents/M050-01-03,"드론정보포털 2024년 드론산업 전체 종사자 17,204명(제조 3,315명·활용 13,889명); 직업별 인원 수치는 아님",RAW,2026-09-16,직접 근거 확인,,HIGH_DIRECT,drone_career_taxonomy_korea_2026-09-16.xlsx,drone_career_taxonomy_korea_202
113,DJ-112,운항·시험·정비·안전,시험·정비,드론 시험비행·검증 담당자,Drone Flight Verification Specialist,시험·유지보수,기체 성능·운용요건을 시험비행으로 검증,시험비행; VTOL; 검증,직무별 관련 전공·경력; 채용공고별 상이,드론 제조사; 시험센터; 서비스센터; 운용기업,항공안전기술원 드론인증센터; (주)헬셀; DJI 공식 서비스센터,1,(주)펀진,드론 시험비행·검증 담당자,https://www.jobkorea.co.kr/Recruit/GI_Read/49691314?Oem_Code=C900&api=592,회사내규,,,회사 내규,B,실제 채용공고 직접 근거,NCS 소형무인기 운용·조종·정비 직무,https://www.ncs.go.kr/th07/bbs_ntc_view.do?ntcSeq=20170110111349153&pageIndex=0&searchCondition=&searchkeyword=,드론정보포털 드론인증센터,https://www.droneportal.or.kr/main/web/contents/M050-01-03,"드론정보포털 2024년 드론산업 전체 종사자 17,204명(제조 3,315명·활용 13,889명); 직업별 인원 수치는 아님",RAW,2026-09-16,직접 근거 확인,,MEDIUM_SUPPORTING,drone_career_taxonomy_korea_2026-09-16.xlsx,drone_career_taxonomy_korea_202
114,DJ-113,운항·시험·정비·안전,시험·정비,산업용 드론 생산·정비원,Industrial Drone Production & Maintenance Technician,시험·유지보수,산업용 기체 조립·고장진단·부품교환·시험,생산; 정비; CAD,직무별 관련 전공·경력; 채용공고별 상이,드론 제조사; 시험센터; 서비스센터; 운용기업,항공안전기술원 드론인증센터; (주)헬셀; DJI 공식 서비스센터,1,(주)헬셀,산업용 드론 생산 및 정비 사원,https://www.jobkorea.co.kr/Recruit/GI_Read/49899071?Oem_Code=C900&api=592,회사내규,,,회사 내규,B,실제 채용공고 직접 근거,NCS 소형무인기 운용·조종·정비 직무,https://www.ncs.go.kr/th07/bbs_ntc_view.do?ntcSeq=20170110111349153&pageIndex=0&searchCondition=&searchkeyword=,드론정보포털 드론인증센터,https://www.droneportal.or.kr/main/web/contents/M050-01-03,"드론정보포털 2024년 드론산업 전체 종사자 17,204명(제조 3,315명·활용 13,889명); 직업별 인원 수치는 아님",RAW,2026-09-16,직접 근거 확인,,MEDIUM_SUPPORTING,drone_career_taxonomy_korea_2026-09-16.xlsx,drone_career_taxonomy_korea_202
115,DJ-114,운항·시험·정비·안전,시험·정비,드론 정비사,Drone Maintenance Technician,시험·유지보수,정기점검·고장진단·수리·정비기록 관리,정비; 진단; 납땜; 기록,직무별 관련 전공·경력; 채용공고별 상이,드론 제조사; 시험센터; 서비스센터; 운용기업,항공안전기술원 드론인증센터; (주)헬셀; DJI 공식 서비스센터,0,,,,미공개,,,직무별 공개 급여 근거 없음,A,공식 직업·NCS 직접 근거,NCS 소형무인기 운용·조종·정비 직무,https://www.ncs.go.kr/th07/bbs_ntc_view.do?ntcSeq=20170110111349153&pageIndex=0&searchCondition=&searchkeyword=,드론정보포털 드론인증센터,https://www.droneportal.or.kr/main/web/contents/M050-01-03,"드론정보포털 2024년 드론산업 전체 종사자 17,204명(제조 3,315명·활용 13,889명); 직업별 인원 수치는 아님",RAW,2026-09-16,직접 근거 확인,,HIGH_DIRECT,drone_career_taxonomy_korea_2026-09-16.xlsx,drone_career_taxonomy_korea_202
116,DJ-115,운항·시험·정비·안전,시험·정비,드론 항전 정비사,Drone Avionics Technician,시험·유지보수,비행컴퓨터·센서·통신·배선 결함 진단·수리,Avionics; Wiring; Diagnostics,직무별 관련 전공·경력; 채용공고별 상이,드론 제조사; 시험센터; 서비스센터; 운용기업,항공안전기술원 드론인증센터; (주)헬셀; DJI 공식 서비스센터,0,,,,미공개,,,직무별 공개 급여 근거 없음,C,공식 산업·활용 분야에서 세부 직무 도출,NCS 소형무인기 운용·조종·정비 직무,https://www.ncs.go.kr/th07/bbs_ntc_view.do?ntcSeq=20170110111349153&pageIndex=0&searchCondition=&searchkeyword=,드론정보포털 드론인증센터,https://www.droneportal.or.kr/main/web/contents/M050-01-03,"드론정보포털 2024년 드론산업 전체 종사자 17,204명(제조 3,315명·활용 13,889명); 직업별 인원 수치는 아님",DERIVED,2026-09-16,공식 활용·산업분류를 실제 수행 기능 단위로 세분화한 직업명; 채용 시 명칭은 달라질 수 있음,,DERIVED_REVIEW,drone_career_taxonomy_korea_2026-09-16.xlsx,drone_career_taxonomy_korea_202
117,DJ-116,운항·시험·정비·안전,시험·정비,드론 추진계통 정비사,Drone Propulsion Technician,시험·유지보수,모터·ESC·엔진·프로펠러·연료계통 점검·수리,Propulsion; Engine; Motor,직무별 관련 전공·경력; 채용공고별 상이,드론 제조사; 시험센터; 서비스센터; 운용기업,항공안전기술원 드론인증센터; (주)헬셀; DJI 공식 서비스센터,0,,,,미공개,,,직무별 공개 급여 근거 없음,C,공식 산업·활용 분야에서 세부 직무 도출,NCS 소형무인기 운용·조종·정비 직무,https://www.ncs.go.kr/th07/bbs_ntc_view.do?ntcSeq=20170110111349153&pageIndex=0&searchCondition=&searchkeyword=,드론정보포털 드론인증센터,https://www.droneportal.or.kr/main/web/contents/M050-01-03,"드론정보포털 2024년 드론산업 전체 종사자 17,204명(제조 3,315명·활용 13,889명); 직업별 인원 수치는 아님",DERIVED,2026-09-16,공식 활용·산업분류를 실제 수행 기능 단위로 세분화한 직업명; 채용 시 명칭은 달라질 수 있음,,DERIVED_REVIEW,drone_career_taxonomy_korea_2026-09-16.xlsx,drone_career_taxonomy_korea_202
118,DJ-117,운항·시험·정비·안전,시험·정비,드론 배터리 정비·관리자,Drone Battery Technician,시험·유지보수,배터리 검사·충방전·수명·보관·폐기 안전관리,Battery; SOC/SOH; Fire Safety,직무별 관련 전공·경력; 채용공고별 상이,드론 제조사; 시험센터; 서비스센터; 운용기업,항공안전기술원 드론인증센터; (주)헬셀; DJI 공식 서비스센터,0,,,,미공개,,,직무별 공개 급여 근거 없음,C,공식 산업·활용 분야에서 세부 직무 도출,NCS 소형무인기 운용·조종·정비 직무,https://www.ncs.go.kr/th07/bbs_ntc_view.do?ntcSeq=20170110111349153&pageIndex=0&searchCondition=&searchkeyword=,드론정보포털 드론인증센터,https://www.droneportal.or.kr/main/web/contents/M050-01-03,"드론정보포털 2024년 드론산업 전체 종사자 17,204명(제조 3,315명·활용 13,889명); 직업별 인원 수치는 아님",DERIVED,2026-09-16,공식 활용·산업분류를 실제 수행 기능 단위로 세분화한 직업명; 채용 시 명칭은 달라질 수 있음,,DERIVED_REVIEW,drone_career_taxonomy_korea_2026-09-16.xlsx,drone_career_taxonomy_korea_202
119,DJ-118,운항·시험·정비·안전,시험·정비,드론 서비스센터 정비 엔지니어,Drone Service Center Engineer,시험·유지보수,고객 기체 접수·진단·수리·검수·기술상담,Repair; Customer Support; QA,직무별 관련 전공·경력; 채용공고별 상이,드론 제조사; 시험센터; 서비스센터; 운용기업,항공안전기술원 드론인증센터; (주)헬셀; DJI 공식 서비스센터,1,(주)리포나,DJI 드론 공식 서비스 센터 엔지니어,https://www.jobkorea.co.kr/Recruit/GI_Read/49933088?Oem_Code=C900&api=592,회사내규,,,회사 내규,B,실제 채용공고 직접 근거,NCS 소형무인기 운용·조종·정비 직무,https://www.ncs.go.kr/th07/bbs_ntc_view.do?ntcSeq=20170110111349153&pageIndex=0&searchCondition=&searchkeyword=,드론정보포털 드론인증센터,https://www.droneportal.or.kr/main/web/contents/M050-01-03,"드론정보포털 2024년 드론산업 전체 종사자 17,204명(제조 3,315명·활용 13,889명); 직업별 인원 수치는 아님",RAW,2026-09-16,직접 근거 확인,,MEDIUM_SUPPORTING,drone_career_taxonomy_korea_2026-09-16.xlsx,drone_career_taxonomy_korea_202
120,DJ-119,운항·시험·정비·안전,시험·정비,드론 기술지원 엔지니어,Drone Technical Support Engineer,시험·유지보수,기체 세팅·펌웨어·비행 문제 해결과 고객 교육,Pixhawk; PX4; ArduPilot; GCS,직무별 관련 전공·경력; 채용공고별 상이,드론 제조사; 시험센터; 서비스센터; 운용기업,항공안전기술원 드론인증센터; (주)헬셀; DJI 공식 서비스센터,1,(주)아크로사,아크로사(ACROXAR) 픽스호크 기술지원팀 정직원 모집,https://www.jobkorea.co.kr/Recruit/GI_Read/49975028?Oem_Code=C900&api=592,최저액공개,4500,,"연봉 4,500만원 이상(면접 후 결정)",B,실제 채용공고 직접 근거,NCS 소형무인기 운용·조종·정비 직무,https://www.ncs.go.kr/th07/bbs_ntc_view.do?ntcSeq=20170110111349153&pageIndex=0&searchCondition=&searchkeyword=,드론정보포털 드론인증센터,https://www.droneportal.or.kr/main/web/contents/M050-01-03,"드론정보포털 2024년 드론산업 전체 종사자 17,204명(제조 3,315명·활용 13,889명); 직업별 인원 수치는 아님",RAW,2026-09-16,직접 근거 확인,,MEDIUM_SUPPORTING,drone_career_taxonomy_korea_2026-09-16.xlsx,drone_career_taxonomy_korea_202
121,DJ-120,운항·시험·정비·안전,시험·정비,드론 신뢰성 엔지니어,Drone Reliability Engineer,시험·유지보수,고장률·수명·FMEA·신뢰성 시험과 개선,FMEA; Reliability; FRACAS,직무별 관련 전공·경력; 채용공고별 상이,드론 제조사; 시험센터; 서비스센터; 운용기업,항공안전기술원 드론인증센터; (주)헬셀; DJI 공식 서비스센터,0,,,,미공개,,,직무별 공개 급여 근거 없음,C,공식 산업·활용 분야에서 세부 직무 도출,NCS 소형무인기 운용·조종·정비 직무,https://www.ncs.go.kr/th07/bbs_ntc_view.do?ntcSeq=20170110111349153&pageIndex=0&searchCondition=&searchkeyword=,드론정보포털 드론인증센터,https://www.droneportal.or.kr/main/web/contents/M050-01-03,"드론정보포털 2024년 드론산업 전체 종사자 17,204명(제조 3,315명·활용 13,889명); 직업별 인원 수치는 아님",DERIVED,2026-09-16,공식 활용·산업분류를 실제 수행 기능 단위로 세분화한 직업명; 채용 시 명칭은 달라질 수 있음,,DERIVED_REVIEW,drone_career_taxonomy_korea_2026-09-16.xlsx,drone_career_taxonomy_korea_202
122,DJ-121,운항·시험·정비·안전,안전·인증,드론 감항·인증 엔지니어,Drone Airworthiness Engineer,안전·규제,기체·GCS·통신·탑재체의 인증 적합성 입증,Airworthiness; Compliance; Safety,직무별 관련 전공·경력; 채용공고별 상이,항공안전기술원; 한국교통안전공단; 제조사; 시험기관,항공안전기술원; 한국교통안전공단; 드론 인증·시험기관,0,,,,미공개,,,직무별 공개 급여 근거 없음,C,공식 산업·활용 분야에서 세부 직무 도출,드론정보포털 드론인증센터,https://www.droneportal.or.kr/main/web/contents/M050-01-03,항공안전기술원,https://www.kiast.or.kr/,"드론정보포털 2024년 드론산업 전체 종사자 17,204명(제조 3,315명·활용 13,889명); 직업별 인원 수치는 아님",DERIVED,2026-09-16,공식 활용·산업분류를 실제 수행 기능 단위로 세분화한 직업명; 채용 시 명칭은 달라질 수 있음,,DERIVED_REVIEW,drone_career_taxonomy_korea_2026-09-16.xlsx,drone_career_taxonomy_korea_202
123,DJ-122,운항·시험·정비·안전,안전·인증,드론 인증시험 엔지니어,Drone Certification Test Engineer,안전·규제,환경·성능·비행·통신 시험을 수행하고 성적서 작성,Certification; Test Plan; Report,직무별 관련 전공·경력; 채용공고별 상이,항공안전기술원; 한국교통안전공단; 제조사; 시험기관,항공안전기술원; 한국교통안전공단; 드론 인증·시험기관,0,,,,미공개,,,직무별 공개 급여 근거 없음,C,공식 산업·활용 분야에서 세부 직무 도출,드론정보포털 드론인증센터,https://www.droneportal.or.kr/main/web/contents/M050-01-03,항공안전기술원,https://www.kiast.or.kr/,"드론정보포털 2024년 드론산업 전체 종사자 17,204명(제조 3,315명·활용 13,889명); 직업별 인원 수치는 아님",DERIVED,2026-09-16,공식 활용·산업분류를 실제 수행 기능 단위로 세분화한 직업명; 채용 시 명칭은 달라질 수 있음,,DERIVED_REVIEW,drone_career_taxonomy_korea_2026-09-16.xlsx,drone_career_taxonomy_korea_202
124,DJ-123,운항·시험·정비·안전,안전·인증,드론 비행안전성 평가 전문가,Drone Operational Safety Assessor,안전·규제,운항 위험을 식별하고 완화수단·안전성 논증 평가,SORA; Risk Assessment; Safety Case,직무별 관련 전공·경력; 채용공고별 상이,항공안전기술원; 한국교통안전공단; 제조사; 시험기관,항공안전기술원; 한국교통안전공단; 드론 인증·시험기관,0,,,,미공개,,,직무별 공개 급여 근거 없음,C,공식 산업·활용 분야에서 세부 직무 도출,드론정보포털 드론인증센터,https://www.droneportal.or.kr/main/web/contents/M050-01-03,항공안전기술원,https://www.kiast.or.kr/,"드론정보포털 2024년 드론산업 전체 종사자 17,204명(제조 3,315명·활용 13,889명); 직업별 인원 수치는 아님",DERIVED,2026-09-16,공식 활용·산업분류를 실제 수행 기능 단위로 세분화한 직업명; 채용 시 명칭은 달라질 수 있음,,DERIVED_REVIEW,drone_career_taxonomy_korea_2026-09-16.xlsx,drone_career_taxonomy_korea_202
125,DJ-124,운항·시험·정비·안전,안전·인증,드론 안전관리자,Drone Safety Manager,안전·규제,조직의 비행안전 규정·교육·사고예방·SMS 운영,SMS; Audit; Hazard,직무별 관련 전공·경력; 채용공고별 상이,항공안전기술원; 한국교통안전공단; 제조사; 시험기관,항공안전기술원; 한국교통안전공단; 드론 인증·시험기관,0,,,,미공개,,,직무별 공개 급여 근거 없음,C,공식 산업·활용 분야에서 세부 직무 도출,드론정보포털 드론인증센터,https://www.droneportal.or.kr/main/web/contents/M050-01-03,항공안전기술원,https://www.kiast.or.kr/,"드론정보포털 2024년 드론산업 전체 종사자 17,204명(제조 3,315명·활용 13,889명); 직업별 인원 수치는 아님",DERIVED,2026-09-16,공식 활용·산업분류를 실제 수행 기능 단위로 세분화한 직업명; 채용 시 명칭은 달라질 수 있음,,DERIVED_REVIEW,drone_career_taxonomy_korea_2026-09-16.xlsx,drone_career_taxonomy_korea_202
126,DJ-125,운항·시험·정비·안전,안전·인증,드론 품질보증 엔지니어,Drone Quality Assurance Engineer,안전·규제,설계·구매·생산·시험 품질시스템과 감사 운영,AS9100; QA; Audit,직무별 관련 전공·경력; 채용공고별 상이,항공안전기술원; 한국교통안전공단; 제조사; 시험기관,항공안전기술원; 한국교통안전공단; 드론 인증·시험기관,0,,,,미공개,,,직무별 공개 급여 근거 없음,C,공식 산업·활용 분야에서 세부 직무 도출,드론정보포털 드론인증센터,https://www.droneportal.or.kr/main/web/contents/M050-01-03,항공안전기술원,https://www.kiast.or.kr/,"드론정보포털 2024년 드론산업 전체 종사자 17,204명(제조 3,315명·활용 13,889명); 직업별 인원 수치는 아님",DERIVED,2026-09-16,공식 활용·산업분류를 실제 수행 기능 단위로 세분화한 직업명; 채용 시 명칭은 달라질 수 있음,,DERIVED_REVIEW,drone_career_taxonomy_korea_2026-09-16.xlsx,drone_career_taxonomy_korea_202
127,DJ-126,운항·시험·정비·안전,안전·인증,드론 사고조사관,Drone Accident Investigator,안전·규제,비행기록·잔해·운항·기상 자료로 사고원인 조사,Accident Investigation; Flight Log,직무별 관련 전공·경력; 채용공고별 상이,항공안전기술원; 한국교통안전공단; 제조사; 시험기관,항공안전기술원; 한국교통안전공단; 드론 인증·시험기관,0,,,,미공개,,,직무별 공개 급여 근거 없음,A,공식 직업·NCS 직접 근거,드론정보포털 드론인증센터,https://www.droneportal.or.kr/main/web/contents/M050-01-03,항공안전기술원,https://www.kiast.or.kr/,"드론정보포털 2024년 드론산업 전체 종사자 17,204명(제조 3,315명·활용 13,889명); 직업별 인원 수치는 아님",RAW,2026-09-16,직접 근거 확인,,HIGH_DIRECT,drone_career_taxonomy_korea_2026-09-16.xlsx,drone_career_taxonomy_korea_202
128,DJ-127,운항·시험·정비·안전,안전·인증,드론 비행로그 안전분석가,Drone Safety Data Analyst,안전·규제,운항로그에서 위험징후·이상패턴·재발방지 지표 분석,Safety Analytics; Python; Statistics,직무별 관련 전공·경력; 채용공고별 상이,항공안전기술원; 한국교통안전공단; 제조사; 시험기관,항공안전기술원; 한국교통안전공단; 드론 인증·시험기관,0,,,,미공개,,,직무별 공개 급여 근거 없음,C,공식 산업·활용 분야에서 세부 직무 도출,드론정보포털 드론인증센터,https://www.droneportal.or.kr/main/web/contents/M050-01-03,항공안전기술원,https://www.kiast.or.kr/,"드론정보포털 2024년 드론산업 전체 종사자 17,204명(제조 3,315명·활용 13,889명); 직업별 인원 수치는 아님",DERIVED,2026-09-16,공식 활용·산업분류를 실제 수행 기능 단위로 세분화한 직업명; 채용 시 명칭은 달라질 수 있음,,DERIVED_REVIEW,drone_career_taxonomy_korea_2026-09-16.xlsx,drone_career_taxonomy_korea_202
129,DJ-128,운항·시험·정비·안전,안전·인증,드론 시험장 운영 담당자,Drone Test Site Operator,안전·규제,시험공역·활주로·관제·계측·안전시설 운영,Test Range; ATC Coordination; Safety,직무별 관련 전공·경력; 채용공고별 상이,항공안전기술원; 한국교통안전공단; 제조사; 시험기관,항공안전기술원; 한국교통안전공단; 드론 인증·시험기관,0,,,,미공개,,,직무별 공개 급여 근거 없음,A,공식 직업·NCS 직접 근거,드론정보포털 드론인증센터,https://www.droneportal.or.kr/main/web/contents/M050-01-03,항공안전기술원,https://www.kiast.or.kr/,"드론정보포털 2024년 드론산업 전체 종사자 17,204명(제조 3,315명·활용 13,889명); 직업별 인원 수치는 아님",RAW,2026-09-16,직접 근거 확인,,HIGH_DIRECT,drone_career_taxonomy_korea_2026-09-16.xlsx,drone_career_taxonomy_korea_202
130,DJ-129,운항·시험·정비·안전,안전·인증,드론 인증센터 시험설비 기술자,Drone Certification Lab Technician,안전·규제,온습도·강우·낙하·진동·소음·추력 시험설비 운용,Lab Equipment; Calibration; Test,직무별 관련 전공·경력; 채용공고별 상이,항공안전기술원; 한국교통안전공단; 제조사; 시험기관,항공안전기술원; 한국교통안전공단; 드론 인증·시험기관,0,,,,미공개,,,직무별 공개 급여 근거 없음,C,공식 산업·활용 분야에서 세부 직무 도출,드론정보포털 드론인증센터,https://www.droneportal.or.kr/main/web/contents/M050-01-03,항공안전기술원,https://www.kiast.or.kr/,"드론정보포털 2024년 드론산업 전체 종사자 17,204명(제조 3,315명·활용 13,889명); 직업별 인원 수치는 아님",DERIVED,2026-09-16,공식 활용·산업분류를 실제 수행 기능 단위로 세분화한 직업명; 채용 시 명칭은 달라질 수 있음,,DERIVED_REVIEW,drone_career_taxonomy_korea_2026-09-16.xlsx,drone_career_taxonomy_korea_202
131,DJ-130,운항·시험·정비·안전,안전·인증,드론 비행승인·규제 대응 담당자,Drone Regulatory Affairs Specialist,안전·규제,등록·신고·비행승인·특별비행 등 규제 절차 관리,Aviation Regulation; Permit; Compliance,직무별 관련 전공·경력; 채용공고별 상이,항공안전기술원; 한국교통안전공단; 제조사; 시험기관,항공안전기술원; 한국교통안전공단; 드론 인증·시험기관,0,,,,미공개,,,직무별 공개 급여 근거 없음,C,공식 산업·활용 분야에서 세부 직무 도출,드론정보포털 드론인증센터,https://www.droneportal.or.kr/main/web/contents/M050-01-03,항공안전기술원,https://www.kiast.or.kr/,"드론정보포털 2024년 드론산업 전체 종사자 17,204명(제조 3,315명·활용 13,889명); 직업별 인원 수치는 아님",DERIVED,2026-09-16,공식 활용·산업분류를 실제 수행 기능 단위로 세분화한 직업명; 채용 시 명칭은 달라질 수 있음,,DERIVED_REVIEW,drone_career_taxonomy_korea_2026-09-16.xlsx,drone_career_taxonomy_korea_202
132,DJ-131,활용서비스,촬영·콘텐츠·스포츠,드론 항공사진 촬영가,Drone Aerial Photographer,응용서비스,부동산·관광·행사·기록용 항공사진 촬영,Photography; Composition; RAW,직무별 관련 전공·경력; 채용공고별 상이,영상제작사; 방송사; 공연사; 스포츠팀; 프리랜서,유비파이; 방송·영상 제작사; 드론쇼 운영사,0,,,,미공개,,,직무별 공개 급여 근거 없음,C,공식 산업·활용 분야에서 세부 직무 도출,드론정보포털 산업생태계 지도,https://www.droneportal.or.kr/main/web/contents/M020-08-03,유비파이 드론쇼 기술,https://www.uvify.com/ko/product/ifo,"드론정보포털 2024년 드론산업 전체 종사자 17,204명(제조 3,315명·활용 13,889명); 직업별 인원 수치는 아님",DERIVED,2026-09-16,공식 활용·산업분류를 실제 수행 기능 단위로 세분화한 직업명; 채용 시 명칭은 달라질 수 있음,,DERIVED_REVIEW,drone_career_taxonomy_korea_2026-09-16.xlsx,drone_career_taxonomy_korea_202
133,DJ-132,활용서비스,촬영·콘텐츠·스포츠,드론 영상촬영 감독,Drone Cinematographer,응용서비스,영화·광고·다큐의 항공영상 콘티·촬영·안전 총괄,Cinematography; FPV; Color,직무별 관련 전공·경력; 채용공고별 상이,영상제작사; 방송사; 공연사; 스포츠팀; 프리랜서,유비파이; 방송·영상 제작사; 드론쇼 운영사,0,,,,미공개,,,직무별 공개 급여 근거 없음,C,공식 산업·활용 분야에서 세부 직무 도출,드론정보포털 산업생태계 지도,https://www.droneportal.or.kr/main/web/contents/M020-08-03,유비파이 드론쇼 기술,https://www.uvify.com/ko/product/ifo,"드론정보포털 2024년 드론산업 전체 종사자 17,204명(제조 3,315명·활용 13,889명); 직업별 인원 수치는 아님",DERIVED,2026-09-16,공식 활용·산업분류를 실제 수행 기능 단위로 세분화한 직업명; 채용 시 명칭은 달라질 수 있음,,DERIVED_REVIEW,drone_career_taxonomy_korea_2026-09-16.xlsx,drone_career_taxonomy_korea_202
134,DJ-133,활용서비스,촬영·콘텐츠·스포츠,드론 방송중계 운용자,Drone Broadcast Operator,응용서비스,뉴스·스포츠·행사 현장의 실시간 항공영상 중계,Live Video; RF; Broadcast,직무별 관련 전공·경력; 채용공고별 상이,영상제작사; 방송사; 공연사; 스포츠팀; 프리랜서,유비파이; 방송·영상 제작사; 드론쇼 운영사,0,,,,미공개,,,직무별 공개 급여 근거 없음,C,공식 산업·활용 분야에서 세부 직무 도출,드론정보포털 산업생태계 지도,https://www.droneportal.or.kr/main/web/contents/M020-08-03,유비파이 드론쇼 기술,https://www.uvify.com/ko/product/ifo,"드론정보포털 2024년 드론산업 전체 종사자 17,204명(제조 3,315명·활용 13,889명); 직업별 인원 수치는 아님",DERIVED,2026-09-16,공식 활용·산업분류를 실제 수행 기능 단위로 세분화한 직업명; 채용 시 명칭은 달라질 수 있음,,DERIVED_REVIEW,drone_career_taxonomy_korea_2026-09-16.xlsx,drone_career_taxonomy_korea_202
135,DJ-134,활용서비스,촬영·콘텐츠·스포츠,FPV 드론 촬영가,FPV Cinematographer,응용서비스,실내외 고기동 원테이크·추적 촬영,FPV; Manual Flight; Video,직무별 관련 전공·경력; 채용공고별 상이,영상제작사; 방송사; 공연사; 스포츠팀; 프리랜서,유비파이; 방송·영상 제작사; 드론쇼 운영사,0,,,,미공개,,,직무별 공개 급여 근거 없음,C,공식 산업·활용 분야에서 세부 직무 도출,드론정보포털 산업생태계 지도,https://www.droneportal.or.kr/main/web/contents/M020-08-03,유비파이 드론쇼 기술,https://www.uvify.com/ko/product/ifo,"드론정보포털 2024년 드론산업 전체 종사자 17,204명(제조 3,315명·활용 13,889명); 직업별 인원 수치는 아님",DERIVED,2026-09-16,공식 활용·산업분류를 실제 수행 기능 단위로 세분화한 직업명; 채용 시 명칭은 달라질 수 있음,,DERIVED_REVIEW,drone_career_taxonomy_korea_2026-09-16.xlsx,drone_career_taxonomy_korea_202
136,DJ-135,활용서비스,촬영·콘텐츠·스포츠,드론 360·VR 콘텐츠 제작자,Drone VR Content Creator,응용서비스,항공 360도·VR 영상 촬영·스티칭·편집,360 Camera; Stitching; VR,직무별 관련 전공·경력; 채용공고별 상이,영상제작사; 방송사; 공연사; 스포츠팀; 프리랜서,유비파이; 방송·영상 제작사; 드론쇼 운영사,0,,,,미공개,,,직무별 공개 급여 근거 없음,C,공식 산업·활용 분야에서 세부 직무 도출,드론정보포털 산업생태계 지도,https://www.droneportal.or.kr/main/web/contents/M020-08-03,유비파이 드론쇼 기술,https://www.uvify.com/ko/product/ifo,"드론정보포털 2024년 드론산업 전체 종사자 17,204명(제조 3,315명·활용 13,889명); 직업별 인원 수치는 아님",DERIVED,2026-09-16,공식 활용·산업분류를 실제 수행 기능 단위로 세분화한 직업명; 채용 시 명칭은 달라질 수 있음,,DERIVED_REVIEW,drone_career_taxonomy_korea_2026-09-16.xlsx,drone_career_taxonomy_korea_202
137,DJ-136,활용서비스,촬영·콘텐츠·스포츠,드론 라이트쇼 디자이너,Drone Light Show Designer,응용서비스,공연 스토리·대형·색상·모션 디자인,3D Animation; Motion Graphics; Storyboard,직무별 관련 전공·경력; 채용공고별 상이,영상제작사; 방송사; 공연사; 스포츠팀; 프리랜서,유비파이; 방송·영상 제작사; 드론쇼 운영사,0,,,,미공개,,,직무별 공개 급여 근거 없음,C,공식 산업·활용 분야에서 세부 직무 도출,드론정보포털 산업생태계 지도,https://www.droneportal.or.kr/main/web/contents/M020-08-03,유비파이 드론쇼 기술,https://www.uvify.com/ko/product/ifo,"드론정보포털 2024년 드론산업 전체 종사자 17,204명(제조 3,315명·활용 13,889명); 직업별 인원 수치는 아님",DERIVED,2026-09-16,공식 활용·산업분류를 실제 수행 기능 단위로 세분화한 직업명; 채용 시 명칭은 달라질 수 있음,,DERIVED_REVIEW,drone_career_taxonomy_korea_2026-09-16.xlsx,drone_career_taxonomy_korea_202
138,DJ-137,활용서비스,촬영·콘텐츠·스포츠,드론쇼 군집운항 감독,Drone Show Operations Director,응용서비스,다수 기체 배치·비행·통신·관객 안전 총괄,Swarm Ops; Safety; RF,직무별 관련 전공·경력; 채용공고별 상이,영상제작사; 방송사; 공연사; 스포츠팀; 프리랜서,유비파이; 방송·영상 제작사; 드론쇼 운영사,0,,,,미공개,,,직무별 공개 급여 근거 없음,C,공식 산업·활용 분야에서 세부 직무 도출,드론정보포털 산업생태계 지도,https://www.droneportal.or.kr/main/web/contents/M020-08-03,유비파이 드론쇼 기술,https://www.uvify.com/ko/product/ifo,"드론정보포털 2024년 드론산업 전체 종사자 17,204명(제조 3,315명·활용 13,889명); 직업별 인원 수치는 아님",DERIVED,2026-09-16,공식 활용·산업분류를 실제 수행 기능 단위로 세분화한 직업명; 채용 시 명칭은 달라질 수 있음,,DERIVED_REVIEW,drone_career_taxonomy_korea_2026-09-16.xlsx,drone_career_taxonomy_korea_202
139,DJ-138,활용서비스,촬영·콘텐츠·스포츠,드론쇼 현장 기술자,Drone Show Field Technician,응용서비스,기체 충전·배치·점검·통신·회수 수행,Fleet; Battery; Field Ops,직무별 관련 전공·경력; 채용공고별 상이,영상제작사; 방송사; 공연사; 스포츠팀; 프리랜서,유비파이; 방송·영상 제작사; 드론쇼 운영사,0,,,,미공개,,,직무별 공개 급여 근거 없음,C,공식 산업·활용 분야에서 세부 직무 도출,드론정보포털 산업생태계 지도,https://www.droneportal.or.kr/main/web/contents/M020-08-03,유비파이 드론쇼 기술,https://www.uvify.com/ko/product/ifo,"드론정보포털 2024년 드론산업 전체 종사자 17,204명(제조 3,315명·활용 13,889명); 직업별 인원 수치는 아님",DERIVED,2026-09-16,공식 활용·산업분류를 실제 수행 기능 단위로 세분화한 직업명; 채용 시 명칭은 달라질 수 있음,,DERIVED_REVIEW,drone_career_taxonomy_korea_2026-09-16.xlsx,drone_career_taxonomy_korea_202
140,DJ-139,활용서비스,촬영·콘텐츠·스포츠,드론축구 선수,Drone Soccer Player,응용서비스,보호구형 드론으로 경기 조종·전술 훈련,Drone Soccer; FPV; Team Tactics,직무별 관련 전공·경력; 채용공고별 상이,영상제작사; 방송사; 공연사; 스포츠팀; 프리랜서,유비파이; 방송·영상 제작사; 드론쇼 운영사,0,,,,미공개,,,직무별 공개 급여 근거 없음,A,공식 직업·NCS 직접 근거,드론정보포털 산업생태계 지도,https://www.droneportal.or.kr/main/web/contents/M020-08-03,유비파이 드론쇼 기술,https://www.uvify.com/ko/product/ifo,"드론정보포털 2024년 드론산업 전체 종사자 17,204명(제조 3,315명·활용 13,889명); 직업별 인원 수치는 아님",RAW,2026-09-16,직접 근거 확인,,HIGH_DIRECT,drone_career_taxonomy_korea_2026-09-16.xlsx,drone_career_taxonomy_korea_202
141,DJ-140,활용서비스,촬영·콘텐츠·스포츠,드론축구 지도자,Drone Soccer Coach,응용서비스,선수 조종기술·전술·기체관리 지도,Coaching; Drone Soccer; Safety,직무별 관련 전공·경력; 채용공고별 상이,영상제작사; 방송사; 공연사; 스포츠팀; 프리랜서,유비파이; 방송·영상 제작사; 드론쇼 운영사,0,,,,미공개,,,직무별 공개 급여 근거 없음,C,공식 산업·활용 분야에서 세부 직무 도출,드론정보포털 산업생태계 지도,https://www.droneportal.or.kr/main/web/contents/M020-08-03,유비파이 드론쇼 기술,https://www.uvify.com/ko/product/ifo,"드론정보포털 2024년 드론산업 전체 종사자 17,204명(제조 3,315명·활용 13,889명); 직업별 인원 수치는 아님",DERIVED,2026-09-16,공식 활용·산업분류를 실제 수행 기능 단위로 세분화한 직업명; 채용 시 명칭은 달라질 수 있음,,DERIVED_REVIEW,drone_career_taxonomy_korea_2026-09-16.xlsx,drone_career_taxonomy_korea_202
142,DJ-141,활용서비스,촬영·콘텐츠·스포츠,드론레이싱 선수,Drone Racing Pilot,응용서비스,FPV 레이싱 코스에서 고속 경기 비행,FPV; Racing; Tuning,직무별 관련 전공·경력; 채용공고별 상이,영상제작사; 방송사; 공연사; 스포츠팀; 프리랜서,유비파이; 방송·영상 제작사; 드론쇼 운영사,0,,,,미공개,,,직무별 공개 급여 근거 없음,C,공식 산업·활용 분야에서 세부 직무 도출,드론정보포털 산업생태계 지도,https://www.droneportal.or.kr/main/web/contents/M020-08-03,유비파이 드론쇼 기술,https://www.uvify.com/ko/product/ifo,"드론정보포털 2024년 드론산업 전체 종사자 17,204명(제조 3,315명·활용 13,889명); 직업별 인원 수치는 아님",DERIVED,2026-09-16,공식 활용·산업분류를 실제 수행 기능 단위로 세분화한 직업명; 채용 시 명칭은 달라질 수 있음,,DERIVED_REVIEW,drone_career_taxonomy_korea_2026-09-16.xlsx,drone_career_taxonomy_korea_202
143,DJ-142,활용서비스,농림·환경,농업드론 방제사,Agricultural Drone Sprayer,응용서비스,"농약·비료 살포 계획, 기체운용, 세척·안전관리",Spraying; 농약안전; 조종,직무별 관련 전공·경력; 채용공고별 상이,농업법인; 방제업체; 산림·환경기관; 지자체,농업드론 서비스사; 농촌진흥청; 산림청; 환경부·지자체,0,,,,미공개,,,직무별 공개 급여 근거 없음,A,공식 직업·NCS 직접 근거,고용24 미래직업—농업드론 전문가,https://www.work.go.kr/consltJobCarpa/srch/newJob/getNewJobList.do?clCd=9&searchYn=Y,드론정보포털 국가기관 활용사례,https://www.droneportal.or.kr/main/web/contents/M070-03-02-01,"드론정보포털 2024년 드론산업 전체 종사자 17,204명(제조 3,315명·활용 13,889명); 직업별 인원 수치는 아님",RAW,2026-09-16,직접 근거 확인,,HIGH_DIRECT,drone_career_taxonomy_korea_2026-09-16.xlsx,drone_career_taxonomy_korea_202
144,DJ-143,활용서비스,농림·환경,농업드론 파종·시비 작업자,Drone Seeding & Fertilizing Operator,응용서비스,종자·비료의 정량 살포와 작업품질 관리,Seeding; Variable Rate; GIS,직무별 관련 전공·경력; 채용공고별 상이,농업법인; 방제업체; 산림·환경기관; 지자체,농업드론 서비스사; 농촌진흥청; 산림청; 환경부·지자체,0,,,,미공개,,,직무별 공개 급여 근거 없음,A,공식 직업·NCS 직접 근거,고용24 미래직업—농업드론 전문가,https://www.work.go.kr/consltJobCarpa/srch/newJob/getNewJobList.do?clCd=9&searchYn=Y,드론정보포털 국가기관 활용사례,https://www.droneportal.or.kr/main/web/contents/M070-03-02-01,"드론정보포털 2024년 드론산업 전체 종사자 17,204명(제조 3,315명·활용 13,889명); 직업별 인원 수치는 아님",RAW,2026-09-16,직접 근거 확인,,HIGH_DIRECT,drone_career_taxonomy_korea_2026-09-16.xlsx,drone_career_taxonomy_korea_202
145,DJ-144,활용서비스,농림·환경,드론 인공수분 작업자,Drone Pollination Operator,응용서비스,과수·작물의 꽃가루 살포와 비행경로 운용,Pollination; 농업; 살포,직무별 관련 전공·경력; 채용공고별 상이,농업법인; 방제업체; 산림·환경기관; 지자체,농업드론 서비스사; 농촌진흥청; 산림청; 환경부·지자체,0,,,,미공개,,,직무별 공개 급여 근거 없음,A,공식 직업·NCS 직접 근거,고용24 미래직업—농업드론 전문가,https://www.work.go.kr/consltJobCarpa/srch/newJob/getNewJobList.do?clCd=9&searchYn=Y,드론정보포털 국가기관 활용사례,https://www.droneportal.or.kr/main/web/contents/M070-03-02-01,"드론정보포털 2024년 드론산업 전체 종사자 17,204명(제조 3,315명·활용 13,889명); 직업별 인원 수치는 아님",RAW,2026-09-16,직접 근거 확인,,HIGH_DIRECT,drone_career_taxonomy_korea_2026-09-16.xlsx,drone_career_taxonomy_korea_202
146,DJ-145,활용서비스,농림·환경,드론 작황·생육 조사원,Drone Crop Scouting Specialist,응용서비스,다중분광 영상으로 생육·병해·수분 스트레스 조사,NDVI; Multispectral; Agronomy,직무별 관련 전공·경력; 채용공고별 상이,농업법인; 방제업체; 산림·환경기관; 지자체,농업드론 서비스사; 농촌진흥청; 산림청; 환경부·지자체,0,,,,미공개,,,직무별 공개 급여 근거 없음,A,공식 직업·NCS 직접 근거,고용24 미래직업—농업드론 전문가,https://www.work.go.kr/consltJobCarpa/srch/newJob/getNewJobList.do?clCd=9&searchYn=Y,드론정보포털 국가기관 활용사례,https://www.droneportal.or.kr/main/web/contents/M070-03-02-01,"드론정보포털 2024년 드론산업 전체 종사자 17,204명(제조 3,315명·활용 13,889명); 직업별 인원 수치는 아님",RAW,2026-09-16,직접 근거 확인,,HIGH_DIRECT,drone_career_taxonomy_korea_2026-09-16.xlsx,drone_career_taxonomy_korea_202
147,DJ-146,활용서비스,농림·환경,드론 정밀농업 분석가,Drone Precision Agriculture Analyst,응용서비스,영상·토양·수확 데이터를 분석해 처방지도 생성,Remote Sensing; GIS; Agronomy,직무별 관련 전공·경력; 채용공고별 상이,농업법인; 방제업체; 산림·환경기관; 지자체,농업드론 서비스사; 농촌진흥청; 산림청; 환경부·지자체,0,,,,미공개,,,직무별 공개 급여 근거 없음,C,공식 산업·활용 분야에서 세부 직무 도출,고용24 미래직업—농업드론 전문가,https://www.work.go.kr/consltJobCarpa/srch/newJob/getNewJobList.do?clCd=9&searchYn=Y,드론정보포털 국가기관 활용사례,https://www.droneportal.or.kr/main/web/contents/M070-03-02-01,"드론정보포털 2024년 드론산업 전체 종사자 17,204명(제조 3,315명·활용 13,889명); 직업별 인원 수치는 아님",DERIVED,2026-09-16,공식 활용·산업분류를 실제 수행 기능 단위로 세분화한 직업명; 채용 시 명칭은 달라질 수 있음,,DERIVED_REVIEW,drone_career_taxonomy_korea_2026-09-16.xlsx,drone_career_taxonomy_korea_202
148,DJ-147,활용서비스,농림·환경,드론 축산·가축 모니터링 담당자,Drone Livestock Monitoring Specialist,응용서비스,방목지·가축 위치·이상행동·시설 상태 점검,Thermal; Detection; GIS,직무별 관련 전공·경력; 채용공고별 상이,농업법인; 방제업체; 산림·환경기관; 지자체,농업드론 서비스사; 농촌진흥청; 산림청; 환경부·지자체,0,,,,미공개,,,직무별 공개 급여 근거 없음,C,공식 산업·활용 분야에서 세부 직무 도출,고용24 미래직업—농업드론 전문가,https://www.work.go.kr/consltJobCarpa/srch/newJob/getNewJobList.do?clCd=9&searchYn=Y,드론정보포털 국가기관 활용사례,https://www.droneportal.or.kr/main/web/contents/M070-03-02-01,"드론정보포털 2024년 드론산업 전체 종사자 17,204명(제조 3,315명·활용 13,889명); 직업별 인원 수치는 아님",DERIVED,2026-09-16,공식 활용·산업분류를 실제 수행 기능 단위로 세분화한 직업명; 채용 시 명칭은 달라질 수 있음,,DERIVED_REVIEW,drone_career_taxonomy_korea_2026-09-16.xlsx,drone_career_taxonomy_korea_202
149,DJ-148,활용서비스,농림·환경,드론 산림조사원,Drone Forestry Surveyor,응용서비스,산림면적·수종·수고·병해충·훼손 상태 조사,Forest GIS; LiDAR; Remote Sensing,직무별 관련 전공·경력; 채용공고별 상이,농업법인; 방제업체; 산림·환경기관; 지자체,농업드론 서비스사; 농촌진흥청; 산림청; 환경부·지자체,0,,,,미공개,,,직무별 공개 급여 근거 없음,C,공식 산업·활용 분야에서 세부 직무 도출,고용24 미래직업—농업드론 전문가,https://www.work.go.kr/consltJobCarpa/srch/newJob/getNewJobList.do?clCd=9&searchYn=Y,드론정보포털 국가기관 활용사례,https://www.droneportal.or.kr/main/web/contents/M070-03-02-01,"드론정보포털 2024년 드론산업 전체 종사자 17,204명(제조 3,315명·활용 13,889명); 직업별 인원 수치는 아님",DERIVED,2026-09-16,공식 활용·산업분류를 실제 수행 기능 단위로 세분화한 직업명; 채용 시 명칭은 달라질 수 있음,,DERIVED_REVIEW,drone_career_taxonomy_korea_2026-09-16.xlsx,drone_career_taxonomy_korea_202
150,DJ-149,활용서비스,농림·환경,드론 산림병해충 예찰원,Drone Forest Pest Monitor,응용서비스,산림 병해충 피해 탐지·분포지도 작성,Multispectral; Pest Monitoring,직무별 관련 전공·경력; 채용공고별 상이,농업법인; 방제업체; 산림·환경기관; 지자체,농업드론 서비스사; 농촌진흥청; 산림청; 환경부·지자체,0,,,,미공개,,,직무별 공개 급여 근거 없음,C,공식 산업·활용 분야에서 세부 직무 도출,고용24 미래직업—농업드론 전문가,https://www.work.go.kr/consltJobCarpa/srch/newJob/getNewJobList.do?clCd=9&searchYn=Y,드론정보포털 국가기관 활용사례,https://www.droneportal.or.kr/main/web/contents/M070-03-02-01,"드론정보포털 2024년 드론산업 전체 종사자 17,204명(제조 3,315명·활용 13,889명); 직업별 인원 수치는 아님",DERIVED,2026-09-16,공식 활용·산업분류를 실제 수행 기능 단위로 세분화한 직업명; 채용 시 명칭은 달라질 수 있음,,DERIVED_REVIEW,drone_career_taxonomy_korea_2026-09-16.xlsx,drone_career_taxonomy_korea_202
151,DJ-150,활용서비스,농림·환경,드론 산불감시·진화지원 요원,Drone Wildfire Support Operator,응용서비스,산불 감시·열원탐지·확산지도·진화대 지원,Thermal; Mapping; Incident Command,직무별 관련 전공·경력; 채용공고별 상이,농업법인; 방제업체; 산림·환경기관; 지자체,농업드론 서비스사; 농촌진흥청; 산림청; 환경부·지자체,0,,,,미공개,,,직무별 공개 급여 근거 없음,C,공식 산업·활용 분야에서 세부 직무 도출,고용24 미래직업—농업드론 전문가,https://www.work.go.kr/consltJobCarpa/srch/newJob/getNewJobList.do?clCd=9&searchYn=Y,드론정보포털 국가기관 활용사례,https://www.droneportal.or.kr/main/web/contents/M070-03-02-01,"드론정보포털 2024년 드론산업 전체 종사자 17,204명(제조 3,315명·활용 13,889명); 직업별 인원 수치는 아님",DERIVED,2026-09-16,공식 활용·산업분류를 실제 수행 기능 단위로 세분화한 직업명; 채용 시 명칭은 달라질 수 있음,,DERIVED_REVIEW,drone_career_taxonomy_korea_2026-09-16.xlsx,drone_career_taxonomy_korea_202
152,DJ-151,활용서비스,농림·환경,드론 환경모니터링 조사원,Drone Environmental Monitor,응용서비스,대기·수질·폐기물·서식지 상태를 촬영·센서로 조사,Environmental Sensor; GIS; Sampling,직무별 관련 전공·경력; 채용공고별 상이,농업법인; 방제업체; 산림·환경기관; 지자체,농업드론 서비스사; 농촌진흥청; 산림청; 환경부·지자체,0,,,,미공개,,,직무별 공개 급여 근거 없음,C,공식 산업·활용 분야에서 세부 직무 도출,고용24 미래직업—농업드론 전문가,https://www.work.go.kr/consltJobCarpa/srch/newJob/getNewJobList.do?clCd=9&searchYn=Y,드론정보포털 국가기관 활용사례,https://www.droneportal.or.kr/main/web/contents/M070-03-02-01,"드론정보포털 2024년 드론산업 전체 종사자 17,204명(제조 3,315명·활용 13,889명); 직업별 인원 수치는 아님",DERIVED,2026-09-16,공식 활용·산업분류를 실제 수행 기능 단위로 세분화한 직업명; 채용 시 명칭은 달라질 수 있음,,DERIVED_REVIEW,drone_career_taxonomy_korea_2026-09-16.xlsx,drone_career_taxonomy_korea_202
153,DJ-152,활용서비스,농림·환경,드론 대기오염·배출원 감시원,Drone Emissions Monitoring Operator,응용서비스,미세먼지·가스 센서로 배출원 탐지와 단속 지원,Gas Sensor; PM; Evidence,직무별 관련 전공·경력; 채용공고별 상이,농업법인; 방제업체; 산림·환경기관; 지자체,농업드론 서비스사; 농촌진흥청; 산림청; 환경부·지자체,0,,,,미공개,,,직무별 공개 급여 근거 없음,C,공식 산업·활용 분야에서 세부 직무 도출,고용24 미래직업—농업드론 전문가,https://www.work.go.kr/consltJobCarpa/srch/newJob/getNewJobList.do?clCd=9&searchYn=Y,드론정보포털 국가기관 활용사례,https://www.droneportal.or.kr/main/web/contents/M070-03-02-01,"드론정보포털 2024년 드론산업 전체 종사자 17,204명(제조 3,315명·활용 13,889명); 직업별 인원 수치는 아님",DERIVED,2026-09-16,공식 활용·산업분류를 실제 수행 기능 단위로 세분화한 직업명; 채용 시 명칭은 달라질 수 있음,,DERIVED_REVIEW,drone_career_taxonomy_korea_2026-09-16.xlsx,drone_career_taxonomy_korea_202
154,DJ-153,활용서비스,농림·환경,드론 야생동물·생태 조사원,Drone Wildlife Surveyor,응용서비스,열화상·영상으로 개체수·서식지·이동경로 조사,Ecology; Thermal; GIS,직무별 관련 전공·경력; 채용공고별 상이,농업법인; 방제업체; 산림·환경기관; 지자체,농업드론 서비스사; 농촌진흥청; 산림청; 환경부·지자체,0,,,,미공개,,,직무별 공개 급여 근거 없음,C,공식 산업·활용 분야에서 세부 직무 도출,고용24 미래직업—농업드론 전문가,https://www.work.go.kr/consltJobCarpa/srch/newJob/getNewJobList.do?clCd=9&searchYn=Y,드론정보포털 국가기관 활용사례,https://www.droneportal.or.kr/main/web/contents/M070-03-02-01,"드론정보포털 2024년 드론산업 전체 종사자 17,204명(제조 3,315명·활용 13,889명); 직업별 인원 수치는 아님",DERIVED,2026-09-16,공식 활용·산업분류를 실제 수행 기능 단위로 세분화한 직업명; 채용 시 명칭은 달라질 수 있음,,DERIVED_REVIEW,drone_career_taxonomy_korea_2026-09-16.xlsx,drone_career_taxonomy_korea_202
155,DJ-154,활용서비스,측량·건설·시설점검,드론 측량 현장기술자,Drone Survey Field Technician,응용서비스,"기준점·비행경로 설정, 항공촬영, 현장 측량",Surveying; GNSS; GIS,직무별 관련 전공·경력; 채용공고별 상이,측량·공간정보사; 건설사; 시설관리사; 에너지·통신사,유피이엔지; 다원솔루텍; 공간정보·안전점검 기업,1,유피이엔지(주),"지하시설물(GIS) 측량, 드론측량 현장직 모집",https://www.saramin.co.kr/zf_user/jobs/relay/view?rec_idx=55049630,미공개,,,공고에서 급여 미공개,B,실제 채용공고 직접 근거,드론정보포털 공공분야 드론 활용,https://www.droneportal.or.kr/main/web/contents/M070-03-01,드론정보포털 드론 활용 시스템,https://www.droneportal.or.kr/main/web/contents/M050-03,"드론정보포털 2024년 드론산업 전체 종사자 17,204명(제조 3,315명·활용 13,889명); 직업별 인원 수치는 아님",RAW,2026-09-16,직접 근거 확인,,MEDIUM_SUPPORTING,drone_career_taxonomy_korea_2026-09-16.xlsx,drone_career_taxonomy_korea_202
156,DJ-155,활용서비스,측량·건설·시설점검,드론 사진측량사,Drone Photogrammetrist,응용서비스,영상으로 정사영상·DSM·수치표면·3D 모델 생성,Photogrammetry; SfM; GIS,직무별 관련 전공·경력; 채용공고별 상이,측량·공간정보사; 건설사; 시설관리사; 에너지·통신사,유피이엔지; 다원솔루텍; 공간정보·안전점검 기업,0,,,,미공개,,,직무별 공개 급여 근거 없음,C,공식 산업·활용 분야에서 세부 직무 도출,드론정보포털 공공분야 드론 활용,https://www.droneportal.or.kr/main/web/contents/M070-03-01,드론정보포털 드론 활용 시스템,https://www.droneportal.or.kr/main/web/contents/M050-03,"드론정보포털 2024년 드론산업 전체 종사자 17,204명(제조 3,315명·활용 13,889명); 직업별 인원 수치는 아님",DERIVED,2026-09-16,공식 활용·산업분류를 실제 수행 기능 단위로 세분화한 직업명; 채용 시 명칭은 달라질 수 있음,,DERIVED_REVIEW,drone_career_taxonomy_korea_2026-09-16.xlsx,drone_career_taxonomy_korea_202
157,DJ-156,활용서비스,측량·건설·시설점검,드론 LiDAR 측량 기술자,Drone LiDAR Surveyor,응용서비스,LiDAR 촬영·GNSS/INS 처리·점군 분류와 산출,LiDAR; Point Cloud; GNSS/INS,직무별 관련 전공·경력; 채용공고별 상이,측량·공간정보사; 건설사; 시설관리사; 에너지·통신사,유피이엔지; 다원솔루텍; 공간정보·안전점검 기업,1,(주)다원솔루텍,지형 측량·드론 LiDAR 촬영 담당자,https://www.jobkorea.co.kr/Recruit/GI_Read/49844334?Oem_Code=C900&api=592,최저액공개,4000,,"연봉 4,000만원 이상(면접 후 결정)",B,실제 채용공고 직접 근거,드론정보포털 공공분야 드론 활용,https://www.droneportal.or.kr/main/web/contents/M070-03-01,드론정보포털 드론 활용 시스템,https://www.droneportal.or.kr/main/web/contents/M050-03,"드론정보포털 2024년 드론산업 전체 종사자 17,204명(제조 3,315명·활용 13,889명); 직업별 인원 수치는 아님",RAW,2026-09-16,직접 근거 확인,,MEDIUM_SUPPORTING,drone_career_taxonomy_korea_2026-09-16.xlsx,drone_career_taxonomy_korea_202
158,DJ-157,활용서비스,측량·건설·시설점검,드론 지적·토지 조사원,Drone Cadastral Survey Specialist,응용서비스,토지경계·국공유지·불법점유 조사 지원,Cadastral; GIS; Survey,직무별 관련 전공·경력; 채용공고별 상이,측량·공간정보사; 건설사; 시설관리사; 에너지·통신사,유피이엔지; 다원솔루텍; 공간정보·안전점검 기업,0,,,,미공개,,,직무별 공개 급여 근거 없음,C,공식 산업·활용 분야에서 세부 직무 도출,드론정보포털 공공분야 드론 활용,https://www.droneportal.or.kr/main/web/contents/M070-03-01,드론정보포털 드론 활용 시스템,https://www.droneportal.or.kr/main/web/contents/M050-03,"드론정보포털 2024년 드론산업 전체 종사자 17,204명(제조 3,315명·활용 13,889명); 직업별 인원 수치는 아님",DERIVED,2026-09-16,공식 활용·산업분류를 실제 수행 기능 단위로 세분화한 직업명; 채용 시 명칭은 달라질 수 있음,,DERIVED_REVIEW,drone_career_taxonomy_korea_2026-09-16.xlsx,drone_career_taxonomy_korea_202
159,DJ-158,활용서비스,측량·건설·시설점검,드론 건설공정 관리자,Drone Construction Progress Analyst,응용서비스,정기 촬영으로 공정률·토공량·현장현황 분석,Construction; Orthomosaic; Volume,직무별 관련 전공·경력; 채용공고별 상이,측량·공간정보사; 건설사; 시설관리사; 에너지·통신사,유피이엔지; 다원솔루텍; 공간정보·안전점검 기업,0,,,,미공개,,,직무별 공개 급여 근거 없음,C,공식 산업·활용 분야에서 세부 직무 도출,드론정보포털 공공분야 드론 활용,https://www.droneportal.or.kr/main/web/contents/M070-03-01,드론정보포털 드론 활용 시스템,https://www.droneportal.or.kr/main/web/contents/M050-03,"드론정보포털 2024년 드론산업 전체 종사자 17,204명(제조 3,315명·활용 13,889명); 직업별 인원 수치는 아님",DERIVED,2026-09-16,공식 활용·산업분류를 실제 수행 기능 단위로 세분화한 직업명; 채용 시 명칭은 달라질 수 있음,,DERIVED_REVIEW,drone_career_taxonomy_korea_2026-09-16.xlsx,drone_career_taxonomy_korea_202
160,DJ-159,활용서비스,측량·건설·시설점검,드론 건축물 안전점검원,Drone Building Inspector,응용서비스,외벽·지붕·균열·박리·누수 상태 점검,Inspection; Thermal; Defect,직무별 관련 전공·경력; 채용공고별 상이,측량·공간정보사; 건설사; 시설관리사; 에너지·통신사,유피이엔지; 다원솔루텍; 공간정보·안전점검 기업,0,,,,미공개,,,직무별 공개 급여 근거 없음,C,공식 산업·활용 분야에서 세부 직무 도출,드론정보포털 공공분야 드론 활용,https://www.droneportal.or.kr/main/web/contents/M070-03-01,드론정보포털 드론 활용 시스템,https://www.droneportal.or.kr/main/web/contents/M050-03,"드론정보포털 2024년 드론산업 전체 종사자 17,204명(제조 3,315명·활용 13,889명); 직업별 인원 수치는 아님",DERIVED,2026-09-16,공식 활용·산업분류를 실제 수행 기능 단위로 세분화한 직업명; 채용 시 명칭은 달라질 수 있음,,DERIVED_REVIEW,drone_career_taxonomy_korea_2026-09-16.xlsx,drone_career_taxonomy_korea_202
161,DJ-160,활용서비스,측량·건설·시설점검,드론 교량·터널 점검원,Drone Bridge & Tunnel Inspector,응용서비스,교량 하부·교각·터널 결함 영상 수집·판독,Structural Inspection; NDT; FPV,직무별 관련 전공·경력; 채용공고별 상이,측량·공간정보사; 건설사; 시설관리사; 에너지·통신사,유피이엔지; 다원솔루텍; 공간정보·안전점검 기업,0,,,,미공개,,,직무별 공개 급여 근거 없음,C,공식 산업·활용 분야에서 세부 직무 도출,드론정보포털 공공분야 드론 활용,https://www.droneportal.or.kr/main/web/contents/M070-03-01,드론정보포털 드론 활용 시스템,https://www.droneportal.or.kr/main/web/contents/M050-03,"드론정보포털 2024년 드론산업 전체 종사자 17,204명(제조 3,315명·활용 13,889명); 직업별 인원 수치는 아님",DERIVED,2026-09-16,공식 활용·산업분류를 실제 수행 기능 단위로 세분화한 직업명; 채용 시 명칭은 달라질 수 있음,,DERIVED_REVIEW,drone_career_taxonomy_korea_2026-09-16.xlsx,drone_career_taxonomy_korea_202
162,DJ-161,활용서비스,측량·건설·시설점검,드론 도로·철도 점검원,Drone Road & Rail Inspector,응용서비스,노면·사면·선로·시설물 이상과 재난피해 점검,Linear Inspection; GIS; CV,직무별 관련 전공·경력; 채용공고별 상이,측량·공간정보사; 건설사; 시설관리사; 에너지·통신사,유피이엔지; 다원솔루텍; 공간정보·안전점검 기업,0,,,,미공개,,,직무별 공개 급여 근거 없음,C,공식 산업·활용 분야에서 세부 직무 도출,드론정보포털 공공분야 드론 활용,https://www.droneportal.or.kr/main/web/contents/M070-03-01,드론정보포털 드론 활용 시스템,https://www.droneportal.or.kr/main/web/contents/M050-03,"드론정보포털 2024년 드론산업 전체 종사자 17,204명(제조 3,315명·활용 13,889명); 직업별 인원 수치는 아님",DERIVED,2026-09-16,공식 활용·산업분류를 실제 수행 기능 단위로 세분화한 직업명; 채용 시 명칭은 달라질 수 있음,,DERIVED_REVIEW,drone_career_taxonomy_korea_2026-09-16.xlsx,drone_career_taxonomy_korea_202
163,DJ-162,활용서비스,측량·건설·시설점검,드론 전력선·송전탑 점검원,Drone Powerline Inspector,응용서비스,애자·금구·도체·수목간섭·열화 상태 점검,Thermal; Zoom; Power Safety,직무별 관련 전공·경력; 채용공고별 상이,측량·공간정보사; 건설사; 시설관리사; 에너지·통신사,유피이엔지; 다원솔루텍; 공간정보·안전점검 기업,0,,,,미공개,,,직무별 공개 급여 근거 없음,C,공식 산업·활용 분야에서 세부 직무 도출,드론정보포털 공공분야 드론 활용,https://www.droneportal.or.kr/main/web/contents/M070-03-01,드론정보포털 드론 활용 시스템,https://www.droneportal.or.kr/main/web/contents/M050-03,"드론정보포털 2024년 드론산업 전체 종사자 17,204명(제조 3,315명·활용 13,889명); 직업별 인원 수치는 아님",DERIVED,2026-09-16,공식 활용·산업분류를 실제 수행 기능 단위로 세분화한 직업명; 채용 시 명칭은 달라질 수 있음,,DERIVED_REVIEW,drone_career_taxonomy_korea_2026-09-16.xlsx,drone_career_taxonomy_korea_202
164,DJ-163,활용서비스,측량·건설·시설점검,드론 태양광 설비 점검원,Drone Solar Inspection Specialist,응용서비스,열화상으로 모듈 핫스팟·오염·고장 탐지,Thermal; PV; Reporting,직무별 관련 전공·경력; 채용공고별 상이,측량·공간정보사; 건설사; 시설관리사; 에너지·통신사,유피이엔지; 다원솔루텍; 공간정보·안전점검 기업,0,,,,미공개,,,직무별 공개 급여 근거 없음,C,공식 산업·활용 분야에서 세부 직무 도출,드론정보포털 공공분야 드론 활용,https://www.droneportal.or.kr/main/web/contents/M070-03-01,드론정보포털 드론 활용 시스템,https://www.droneportal.or.kr/main/web/contents/M050-03,"드론정보포털 2024년 드론산업 전체 종사자 17,204명(제조 3,315명·활용 13,889명); 직업별 인원 수치는 아님",DERIVED,2026-09-16,공식 활용·산업분류를 실제 수행 기능 단위로 세분화한 직업명; 채용 시 명칭은 달라질 수 있음,,DERIVED_REVIEW,drone_career_taxonomy_korea_2026-09-16.xlsx,drone_career_taxonomy_korea_202
165,DJ-164,활용서비스,측량·건설·시설점검,드론 풍력터빈 점검원,Drone Wind Turbine Inspector,응용서비스,블레이드·나셀·타워 표면 결함 촬영·분석,Blade Inspection; Zoom; Defect,직무별 관련 전공·경력; 채용공고별 상이,측량·공간정보사; 건설사; 시설관리사; 에너지·통신사,유피이엔지; 다원솔루텍; 공간정보·안전점검 기업,0,,,,미공개,,,직무별 공개 급여 근거 없음,C,공식 산업·활용 분야에서 세부 직무 도출,드론정보포털 공공분야 드론 활용,https://www.droneportal.or.kr/main/web/contents/M070-03-01,드론정보포털 드론 활용 시스템,https://www.droneportal.or.kr/main/web/contents/M050-03,"드론정보포털 2024년 드론산업 전체 종사자 17,204명(제조 3,315명·활용 13,889명); 직업별 인원 수치는 아님",DERIVED,2026-09-16,공식 활용·산업분류를 실제 수행 기능 단위로 세분화한 직업명; 채용 시 명칭은 달라질 수 있음,,DERIVED_REVIEW,drone_career_taxonomy_korea_2026-09-16.xlsx,drone_career_taxonomy_korea_202
166,DJ-165,활용서비스,측량·건설·시설점검,드론 파이프라인 점검원,Drone Pipeline Inspector,응용서비스,가스·송유관 노선 침해·누출·지반이상 점검,Pipeline; Thermal; Gas Sensor,직무별 관련 전공·경력; 채용공고별 상이,측량·공간정보사; 건설사; 시설관리사; 에너지·통신사,유피이엔지; 다원솔루텍; 공간정보·안전점검 기업,0,,,,미공개,,,직무별 공개 급여 근거 없음,C,공식 산업·활용 분야에서 세부 직무 도출,드론정보포털 공공분야 드론 활용,https://www.droneportal.or.kr/main/web/contents/M070-03-01,드론정보포털 드론 활용 시스템,https://www.droneportal.or.kr/main/web/contents/M050-03,"드론정보포털 2024년 드론산업 전체 종사자 17,204명(제조 3,315명·활용 13,889명); 직업별 인원 수치는 아님",DERIVED,2026-09-16,공식 활용·산업분류를 실제 수행 기능 단위로 세분화한 직업명; 채용 시 명칭은 달라질 수 있음,,DERIVED_REVIEW,drone_career_taxonomy_korea_2026-09-16.xlsx,drone_career_taxonomy_korea_202
167,DJ-166,활용서비스,측량·건설·시설점검,드론 하천·댐 시설 조사원,Drone River & Dam Surveyor,응용서비스,하천시설·제방·댐·저수지 형상과 이상 조사,Hydrology; Mapping; Inspection,직무별 관련 전공·경력; 채용공고별 상이,측량·공간정보사; 건설사; 시설관리사; 에너지·통신사,유피이엔지; 다원솔루텍; 공간정보·안전점검 기업,0,,,,미공개,,,직무별 공개 급여 근거 없음,C,공식 산업·활용 분야에서 세부 직무 도출,드론정보포털 공공분야 드론 활용,https://www.droneportal.or.kr/main/web/contents/M070-03-01,드론정보포털 드론 활용 시스템,https://www.droneportal.or.kr/main/web/contents/M050-03,"드론정보포털 2024년 드론산업 전체 종사자 17,204명(제조 3,315명·활용 13,889명); 직업별 인원 수치는 아님",DERIVED,2026-09-16,공식 활용·산업분류를 실제 수행 기능 단위로 세분화한 직업명; 채용 시 명칭은 달라질 수 있음,,DERIVED_REVIEW,drone_career_taxonomy_korea_2026-09-16.xlsx,drone_career_taxonomy_korea_202
168,DJ-167,활용서비스,측량·건설·시설점검,드론 상하수도·맨홀 점검원,Drone Sewer & Confined-space Inspector,응용서비스,관로·맨홀·밀폐공간 내부 결함을 소형기체로 점검,Confined Space; FPV; Gas Safety,직무별 관련 전공·경력; 채용공고별 상이,측량·공간정보사; 건설사; 시설관리사; 에너지·통신사,유피이엔지; 다원솔루텍; 공간정보·안전점검 기업,0,,,,미공개,,,직무별 공개 급여 근거 없음,C,공식 산업·활용 분야에서 세부 직무 도출,드론정보포털 공공분야 드론 활용,https://www.droneportal.or.kr/main/web/contents/M070-03-01,드론정보포털 드론 활용 시스템,https://www.droneportal.or.kr/main/web/contents/M050-03,"드론정보포털 2024년 드론산업 전체 종사자 17,204명(제조 3,315명·활용 13,889명); 직업별 인원 수치는 아님",DERIVED,2026-09-16,공식 활용·산업분류를 실제 수행 기능 단위로 세분화한 직업명; 채용 시 명칭은 달라질 수 있음,,DERIVED_REVIEW,drone_career_taxonomy_korea_2026-09-16.xlsx,drone_career_taxonomy_korea_202
169,DJ-168,활용서비스,측량·건설·시설점검,드론 광산·토공량 측정 전문가,Drone Mining Survey Specialist,응용서비스,노천광산·골재·적치물 체적과 사면을 측정,Volume; Point Cloud; Mine Safety,직무별 관련 전공·경력; 채용공고별 상이,측량·공간정보사; 건설사; 시설관리사; 에너지·통신사,유피이엔지; 다원솔루텍; 공간정보·안전점검 기업,0,,,,미공개,,,직무별 공개 급여 근거 없음,C,공식 산업·활용 분야에서 세부 직무 도출,드론정보포털 공공분야 드론 활용,https://www.droneportal.or.kr/main/web/contents/M070-03-01,드론정보포털 드론 활용 시스템,https://www.droneportal.or.kr/main/web/contents/M050-03,"드론정보포털 2024년 드론산업 전체 종사자 17,204명(제조 3,315명·활용 13,889명); 직업별 인원 수치는 아님",DERIVED,2026-09-16,공식 활용·산업분류를 실제 수행 기능 단위로 세분화한 직업명; 채용 시 명칭은 달라질 수 있음,,DERIVED_REVIEW,drone_career_taxonomy_korea_2026-09-16.xlsx,drone_career_taxonomy_korea_202
170,DJ-169,활용서비스,측량·건설·시설점검,드론 문화유산 조사·보존 기록가,Drone Heritage Documentation Specialist,응용서비스,문화재·건축물의 3D 기록·훼손·화재위험 조사,Heritage; Photogrammetry; 3D,직무별 관련 전공·경력; 채용공고별 상이,측량·공간정보사; 건설사; 시설관리사; 에너지·통신사,유피이엔지; 다원솔루텍; 공간정보·안전점검 기업,0,,,,미공개,,,직무별 공개 급여 근거 없음,C,공식 산업·활용 분야에서 세부 직무 도출,드론정보포털 공공분야 드론 활용,https://www.droneportal.or.kr/main/web/contents/M070-03-01,드론정보포털 드론 활용 시스템,https://www.droneportal.or.kr/main/web/contents/M050-03,"드론정보포털 2024년 드론산업 전체 종사자 17,204명(제조 3,315명·활용 13,889명); 직업별 인원 수치는 아님",DERIVED,2026-09-16,공식 활용·산업분류를 실제 수행 기능 단위로 세분화한 직업명; 채용 시 명칭은 달라질 수 있음,,DERIVED_REVIEW,drone_career_taxonomy_korea_2026-09-16.xlsx,drone_career_taxonomy_korea_202
171,DJ-170,활용서비스,재난·치안·해양·물류,재난현장 드론 운용요원,Disaster Response Drone Operator,응용서비스·공공,재난 현장 영상·정사영상·3D 상황도를 신속 생산,Incident Response; Mapping; Thermal,직무별 관련 전공·경력; 채용공고별 상이,소방·경찰·해경·군·교정·세관; 물류·의료·해양기업,소방청; 해양경찰청; 산림청; 관세청; 드론 물류기업,0,,,,미공개,,,직무별 공개 급여 근거 없음,C,공식 산업·활용 분야에서 세부 직무 도출,드론정보포털 국가기관 활용사례,https://www.droneportal.or.kr/main/web/contents/M070-03-02-01,드론정보포털 산업생태계 지도,https://www.droneportal.or.kr/main/web/contents/M020-08-03,"드론정보포털 2024년 드론산업 전체 종사자 17,204명(제조 3,315명·활용 13,889명); 직업별 인원 수치는 아님",DERIVED,2026-09-16,공식 활용·산업분류를 실제 수행 기능 단위로 세분화한 직업명; 채용 시 명칭은 달라질 수 있음,,DERIVED_REVIEW,drone_career_taxonomy_korea_2026-09-16.xlsx,drone_career_taxonomy_korea_202
172,DJ-171,활용서비스,재난·치안·해양·물류,드론 수색구조 요원,Drone Search & Rescue Operator,응용서비스·공공,실종자·조난자 열원·영상 수색과 구조팀 유도,SAR; Thermal; Grid Search,직무별 관련 전공·경력; 채용공고별 상이,소방·경찰·해경·군·교정·세관; 물류·의료·해양기업,소방청; 해양경찰청; 산림청; 관세청; 드론 물류기업,0,,,,미공개,,,직무별 공개 급여 근거 없음,C,공식 산업·활용 분야에서 세부 직무 도출,드론정보포털 국가기관 활용사례,https://www.droneportal.or.kr/main/web/contents/M070-03-02-01,드론정보포털 산업생태계 지도,https://www.droneportal.or.kr/main/web/contents/M020-08-03,"드론정보포털 2024년 드론산업 전체 종사자 17,204명(제조 3,315명·활용 13,889명); 직업별 인원 수치는 아님",DERIVED,2026-09-16,공식 활용·산업분류를 실제 수행 기능 단위로 세분화한 직업명; 채용 시 명칭은 달라질 수 있음,,DERIVED_REVIEW,drone_career_taxonomy_korea_2026-09-16.xlsx,drone_career_taxonomy_korea_202
173,DJ-172,활용서비스,재난·치안·해양·물류,소방 드론 운용요원,Fire Service Drone Operator,응용서비스·공공,화재·붕괴·유해물질 현장 정찰과 지휘 지원,Fireground; Thermal; ICS,직무별 관련 전공·경력; 채용공고별 상이,소방·경찰·해경·군·교정·세관; 물류·의료·해양기업,소방청; 해양경찰청; 산림청; 관세청; 드론 물류기업,0,,,,미공개,,,직무별 공개 급여 근거 없음,C,공식 산업·활용 분야에서 세부 직무 도출,드론정보포털 국가기관 활용사례,https://www.droneportal.or.kr/main/web/contents/M070-03-02-01,드론정보포털 산업생태계 지도,https://www.droneportal.or.kr/main/web/contents/M020-08-03,"드론정보포털 2024년 드론산업 전체 종사자 17,204명(제조 3,315명·활용 13,889명); 직업별 인원 수치는 아님",DERIVED,2026-09-16,공식 활용·산업분류를 실제 수행 기능 단위로 세분화한 직업명; 채용 시 명칭은 달라질 수 있음,,DERIVED_REVIEW,drone_career_taxonomy_korea_2026-09-16.xlsx,drone_career_taxonomy_korea_202
174,DJ-173,활용서비스,재난·치안·해양·물류,경찰 드론 순찰·수사 지원요원,Police Drone Operator,응용서비스·공공,순찰·실종수색·교통·현장기록 등 경찰 임무 지원,Public Safety; Evidence; Privacy,직무별 관련 전공·경력; 채용공고별 상이,소방·경찰·해경·군·교정·세관; 물류·의료·해양기업,소방청; 해양경찰청; 산림청; 관세청; 드론 물류기업,0,,,,미공개,,,직무별 공개 급여 근거 없음,C,공식 산업·활용 분야에서 세부 직무 도출,드론정보포털 국가기관 활용사례,https://www.droneportal.or.kr/main/web/contents/M070-03-02-01,드론정보포털 산업생태계 지도,https://www.droneportal.or.kr/main/web/contents/M020-08-03,"드론정보포털 2024년 드론산업 전체 종사자 17,204명(제조 3,315명·활용 13,889명); 직업별 인원 수치는 아님",DERIVED,2026-09-16,공식 활용·산업분류를 실제 수행 기능 단위로 세분화한 직업명; 채용 시 명칭은 달라질 수 있음,,DERIVED_REVIEW,drone_career_taxonomy_korea_2026-09-16.xlsx,drone_career_taxonomy_korea_202
175,DJ-174,활용서비스,재난·치안·해양·물류,교정시설 드론 순찰요원,Correctional Facility Drone Operator,응용서비스·공공,교정시설 외곽 순찰과 침입·반입 위험 감시,Perimeter Patrol; Security,직무별 관련 전공·경력; 채용공고별 상이,소방·경찰·해경·군·교정·세관; 물류·의료·해양기업,소방청; 해양경찰청; 산림청; 관세청; 드론 물류기업,0,,,,미공개,,,직무별 공개 급여 근거 없음,C,공식 산업·활용 분야에서 세부 직무 도출,드론정보포털 국가기관 활용사례,https://www.droneportal.or.kr/main/web/contents/M070-03-02-01,드론정보포털 산업생태계 지도,https://www.droneportal.or.kr/main/web/contents/M020-08-03,"드론정보포털 2024년 드론산업 전체 종사자 17,204명(제조 3,315명·활용 13,889명); 직업별 인원 수치는 아님",DERIVED,2026-09-16,공식 활용·산업분류를 실제 수행 기능 단위로 세분화한 직업명; 채용 시 명칭은 달라질 수 있음,,DERIVED_REVIEW,drone_career_taxonomy_korea_2026-09-16.xlsx,drone_career_taxonomy_korea_202
176,DJ-175,활용서비스,재난·치안·해양·물류,세관·국경감시 드론 운용요원,Border & Customs Drone Operator,응용서비스·공공,국경·항만·해안의 밀수·불법행위 감시,ISR; Long-range; Evidence,직무별 관련 전공·경력; 채용공고별 상이,소방·경찰·해경·군·교정·세관; 물류·의료·해양기업,소방청; 해양경찰청; 산림청; 관세청; 드론 물류기업,0,,,,미공개,,,직무별 공개 급여 근거 없음,C,공식 산업·활용 분야에서 세부 직무 도출,드론정보포털 국가기관 활용사례,https://www.droneportal.or.kr/main/web/contents/M070-03-02-01,드론정보포털 산업생태계 지도,https://www.droneportal.or.kr/main/web/contents/M020-08-03,"드론정보포털 2024년 드론산업 전체 종사자 17,204명(제조 3,315명·활용 13,889명); 직업별 인원 수치는 아님",DERIVED,2026-09-16,공식 활용·산업분류를 실제 수행 기능 단위로 세분화한 직업명; 채용 시 명칭은 달라질 수 있음,,DERIVED_REVIEW,drone_career_taxonomy_korea_2026-09-16.xlsx,drone_career_taxonomy_korea_202
177,DJ-176,활용서비스,재난·치안·해양·물류,군 무인기 정찰·감시 운용요원,Military UAS ISR Operator,응용서비스·공공,정보·감시·정찰 임무 계획과 센서·기체 운용,ISR; EO/IR; Mission Planning,직무별 관련 전공·경력; 채용공고별 상이,소방·경찰·해경·군·교정·세관; 물류·의료·해양기업,소방청; 해양경찰청; 산림청; 관세청; 드론 물류기업,0,,,,미공개,,,직무별 공개 급여 근거 없음,C,공식 산업·활용 분야에서 세부 직무 도출,드론정보포털 국가기관 활용사례,https://www.droneportal.or.kr/main/web/contents/M070-03-02-01,드론정보포털 산업생태계 지도,https://www.droneportal.or.kr/main/web/contents/M020-08-03,"드론정보포털 2024년 드론산업 전체 종사자 17,204명(제조 3,315명·활용 13,889명); 직업별 인원 수치는 아님",DERIVED,2026-09-16,공식 활용·산업분류를 실제 수행 기능 단위로 세분화한 직업명; 채용 시 명칭은 달라질 수 있음,,DERIVED_REVIEW,drone_career_taxonomy_korea_2026-09-16.xlsx,drone_career_taxonomy_korea_202
178,DJ-177,활용서비스,재난·치안·해양·물류,대드론 탐지시스템 운용자,Counter-UAS Detection Operator,응용서비스·공공,레이더·RF·EO/IR로 미승인 드론 탐지·식별·추적,Counter-UAS; Radar; RF,직무별 관련 전공·경력; 채용공고별 상이,소방·경찰·해경·군·교정·세관; 물류·의료·해양기업,소방청; 해양경찰청; 산림청; 관세청; 드론 물류기업,0,,,,미공개,,,직무별 공개 급여 근거 없음,C,공식 산업·활용 분야에서 세부 직무 도출,드론정보포털 국가기관 활용사례,https://www.droneportal.or.kr/main/web/contents/M070-03-02-01,드론정보포털 산업생태계 지도,https://www.droneportal.or.kr/main/web/contents/M020-08-03,"드론정보포털 2024년 드론산업 전체 종사자 17,204명(제조 3,315명·활용 13,889명); 직업별 인원 수치는 아님",DERIVED,2026-09-16,공식 활용·산업분류를 실제 수행 기능 단위로 세분화한 직업명; 채용 시 명칭은 달라질 수 있음,,DERIVED_REVIEW,drone_career_taxonomy_korea_2026-09-16.xlsx,drone_career_taxonomy_korea_202
179,DJ-178,활용서비스,재난·치안·해양·물류,대드론 대응체계 엔지니어,Counter-UAS Systems Engineer,응용서비스·공공,탐지·식별·무력화 장비를 통합하고 성능 검증,C-UAS; Systems Integration; RF Safety,직무별 관련 전공·경력; 채용공고별 상이,소방·경찰·해경·군·교정·세관; 물류·의료·해양기업,소방청; 해양경찰청; 산림청; 관세청; 드론 물류기업,0,,,,미공개,,,직무별 공개 급여 근거 없음,C,공식 산업·활용 분야에서 세부 직무 도출,드론정보포털 국가기관 활용사례,https://www.droneportal.or.kr/main/web/contents/M070-03-02-01,드론정보포털 산업생태계 지도,https://www.droneportal.or.kr/main/web/contents/M020-08-03,"드론정보포털 2024년 드론산업 전체 종사자 17,204명(제조 3,315명·활용 13,889명); 직업별 인원 수치는 아님",DERIVED,2026-09-16,공식 활용·산업분류를 실제 수행 기능 단위로 세분화한 직업명; 채용 시 명칭은 달라질 수 있음,,DERIVED_REVIEW,drone_career_taxonomy_korea_2026-09-16.xlsx,drone_career_taxonomy_korea_202
180,DJ-179,활용서비스,재난·치안·해양·물류,해양 드론 안전감시원,Maritime Drone Safety Monitor,응용서비스·공공,연안·선박·양식장·조난·불법조업 상황 감시,Maritime Ops; EO/IR; AIS,직무별 관련 전공·경력; 채용공고별 상이,소방·경찰·해경·군·교정·세관; 물류·의료·해양기업,소방청; 해양경찰청; 산림청; 관세청; 드론 물류기업,0,,,,미공개,,,직무별 공개 급여 근거 없음,C,공식 산업·활용 분야에서 세부 직무 도출,드론정보포털 국가기관 활용사례,https://www.droneportal.or.kr/main/web/contents/M070-03-02-01,드론정보포털 산업생태계 지도,https://www.droneportal.or.kr/main/web/contents/M020-08-03,"드론정보포털 2024년 드론산업 전체 종사자 17,204명(제조 3,315명·활용 13,889명); 직업별 인원 수치는 아님",DERIVED,2026-09-16,공식 활용·산업분류를 실제 수행 기능 단위로 세분화한 직업명; 채용 시 명칭은 달라질 수 있음,,DERIVED_REVIEW,drone_career_taxonomy_korea_2026-09-16.xlsx,drone_career_taxonomy_korea_202
181,DJ-180,활용서비스,재난·치안·해양·물류,드론 해양오염 조사원,Drone Marine Pollution Surveyor,응용서비스·공공,유류오염·부유물·적조 범위 촬영·지도화,Marine Pollution; Multispectral; GIS,직무별 관련 전공·경력; 채용공고별 상이,소방·경찰·해경·군·교정·세관; 물류·의료·해양기업,소방청; 해양경찰청; 산림청; 관세청; 드론 물류기업,0,,,,미공개,,,직무별 공개 급여 근거 없음,C,공식 산업·활용 분야에서 세부 직무 도출,드론정보포털 국가기관 활용사례,https://www.droneportal.or.kr/main/web/contents/M070-03-02-01,드론정보포털 산업생태계 지도,https://www.droneportal.or.kr/main/web/contents/M020-08-03,"드론정보포털 2024년 드론산업 전체 종사자 17,204명(제조 3,315명·활용 13,889명); 직업별 인원 수치는 아님",DERIVED,2026-09-16,공식 활용·산업분류를 실제 수행 기능 단위로 세분화한 직업명; 채용 시 명칭은 달라질 수 있음,,DERIVED_REVIEW,drone_career_taxonomy_korea_2026-09-16.xlsx,drone_career_taxonomy_korea_202
182,DJ-181,활용서비스,재난·치안·해양·물류,드론 기상관측 운용자,Drone Meteorological Observer,응용서비스·공공,저고도 온습도·풍향풍속·대기자료 관측,Meteorology; Sensor; Data QA,직무별 관련 전공·경력; 채용공고별 상이,소방·경찰·해경·군·교정·세관; 물류·의료·해양기업,소방청; 해양경찰청; 산림청; 관세청; 드론 물류기업,0,,,,미공개,,,직무별 공개 급여 근거 없음,C,공식 산업·활용 분야에서 세부 직무 도출,드론정보포털 국가기관 활용사례,https://www.droneportal.or.kr/main/web/contents/M070-03-02-01,드론정보포털 산업생태계 지도,https://www.droneportal.or.kr/main/web/contents/M020-08-03,"드론정보포털 2024년 드론산업 전체 종사자 17,204명(제조 3,315명·활용 13,889명); 직업별 인원 수치는 아님",DERIVED,2026-09-16,공식 활용·산업분류를 실제 수행 기능 단위로 세분화한 직업명; 채용 시 명칭은 달라질 수 있음,,DERIVED_REVIEW,drone_career_taxonomy_korea_2026-09-16.xlsx,drone_career_taxonomy_korea_202
183,DJ-182,활용서비스,재난·치안·해양·물류,드론 배송 조종·관제 담당자,Drone Delivery Operations Controller,응용서비스·공공,배송 임무 계획·원격관제·인수인계·예외상황 처리,Logistics; Fleet; BVLOS,직무별 관련 전공·경력; 채용공고별 상이,소방·경찰·해경·군·교정·세관; 물류·의료·해양기업,소방청; 해양경찰청; 산림청; 관세청; 드론 물류기업,0,,,,미공개,,,직무별 공개 급여 근거 없음,C,공식 산업·활용 분야에서 세부 직무 도출,드론정보포털 국가기관 활용사례,https://www.droneportal.or.kr/main/web/contents/M070-03-02-01,드론정보포털 산업생태계 지도,https://www.droneportal.or.kr/main/web/contents/M020-08-03,"드론정보포털 2024년 드론산업 전체 종사자 17,204명(제조 3,315명·활용 13,889명); 직업별 인원 수치는 아님",DERIVED,2026-09-16,공식 활용·산업분류를 실제 수행 기능 단위로 세분화한 직업명; 채용 시 명칭은 달라질 수 있음,,DERIVED_REVIEW,drone_career_taxonomy_korea_2026-09-16.xlsx,drone_career_taxonomy_korea_202
184,DJ-183,활용서비스,재난·치안·해양·물류,드론 의료물류 운용자,Medical Drone Logistics Operator,응용서비스·공공,혈액·검체·의약품 배송의 온도·시간·인계 관리,Cold Chain; Chain of Custody; BVLOS,직무별 관련 전공·경력; 채용공고별 상이,소방·경찰·해경·군·교정·세관; 물류·의료·해양기업,소방청; 해양경찰청; 산림청; 관세청; 드론 물류기업,0,,,,미공개,,,직무별 공개 급여 근거 없음,C,공식 산업·활용 분야에서 세부 직무 도출,드론정보포털 국가기관 활용사례,https://www.droneportal.or.kr/main/web/contents/M070-03-02-01,드론정보포털 산업생태계 지도,https://www.droneportal.or.kr/main/web/contents/M020-08-03,"드론정보포털 2024년 드론산업 전체 종사자 17,204명(제조 3,315명·활용 13,889명); 직업별 인원 수치는 아님",DERIVED,2026-09-16,공식 활용·산업분류를 실제 수행 기능 단위로 세분화한 직업명; 채용 시 명칭은 달라질 수 있음,,DERIVED_REVIEW,drone_career_taxonomy_korea_2026-09-16.xlsx,drone_career_taxonomy_korea_202
185,DJ-184,활용서비스,재난·치안·해양·물류,드론 스테이션 운영자,Drone-in-a-box Station Operator,응용서비스·공공,자동 충전·격납·원격임무·장애 대응 설비 운영,Drone Station; Remote Ops; Maintenance,직무별 관련 전공·경력; 채용공고별 상이,소방·경찰·해경·군·교정·세관; 물류·의료·해양기업,소방청; 해양경찰청; 산림청; 관세청; 드론 물류기업,0,,,,미공개,,,직무별 공개 급여 근거 없음,C,공식 산업·활용 분야에서 세부 직무 도출,드론정보포털 국가기관 활용사례,https://www.droneportal.or.kr/main/web/contents/M070-03-02-01,드론정보포털 산업생태계 지도,https://www.droneportal.or.kr/main/web/contents/M020-08-03,"드론정보포털 2024년 드론산업 전체 종사자 17,204명(제조 3,315명·활용 13,889명); 직업별 인원 수치는 아님",DERIVED,2026-09-16,공식 활용·산업분류를 실제 수행 기능 단위로 세분화한 직업명; 채용 시 명칭은 달라질 수 있음,,DERIVED_REVIEW,drone_career_taxonomy_korea_2026-09-16.xlsx,drone_career_taxonomy_korea_202
186,DJ-185,활용서비스,재난·치안·해양·물류,드론 창고재고 조사원,Drone Inventory Operator,응용서비스·공공,창고 내부 바코드·RFID·영상으로 재고 실사,Indoor Flight; Barcode; WMS,직무별 관련 전공·경력; 채용공고별 상이,소방·경찰·해경·군·교정·세관; 물류·의료·해양기업,소방청; 해양경찰청; 산림청; 관세청; 드론 물류기업,0,,,,미공개,,,직무별 공개 급여 근거 없음,C,공식 산업·활용 분야에서 세부 직무 도출,드론정보포털 국가기관 활용사례,https://www.droneportal.or.kr/main/web/contents/M070-03-02-01,드론정보포털 산업생태계 지도,https://www.droneportal.or.kr/main/web/contents/M020-08-03,"드론정보포털 2024년 드론산업 전체 종사자 17,204명(제조 3,315명·활용 13,889명); 직업별 인원 수치는 아님",DERIVED,2026-09-16,공식 활용·산업분류를 실제 수행 기능 단위로 세분화한 직업명; 채용 시 명칭은 달라질 수 있음,,DERIVED_REVIEW,drone_career_taxonomy_korea_2026-09-16.xlsx,drone_career_taxonomy_korea_202
187,DJ-186,활용서비스,재난·치안·해양·물류,드론 보험손해 조사원,Drone Insurance Loss Assessor,응용서비스·공공,재해·시설·농작물 피해를 촬영·측량해 손해평가 지원,Loss Assessment; Mapping; Evidence,직무별 관련 전공·경력; 채용공고별 상이,소방·경찰·해경·군·교정·세관; 물류·의료·해양기업,소방청; 해양경찰청; 산림청; 관세청; 드론 물류기업,0,,,,미공개,,,직무별 공개 급여 근거 없음,C,공식 산업·활용 분야에서 세부 직무 도출,드론정보포털 국가기관 활용사례,https://www.droneportal.or.kr/main/web/contents/M070-03-02-01,드론정보포털 산업생태계 지도,https://www.droneportal.or.kr/main/web/contents/M020-08-03,"드론정보포털 2024년 드론산업 전체 종사자 17,204명(제조 3,315명·활용 13,889명); 직업별 인원 수치는 아님",DERIVED,2026-09-16,공식 활용·산업분류를 실제 수행 기능 단위로 세분화한 직업명; 채용 시 명칭은 달라질 수 있음,,DERIVED_REVIEW,drone_career_taxonomy_korea_2026-09-16.xlsx,drone_career_taxonomy_korea_202
188,DJ-187,교육·연구·정책·지원,교육·연구,드론 조종 교육강사,Drone Flight Instructor,교육·연구,이론·모의·실기 조종교육과 안전지도,Instruction; Flight Training; Safety,관련 조종자 자격 및 지도조종자 요건,전문교육기관; 대학; 연구소; 공공기관; 기업 교육센터,한국교통안전공단; 지정 전문교육기관; 대학·출연연,0,,,,미공개,,,직무별 공개 급여 근거 없음,A,공식 직업·NCS 직접 근거,드론정보포털 드론교육훈련센터,https://www.droneportal.or.kr/main/web/contents/M050-01-06,한국교통안전공단,https://main.kotsa.or.kr/main.do,"드론정보포털 2024년 드론산업 전체 종사자 17,204명(제조 3,315명·활용 13,889명); 직업별 인원 수치는 아님",RAW,2026-09-16,직접 근거 확인,,HIGH_DIRECT,drone_career_taxonomy_korea_2026-09-16.xlsx,drone_career_taxonomy_korea_202
189,DJ-188,교육·연구·정책·지원,교육·연구,드론 지도조종자,Drone Instructor Pilot,교육·연구,교육생 비행훈련·평가·훈련기록을 책임,Instructor Pilot; Evaluation; CRM,지도조종자 요건,전문교육기관; 대학; 연구소; 공공기관; 기업 교육센터,한국교통안전공단; 지정 전문교육기관; 대학·출연연,0,,,,미공개,,,직무별 공개 급여 근거 없음,A,공식 직업·NCS 직접 근거,드론정보포털 드론교육훈련센터,https://www.droneportal.or.kr/main/web/contents/M050-01-06,한국교통안전공단,https://main.kotsa.or.kr/main.do,"드론정보포털 2024년 드론산업 전체 종사자 17,204명(제조 3,315명·활용 13,889명); 직업별 인원 수치는 아님",RAW,2026-09-16,직접 근거 확인,,HIGH_DIRECT,drone_career_taxonomy_korea_2026-09-16.xlsx,drone_career_taxonomy_korea_202
190,DJ-189,교육·연구·정책·지원,교육·연구,드론 실기평가자,Drone Practical Examiner,교육·연구,조종 자격 실기능력과 안전절차 평가,Practical Test; Standardization,실기평가자 요건,전문교육기관; 대학; 연구소; 공공기관; 기업 교육센터,한국교통안전공단; 지정 전문교육기관; 대학·출연연,0,,,,미공개,,,직무별 공개 급여 근거 없음,A,공식 직업·NCS 직접 근거,드론정보포털 드론교육훈련센터,https://www.droneportal.or.kr/main/web/contents/M050-01-06,한국교통안전공단,https://main.kotsa.or.kr/main.do,"드론정보포털 2024년 드론산업 전체 종사자 17,204명(제조 3,315명·활용 13,889명); 직업별 인원 수치는 아님",RAW,2026-09-16,직접 근거 확인,,HIGH_DIRECT,drone_career_taxonomy_korea_2026-09-16.xlsx,drone_career_taxonomy_korea_202
191,DJ-190,교육·연구·정책·지원,교육·연구,드론 교관 법정교육 강사,Drone Instructor Recurrent Trainer,교육·연구,지도조종자 대상 법정·보수교육 운영,Regulation; Recurrent Training,직무별 관련 전공·경력; 채용공고별 상이,전문교육기관; 대학; 연구소; 공공기관; 기업 교육센터,한국교통안전공단; 지정 전문교육기관; 대학·출연연,0,,,,미공개,,,직무별 공개 급여 근거 없음,C,공식 산업·활용 분야에서 세부 직무 도출,드론정보포털 드론교육훈련센터,https://www.droneportal.or.kr/main/web/contents/M050-01-06,한국교통안전공단,https://main.kotsa.or.kr/main.do,"드론정보포털 2024년 드론산업 전체 종사자 17,204명(제조 3,315명·활용 13,889명); 직업별 인원 수치는 아님",DERIVED,2026-09-16,공식 활용·산업분류를 실제 수행 기능 단위로 세분화한 직업명; 채용 시 명칭은 달라질 수 있음,,DERIVED_REVIEW,drone_career_taxonomy_korea_2026-09-16.xlsx,drone_career_taxonomy_korea_202
192,DJ-191,교육·연구·정책·지원,교육·연구,드론 교육과정 개발자,Drone Curriculum Developer,교육·연구,기체·임무·안전·SW 교육과정과 평가도구 개발,Curriculum; Instructional Design,직무별 관련 전공·경력; 채용공고별 상이,전문교육기관; 대학; 연구소; 공공기관; 기업 교육센터,한국교통안전공단; 지정 전문교육기관; 대학·출연연,0,,,,미공개,,,직무별 공개 급여 근거 없음,C,공식 산업·활용 분야에서 세부 직무 도출,드론정보포털 드론교육훈련센터,https://www.droneportal.or.kr/main/web/contents/M050-01-06,한국교통안전공단,https://main.kotsa.or.kr/main.do,"드론정보포털 2024년 드론산업 전체 종사자 17,204명(제조 3,315명·활용 13,889명); 직업별 인원 수치는 아님",DERIVED,2026-09-16,공식 활용·산업분류를 실제 수행 기능 단위로 세분화한 직업명; 채용 시 명칭은 달라질 수 있음,,DERIVED_REVIEW,drone_career_taxonomy_korea_2026-09-16.xlsx,drone_career_taxonomy_korea_202
193,DJ-192,교육·연구·정책·지원,교육·연구,드론 교육 콘텐츠 제작자,Drone Learning Content Producer,교육·연구,온라인 강의·VR·시뮬레이션·교재 제작,e-Learning; VR; Video,직무별 관련 전공·경력; 채용공고별 상이,전문교육기관; 대학; 연구소; 공공기관; 기업 교육센터,한국교통안전공단; 지정 전문교육기관; 대학·출연연,0,,,,미공개,,,직무별 공개 급여 근거 없음,C,공식 산업·활용 분야에서 세부 직무 도출,드론정보포털 드론교육훈련센터,https://www.droneportal.or.kr/main/web/contents/M050-01-06,한국교통안전공단,https://main.kotsa.or.kr/main.do,"드론정보포털 2024년 드론산업 전체 종사자 17,204명(제조 3,315명·활용 13,889명); 직업별 인원 수치는 아님",DERIVED,2026-09-16,공식 활용·산업분류를 실제 수행 기능 단위로 세분화한 직업명; 채용 시 명칭은 달라질 수 있음,,DERIVED_REVIEW,drone_career_taxonomy_korea_2026-09-16.xlsx,drone_career_taxonomy_korea_202
194,DJ-193,교육·연구·정책·지원,교육·연구,드론 교육센터 운영관리자,Drone Training Center Administrator,교육·연구,교육일정·기체·시설·강사·수강생·행정 관리,Training Ops; Administration; Safety,직무별 관련 전공·경력; 채용공고별 상이,전문교육기관; 대학; 연구소; 공공기관; 기업 교육센터,한국교통안전공단; 지정 전문교육기관; 대학·출연연,0,,,,미공개,,,직무별 공개 급여 근거 없음,C,공식 산업·활용 분야에서 세부 직무 도출,드론정보포털 드론교육훈련센터,https://www.droneportal.or.kr/main/web/contents/M050-01-06,한국교통안전공단,https://main.kotsa.or.kr/main.do,"드론정보포털 2024년 드론산업 전체 종사자 17,204명(제조 3,315명·활용 13,889명); 직업별 인원 수치는 아님",DERIVED,2026-09-16,공식 활용·산업분류를 실제 수행 기능 단위로 세분화한 직업명; 채용 시 명칭은 달라질 수 있음,,DERIVED_REVIEW,drone_career_taxonomy_korea_2026-09-16.xlsx,drone_career_taxonomy_korea_202
195,DJ-194,교육·연구·정책·지원,교육·연구,드론 정비교육 강사,Drone Maintenance Instructor,교육·연구,점검·고장진단·수리·배터리 안전 교육,Maintenance Training; Diagnostics,직무별 관련 전공·경력; 채용공고별 상이,전문교육기관; 대학; 연구소; 공공기관; 기업 교육센터,한국교통안전공단; 지정 전문교육기관; 대학·출연연,0,,,,미공개,,,직무별 공개 급여 근거 없음,C,공식 산업·활용 분야에서 세부 직무 도출,드론정보포털 드론교육훈련센터,https://www.droneportal.or.kr/main/web/contents/M050-01-06,한국교통안전공단,https://main.kotsa.or.kr/main.do,"드론정보포털 2024년 드론산업 전체 종사자 17,204명(제조 3,315명·활용 13,889명); 직업별 인원 수치는 아님",DERIVED,2026-09-16,공식 활용·산업분류를 실제 수행 기능 단위로 세분화한 직업명; 채용 시 명칭은 달라질 수 있음,,DERIVED_REVIEW,drone_career_taxonomy_korea_2026-09-16.xlsx,drone_career_taxonomy_korea_202
196,DJ-195,교육·연구·정책·지원,교육·연구,드론 소프트웨어 교육강사,Drone Software Instructor,교육·연구,코딩·자율비행·GCS·영상처리 실습 교육,Python; ROS; PX4; GIS,직무별 관련 전공·경력; 채용공고별 상이,전문교육기관; 대학; 연구소; 공공기관; 기업 교육센터,한국교통안전공단; 지정 전문교육기관; 대학·출연연,0,,,,미공개,,,직무별 공개 급여 근거 없음,C,공식 산업·활용 분야에서 세부 직무 도출,드론정보포털 드론교육훈련센터,https://www.droneportal.or.kr/main/web/contents/M050-01-06,한국교통안전공단,https://main.kotsa.or.kr/main.do,"드론정보포털 2024년 드론산업 전체 종사자 17,204명(제조 3,315명·활용 13,889명); 직업별 인원 수치는 아님",DERIVED,2026-09-16,공식 활용·산업분류를 실제 수행 기능 단위로 세분화한 직업명; 채용 시 명칭은 달라질 수 있음,,DERIVED_REVIEW,drone_career_taxonomy_korea_2026-09-16.xlsx,drone_career_taxonomy_korea_202
197,DJ-196,교육·연구·정책·지원,교육·연구,무인항공 연구원,Unmanned Aviation Researcher,교육·연구,무인항공 핵심기술·운항·안전·정책 연구,Research; Experiment; Publication,직무별 관련 전공·경력; 채용공고별 상이,전문교육기관; 대학; 연구소; 공공기관; 기업 교육센터,한국교통안전공단; 지정 전문교육기관; 대학·출연연,0,,,,미공개,,,직무별 공개 급여 근거 없음,A,공식 직업·NCS 직접 근거,드론정보포털 드론교육훈련센터,https://www.droneportal.or.kr/main/web/contents/M050-01-06,한국교통안전공단,https://main.kotsa.or.kr/main.do,"드론정보포털 2024년 드론산업 전체 종사자 17,204명(제조 3,315명·활용 13,889명); 직업별 인원 수치는 아님",RAW,2026-09-16,직접 근거 확인,,HIGH_DIRECT,drone_career_taxonomy_korea_2026-09-16.xlsx,drone_career_taxonomy_korea_202
198,DJ-197,교육·연구·정책·지원,교육·연구,드론 대학 교수·강사,Drone Studies Professor/Lecturer,교육·연구,드론 공학·운항·활용서비스 교육과 연구,Teaching; Research; Lab,직무별 관련 전공·경력; 채용공고별 상이,전문교육기관; 대학; 연구소; 공공기관; 기업 교육센터,한국교통안전공단; 지정 전문교육기관; 대학·출연연,0,,,,미공개,,,직무별 공개 급여 근거 없음,C,공식 산업·활용 분야에서 세부 직무 도출,드론정보포털 드론교육훈련센터,https://www.droneportal.or.kr/main/web/contents/M050-01-06,한국교통안전공단,https://main.kotsa.or.kr/main.do,"드론정보포털 2024년 드론산업 전체 종사자 17,204명(제조 3,315명·활용 13,889명); 직업별 인원 수치는 아님",DERIVED,2026-09-16,공식 활용·산업분류를 실제 수행 기능 단위로 세분화한 직업명; 채용 시 명칭은 달라질 수 있음,,DERIVED_REVIEW,drone_career_taxonomy_korea_2026-09-16.xlsx,drone_career_taxonomy_korea_202
199,DJ-198,교육·연구·정책·지원,정책·표준·산업지원,드론 정책연구원,Drone Policy Researcher,정책·지원,산업·운항·안전·공공활용 정책과 제도 연구,Policy Analysis; Regulation; Statistics,직무별 관련 전공·경력; 채용공고별 상이,정부·공공기관; 연구기관; 협회; 시험인증기관; 컨설팅사,국토교통부; 항공안전기술원; 한국교통안전공단; 지자체,0,,,,미공개,,,직무별 공개 급여 근거 없음,A,공식 직업·NCS 직접 근거,NCS 무인항공 연구·시험·안전 직무,https://ncs.go.kr/blind/bl04/RecrtNotifDetail.do?recrtNo=20180508114352,항공안전기술원,https://www.kiast.or.kr/,"드론정보포털 2024년 드론산업 전체 종사자 17,204명(제조 3,315명·활용 13,889명); 직업별 인원 수치는 아님",RAW,2026-09-16,직접 근거 확인,,HIGH_DIRECT,drone_career_taxonomy_korea_2026-09-16.xlsx,drone_career_taxonomy_korea_202
200,DJ-199,교육·연구·정책·지원,정책·표준·산업지원,드론 산업통계 분석가,Drone Industry Analyst,정책·지원,기업·매출·고용·기체·서비스 시장 통계 조사·분석,Survey; Statistics; Market Analysis,직무별 관련 전공·경력; 채용공고별 상이,정부·공공기관; 연구기관; 협회; 시험인증기관; 컨설팅사,국토교통부; 항공안전기술원; 한국교통안전공단; 지자체,0,,,,미공개,,,직무별 공개 급여 근거 없음,C,공식 산업·활용 분야에서 세부 직무 도출,NCS 무인항공 연구·시험·안전 직무,https://ncs.go.kr/blind/bl04/RecrtNotifDetail.do?recrtNo=20180508114352,항공안전기술원,https://www.kiast.or.kr/,"드론정보포털 2024년 드론산업 전체 종사자 17,204명(제조 3,315명·활용 13,889명); 직업별 인원 수치는 아님",DERIVED,2026-09-16,공식 활용·산업분류를 실제 수행 기능 단위로 세분화한 직업명; 채용 시 명칭은 달라질 수 있음,,DERIVED_REVIEW,drone_career_taxonomy_korea_2026-09-16.xlsx,drone_career_taxonomy_korea_202
201,DJ-200,교육·연구·정책·지원,정책·표준·산업지원,드론 법규·컴플라이언스 컨설턴트,Drone Compliance Consultant,정책·지원,사업자·운영자의 법규·승인·개인정보·안전 준수 자문,Aviation Law; Privacy; Compliance,직무별 관련 전공·경력; 채용공고별 상이,정부·공공기관; 연구기관; 협회; 시험인증기관; 컨설팅사,국토교통부; 항공안전기술원; 한국교통안전공단; 지자체,0,,,,미공개,,,직무별 공개 급여 근거 없음,C,공식 산업·활용 분야에서 세부 직무 도출,NCS 무인항공 연구·시험·안전 직무,https://ncs.go.kr/blind/bl04/RecrtNotifDetail.do?recrtNo=20180508114352,항공안전기술원,https://www.kiast.or.kr/,"드론정보포털 2024년 드론산업 전체 종사자 17,204명(제조 3,315명·활용 13,889명); 직업별 인원 수치는 아님",DERIVED,2026-09-16,공식 활용·산업분류를 실제 수행 기능 단위로 세분화한 직업명; 채용 시 명칭은 달라질 수 있음,,DERIVED_REVIEW,drone_career_taxonomy_korea_2026-09-16.xlsx,drone_career_taxonomy_korea_202
202,DJ-201,교육·연구·정책·지원,정책·표준·산업지원,드론 표준화 전문가,Drone Standards Specialist,정책·지원,기체·통신·운항·데이터 국내외 표준 개발·대응,KS; ISO; ASTM; Standardization,직무별 관련 전공·경력; 채용공고별 상이,정부·공공기관; 연구기관; 협회; 시험인증기관; 컨설팅사,국토교통부; 항공안전기술원; 한국교통안전공단; 지자체,0,,,,미공개,,,직무별 공개 급여 근거 없음,C,공식 산업·활용 분야에서 세부 직무 도출,NCS 무인항공 연구·시험·안전 직무,https://ncs.go.kr/blind/bl04/RecrtNotifDetail.do?recrtNo=20180508114352,항공안전기술원,https://www.kiast.or.kr/,"드론정보포털 2024년 드론산업 전체 종사자 17,204명(제조 3,315명·활용 13,889명); 직업별 인원 수치는 아님",DERIVED,2026-09-16,공식 활용·산업분류를 실제 수행 기능 단위로 세분화한 직업명; 채용 시 명칭은 달라질 수 있음,,DERIVED_REVIEW,drone_career_taxonomy_korea_2026-09-16.xlsx,drone_career_taxonomy_korea_202
203,DJ-202,교육·연구·정책·지원,정책·표준·산업지원,드론 국제협력 담당자,Drone International Cooperation Specialist,정책·지원,국제기구·해외 인증·공동연구·수출 협력,ICAO; Export; International Project,직무별 관련 전공·경력; 채용공고별 상이,정부·공공기관; 연구기관; 협회; 시험인증기관; 컨설팅사,국토교통부; 항공안전기술원; 한국교통안전공단; 지자체,0,,,,미공개,,,직무별 공개 급여 근거 없음,C,공식 산업·활용 분야에서 세부 직무 도출,NCS 무인항공 연구·시험·안전 직무,https://ncs.go.kr/blind/bl04/RecrtNotifDetail.do?recrtNo=20180508114352,항공안전기술원,https://www.kiast.or.kr/,"드론정보포털 2024년 드론산업 전체 종사자 17,204명(제조 3,315명·활용 13,889명); 직업별 인원 수치는 아님",DERIVED,2026-09-16,공식 활용·산업분류를 실제 수행 기능 단위로 세분화한 직업명; 채용 시 명칭은 달라질 수 있음,,DERIVED_REVIEW,drone_career_taxonomy_korea_2026-09-16.xlsx,drone_career_taxonomy_korea_202
204,DJ-203,교육·연구·정책·지원,정책·표준·산업지원,드론 공공조달 담당자,Drone Public Procurement Specialist,정책·지원,공공 드론 도입의 규격·입찰·계약·검수 관리,Procurement; RFP; Acceptance,직무별 관련 전공·경력; 채용공고별 상이,정부·공공기관; 연구기관; 협회; 시험인증기관; 컨설팅사,국토교통부; 항공안전기술원; 한국교통안전공단; 지자체,0,,,,미공개,,,직무별 공개 급여 근거 없음,C,공식 산업·활용 분야에서 세부 직무 도출,NCS 무인항공 연구·시험·안전 직무,https://ncs.go.kr/blind/bl04/RecrtNotifDetail.do?recrtNo=20180508114352,항공안전기술원,https://www.kiast.or.kr/,"드론정보포털 2024년 드론산업 전체 종사자 17,204명(제조 3,315명·활용 13,889명); 직업별 인원 수치는 아님",DERIVED,2026-09-16,공식 활용·산업분류를 실제 수행 기능 단위로 세분화한 직업명; 채용 시 명칭은 달라질 수 있음,,DERIVED_REVIEW,drone_career_taxonomy_korea_2026-09-16.xlsx,drone_career_taxonomy_korea_202
205,DJ-204,교육·연구·정책·지원,정책·표준·산업지원,드론 실증사업 코디네이터,Drone Demonstration Program Coordinator,정책·지원,실증 공역·참여기관·안전·성과·데이터 관리,Demonstration; Stakeholder; KPI,직무별 관련 전공·경력; 채용공고별 상이,정부·공공기관; 연구기관; 협회; 시험인증기관; 컨설팅사,국토교통부; 항공안전기술원; 한국교통안전공단; 지자체,0,,,,미공개,,,직무별 공개 급여 근거 없음,C,공식 산업·활용 분야에서 세부 직무 도출,NCS 무인항공 연구·시험·안전 직무,https://ncs.go.kr/blind/bl04/RecrtNotifDetail.do?recrtNo=20180508114352,항공안전기술원,https://www.kiast.or.kr/,"드론정보포털 2024년 드론산업 전체 종사자 17,204명(제조 3,315명·활용 13,889명); 직업별 인원 수치는 아님",DERIVED,2026-09-16,공식 활용·산업분류를 실제 수행 기능 단위로 세분화한 직업명; 채용 시 명칭은 달라질 수 있음,,DERIVED_REVIEW,drone_career_taxonomy_korea_2026-09-16.xlsx,drone_career_taxonomy_korea_202
206,DJ-205,교육·연구·정책·지원,정책·표준·산업지원,드론 창업·사업 컨설턴트,Drone Startup Consultant,정책·지원,시장·BM·인허가·투자·사업계획 수립 지원,Business Model; Funding; Regulation,직무별 관련 전공·경력; 채용공고별 상이,정부·공공기관; 연구기관; 협회; 시험인증기관; 컨설팅사,국토교통부; 항공안전기술원; 한국교통안전공단; 지자체,0,,,,미공개,,,직무별 공개 급여 근거 없음,C,공식 산업·활용 분야에서 세부 직무 도출,NCS 무인항공 연구·시험·안전 직무,https://ncs.go.kr/blind/bl04/RecrtNotifDetail.do?recrtNo=20180508114352,항공안전기술원,https://www.kiast.or.kr/,"드론정보포털 2024년 드론산업 전체 종사자 17,204명(제조 3,315명·활용 13,889명); 직업별 인원 수치는 아님",DERIVED,2026-09-16,공식 활용·산업분류를 실제 수행 기능 단위로 세분화한 직업명; 채용 시 명칭은 달라질 수 있음,,DERIVED_REVIEW,drone_career_taxonomy_korea_2026-09-16.xlsx,drone_career_taxonomy_korea_202
207,DJ-206,교육·연구·정책·지원,정책·표준·산업지원,드론 보험 인수심사역,Drone Insurance Underwriter,정책·지원,기체·임무·조종자·운항위험을 평가해 보험조건 산정,Underwriting; Risk; Claims,직무별 관련 전공·경력; 채용공고별 상이,정부·공공기관; 연구기관; 협회; 시험인증기관; 컨설팅사,국토교통부; 항공안전기술원; 한국교통안전공단; 지자체,0,,,,미공개,,,직무별 공개 급여 근거 없음,C,공식 산업·활용 분야에서 세부 직무 도출,NCS 무인항공 연구·시험·안전 직무,https://ncs.go.kr/blind/bl04/RecrtNotifDetail.do?recrtNo=20180508114352,항공안전기술원,https://www.kiast.or.kr/,"드론정보포털 2024년 드론산업 전체 종사자 17,204명(제조 3,315명·활용 13,889명); 직업별 인원 수치는 아님",DERIVED,2026-09-16,공식 활용·산업분류를 실제 수행 기능 단위로 세분화한 직업명; 채용 시 명칭은 달라질 수 있음,,DERIVED_REVIEW,drone_career_taxonomy_korea_2026-09-16.xlsx,drone_career_taxonomy_korea_202
208,DJ-207,교육·연구·정책·지원,정책·표준·산업지원,드론 유통·렌탈 운영자,Drone Distribution & Rental Manager,정책·지원,기체 판매·대여·재고·교육·A/S 연계 운영,Retail; Rental; Inventory,직무별 관련 전공·경력; 채용공고별 상이,정부·공공기관; 연구기관; 협회; 시험인증기관; 컨설팅사,국토교통부; 항공안전기술원; 한국교통안전공단; 지자체,0,,,,미공개,,,직무별 공개 급여 근거 없음,C,공식 산업·활용 분야에서 세부 직무 도출,NCS 무인항공 연구·시험·안전 직무,https://ncs.go.kr/blind/bl04/RecrtNotifDetail.do?recrtNo=20180508114352,항공안전기술원,https://www.kiast.or.kr/,"드론정보포털 2024년 드론산업 전체 종사자 17,204명(제조 3,315명·활용 13,889명); 직업별 인원 수치는 아님",DERIVED,2026-09-16,공식 활용·산업분류를 실제 수행 기능 단위로 세분화한 직업명; 채용 시 명칭은 달라질 수 있음,,DERIVED_REVIEW,drone_career_taxonomy_korea_2026-09-16.xlsx,drone_career_taxonomy_korea_202
209,DJ-208,교육·연구·정책·지원,정책·표준·산업지원,드론 고객성공·기술상담 담당자,Drone Customer Success Specialist,정책·지원,도입·활용·교육·장애 대응으로 고객 사용성과 관리,Customer Success; Training; Support,직무별 관련 전공·경력; 채용공고별 상이,정부·공공기관; 연구기관; 협회; 시험인증기관; 컨설팅사,국토교통부; 항공안전기술원; 한국교통안전공단; 지자체,0,,,,미공개,,,직무별 공개 급여 근거 없음,C,공식 산업·활용 분야에서 세부 직무 도출,NCS 무인항공 연구·시험·안전 직무,https://ncs.go.kr/blind/bl04/RecrtNotifDetail.do?recrtNo=20180508114352,항공안전기술원,https://www.kiast.or.kr/,"드론정보포털 2024년 드론산업 전체 종사자 17,204명(제조 3,315명·활용 13,889명); 직업별 인원 수치는 아님",DERIVED,2026-09-16,공식 활용·산업분류를 실제 수행 기능 단위로 세분화한 직업명; 채용 시 명칭은 달라질 수 있음,,DERIVED_REVIEW,drone_career_taxonomy_korea_2026-09-16.xlsx,drone_career_taxonomy_korea_202
210,DJ-209,교육·연구·정책·지원,정책·표준·산업지원,드론 전시·행사 프로젝트 매니저,Drone Event Project Manager,정책·지원,드론 전시·경기·체험·시연 행사를 기획·운영,Event PM; Safety; Vendor,직무별 관련 전공·경력; 채용공고별 상이,정부·공공기관; 연구기관; 협회; 시험인증기관; 컨설팅사,국토교통부; 항공안전기술원; 한국교통안전공단; 지자체,0,,,,미공개,,,직무별 공개 급여 근거 없음,C,공식 산업·활용 분야에서 세부 직무 도출,NCS 무인항공 연구·시험·안전 직무,https://ncs.go.kr/blind/bl04/RecrtNotifDetail.do?recrtNo=20180508114352,항공안전기술원,https://www.kiast.or.kr/,"드론정보포털 2024년 드론산업 전체 종사자 17,204명(제조 3,315명·활용 13,889명); 직업별 인원 수치는 아님",DERIVED,2026-09-16,공식 활용·산업분류를 실제 수행 기능 단위로 세분화한 직업명; 채용 시 명칭은 달라질 수 있음,,DERIVED_REVIEW,drone_career_taxonomy_korea_2026-09-16.xlsx,drone_career_taxonomy_korea_202
