project_id,project_number_order,project_number,is_representative
1,1,2420032174,1
2,1,2710108671,1
3,1,2480001661,1
4,1,2710110782,1
5,1,2410019901,1
6,1,2420033241,1
7,1,2340061579,1
8,1,2410018787,1
9,1,2390003465,1
10,1,2800000988,1
11,1,2710111445,1
12,1,2480001927,1
13,1,2420032200,1
14,1,2710103961,1
15,1,2340064223,1
16,1,2610000690,1
17,1,2420031228,1
18,1,2710106524,1
19,1,2800001035,1
20,1,2710103348,1
21,1,2480001777,1
22,1,2340064735,1
23,1,2710105120,1
24,1,2420032988,1
25,1,2710110311,1
26,1,2410019196,1
27,1,2420034164,1
28,1,2710106013,1
29,1,2760000081,1
30,1,2340061439,1
31,1,2340062793,1
32,1,2710104652,1
33,1,2710107011,1
34,1,2420032942,1
35,1,2710107181,1
36,1,2410018105,1
37,1,2540001502,1
38,1,2710109003,1
39,1,2420031904,1
40,1,2420031542,1
41,1,2710105058,1
42,1,2710105971,1
43,1,2710111977,1
44,1,2710102993,1
45,1,2710105349,1
46,1,2340063864,1
47,1,2710103967,1
48,1,2710112640,1
49,1,2710105139,1
50,1,2710104371,1
51,1,2710106101,1
52,1,2710106762,1
53,1,2710110454,1
54,1,2710105883,1
55,1,2340064063,1
56,1,2410018680,1
57,1,2420031846,1
58,1,2710113581,1
59,1,2710109591,1
60,1,2410019684,1
61,1,2710110638,1
62,1,2710110721,1
63,1,2410017931,1
64,1,2710108388,1
65,1,2710105358,1
66,1,2800000991,1
67,1,2420032213,1
68,1,2710109269,1
69,1,2710105377,1
70,1,2610000724,1
71,1,2710109568,1
72,1,2710103132,1
73,1,2710104289,1
74,1,2710112248,1
75,1,2710111452,1
76,1,2710102827,1
77,1,2390002917,1
78,1,2710108796,1
79,1,2420031650,1
80,1,2710104697,1
81,1,2710113644,1
82,1,2310000423,1
83,1,2710104568,1
84,1,2710105305,1
85,1,2710104810,1
86,1,2420031536,1
87,1,2420034024,1
88,1,2420033053,1
89,1,2420033867,1
90,1,2710103683,1
91,1,2710109347,1
92,1,2390002999,1
93,1,2710113541,1
94,1,2410018403,1
95,1,2710104120,1
96,1,2420033438,1
97,1,2410018185,1
98,1,2710111625,1
99,1,2420031845,1
100,1,2710112139,1
101,1,2420032149,1
102,1,2420032617,1
103,1,2710112856,0
103,2,2710112744,1
104,1,2710112773,0
104,2,2710112888,1
105,1,2800001033,1
106,1,2410018467,1
107,1,2710104452,1
108,1,2420034131,1
109,1,2710106865,1
110,1,2420033261,1
111,1,2710106806,1
112,1,2710109594,1
113,1,2410018747,1
114,1,2710112701,1
115,1,2710103559,1
116,1,2710107456,1
117,1,2480001884,1
118,1,2710111979,1
119,1,2410019123,1
120,1,2710106020,1
121,1,2710108495,1
122,1,2710103515,1
123,1,2710113684,1
124,1,2710113100,1
125,1,2540001497,1
126,1,2710104037,1
127,1,2410018587,1
128,1,2710106792,1
129,1,2420034224,1
130,1,2390003008,1
131,1,2710109343,1
132,1,2710105237,1
133,1,2710113673,1
134,1,2710105085,1
135,1,2800000998,1
136,1,2800001059,1
137,1,2710113353,1
138,1,2420033782,1
139,1,2710104761,1
140,1,2420033857,1
141,1,2340064834,1
142,1,2710108666,1
143,1,2410018671,1
144,1,2340060741,1
145,1,2710108485,1
146,1,2710105880,1
147,1,2710110946,1
148,1,2710107180,1
149,1,2710103914,1
150,1,2710110845,1
151,1,2710112642,1
152,1,2710110580,1
153,1,2710109935,1
154,1,2710104077,1
155,1,2710103054,1
156,1,2710104530,1
157,1,2690001556,1
158,1,2420031919,1
159,1,2410017958,1
160,1,2690001557,1
161,1,2710111104,1
162,1,2710100441,1
163,1,2760000082,1
164,1,2420031697,1
165,1,2420033285,1
166,1,2710110830,1
167,1,2710103484,1
168,1,2710106060,1
169,1,2710101156,1
170,1,2800000987,1
171,1,2340064533,1
172,1,2710103948,1
173,1,2410018106,1
174,1,2420032077,1
175,1,2710106568,1
176,1,2420033729,1
177,1,2710107392,1
178,1,2800001136,1
179,1,2340064615,1
180,1,2420033135,1
181,1,2710111555,1
182,1,2420031477,1
183,1,2420031255,1
184,1,2420033619,1
185,1,2710111533,1
186,1,2710106851,1
187,1,2710104414,1
188,1,2410018122,1
189,1,2710104862,1
190,1,2710106688,1
191,1,2420033386,1
192,1,2710104616,1
193,1,2420031976,1
194,1,2710103616,1
195,1,2710106300,1
196,1,2710110473,1
197,1,2710102075,1
198,1,2390002960,1
199,1,2390002907,1
200,1,2390003471,1
201,1,2400000574,1
202,1,2420033143,1
203,1,2710105553,1
204,1,2710103490,1
205,1,2610000656,1
206,1,2710111640,1
207,1,2420031818,1
208,1,2710101969,1
209,1,2420033497,1
210,1,2710108879,1
211,1,2410018450,1
212,1,2480001827,1
213,1,2410019912,1
214,1,2710107858,1
215,1,2420033977,1
216,1,2710103430,1
217,1,2710103819,1
218,1,2420033900,1
219,1,2710107912,1
220,1,2710104907,1
221,1,2710102836,1
222,1,2420031419,1
223,1,2710103953,1
224,1,2410018601,1
225,1,2710106222,1
226,1,2400000560,1
227,1,2320000433,1
228,1,2710107336,1
229,1,2710106872,1
230,1,2390003528,1
231,1,2710112406,1
232,1,2710109555,1
233,1,2420033296,1
234,1,2710107689,1
235,1,2710108374,1
236,1,2410018789,1
237,1,2420034195,1
238,1,2340064746,1
239,1,2710108403,1
240,1,2420032176,1
241,1,2800001018,1
242,1,2710106789,1
243,1,2710104098,1
244,1,2710102997,1
245,1,2710103061,1
246,1,2420031630,1
247,1,2420034418,1
248,1,2710107614,1
249,1,2710109584,1
250,1,2420031431,1
251,1,2710113728,1
252,1,2420033600,1
253,1,2710107928,1
254,1,2710101905,1
255,1,2710107436,1
256,1,2710112017,1
257,1,2420031841,1
258,1,2420031268,1
259,1,2340064932,1
260,1,2420033027,1
261,1,2420033119,1
262,1,2420034365,1
263,1,2710103321,1
264,1,2710112115,1
265,1,2710105780,1
266,1,2710101883,1
267,1,2710103352,1
268,1,2710113164,1
269,1,2420031636,1
270,1,2710109336,1
271,1,2420033007,1
272,1,2410018775,1
273,1,2710112492,1
274,1,2710105060,1
275,1,2800001014,1
276,1,2710110728,1
277,1,2390003259,1
278,1,2710113336,1
279,1,2800001030,1
280,1,2420033423,1
281,1,2710107247,1
282,1,2420033740,1
283,1,2320000424,1
284,1,2340064827,1
285,1,2420033367,1
286,1,2710105812,1
287,1,2050001654,1
288,1,2710105133,1
289,1,2420033621,1
290,1,2410019547,1
291,1,2310000400,1
292,1,2420033413,1
293,1,2320000421,1
294,1,2710104818,1
295,1,2710108653,1
296,1,2410018463,1
297,1,2410018461,1
298,1,2410018314,1
299,1,2390003235,1
300,1,2420033898,1
301,1,2420031309,1
302,1,2340064271,1
303,1,2420031965,1
304,1,2710102865,1
305,1,2410019864,1
306,1,2710105688,1
307,1,2710112449,1
308,1,2710106051,1
309,1,2710107032,1
310,1,2710106302,1
311,1,2420034167,1
312,1,2610000730,1
313,1,2710105423,1
314,1,2420031124,1
315,1,2710103793,1
316,1,2710104131,1
317,1,2710102784,1
318,1,2710113176,1
319,1,2710113408,1
320,1,2710108539,1
321,1,2710111622,1
322,1,2710104536,1
323,1,2710103786,1
324,1,2420033080,1
325,1,2710105561,1
326,1,2710104256,1
327,1,2710105734,1
328,1,2710113627,1
329,1,2710103409,1
330,1,2420031693,1
331,1,2710105866,1
332,1,2710112743,0
332,2,2710112855,1
333,1,2710110933,1
334,1,2710113307,1
335,1,2710106874,1
336,1,2710110785,1
337,1,2710109292,1
338,1,2390002987,1
339,1,2710113700,1
340,1,2390002983,1
341,1,2390002994,1
342,1,2390002995,1
343,1,2390003010,1
344,1,2390003322,1
345,1,2710106470,1
346,1,2710107012,1
347,1,2710105472,1
348,1,2710106269,1
349,1,2710101517,1
350,1,2710110453,1
351,1,2390002984,1
352,1,2710103289,1
353,1,2420032032,1
354,1,2710108031,1
355,1,2420034445,1
356,1,2420034039,1
357,1,2410018462,1
358,1,2420033257,1
359,1,2710111275,1
360,1,2520000999,1
361,1,2710107026,1
362,1,2710110711,1
363,1,2710104092,1
364,1,2710109803,1
365,1,2710104208,1
366,1,2420033840,1
367,1,2710106547,1
368,1,2710105563,1
369,1,2420033190,1
370,1,2710104316,1
371,1,2420033553,1
372,1,2410018754,1
373,1,2710108670,1
374,1,2710107387,1
375,1,2230000032,1
376,1,2710106593,1
377,1,2800001079,1
378,1,2710111030,1
379,1,2550000478,1
380,1,2710104472,1
381,1,2710111863,1
382,1,2710104603,1
383,1,2420032998,1
384,1,2540001500,1
385,1,2400000670,1
386,1,2420034210,1
387,1,2710112656,1
388,1,2710103587,1
389,1,2710112962,1
390,1,2710104375,1
391,1,2410019037,1
392,1,2710103083,1
393,1,2710110804,1
394,1,2610000733,1
395,1,2710112842,0
395,2,2710112601,1
396,1,2410019842,1
397,1,2710107647,1
398,1,2420033739,1
399,1,2710105113,1
400,1,2710111240,1
401,1,2480001965,1
402,1,2710105927,1
403,1,2420033018,1
404,1,2420033719,1
405,1,2710104978,1
406,1,2710112383,1
407,1,2420033384,1
408,1,2710109350,1
409,1,2050001668,1
410,1,2420032675,1
411,1,2710106628,1
412,1,2710111447,1
413,1,2710109934,1
414,1,2420031305,1
415,1,2320000428,1
416,1,2320000454,1
417,1,2320000440,1
418,1,2710105303,1
419,1,2390002884,1
420,1,2390002846,1
421,1,2710104741,1
422,1,2710102987,1
423,1,2710105976,1
424,1,2420031781,1
425,1,2800001057,1
426,1,2340064543,1
427,1,2390002879,1
428,1,2710110611,1
429,1,2710112176,1
430,1,2710104069,1
431,1,2340064129,1
432,1,2710104875,1
433,1,2420032940,1
434,1,2710105911,1
435,1,2710107532,1
436,1,2420031590,1
437,1,2420034357,1
438,1,2420034366,1
439,1,2710107072,1
440,1,2710106810,1
441,1,2710106371,1
442,1,2420034420,1
443,1,2710112450,1
444,1,2420033913,1
445,1,2710105187,1
446,1,2340062779,1
447,1,2710111152,1
448,1,2710112735,1
449,1,2420033225,1
450,1,2710109831,1
451,1,2710102780,1
452,1,2710110980,1
453,1,2710109137,1
454,1,2710111963,1
455,1,2710106412,1
456,1,2420031269,1
457,1,2710104318,1
458,1,2710103405,1
459,1,2420031430,1
460,1,2710105466,1
461,1,2710108026,1
462,1,2420033706,1
463,1,2420031128,1
464,1,2420033103,1
465,1,2710103693,1
466,1,2610000739,1
467,1,2710109830,1
468,1,2410019180,1
469,1,2310000412,1
470,1,2420034466,1
471,1,2710110928,1
472,1,2710112654,1
473,1,2410018760,1
474,1,2420033388,1
475,1,2710111120,1
476,1,2710113221,1
477,1,2710112698,1
478,1,2420033823,1
479,1,2420031267,1
480,1,2710113157,1
481,1,2410018714,1
482,1,2710108899,1
483,1,2420031388,1
484,1,2390002949,1
485,1,2610000735,1
486,1,2710112688,1
487,1,2540001521,1
488,1,2710105449,1
489,1,2710103112,1
490,1,2420031519,1
491,1,2410018653,1
492,1,2420031497,1
493,1,2710108673,1
494,1,2710107034,1
495,1,2420032967,1
496,1,2420033026,1
497,1,2420033398,1
498,1,2340060978,1
499,1,2710101520,1
500,1,2710101788,1
501,1,2480001969,1
502,1,2400000545,1
503,1,2710102943,1
504,1,2420033364,1
505,1,2480001817,1
506,1,2710109827,1
507,1,2420034275,1
508,1,2410018630,1
509,1,2410019461,1
510,1,2420034166,1
511,1,2420034117,1
512,1,2420034358,1
513,1,2710105216,1
514,1,2710105537,1
515,1,2420032257,1
516,1,2710104028,1
517,1,2710103659,1
518,1,2340064247,1
519,1,2710104980,1
520,1,2710106773,1
521,1,2710110720,1
522,1,2710105197,1
523,1,2420031772,1
524,1,2710101768,1
525,1,2410019610,1
526,1,2410019976,1
527,1,2410018602,1
528,1,2710104204,1
529,1,2420034193,1
530,1,2420031358,1
531,1,2410019977,1
532,1,2410019978,1
533,1,2410019979,1
534,1,2410018604,1
535,1,2340060703,1
536,1,2770000747,1
536,2,2770000537,0
537,1,2340047111,0
537,2,2340053179,1
538,1,2710095407,1
539,1,2710086411,0
539,2,2710101139,1
540,1,2710101173,1
540,2,2710085973,0
541,1,2710101144,1
541,2,2710085595,0
542,1,2760000037,0
542,2,2760000061,1
543,1,2800000882,0
543,2,2800000986,1
544,1,2340052282,1
544,2,2340049753,0
545,1,2710095776,1
546,1,2710100495,1
546,2,2710085252,0
547,1,2420028983,1
547,2,2420021468,0
548,1,2420027089,1
548,2,2420024977,0
549,1,2710093490,1
550,1,2710088952,1
551,1,2420022115,1
552,1,2420024910,1
553,1,2340038545,1
554,1,2710095751,1
555,1,2410013981,0
555,2,2480001446,1
556,1,2410019091,1
556,2,2410014447,0
557,1,2420023034,0
557,2,2420032389,1
558,1,2420021889,1
559,1,2340052998,1
559,2,2340047910,0
560,1,2340048943,0
560,2,2340053355,1
561,1,2340048904,0
561,2,2340052328,1
562,1,2710086858,1
563,1,2340052265,1
563,2,2340049232,0
564,1,2770000335,0
564,2,2770000363,1
565,1,2410013763,0
565,2,2480001429,1
566,1,2710083384,0
566,2,2710096249,1
567,1,2710081001,0
567,2,2710100409,1
568,1,2420028882,1
568,2,2420025585,0
569,1,2710093368,1
569,2,2710085486,0
570,1,2710096980,1
570,2,2710085360,0
571,1,2710099493,1
571,2,2710081056,0
572,1,2340055175,1
572,2,2340049404,0
573,1,2710090239,1
574,1,2540001477,1
574,2,2540000855,0
575,1,9991009086,1
576,1,2420022354,1
577,1,2710111895,1
577,2,2710091152,0
578,1,2710090507,1
579,1,2420032283,1
579,2,2420022976,0
580,1,2420024965,0
580,2,2420029105,1
581,1,2420027326,1
581,2,2420025673,0
582,1,2340048134,0
582,2,2340053651,1
583,1,2340050089,0
583,2,2340055906,1
584,1,2340048793,0
584,2,2340055788,1
585,1,2310000222,1
586,1,2410013995,1
587,1,2410013951,0
587,2,2410015672,1
588,1,2420021340,1
589,1,2340050163,0
589,2,2340055985,1
590,1,2340053132,1
590,2,2340048224,0
591,1,2340048820,0
591,2,2340055982,1
592,1,2710091733,0
592,2,2710113513,1
593,1,2420024464,0
593,2,2420027032,1
594,1,2340048425,0
594,2,2340052808,1
595,1,2420024660,0
595,2,2420030058,1
596,1,2800000878,0
596,2,2800000929,1
597,1,2410017382,1
597,2,2410014505,0
598,1,2480001004,1
598,2,2410012551,0
599,1,2420022225,1
600,1,2710090734,1
601,1,2420025240,0
601,2,2420029253,1
602,1,2710081030,0
602,2,2710099039,1
603,1,2710092489,0
603,2,2710107155,1
604,1,2340040266,0
604,2,2340058966,1
605,1,2610000417,0
605,2,2610000557,1
606,1,2340049072,0
606,2,2340053910,1
607,1,2710082015,0
607,2,2710100086,1
608,1,2410014860,1
609,1,2420023949,0
609,2,2420028459,1
610,1,2710090601,1
611,1,2710079813,0
611,2,2710099352,1
612,1,2340048102,0
612,2,2340053769,1
613,1,2420022440,1
614,1,2420028891,1
614,2,2420025560,0
615,1,2420024654,1
616,1,2310000334,1
616,2,2310000275,0
617,1,2710100716,1
617,2,2710082216,0
618,1,2340051107,1
619,1,2400000366,1
619,2,2400000343,0
620,1,2340054781,1
620,2,2340050263,0
621,1,2420029687,1
621,2,2420024676,0
622,1,2340050020,0
622,2,2340056197,1
623,1,2340040371,0
623,2,2340058925,1
624,1,2710091986,1
625,1,2340052401,1
625,2,2340048297,0
626,1,2390001768,0
626,2,2390002694,1
627,1,2710085257,0
627,2,2710100507,1
628,1,2710090085,1
629,1,2340041382,1
630,1,2710090677,0
630,2,2710111491,1
631,1,2410019144,1
631,2,2410014083,0
632,1,2340049890,1
633,1,2710090003,1
634,1,2710089973,1
635,1,2420022322,1
636,1,9991009079,1
637,1,2340049531,0
637,2,2340055614,1
638,1,2420029228,1
638,2,2420023917,0
639,1,2340052928,1
639,2,2340049741,0
640,1,2410014291,0
640,2,2410017761,1
641,1,2710094349,1
641,2,2710089193,0
642,1,2340054051,1
642,2,2340047747,0
643,1,2340053584,1
643,2,2340048688,0
644,1,2340049796,0
644,2,2340053048,1
645,1,2340055855,1
645,2,2340049549,0
646,1,2710086222,1
647,1,2710081860,0
647,2,2710100517,1
648,1,2410014116,0
648,2,2410017662,1
649,1,2420023940,0
649,2,2420028451,1
650,1,2410014507,1
651,1,2710093484,1
652,1,2410014311,0
652,2,2410015392,1
653,1,2410014313,0
653,2,2410015403,1
654,1,2340049646,0
654,2,2340056089,1
655,1,2420024496,0
655,2,2420029030,1
656,1,2710098250,1
656,2,2710080364,0
657,1,2710092614,1
658,1,2340050270,0
658,2,2340056437,1
659,1,2520000694,1
660,1,2420025205,0
660,2,2420028345,1
661,1,2710091565,1
662,1,2710097014,1
662,2,2710092299,0
663,1,2710081274,0
663,2,2710098521,1
664,1,2710089921,1
665,1,2410012418,0
665,2,2410015721,1
666,1,2340055516,1
667,1,2340049489,1
668,1,2340049631,0
668,2,2340056074,1
669,1,2710109282,1
669,2,2710086690,0
670,1,2420030043,1
670,2,2420024687,0
671,1,2710098594,1
671,2,2710081233,0
672,1,2710111957,1
672,2,2710090377,0
673,1,2420025068,0
673,2,2420026997,1
674,1,2340048394,0
674,2,2340052452,1
675,1,2710090643,1
676,1,2710092472,1
677,1,2710105639,1
678,1,2410014365,0
678,2,2410016817,1
679,1,2420022265,1
680,1,2390003146,1
680,2,2390002335,0
681,1,2420025371,0
681,2,2420027111,1
682,1,2710095659,1
683,1,2710090631,0
683,2,2710113688,1
684,1,2710087472,1
685,1,2710092581,1
686,1,2420028249,1
686,2,2420024825,0
687,1,2410011910,1
688,1,2420024995,0
688,2,2420027131,1
689,1,2710081146,0
689,2,2710100368,1
690,1,9991009074,1
691,1,2340047421,0
691,2,2340053512,1
692,1,2710079537,0
692,2,2710100912,1
693,1,2710090644,1
694,1,2340047856,0
694,2,2340053037,1
695,1,2410014124,0
695,2,2410015436,1
696,1,2710092090,1
697,1,9991009106,1
698,1,2410009979,1
699,1,2710086224,1
700,1,2710086247,0
700,2,2710094699,1
701,1,2420024161,0
701,2,2420026753,1
702,1,2710091530,1
703,1,2340047780,0
703,2,2340055732,1
704,1,2710096668,1
705,1,2710079289,1
706,1,2710077488,0
706,2,2710092809,1
707,1,2420021949,1
708,1,2420025031,0
708,2,2420029255,1
709,1,2410011855,1
710,1,2520000621,0
710,2,2520000862,1
711,1,2710112047,1
711,2,2710089925,0
712,1,2710090818,1
713,1,2340047890,0
713,2,2340053763,1
714,1,2420026688,1
714,2,2420024288,0
715,1,2710080965,0
715,2,2710097762,1
716,1,2710091382,1
717,1,2710093876,1
717,2,2710085196,0
718,1,2340048191,0
718,2,2340053520,1
719,1,2390002756,1
719,2,2390001583,0
720,1,2340049917,0
720,2,2340053286,1
721,1,2710079358,0
721,2,2710100270,1
722,1,2710079748,0
722,2,2710099141,1
723,1,2710111924,1
723,2,2710090502,0
724,1,2710113203,1
724,2,2710090627,0
725,1,2340058841,1
725,2,2340039443,0
726,1,2420024649,0
726,2,2420030075,1
727,1,2710112652,1
727,2,2710090556,0
728,1,2340055155,1
728,2,2340049397,0
729,1,2420026657,1
729,2,2420024199,0
730,1,2340048529,0
730,2,2340055388,1
731,1,2340047454,0
731,2,2340053653,1
732,1,2420022992,0
732,2,2420032312,1
733,1,2420023958,0
733,2,2420028464,1
734,1,2710090081,1
735,1,2340053503,1
735,2,2340047355,0
736,1,2420027181,1
736,2,2420024474,0
737,1,2710085666,0
737,2,2710094833,1
738,1,2230000020,0
738,2,2230000042,1
739,1,2760000043,0
739,2,2760000063,1
740,1,2710086986,1
741,1,2710101875,1
742,1,2710092568,0
742,2,2710097026,1
743,1,2420026518,1
743,2,2420024404,0
744,1,2420021558,0
744,2,2420029063,1
745,1,2340054069,1
745,2,2340047720,0
746,1,2410015338,1
747,1,2710100328,1
747,2,2710079381,0
748,1,2390002454,1
748,2,2390001677,0
749,1,2710091512,1
750,1,2410012183,0
750,2,2480001063,1
751,1,2410017956,1
751,2,2410014394,0
752,1,2420028814,1
752,2,2420025131,0
753,1,2710090437,1
754,1,2410012078,0
754,2,2410016692,1
755,1,2710090299,1
756,1,2400000333,0
756,2,2400000363,1
757,1,2340055241,1
757,2,2340048410,0
758,1,2340048960,0
758,2,2340053382,1
759,1,2340048219,0
759,2,2340053349,1
760,1,2710090243,1
761,1,2340047537,0
761,2,2340054088,1
762,1,2710091930,1
763,1,2340050108,0
763,2,2340054266,1
764,1,2420024661,0
764,2,2420029674,1
765,1,2710092740,1
766,1,2340048090,0
766,2,2340054017,1
767,1,2340055781,1
767,2,2340048791,0
768,1,2340053876,1
768,2,2340049063,0
769,1,2340053135,1
769,2,2340048861,0
770,1,2710092343,1
771,1,2420021235,1
772,1,2710095546,1
772,2,2710084635,0
773,1,2710101382,1
773,2,2710087047,0
774,1,2420021267,1
775,1,2420022430,1
776,1,2420026214,0
776,2,2420028782,1
777,1,2420024246,0
777,2,2420026586,1
778,1,2340048939,0
778,2,2340052307,1
779,1,2420029078,1
779,2,2420024497,0
780,1,2390002457,1
780,2,2390001706,0
781,1,2340056176,1
781,2,2340050015,0
782,1,2710091981,1
783,1,2340048176,0
783,2,2340050844,1
784,1,2710094221,1
785,1,2710099412,1
785,2,2710079726,0
786,1,2410011553,0
786,2,2410015730,1
787,1,2410014862,1
788,1,2420022268,1
789,1,2710086548,0
789,2,2710109629,1
790,1,2340049108,0
790,2,2340054206,1
791,1,2710113325,1
791,2,2710091970,0
792,1,2420024555,0
792,2,2420028298,1
793,1,2710091470,1
794,1,2420023901,0
794,2,2420029242,1
795,1,2420029237,1
795,2,2420023909,0
796,1,2710082198,0
796,2,2710100878,1
797,1,2340047740,0
797,2,2340055248,1
798,1,2340048184,0
798,2,2340053569,1
799,1,2710098474,1
799,2,2710081294,0
800,1,2710081811,0
800,2,2710101162,1
801,1,2420022435,1
802,1,2400000332,0
802,2,2400000400,1
803,1,2610000485,1
804,1,2710089950,1
805,1,2710080967,0
805,2,2710097637,1
806,1,2340048734,0
806,2,2340052479,1
807,1,2420025072,0
807,2,2420027070,1
808,1,2710096760,1
809,1,2710095549,1
809,2,2710084630,0
810,1,2710089641,1
811,1,2410016330,1
811,2,2410012077,0
812,1,2710111382,1
812,2,2710091907,0
813,1,2340048505,0
813,2,2340055221,1
814,1,2340048975,0
814,2,2340053401,1
815,1,2710097408,1
815,2,2710081055,0
816,1,2610000445,0
816,2,2610000531,1
817,1,2410016888,1
817,2,2410011640,0
818,1,2610000443,0
818,2,2610000507,1
819,1,2050001423,0
819,2,2050001524,1
820,1,2410014215,0
820,2,2410016123,1
821,1,2410017690,1
821,2,2410012119,0
822,1,2610000553,1
822,2,2610000420,0
823,1,2710095660,1
824,1,9991009100,1
825,1,2410013839,1
826,1,2410014008,1
827,1,2390002208,0
827,2,2390003378,1
828,1,2710090787,0
828,2,2710112262,1
829,1,2420022398,1
830,1,2420024494,0
830,2,2420028921,1
831,1,2340049239,0
831,2,2340054619,1
832,1,2340047816,0
832,2,2340054495,1
833,1,2420024095,0
833,2,2420029116,1
834,1,9991009120,1
835,1,2710097891,1
835,2,2710079713,0
836,1,2710090307,1
837,1,2710090650,1
838,1,2340048866,0
838,2,2340056020,1
839,1,2410013841,1
840,1,2710091559,1
841,1,2710090645,1
842,1,2710111492,1
842,2,2710090776,0
843,1,2710080952,0
843,2,2710097754,1
844,1,2710094093,1
845,1,2710112026,1
845,2,2710090119,0
846,1,2710090680,1
847,1,2420024048,0
847,2,2420028790,1
848,1,2410016506,1
848,2,2410013989,0
849,1,2480001369,1
849,2,2480000875,0
850,1,2480000876,1
851,1,2480001370,1
852,1,2480000874,0
852,2,2480001371,1
853,1,2480001403,1
854,1,2710086356,0
854,2,2710096574,1
855,1,2710111891,1
855,2,2710090521,0
856,1,2710085484,0
856,2,2710093364,1
857,1,2710090264,1
858,1,2320000413,1
858,2,9991009067,0
859,1,2410014398,0
859,2,2410018120,1
860,1,2410017957,1
860,2,2410014395,0
861,1,2610000451,0
861,2,2610000576,1
862,1,2710090270,1
863,1,2710094775,1
863,2,2710089519,0
864,1,2710096024,1
864,2,2710089496,0
865,1,2800000940,1
865,2,2800000881,0
866,1,2340053456,1
866,2,2340049038,0
867,1,2710090261,1
868,1,2420021407,0
868,2,2420029984,1
869,1,2340048235,0
869,2,2340050918,1
870,1,2340048833,0
870,2,2340055994,1
871,1,2710113470,1
871,2,2710090602,0
872,1,2420023927,0
872,2,2420027013,1
873,1,2410014377,0
873,2,2410016383,1
874,1,2410016414,1
874,2,2410014379,0
875,1,2710089007,0
875,2,2710096101,1
876,1,2710095078,0
876,2,2710095181,0
876,3,2710112775,0
876,4,2710112890,1
877,1,2390003108,1
877,2,2390001952,0
878,1,2390001708,0
878,2,2390002458,1
879,1,2540000837,0
879,2,2540001269,1
880,1,2710088964,0
880,2,2710096052,1
881,1,2520000769,1
882,1,2420027867,1
882,2,2420024081,0
883,1,2710092324,0
883,2,2710095908,1
884,1,2420024096,0
884,2,2420026991,1
885,1,2310000384,1
885,2,2310000280,0
886,1,2310000271,0
886,2,2310000335,1
887,1,2340047208,0
887,2,2340052945,1
888,1,2340047909,0
888,2,2340052996,1
889,1,2710086559,1
890,1,2710092777,0
890,2,2710109422,1
891,1,2710112215,1
891,2,2710090266,0
892,1,2710095105,0
892,2,2710095209,1
893,1,2610000467,1
894,1,2710089507,0
894,2,2710094350,1
895,1,2710111341,1
895,2,2710090468,0
896,1,2340047487,0
896,2,2340053613,1
897,1,2340055414,1
897,2,2340048538,0
898,1,2420024308,0
898,2,2420026575,1
899,1,2710080557,0
899,2,2710099426,1
900,1,2480000846,0
900,2,2480000940,1
901,1,2710095720,1
901,2,2710091989,0
902,1,2340040021,1
903,1,2710097113,1
903,2,2710079287,0
904,1,2710112662,1
904,2,2710090098,0
905,1,2710092290,0
905,2,2710107192,1
906,1,2420028819,1
906,2,2420025525,0
907,1,2390001751,0
907,2,2390002606,1
908,1,2710081405,0
908,2,2710098272,1
909,1,2710092007,1
910,1,2340041181,0
910,2,2340058806,1
911,1,2420030083,1
912,1,2420024643,1
913,1,2710097394,1
913,2,2710079687,0
914,1,2710090819,0
914,2,2710112064,1
915,1,2710086273,1
916,1,2710090441,1
917,1,9991009077,1
918,1,2420028954,1
918,2,2420024499,0
919,1,2420024342,0
919,2,2420026625,1
920,1,2410016491,1
920,2,2410011921,0
921,1,2420022367,1
922,1,2710089510,0
922,2,2710097057,1
923,1,2710085331,1
924,1,2340050052,0
924,2,2340053683,1
925,1,2310000343,1
925,2,2310000223,0
926,1,2610000432,0
926,2,2610000519,1
927,1,2610000487,1
928,1,2340046453,1
929,1,2340049935,0
929,2,2340053802,1
930,1,2410019297,1
930,2,2410013709,0
931,1,2340050237,1
932,1,2340052547,1
933,1,2420021331,1
934,1,2710099202,1
934,2,2710079679,0
935,1,2710091518,1
936,1,2340053378,1
936,2,2340048213,0
937,1,2390003328,1
937,2,2390002224,0
938,1,2710098583,1
938,2,2710081242,0
939,1,2410014119,0
939,2,2410015464,1
940,1,2340048470,0
940,2,2340055042,1
941,1,2420025009,0
941,2,2420027279,1
942,1,2710085377,0
942,2,2710093539,1
943,1,2410013899,0
943,2,2410016027,1
944,1,2410011176,1
945,1,2410010225,1
946,1,2420027952,1
946,2,2420021786,0
947,1,2710090424,1
948,1,9991009089,1
949,1,2420025067,0
949,2,2420027067,1
950,1,2410016811,1
950,2,2410012299,0
951,1,2410012214,0
951,2,2410016789,1
952,1,2410011487,1
953,1,2420021573,0
953,2,2420029471,1
954,1,2410011035,1
955,1,2420027124,1
955,2,2420025057,0
956,1,2710089914,1
957,1,2340055605,1
957,2,2340049528,0
958,1,2420021637,0
958,2,2420027971,1
959,1,2710090474,1
960,1,2420027913,1
960,2,2420024034,0
961,1,2710081166,1
962,1,2710101109,1
963,1,2420021969,1
964,1,2710098466,1
964,2,2710081295,0
965,1,2710090553,1
966,1,2710090462,1
967,1,2710089509,0
967,2,2710096889,1
968,1,2710111359,1
968,2,2710089946,0
969,1,2710084626,0
969,2,2710095550,1
970,1,2340049165,0
970,2,2340054369,1
971,1,2710079668,0
971,2,2710098119,1
972,1,2710079667,0
972,2,2710099052,1
973,1,2710096759,1
974,1,2710099072,1
974,2,2710081014,0
975,1,2710094842,1
975,2,2710086629,0
976,1,2420023108,1
977,1,2410014303,0
977,2,2410015565,1
978,1,2410015564,1
978,2,2410014304,0
979,1,2410015563,1
979,2,2410014305,0
980,1,2410014306,0
980,2,2410015562,1
981,1,2710111424,1
981,2,2710090817,0
982,1,2420027310,1
982,2,2420025383,0
983,1,2710089936,1
984,1,2420027353,1
985,1,2420026184,1
986,1,2710092328,1
987,1,2710089155,0
987,2,2710094778,1
988,1,2410015422,1
988,2,2410014085,0
989,1,2420024899,1
990,1,2340054134,1
990,2,2340050162,0
991,1,2340052789,1
991,2,2340047007,0
992,1,2480001090,1
993,1,2610000470,1
994,1,2710089922,1
995,1,2710100535,1
996,1,2420021634,0
996,2,2420027417,1
997,1,2710095371,1
998,1,2420024948,0
998,2,2420028479,1
999,1,2410015791,1
999,2,2410012036,0
1000,1,2710096499,1
1000,2,2710086167,0
1001,1,2340037901,1
1002,1,2610000475,0
1002,2,2610000595,1
1003,1,2710092601,1
1004,1,2710090477,0
1004,2,2710113529,1
1005,1,2710091916,0
1005,2,2710093099,1
1006,1,2420025592,0
1006,2,2420029095,1
1007,1,2710098101,1
1007,2,2710081051,0
1008,1,2420022256,1
1009,1,2710090640,1
1010,1,9991009080,1
1011,1,2420024266,0
1011,2,2420026747,1
1012,1,2710099304,1
1012,2,2710080959,0
1013,1,2420024480,0
1013,2,2420028977,1
1014,1,2710093979,1
1014,2,2710088966,0
1015,1,2420022613,0
1015,2,2420027099,1
1016,1,2710089557,0
1016,2,2710095519,1
1017,1,2410012189,0
1017,2,2410016772,1
1018,1,2420021928,1
1019,1,2340047161,0
1019,2,2340052992,1
1020,1,2420025465,0
1020,2,2420028845,1
1021,1,2710084632,0
1021,2,2710095545,1
1022,1,2420025446,0
1022,2,2420028680,1
1023,1,2410014129,0
1023,2,2410019075,1
1024,1,2340048919,1
1025,1,2710085197,0
1025,2,2710093878,1
1026,1,2710081384,0
1026,2,2710098968,1
1027,1,2710099325,1
1027,2,2710080966,0
1028,1,2710112085,1
1028,2,2710092252,0
1029,1,2410016150,1
1029,2,2410014062,0
1030,1,2420022025,1
1031,1,2420026321,0
1031,2,2420029481,1
1032,1,2410014160,0
1032,2,2410017287,1
1033,1,2420022290,1
1034,1,2410015618,1
1034,2,2410012302,0
1035,1,2710086334,0
1035,2,2710096187,1
1036,1,2710083835,0
1036,2,2710094129,1
1037,1,2400000336,0
1037,2,2400000381,1
1038,1,2400000340,0
1038,2,2400000405,1
1039,1,2400000351,0
1039,2,2400000408,1
1040,1,2400000359,0
1040,2,2400000370,1
1041,1,2400000369,1
1041,2,2400000352,0
1042,1,2400000354,0
1042,2,2400000374,1
1043,1,2400000375,1
1043,2,2400000350,0
1044,1,2410011919,1
1045,1,2420002880,1
1046,1,2710004349,1
1047,1,2710085432,1
1048,1,2710087129,1
1049,1,2710061750,1
1050,1,2100000403,1
1051,1,2420029484,1
1051,2,2420016155,0
1052,1,2420002589,1
1053,1,2710102578,1
1053,2,2710086344,0
1053,3,2710004828,0
1054,1,2420003345,0
1054,2,2420019482,1
1055,1,2410018341,1
1055,2,2410009871,0
1056,1,2410001161,1
1057,1,2340043879,1
1058,1,2340002184,1
1059,1,2710083906,1
1060,1,2710003716,1
1061,1,2420002885,1
1062,1,2420015442,1
1062,2,2420014376,0
1063,1,2480000993,1
1063,2,2410011688,0
1064,1,2410006996,1
1065,1,2530000047,1
1066,1,2530000009,1
1067,1,2420029401,1
1067,2,2420003221,0
1067,3,2420020983,0
1068,1,2410000588,1
1069,1,2410016798,1
1069,2,2410010883,0
1070,1,2710095634,1
1070,2,2710017849,0
1070,3,2710069548,0
1071,1,2410000757,1
1072,1,2410009604,0
1072,2,2410016794,1
1073,1,2410016313,1
1074,1,2410002291,1
1075,1,2710070186,0
1075,2,2710094369,1
1075,3,2710078756,0
1076,1,2340057510,1
1076,2,2340040946,0
1077,1,2340002314,1
1078,1,2420014469,1
1079,1,2420015456,1
1080,1,2480000271,0
1080,2,2480001069,1
1080,3,2480000439,0
1081,1,2800000504,1
1082,1,2420022672,0
1082,2,2420028527,1
1083,1,2420015315,1
1084,1,2410019135,1
1084,2,2410011108,0
1085,1,2410006433,1
1086,1,2710005090,0
1086,2,2710084685,1
1087,1,2420018496,0
1087,2,2420027239,1
1088,1,2420015205,1
1089,1,2710082869,0
1089,2,2710101594,1
1090,1,2710024035,1
1091,1,2710082517,0
1091,2,2710102309,1
1092,1,2710005744,1
1093,1,2710094958,1
1093,2,2710085208,0
1094,1,2710018094,1
1095,1,2480000402,1
1096,1,2480000284,1
1097,1,2710017893,1
1098,1,2710097076,1
1098,2,2710070253,0
1099,1,2710083555,0
1099,2,2710108328,1
1099,3,2710005370,0
1100,1,2710093261,1
1101,1,2370000317,0
1101,2,2370000359,1
1101,3,2370000111,0
1102,1,2420002766,1
1103,1,2710069824,1
1104,1,2520000886,1
1104,2,2520000251,0
1104,3,2520000489,0
1105,1,2340043035,0
1105,2,2340057486,1
1106,1,2340005105,1
1107,1,2420023463,1
1108,1,2420006218,1
1109,1,2420023625,0
1109,2,2420030208,1
1110,1,2420005247,1
1111,1,2050000790,1
1112,1,2710089297,1
1113,1,2710019724,1
1114,1,2710069009,0
1114,2,2710017825,0
1114,3,2710096606,1
1115,1,2710097120,1
1115,2,2710078559,0
1116,1,2710006477,1
1117,1,2410012030,0
1117,2,2410018495,1
1118,1,2410005151,1
1119,1,2420027247,1
1119,2,2420015138,0
1120,1,2340044861,0
1120,2,2340053279,1
1121,1,2340010108,1
1122,1,2710085831,0
1122,2,2710108759,1
1123,1,2710004066,1
1124,1,2710033177,1
1125,1,2420022900,1
1126,1,2420018139,1
1127,1,2340043853,1
1128,1,2340002096,1
1129,1,2420015446,1
1130,1,2420005500,1
1131,1,2340045856,1
1132,1,2340012523,1
1133,1,2340045759,1
1134,1,2340011740,1
1135,1,2710102218,1
1135,2,2710085543,0
1136,1,2710004177,1
1137,1,2420015203,1
1138,1,2420021809,0
1138,2,2420027096,1
1139,1,2420016161,0
1139,2,2420029369,1
1139,3,2420014298,0
1140,1,9991008848,1
1141,1,2710004925,1
1142,1,2710109075,1
1142,2,2710084286,0
1143,1,2390001325,1
1144,1,2390000640,1
1145,1,2710005292,1
1146,1,2710084002,0
1146,2,2710108193,1
1147,1,2420027722,1
1148,1,2420013886,0
1148,2,2420021156,1
1149,1,2710109833,1
1150,1,2710086187,1
1150,2,2710005049,0
1151,1,2410010288,0
1151,2,2410002923,0
1151,3,2410015857,1
1152,1,2420029866,1
1152,2,2420019475,0
1153,1,2420005342,1
1154,1,2420030491,1
1154,2,2420020121,0
1155,1,2420002782,1
1156,1,2410015924,1
1156,2,2410010549,0
1157,1,2410006500,1
1158,1,2710018091,1
1159,1,2710036472,1
1160,1,2710085780,0
1160,2,2710102149,1
1161,1,2710005777,1
1162,1,2710068884,0
1162,2,2710093870,1
1162,3,2710008293,0
1163,1,2340043886,1
1163,2,2340002048,0
1164,1,2340010454,1
1165,1,2420029424,1
1165,2,2420020618,0
1166,1,2420004910,1
1167,1,2710112282,1
1167,2,2710084586,0
1168,1,2710005663,1
1169,1,2420006411,1
1170,1,2420030355,1
1170,2,2420021509,0
1171,1,2420022497,0
1171,2,2420006062,0
1171,3,2420027804,1
1172,1,2420014858,1
1173,1,2420017396,0
1173,2,2420029374,1
1174,1,2420014766,1
1175,1,2420010625,1
1176,1,2410015366,1
1176,2,2410008240,0
1177,1,2710085057,1
1178,1,2710005011,1
1179,1,2710078043,1
1180,1,2710008438,1
1181,1,2710093733,1
1181,2,2710068704,0
1182,1,2410011685,0
1182,2,2410002528,0
1182,3,2410018085,1
1183,1,2710088214,0
1183,2,2710102662,1
1184,1,2710005508,1
1185,1,2710094316,1
1185,2,2710033815,0
1186,1,2710006812,1
1187,1,2710108457,1
1187,2,2710008963,0
1187,3,2710083217,0
1188,1,2420017415,1
1189,1,2420006234,1
1190,1,2710109751,1
1190,2,2710083538,0
1191,1,2710003695,1
1192,1,2420014593,1
1193,1,2420019452,1
1194,1,2340012162,1
1195,1,2340044391,1
1196,1,2420014205,1
1197,1,2420023855,1
1198,1,2410010119,0
1198,2,2410017272,1
1199,1,2410002850,1
1200,1,2710094682,1
1201,1,2710108827,1
1201,2,2710084250,0
1202,1,2710005567,1
1203,1,2340057610,1
1203,2,2340041441,0
1204,1,2340007732,1
1205,1,2710100600,1
1205,2,2710006487,0
1205,3,2710070135,0
1206,1,2410002780,1
1207,1,2410011514,0
1207,2,2410018083,1
1208,1,2710084076,0
1208,2,2710113308,1
1209,1,2710004134,1
1210,1,2340002130,1
1211,1,2340043860,1
1212,1,2340012320,1
1213,1,2340045850,1
1214,1,2610000202,0
1214,2,2610000359,0
1214,3,2610000598,1
1215,1,2710018959,0
1215,2,2710089058,1
1216,1,2340052357,1
1216,2,2340044940,0
1217,1,2340010745,1
1218,1,2480001072,1
1218,2,2480000393,0
1219,1,2480000278,1
1220,1,2710006457,1
1221,1,2710074972,1
1222,1,2410015920,1
1222,2,2410010574,0
1223,1,2410002972,1
1224,1,2610000184,1
1225,1,2420029605,1
1226,1,2420014874,1
1227,1,2410006545,1
1228,1,2410017160,1
1228,2,2410010303,0
1229,1,2420018242,1
1230,1,2420005632,1
1231,1,2420002877,1
1232,1,2420002709,1
1233,1,2340038571,0
1233,2,2340057918,1
1234,1,2340009310,1
1235,1,2390002455,1
1236,1,2710083743,1
1237,1,2710003901,1
1238,1,2800000131,0
1238,2,2410011745,0
1238,3,2410017062,1
1239,1,2420015143,1
1240,1,2420018183,0
1240,2,2420027235,1
1241,1,9991008850,1
1242,1,2420022564,0
1242,2,2420027173,1
1243,1,2420003368,1
1244,1,2410016519,1
1244,2,2410011800,0
1245,1,2410002467,1
1246,1,2340044485,1
1247,1,2340010740,1
1248,1,2420022652,1
1249,1,2420005562,1
1250,1,2710107806,1
1250,2,2710084039,0
1250,3,2710005673,0
1251,1,2410005034,1
1252,1,2410010274,0
1252,2,2410016882,1
1253,1,2710111524,1
1254,1,2710006583,1
1255,1,2370000100,1
1256,1,2370000341,0
1256,2,2370000404,1
1257,1,2420017590,0
1257,2,2420015183,0
1257,3,2420027253,1
1258,1,2420029423,1
1258,2,2420020338,0
1259,1,2420004912,1
1260,1,2710086055,0
1260,2,2710102630,1
1261,1,2710005032,1
1262,1,2340012212,1
1263,1,2340035222,0
1263,2,2340054028,1
1264,1,2410010421,0
1264,2,2410017514,1
1264,3,2410005035,0
1265,1,2420015967,0
1265,2,2420014753,0
1265,3,2420027994,1
1266,1,2410005893,1
1267,1,2410018117,1
1267,2,2410012124,0
1268,1,2410008184,1
1269,1,2420015498,1
1270,1,2710083441,0
1270,2,2710107782,1
1271,1,2710005980,1
1272,1,2420016208,0
1272,2,2420029438,1
1273,1,2420005450,1
1274,1,2710019373,0
1274,2,2710068534,1
1275,1,2710111682,1
1275,2,2710084145,0
1276,1,2710004395,1
1277,1,2710036699,0
1277,2,2710096055,1
1278,1,2710008908,1
1279,1,2410016610,1
1279,2,2410010253,0
1280,1,2410002292,1
1281,1,2420016075,0
1281,2,2420028154,1
1282,1,2420015039,1
1283,1,2420014062,1
1284,1,2420019998,1
1285,1,2710008817,1
1286,1,2710093278,1
1286,2,2710042051,0
1287,1,2420013976,1
1288,1,2420015926,1
1289,1,2710084290,0
1289,2,2710108721,1
1290,1,2710003961,1
1291,1,2340012462,1
1292,1,2340054335,1
1292,2,2340035755,0
1293,1,2420021748,1
1294,1,2420013969,1
1295,1,2410009996,0
1295,2,2410016405,1
1296,1,2410005579,1
1297,1,2420013926,1
1298,1,2420017301,1
1299,1,2420014803,0
1299,2,2420024856,0
1299,3,2420032449,1
1300,1,2420015595,1
1300,2,2420003329,0
1301,1,2410010547,0
1301,2,2410019474,1
1302,1,2410000168,1
1303,1,2420029651,0
1303,2,2420014824,0
1303,3,2420032535,1
1304,1,2340045892,1
1305,1,2340011969,1
1306,1,2410010706,0
1306,2,2410016340,1
1307,1,2410002435,1
1308,1,2340046026,1
1309,1,2340012937,1
1310,1,2410009677,0
1310,2,2410015741,1
1310,3,2410002898,0
1311,1,2710111672,1
1311,2,2710089298,0
1312,1,2710018872,1
1313,1,2420023425,1
1314,1,2420005686,1
1315,1,2420002696,1
1316,1,2420002876,1
1317,1,2710109245,1
1317,2,2710084082,0
1318,1,2710005224,1
1319,1,2340036167,1
1320,1,2340012267,1
1321,1,2710005653,1
1322,1,2710084177,0
1322,2,2710108893,1
1323,1,2340044703,0
1323,2,2340054131,1
1324,1,2340010700,1
1325,1,2340045879,1
1326,1,2340011965,1
1327,1,2420014055,1
1328,1,2420022470,1
1329,1,2400000014,1
1330,1,2400000280,1
1331,1,2710102510,1
1331,2,2710082956,0
1332,1,2710004605,1
1333,1,2400000599,1
1334,1,2400000167,1
1334,2,2400000038,0
1335,1,2540000700,0
1335,2,2540001279,1
1336,1,2540000251,1
1337,1,2410000925,0
1337,2,2410011197,0
1337,3,2410016700,1
1338,1,2710109853,1
1338,2,2710085122,0
1338,3,2710004770,0
1339,1,2410017344,1
1339,2,2410012468,0
1340,1,2410005894,1
1341,1,2410018118,1
1341,2,2410011874,0
1342,1,2410005895,1
1343,1,2710004947,1
1344,1,2710084270,0
1344,2,2710107916,1
1345,1,9991008849,1
1346,1,2340045626,1
1347,1,2340012273,1
1348,1,2710003844,1
1349,1,2710102179,1
1349,2,2710088305,0
1350,1,2410000914,1
1351,1,2710042159,0
1351,2,2710008968,0
1351,3,2710095256,1
1352,1,2340001966,1
1353,1,2340044030,1
1354,1,2710108809,1
1354,2,2710005895,0
1354,3,2710085532,0
1355,1,2710082542,0
1355,2,2710102641,1
1356,1,2710005563,1
1357,1,2420023457,1
1357,2,2420014355,0
1358,1,2340054305,1
1358,2,2340037541,0
1359,1,2340010240,1
1360,1,2710035727,1
1361,1,2400000005,1
1362,1,2400000162,1
1363,1,2310000130,0
1363,2,2310000290,1
1364,1,2710093254,1
1364,2,2710076410,0
1365,1,2710006675,1
1366,1,2410009689,0
1366,2,2410016226,1
1367,1,2410002403,1
1368,1,2410016970,1
1368,2,2410010575,0
1369,1,2410005025,1
1370,1,2800000139,1
1371,1,2410017059,1
1371,2,2410011744,0
1372,1,2100000062,1
1373,1,2710089416,1
1374,1,2710019718,1
1375,1,2710109465,1
1375,2,2710085040,0
1376,1,2710005801,1
1377,1,2410008138,1
1378,1,2340045781,1
1379,1,2340012304,1
1380,1,2710108119,1
1380,2,2710083700,0
1381,1,2710003644,1
1382,1,2340035832,0
1382,2,2340053929,1
1383,1,2340009943,1
1384,1,2340044149,1
1385,1,2340001823,1
1386,1,2710094410,1
1386,2,2710008849,0
1386,3,2710079613,0
1387,1,2420006125,0
1387,2,2420021913,1
1388,1,2420005146,1
1389,1,2420019712,0
1389,2,2420027161,1
1390,1,2310000192,1
1390,2,2310000054,0
1391,1,2420005498,0
1391,2,2420021145,1
1392,1,2530000052,1
1392,2,2530000029,0
1393,1,2530000019,1
1394,1,2710109006,1
1394,2,2710088604,0
1395,1,2710018070,1
1396,1,2800000015,1
1397,1,2480001055,1
1397,2,2410000717,0
1397,3,2410010382,0
1398,1,2410015942,1
1398,2,2410007446,0
1399,1,2410005308,1
1400,1,2420027762,1
1400,2,2420016263,0
1401,1,2420013864,1
1402,1,2340012429,0
1402,2,2340035109,1
1403,1,2710084887,0
1403,2,2710107396,1
1404,1,2710003821,1
1405,1,2710006607,1
1406,1,2710019068,1
1407,1,2710089064,1
1408,1,2410010541,0
1408,2,2410005279,0
1408,3,2410015956,1
1409,1,2410018197,1
1409,2,2410009752,0
1410,1,2410002447,1
1411,1,2410017479,1
1411,2,2410009753,0
1411,3,2410002450,0
1412,1,2410017309,1
1412,2,2410010211,0
1413,1,2410002438,1
1414,1,2410018616,1
1414,2,2410012060,0
1415,1,2410000559,1
1416,1,2710068832,1
1416,2,2710018553,0
1417,1,2340002057,1
1418,1,2340043847,1
1419,1,2420003078,1
1420,1,2420014579,1
1421,1,2420023399,1
1422,1,2340045667,1
1423,1,2340012154,1
1424,1,2410011863,0
1424,2,2410018767,1
1424,3,2410002844,0
1425,1,2420015832,1
1426,1,2420005862,1
1427,1,2400000261,0
1427,2,2400000493,1
1428,1,2420030289,1
1429,1,2420017933,1
1429,2,2420011154,0
1430,1,2410005313,1
1431,1,2410012108,0
1431,2,2410018154,1
1432,1,2420002852,1
1433,1,2540001184,1
1434,1,2610000264,0
1434,2,2610000509,1
1435,1,2610000206,1
1436,1,2410007167,0
1436,2,2410011205,0
1436,3,2410017111,1
1437,1,2420004953,1
1438,1,2420015670,0
1438,2,2420027575,1
1439,1,2420003354,0
1439,2,2420029101,1
1439,3,2420018184,0
1440,1,2420019423,0
1440,2,2420027040,1
1441,1,2420005327,1
1442,1,2420005835,1
1443,1,2420021383,1
1444,1,2710004300,0
1444,2,2710111510,1
1444,3,2710083641,0
1445,1,2420017659,1
1446,1,2420015308,1
1447,1,2420028539,1
1448,1,2710108841,1
1448,2,2710084429,0
1449,1,2710005339,1
1450,1,2710019049,1
1451,1,2710110379,1
1451,2,2710082190,0
1452,1,2710003704,1
1453,1,2710007173,1
1454,1,2710093265,1
1454,2,2710081643,0
1455,1,2710036487,1
1456,1,2710093072,1
1457,1,2710008225,1
1458,1,2340044249,0
1458,2,2340054445,1
1459,1,2340011798,1
1460,1,2480000456,0
1460,2,2480001340,1
1460,3,2480000276,0
1461,1,2420002720,1
1462,1,2420021402,0
1462,2,2420029840,1
1463,1,2420002948,1
1464,1,2420022623,1
1464,2,2420014270,0
1465,1,2710095896,1
1465,2,2710065631,0
1466,1,2710019395,1
1467,1,2410019402,1
1467,2,2410010548,0
1468,1,2410000735,1
1469,1,2420003043,1
1470,1,2480000819,1
1471,1,2710108909,1
1471,2,2710088621,0
1472,1,2710018177,1
1473,1,2710088701,0
1473,2,2710108863,1
1474,1,2710018112,1
1475,1,2710084262,0
1475,2,2710108945,1
1476,1,2710004268,1
1477,1,2420019505,0
1477,2,2420029893,1
1478,1,2420006613,1
1479,1,2420019602,1
1480,1,2420013931,1
1481,1,2340025009,1
1482,1,2340040673,0
1482,2,2340058497,1
1483,1,2410018212,1
1483,2,2410010442,0
1483,3,2410005305,0
1484,1,2420019752,0
1484,2,2420029200,1
1485,1,2420005435,1
1486,1,2410011996,0
1486,2,2410016396,1
1487,1,2410005079,1
1488,1,2420002754,1
1489,1,2340044131,1
1490,1,2340001830,1
1491,1,2340043914,1
1492,1,2340002168,1
1493,1,2710083975,0
1493,2,2710108810,1
1494,1,2710004372,1
1495,1,2710024060,0
1495,2,2710060774,1
1496,1,2420029967,1
1496,2,2420010640,0
1496,3,2420031027,0
1497,1,2410018214,1
1497,2,2410011795,0
1498,1,2410006960,1
1499,1,9991008942,1
1500,1,2710004464,1
1501,1,2710086095,0
1501,2,2710102518,1
1502,1,2420015117,1
1503,1,2420023217,1
1504,1,2420027928,1
1505,1,2420017477,1
1506,1,2420006144,1
1507,1,2710107430,1
1508,1,2710005403,0
1508,2,2710083142,1
1509,1,2710003706,0
1509,2,2710084048,1
1510,1,2710111205,1
1510,2,2710084574,0
1511,1,2710004098,1
1512,1,2420015272,1
1513,1,2420017427,0
1513,2,2420028571,1
1514,1,2420014550,0
1514,2,2420023299,1
1515,1,2710006115,1
1516,1,2710109746,1
1516,2,2710084308,0
1517,1,2710003950,1
1518,1,2520000260,1
1519,1,2400000187,1
1520,1,2710083800,0
1520,2,2710110635,1
1521,1,2710003862,1
1522,1,2420023233,0
1522,2,2420005008,0
1522,3,2420027513,1
1523,1,2710110169,1
1523,2,2710084801,0
1524,1,2710005966,1
1525,1,2410002414,0
1525,2,2410017230,1
1526,1,2410019153,1
1527,1,2710102312,1
1527,2,2710087080,0
1528,1,2710005850,1
1529,1,2710069171,0
1529,2,2710096218,1
1530,1,2710018401,1
1531,1,2420029536,1
1532,1,2420014865,1
1533,1,2710084707,1
1534,1,2710111464,1
1535,1,2710004357,1
1536,1,2420020781,1
1537,1,2420013936,1
1538,1,2410019403,1
1539,1,2410005199,1
1540,1,2410011243,0
1540,2,2410015921,1
1541,1,2710008819,0
1541,2,2710080338,1
1542,1,9991008966,1
1543,1,2410012203,0
1543,2,2410017314,1
1544,1,2410000966,1
1545,1,2410005280,0
1545,2,2410010646,0
1545,3,2410015955,1
1546,1,2710006199,1
1547,1,2710018107,1
1548,1,2710082142,1
1549,1,2420005646,0
1549,2,2420017255,1
1550,1,2710033187,1
1551,1,2710004256,1
1552,1,2710082541,0
1552,2,2710107126,1
1553,1,2340037636,1
1553,2,2340012648,0
1554,1,2320000047,0
1554,2,2320000407,1
1554,3,2320000020,0
1555,1,2710112368,1
1555,2,2710089313,0
1556,1,2710018901,1
1557,1,2420005766,1
1558,1,2420017450,1
1559,1,2710006198,1
1560,1,2400000062,1
1561,1,2400000011,1
1562,1,2410018809,1
1562,2,2410011273,0
1563,1,2410005057,1
1564,1,2340043629,0
1564,2,2340054860,1
1565,1,2340010507,1
1566,1,2410017319,1
1566,2,2410000793,0
1566,3,2410009913,0
1567,1,2410018458,1
1567,2,2410011915,0
1568,1,2410002616,1
1569,1,2420006625,0
1569,2,2420016778,0
1569,3,2420030886,1
1570,1,2710003963,1
1571,1,2710084570,1
1572,1,2420006361,0
1572,2,2420020710,0
1572,3,2420029319,1
1573,1,2710089114,0
1573,2,2710111665,1
1574,1,2710018902,1
1575,1,2710110166,1
1575,2,2710004379,0
1575,3,2710082626,0
1576,1,2420002835,1
1577,1,2340010570,1
1578,1,2340054976,1
1578,2,2340037813,0
1579,1,2710005485,1
1580,1,2710083654,1
1581,1,2070000162,1
1582,1,2070000153,1
1583,1,2340037413,1
1584,1,2340010672,1
1585,1,2420019350,0
1585,2,2420006332,0
1585,3,2420029349,1
1586,1,2340012832,0
1586,2,2340051136,1
1586,3,2340037041,0
1587,1,2710068705,0
1587,2,2710094357,1
1587,3,2710008807,0
1588,1,2710109255,1
1588,2,2710004394,0
1588,3,2710085407,0
1589,1,2340010299,1
1590,1,2390001371,1
1591,1,2390000645,1
1592,1,2710024127,0
1592,2,2710060771,1
1593,1,2710083331,0
1593,2,2710107804,1
1594,1,2710005179,1
1595,1,9991008947,1
1596,1,2420031029,0
1596,2,2420012047,0
1596,3,2420029948,1
1597,1,2420014163,1
1598,1,2420017253,1
1599,1,2410010636,0
1599,2,2410016213,1
1600,1,2410002927,1
1601,1,2420003063,1
1602,1,2340010697,1
1603,1,2340044691,0
1603,2,2340054157,1
1604,1,2710085096,0
1604,2,2710109134,1
1605,1,2710004235,1
1606,1,2340037271,0
1606,2,2340054443,1
1607,1,2340011794,1
1608,1,2710005296,1
1609,1,2710084988,1
1610,1,2610000384,1
1611,1,2610000617,1
1612,1,2610000212,1
1613,1,2710060983,1
1613,2,2710006314,0
1614,1,2420028033,1
1614,2,2420015078,0
1614,3,2420015379,0
1615,1,2420020240,0
1615,2,2420029344,1
1616,1,2420006336,1
1617,1,2710096465,1
1618,1,2710068335,1
1619,1,2710017921,1
1620,1,2340009539,1
1621,1,2410018839,1
1621,2,2410002633,0
1621,3,2410009994,0
1622,1,2710093258,1
1622,2,2710036598,0
1623,1,2710007174,1
1624,1,2340010629,1
1625,1,2340044884,1
1626,1,2710006735,1
1627,1,2710094413,1
1627,2,2710081501,0
1628,1,2710069534,1
1629,1,2410017181,1
1629,2,2410000776,0
1629,3,2410011179,0
1630,1,2420032272,1
1630,2,2420029632,0
1631,1,2420013640,1
1632,1,2710060629,0
1632,2,2710060722,1
1633,1,2710003629,1
1634,1,2710085070,1
1635,1,2420017307,1
1636,1,2420006235,1
1637,1,2340001710,1
1638,1,2340043744,1
1639,1,2710060752,0
1639,2,2710060659,1
1640,1,2710060749,0
1640,2,2710060656,1
1641,1,2710083169,0
1641,2,2710006639,0
1641,3,2710105006,1
1642,1,2420017339,1
1642,2,2420005770,0
1643,1,2710060947,0
1643,2,2710097231,1
1644,1,2710018543,1
1645,1,2710008921,1
1646,1,2710060973,0
1646,2,2710096056,1
1647,1,2340010625,1
1648,1,2340044615,1
1649,1,2420015584,0
1649,2,2420026974,1
1650,1,2420003134,1
1651,1,2410009759,0
1651,2,2410017699,1
1652,1,2410002433,1
1653,1,2710033451,1
1654,1,2420017636,1
1655,1,2420005591,1
1656,1,2340050853,1
1656,2,2340037044,0
1657,1,2340012838,1
1658,1,2710093877,1
1658,2,2710080109,0
1659,1,2710019120,1
1660,1,2710018724,1
1661,1,2710113753,1
1661,2,2710089063,0
1662,1,2420028202,1
1663,1,2420014784,1
1664,1,2420019609,1
1665,1,2420005497,0
1665,2,2420023286,1
1666,1,2420020847,0
1666,2,2420030245,1
1667,1,2420006392,1
1668,1,2410009877,0
1668,2,2410016212,1
1668,3,2410002506,0
1669,1,2610000205,1
1670,1,2420017443,1
1671,1,2420006179,1
1672,1,2410011859,0
1672,2,2410018640,1
1672,3,2410005133,0
1673,1,2710083827,0
1673,2,2710107801,1
1674,1,2710003654,1
1675,1,2710084504,0
1675,2,2710111173,1
1676,1,2710003776,1
1677,1,2710008873,1
1678,1,2710071410,0
1678,2,2710093270,1
1679,1,2420022511,0
1679,2,2420027068,1
1680,1,2420015197,1
1681,1,2410012024,0
1681,2,2410017653,1
1682,1,2410002938,1
1683,1,2420022035,0
1683,2,2420030219,1
1684,1,2420005245,1
1685,1,2410000645,1
1686,1,2410005212,1
1687,1,2410010704,0
1687,2,2410016245,1
1688,1,2710017973,1
1689,1,2710089620,1
1690,1,2420021153,0
1690,2,2420030166,1
1691,1,2420005200,1
1692,1,2340012189,0
1692,2,2340045561,1
1693,1,2410000935,1
1694,1,2410015591,1
1695,1,2420015473,1
1696,1,2420013930,1
1697,1,2340045811,1
1698,1,2340011877,1
1699,1,2420029985,1
1699,2,2420017876,0
1700,1,2420019370,1
1701,1,2710033356,1
1702,1,2390000795,1
1703,1,2340006042,1
1704,1,2340038419,1
1705,1,2410019257,1
1705,2,2410011110,0
1706,1,2410006441,1
1707,1,2420020841,1
1708,1,2420014553,1
1709,1,2710007947,1
1710,1,2710093573,1
1710,2,2710068693,0
1711,1,2420016029,0
1711,2,2420030679,1
1712,1,2420019371,1
1713,1,2420018135,1
1714,1,2420020332,0
1714,2,2420030825,1
1715,1,2420030829,1
1716,1,2420018138,1
1717,1,2420020597,1
1718,1,9991008948,1
1719,1,2420001864,1
1720,1,1425180524,1
1721,1,2340051176,1
1721,2,2340045309,0
1722,1,1345369407,0
1722,2,2340000028,1
1723,1,1711198855,1
1724,1,2420012437,1
1724,2,1425177272,0
1725,1,1711195169,0
1725,2,2710081921,1
1726,1,2710001144,1
1727,1,1395077859,1
1728,1,1711198534,1
1729,1,2800000289,1
1730,1,2710082639,0
1730,2,2800000926,1
1731,1,1711197293,1
1732,1,2710002485,1
1733,1,2710078628,1
1734,1,2710003085,1
1735,1,1711199577,1
1736,1,2710075986,1
1737,1,2710099932,1
1738,1,1425177108,1
1739,1,2710002472,1
1740,1,1711197301,1
1741,1,2710075519,1
1742,1,1425178232,1
1743,1,2520000598,0
1743,2,2520000936,1
1743,3,2520000208,0
1743,4,1525014972,0
1744,1,2410015038,1
1745,1,1425179156,1
1746,1,2610000614,1
1746,2,1615013236,0
1746,3,2610000142,0
1746,4,2610000411,0
1747,1,1425180496,1
1748,1,2420002254,1
1749,1,2710099798,1
1750,1,1711199554,1
1751,1,2710003174,1
1752,1,1425180262,0
1752,2,2420013141,1
1753,1,1345367857,1
1754,1,2340000100,1
1755,1,2340045377,0
1755,2,2340051232,1
1756,1,2710077520,0
1756,2,2710097844,1
1757,1,1711191258,0
1757,2,2710065365,1
1758,1,1711195099,1
1759,1,2710000702,1
1760,1,1711198034,1
1761,1,2710078509,0
1761,2,2710100641,1
1762,1,1711185624,0
1762,2,2710034637,1
1763,1,2710001896,1
1763,2,1711198944,0
1764,1,2710003188,1
1765,1,1711199443,0
1765,2,2710087766,1
1766,1,9991008627,1
1767,1,2710060876,1
1768,1,2710095773,1
1769,1,2710033794,0
1769,2,2710008187,0
1769,3,2710093097,1
1769,4,1711198852,0
1770,1,1711202546,1
1771,1,1711197656,1
1772,1,2710002648,1
1773,1,1711197143,1
1774,1,2710077427,1
1774,2,2710002730,0
1775,1,9991008605,1
1776,1,1425181543,1
1777,1,2420001885,1
1778,1,2410016168,1
1778,2,2410011636,0
1778,3,1415187687,0
1778,4,2800000106,0
1779,1,2410016169,1
1779,2,2410011637,0
1780,1,1415187688,0
1780,2,2800000175,1
1781,1,1425180917,1
1782,1,1415189409,1
1783,1,2410010406,1
1783,2,2410008794,0
1784,1,1711197948,0
1784,2,2710078220,1
1785,1,2710001703,1
1786,1,1425171456,1
1787,1,2410003269,1
1788,1,1405005842,1
1789,1,1425179311,1
1790,1,1415188705,1
1791,1,2410015032,1
1792,1,2410007392,1
1793,1,1425180722,1
1794,1,1711197436,1
1795,1,2710079210,1
1796,1,2710002220,1
1797,1,1425180535,1
1798,1,2420020039,1
1799,1,1711202729,0
1799,2,2710019705,1
1800,1,2480000744,1
1801,1,2340051796,1
1801,2,2340036111,0
1802,1,2340000733,1
1803,1,1345370733,1
1804,1,2710033818,0
1804,2,2710093204,1
1805,1,2710008170,1
1806,1,1711198880,1
1807,1,1711197718,0
1807,2,2710018572,1
1808,1,2420012706,1
1808,2,1425178076,0
1809,1,2420025745,1
1810,1,1345377160,1
1811,1,1345376845,1
1812,1,2340037790,0
1812,2,1345370589,0
1812,3,2340052207,1
1813,1,2340000615,1
1814,1,1415187771,0
1814,2,2410000302,1
1815,1,2410007892,1
1816,1,1345374594,1
1817,1,2340001070,1
1818,1,2710097259,1
1818,2,2710087124,0
1819,1,1711194640,1
1820,1,2710001419,1
1821,1,1711198294,1
1822,1,2710078644,0
1822,2,2710098685,1
1823,1,2710001477,1
1824,1,1711194858,1
1825,1,2340051160,1
1825,2,2340045163,0
1826,1,2340000306,1
1827,1,1345368040,1
1828,1,1711191174,1
1829,1,2710066836,1
1830,1,2710017935,1
1831,1,1711200249,1
1832,1,2710076697,0
1832,2,2710099760,1
1833,1,2410019789,1
1833,2,2410013485,0
1833,3,1415188476,0
1833,4,2410004090,0
1834,1,1711199526,1
1835,1,2710003407,1
1836,1,2710083019,0
1836,2,2710100380,1
1837,1,2420016213,1
1838,1,1425175799,0
1838,2,2420000628,1
1839,1,2710000918,1
1840,1,1711194304,1
1841,1,2710098045,1
1841,2,2710087846,0
1842,1,2710000585,1
1843,1,2710082634,1
1844,1,1711194629,1
1845,1,1415186856,1
1846,1,1711201852,0
1846,2,2710033371,1
1847,1,1345371775,1
1848,1,2710041887,1
1848,2,1711195673,0
1848,3,2710008108,0
1849,1,1615013424,1
1850,1,1425177092,1
1851,1,2340038610,0
1851,2,2340059890,1
1852,1,2340007941,1
1853,1,2410019411,1
1854,1,1425178212,0
1854,2,2420001395,1
1855,1,2420020425,1
1856,1,2420030092,1
1857,1,2420012927,1
1857,2,1425178025,0
1858,1,2420026032,1
1859,1,1711202526,1
1860,1,1711197404,1
1861,1,2710002441,1
1862,1,1415188282,1
1863,1,2410015002,1
1864,1,2410007391,1
1865,1,1415189810,1
1866,1,2340001419,1
1867,1,2340037169,1
1867,2,1345374354,0
1868,1,2340000011,1
1869,1,1345370723,1
1870,1,2340046167,0
1870,2,2340052139,1
1871,1,2420026063,1
1872,1,2420012870,1
1872,2,1425178024,0
1873,1,2420020601,1
1874,1,1425181402,0
1874,2,2420002488,1
1875,1,2420000797,1
1875,2,1425175692,0
1876,1,2420016198,1
1877,1,1711203894,1
1878,1,2610000217,0
1878,2,2610000567,1
1878,3,2610000174,0
1878,4,1615013418,0
1879,1,1711198673,1
1880,1,2800000346,1
1881,1,2410007321,1
1881,2,1415188711,0
1882,1,2710095050,0
1882,2,1711196272,0
1882,3,1711203381,0
1882,4,2710095139,1
1883,1,2710060639,0
1883,2,2710060732,1
1884,1,2340001407,1
1885,1,2340035651,1
1886,1,1345374702,1
1887,1,1395076663,1
1888,1,2390000054,1
1889,1,2710002359,1
1890,1,1711196821,0
1890,2,2710075180,1
1891,1,1711197466,1
1892,1,2710002555,1
1893,1,2410017745,1
1893,2,2410010809,0
1893,3,1415187414,0
1893,4,2410000202,0
1894,1,1781000012,1
1895,1,1711197226,1
1896,1,2710076864,1
1897,1,2710002351,1
1898,1,2710099660,1
1899,1,2410007431,1
1900,1,2410014997,1
1901,1,1415188740,1
1902,1,1425177307,0
1902,2,2420012576,1
1903,1,1425180302,0
1903,2,2420002289,1
1904,1,2420023074,1
1905,1,9991008636,0
1905,2,9991008860,1
1906,1,9991009115,1
1907,1,2340001353,1
1908,1,1345374492,1
1909,1,2710075226,1
1910,1,1711197265,1
1911,1,2710002034,1
1912,1,1425180958,1
1913,1,2710040645,1
1913,2,1711203080,0
1914,1,2710075173,1
1915,1,1711194494,1
1916,1,2710001414,1
1917,1,1425179326,1
1918,1,1425171483,1
1919,1,1711202819,1
1920,1,2420000918,1
1920,2,1425177794,0
1921,1,2420017818,1
1922,1,1711201020,1
1923,1,2710080869,1
1924,1,2800000258,1
1925,1,2410013442,0
1925,2,2410017398,1
1926,1,2710077201,0
1926,2,2710002941,0
1926,3,2710094314,1
1927,1,1711198563,1
1928,1,1415187775,1
1929,1,2420020629,0
1929,2,2420030677,1
1930,1,1425180203,0
1930,2,2420002490,1
1931,1,2710008154,1
1932,1,1711195773,1
1933,1,2710078152,0
1933,2,2710101663,1
1934,1,1711199011,1
1935,1,2420002279,1
1935,2,1425181941,0
1936,1,1711200845,0
1936,2,2710003471,1
1937,1,2710061025,1
1938,1,1425179615,1
1939,1,1425177158,1
1940,1,2420030596,1
1940,2,2420020880,0
1941,1,2420000513,1
1941,2,1425176028,0
1942,1,1425179772,0
1942,2,2420001622,1
1943,1,2420019913,1
1944,1,1525014897,1
1945,1,1425180952,1
1946,1,1711197031,1
1947,1,2710002150,1
1948,1,2710082794,1
1949,1,1711202832,1
1950,1,1711199237,1
1951,1,2800000558,1
1952,1,1425177701,1
1953,1,9991008607,1
1954,1,2480001275,1
1955,1,2480000759,1
1956,1,1485019816,1
1957,1,1425181568,1
1958,1,2710080667,0
1958,2,2710098872,1
1959,1,1711195078,1
1960,1,2710001215,1
1961,1,9991008624,1
1962,1,2410019908,1
1963,1,2410017140,1
1964,1,2320000317,1
1965,1,1325164098,1
1966,1,2320000052,0
1966,2,2320000395,1
1967,1,2710096276,1
1967,2,2710081583,0
1968,1,1711195788,1
1969,1,2710008043,1
1970,1,2420022622,1
1971,1,1425181768,0
1971,2,2420001334,1
1972,1,1425180729,1
1973,1,9991008813,1
1974,1,2420019361,1
1974,2,1425182420,0
1975,1,2420030132,1
1976,1,1325164077,1
1977,1,2320000337,0
1977,2,2320000377,1
1978,1,2340001310,1
1979,1,2340036671,1
1980,1,1345374268,1
1981,1,1425176470,0
1981,2,2420000654,1
1982,1,2420000749,1
1982,2,1425177028,0
1983,1,1425178830,1
1984,1,1711197212,1
1985,1,1345374491,1
1986,1,2340001096,1
1987,1,2420002109,1
1987,2,1425180460,0
1988,1,1425178413,1
1989,1,1425178407,1
1990,1,2710069321,0
1990,2,2710097036,1
1991,1,1711196414,1
1992,1,2710001902,1
1993,1,1365003776,1
1994,1,2420026006,1
1994,2,2420012385,0
1995,1,1425178543,1
1996,1,1711203792,1
1997,1,1425180397,0
1997,2,2420001407,1
1998,1,2710096603,1
1998,2,2710077425,0
1999,1,2710001881,1
2000,1,1711195866,1
2001,1,1365003786,1
2002,1,2360000022,1
2003,1,1425178485,0
2003,2,2420001246,1
2004,1,2410009829,1
2004,2,2410008799,0
2004,3,1415189395,0
2005,1,1425177937,1
2006,1,1711199403,0
2006,2,2710003100,1
2007,1,2710081904,1
2008,1,1345374400,0
2008,2,2340035857,1
2009,1,2340001364,1
2010,1,1425179722,0
2010,2,2420002388,1
2011,1,1425178623,1
2012,1,1711196356,1
2013,1,1425178933,1
2014,1,1425183362,1
2015,1,2420025883,1
2016,1,2420013410,1
2017,1,2710001261,1
2018,1,1711194516,1
2019,1,2710085803,0
2019,2,2710100138,1
2020,1,2710002997,1
2021,1,1711199438,1
2022,1,2420001242,1
2022,2,1425179278,0
2023,1,1415190023,1
2024,1,2410015189,1
2025,1,2410008082,1
2026,1,1315001990,1
2027,1,2310000098,1
2028,1,1405005843,1
2029,1,2710081118,0
2029,2,2710100429,1
2030,1,2520001043,1
2031,1,2520000687,1
2032,1,2520000293,1
2032,2,1525014881,0
2033,1,2420000672,1
2034,1,1425175680,1
2035,1,2420031074,1
2036,1,1711183508,1
2037,1,2710065364,1
2038,1,2340001557,1
2039,1,1345374777,1
2040,1,2420000763,1
2040,2,1425175958,0
2041,1,2420017386,1
2042,1,1425175745,1
2043,1,2420017662,1
2043,2,2420000674,0
2044,1,2710100103,1
2044,2,2710087880,0
2045,1,1711199584,1
2046,1,2710003053,1
2047,1,1415188641,1
2048,1,1711181807,0
2048,2,2710076045,1
2049,1,2710067406,1
2050,1,1711197825,1
2051,1,2710003303,1
2052,1,1711199395,1
2053,1,2710098287,1
2053,2,2710076875,0
2054,1,1711195007,1
2055,1,2710000637,1
2056,1,1711198374,1
2057,1,2370000284,1
2058,1,1375027569,1
2059,1,1395076995,1
2060,1,2390000694,1
2061,1,2710109871,1
2061,2,2710018562,0
2061,3,1711197736,0
2061,4,2710090750,0
2062,1,2710082523,1
2063,1,2710000686,1
2064,1,2710078321,1
2065,1,1711194584,1
2066,1,9991008812,1
2067,1,1711195440,1
2068,1,9991008811,1
2069,1,2340000452,1
2070,1,1345369356,1
2071,1,2340037730,1
2072,1,2420015553,1
2073,1,1425181592,0
2073,2,2420002304,1
2074,1,2410007882,0
2074,2,1415189027,0
2074,3,2410014851,1
2075,1,2410014975,1
2075,2,2410007430,0
2076,1,1415188708,1
2077,1,2340001582,1
2078,1,1345374722,1
2079,1,2420012880,1
2079,2,1425177321,0
2080,1,2420011658,1
2080,2,1425178018,0
2081,1,1711196822,1
2082,1,1711202571,1
2083,1,2710065195,1
2084,1,1711187062,1
2085,1,2420030769,1
2086,1,2420013140,1
2086,2,1425180675,0
2087,1,1711199106,0
2087,2,2710086424,1
2088,1,2710087057,0
2088,2,1711199102,0
2088,3,2710101971,1
2089,1,2710015827,1
2090,1,2710101584,1
2090,2,2710089242,0
2091,1,2710015762,1
2092,1,1711199044,1
2093,1,1425178649,1
2094,1,1425178399,1
2095,1,1415188309,0
2095,2,2410000414,1
2096,1,2420030514,1
2096,2,2420030966,0
2097,1,2420000554,1
2098,1,1425175717,1
2099,1,2520000222,1
2099,2,1525015013,0
2100,1,2710101238,1
2100,2,2710036716,0
2101,1,2710100301,1
2101,2,2710078575,0
2101,3,1711192035,0
2102,1,2710067517,1
2103,1,2710087775,1
2104,1,2710003045,1
2105,1,1711199424,1
2106,1,2410013453,1
2107,1,1425178677,1
2108,1,2420001151,1
2109,1,1711200510,1
2110,1,1345373198,1
2111,1,1711185823,0
2111,2,2710049576,1
2112,1,2710076549,0
2112,2,2710097557,1
2113,1,1711200290,1
2114,1,2410007349,1
2115,1,1415188730,1
2116,1,1615013232,1
2117,1,2410007293,0
2117,2,2410015016,1
2118,1,1415188756,1
2119,1,1711195677,0
2119,2,2710007391,1
2120,1,2710068932,1
2121,1,1711200306,1
2122,1,9991008618,1
2123,1,1415187560,0
2123,2,2800000265,1
2124,1,2410012300,0
2124,2,2410018387,1
2125,1,2710002002,1
2126,1,2710075277,1
2126,2,1711197490,0
2127,1,1425180517,1
2128,1,1425181919,0
2128,2,2420002259,1
2129,1,1425175789,1
2130,1,1395077035,1
2131,1,2420001087,1
2131,2,1425175891,0
2132,1,2420017480,1
2133,1,2420001999,1
2133,2,1425181430,0
2134,1,2420001444,1
2134,2,1425181834,0
2135,1,1425176963,1
2136,1,1425178290,1
2137,1,2340051737,1
2137,2,2340037787,0
2138,1,2340000947,1
2139,1,1345370763,1
2140,1,1711203356,0
2140,2,1711196247,1
2141,1,2710060723,0
2141,2,2710060630,1
2142,1,2540000005,1
2142,2,1545028255,0
2143,1,2540000703,0
2143,2,2540001338,1
2144,1,2710001714,1
2145,1,1711197760,1
2146,1,2710082802,1
2147,1,1425178588,1
2148,1,1711192124,1
2149,1,2710066839,0
2149,2,2710098014,1
2149,3,2710078983,0
2150,1,2340036817,0
2150,2,2340051685,1
2151,1,1345371203,1
2152,1,2340000828,1
2153,1,1711184397,0
2153,2,2710046586,0
2153,3,2710082951,0
2153,4,2710097558,1
2154,1,1425182511,0
2154,2,2420014449,1
2155,1,2420025398,1
2156,1,1711194250,1
2157,1,2710000979,1
2158,1,1711185734,0
2158,2,2710078875,1
2159,1,2710066829,1
2160,1,1425177344,1
2161,1,1485019764,1
2162,1,2420002526,1
2162,2,1425181536,0
2163,1,1425175751,1
2164,1,2420025053,1
2165,1,1425181965,0
2165,2,2420016908,1
2166,1,1425178231,1
2167,1,2310000236,1
2168,1,1315001977,0
2168,2,2310000107,1
2169,1,2710018643,1
2170,1,1711199260,1
2171,1,2340036796,0
2171,2,2340052202,1
2172,1,1345370569,1
2173,1,2340000359,1
2174,1,1711185664,0
2174,2,2710066153,1
2175,1,1425179159,1
2176,1,2710077465,0
2176,2,1711199607,0
2176,3,2710003443,0
2176,4,2710097747,1
2177,1,1711198317,1
2178,1,1711194969,0
2178,2,2710078423,1
2179,1,2710001467,1
2180,1,1711200818,1
2181,1,2410013291,1
2182,1,2420002183,1
2182,2,1425181934,0
2183,1,2710078262,1
2184,1,1711200218,1
2185,1,2710003070,1
2186,1,2710075769,0
2186,2,1711180345,0
2186,3,2710099848,1
2187,1,2710047708,1
2188,1,2340046388,0
2188,2,1345370945,0
2188,3,2340051637,1
2189,1,2340000430,1
2190,1,2420002303,1
2191,1,1425182045,1
2192,1,1395076835,1
2193,1,2390002025,1
2193,2,2390001104,0
2194,1,1425179123,0
2194,2,2420001051,1
2195,1,2710087009,0
2195,2,2710098901,1
2196,1,2710000682,1
2197,1,1711194425,1
2198,1,2710075183,1
2199,1,2710000664,1
2200,1,1711194620,1
2201,1,2410010685,1
2202,1,1415189411,1
2203,1,2410008814,1
2204,1,1525014895,1
2205,1,1711200443,1
2206,1,2710002773,1
2207,1,2760000002,0
2207,2,2760000036,0
2207,3,1761002860,0
2207,4,2760000071,1
2208,1,2710096571,1
2208,2,2710078592,0
2208,3,2710002663,0
2208,4,1711195952,0
2209,1,1395077725,1
2210,1,2710075723,1
2211,1,1711197459,1
2212,1,2710002570,1
2213,1,2050001605,1
2213,2,2390001486,0
2214,1,1395076670,1
2215,1,2390000069,1
2216,1,2340045053,1
2216,2,1345374579,0
2217,1,2340001131,1
2218,1,1711195057,1
2219,1,2710001364,1
2220,1,2710085775,0
2220,2,2710100438,1
2221,1,1711198316,1
2222,1,2610000172,1
2223,1,2610000355,1
2224,1,2610000591,1
2225,1,1615013428,1
2226,1,1425178501,1
2227,1,2420002237,1
2227,2,1425180346,0
2228,1,2710008060,0
2228,2,2710081572,1
2228,3,1711195669,0
2229,1,2290000001,1
2230,1,2710095746,1
2230,2,2710036782,0
2231,1,2420001946,1
2231,2,1425180312,0
2232,1,1711197130,1
2233,1,2410007325,0
2233,2,2410014979,1
2234,1,1415188762,1
2235,1,1415188300,0
2235,2,2410000370,1
2236,1,1711179292,0
2236,2,2710102719,1
2236,3,2710008029,0
2236,4,2710076348,0
2237,1,1711195571,0
2237,2,2710008114,1
2238,1,2410018716,1
2239,1,2710087842,0
2239,2,2710099551,1
2240,1,2710003300,1
2241,1,1711199510,1
2242,1,1425181201,1
2243,1,2340001571,1
2244,1,1345374762,1
2245,1,2520000594,0
2245,2,2520000893,1
2246,1,2520000196,1
2247,1,1525015015,1
2248,1,2610000407,0
2248,2,2610000658,1
2249,1,2710001960,1
2249,2,1711198478,0
2250,1,2710096990,1
2250,2,2710069314,0
2251,1,1425181741,1
2252,1,2420013751,1
2252,2,1425180644,0
2253,1,2420025815,1
2254,1,1405006063,1
2255,1,1405005952,1
2256,1,2710086177,0
2256,2,2710098230,1
2257,1,2710003095,1
2258,1,1711199617,1
2259,1,1711201920,1
2260,1,1425177524,1
2261,1,1485019872,1
2262,1,1711191645,1
2263,1,2710066737,1
2264,1,1395077765,1
2265,1,1711203751,1
2266,1,1425183374,0
2266,2,2420013760,1
2267,1,1425178950,1
2268,1,2520000458,0
2268,2,2520000216,0
2268,3,1525014979,0
2268,4,2520000966,1
2269,1,2710081757,1
2270,1,1711197485,1
2271,1,2710002368,1
2272,1,1711194486,0
2272,2,2710076378,1
2273,1,1711198340,1
2274,1,2710000864,1
2275,1,2420002253,1
2275,2,1425181595,0
2276,1,2420020732,1
2277,1,1415188101,0
2277,2,2410000419,1
2278,1,2410007790,1
2279,1,1425179623,1
2280,1,2420017195,1
2281,1,2420002166,1
2282,1,2340001484,1
2283,1,1345374277,1
2284,1,2340035225,1
2285,1,1425179832,0
2285,2,2420001440,1
2286,1,2420020080,1
2287,1,2420000548,0
2287,2,2420019430,1
2288,1,1425177906,1
2289,1,9991008608,1
2290,1,2710077633,0
2290,2,2710099726,1
2290,3,1711187649,0
2291,1,2710047665,1
2292,1,2420002547,1
2293,1,1425181214,1
2294,1,2710100635,1
2295,1,2710048784,1
2296,1,1711190248,1
2297,1,2710075215,1
2297,2,1711188110,0
2298,1,2710066499,1
2299,1,1425177097,0
2299,2,2420000740,1
2300,1,2420020150,1
2301,1,2710077930,1
2302,1,1711194179,1
2303,1,2710000559,1
2304,1,1425178897,1
2305,1,2710076328,1
2305,2,1711196544,0
2305,3,2710002734,0
2306,1,2410007313,1
2306,2,1415189812,0
2307,1,1711197487,0
2307,2,2710087593,1
2308,1,2710002453,1
2309,1,1711182847,0
2309,2,2710086518,1
2310,1,2710065206,1
2311,1,1425178403,1
2312,1,1711200111,1
2313,1,1425182499,0
2313,2,2420017111,1
2314,1,2710076341,1
2314,2,1711195164,0
2315,1,2710000623,1
2316,1,1425177549,1
2317,1,2420002418,1
2318,1,1425181048,1
2319,1,2340045154,0
2319,2,1345368082,0
2319,3,2340000109,0
2319,4,2340051198,1
2320,1,1425178835,1
2321,1,1425180355,1
2322,1,1425178932,1
2323,1,2310000114,1
2323,2,1315001983,0
2324,1,2710087958,1
2325,1,1711197799,1
2326,1,2710001964,1
2327,1,2710008071,0
2327,2,2710078145,0
2327,3,1711195738,0
2327,4,2710108678,1
2328,1,1425171615,1
2329,1,1425181715,0
2329,2,2420013526,1
2330,1,2420025790,1
2331,1,1711198466,1
2332,1,1525015007,0
2332,2,2520000180,1
2333,1,2610000353,0
2333,2,2610000606,1
2334,1,1615013245,0
2334,2,2610000147,1
2335,1,2410013329,1
2336,1,1415188420,0
2336,2,2410003390,1
2337,1,1425181044,1
2338,1,1425180726,1
2339,1,1425181194,1
2340,1,1425175744,1
2341,1,2420000566,1
2342,1,2420019920,1
2343,1,1711200564,1
2344,1,2710033781,0
2344,2,2710101912,1
2344,3,2710007964,0
2344,4,1711195575,0
2345,1,1711198347,1
2346,1,2710077655,1
2347,1,2710000839,1
2348,1,1711194554,1
2349,1,1711191078,1
2350,1,2710048172,1
2351,1,1711199234,1
2352,1,2410017373,1
2353,1,2710088426,1
2354,1,2710088548,1
2355,1,2710001083,0
2355,2,1711194497,0
2355,3,2710087859,1
2356,1,2340001291,1
2357,1,1345374650,1
2358,1,2340044974,1
2359,1,2710077867,0
2359,2,2710096040,1
2360,1,2710003460,1
2361,1,1711200108,1
2362,1,1711191366,0
2362,2,2710077003,1
2363,1,2710067395,1
2364,1,1425171592,1
2365,1,1425171552,1
2366,1,1425171538,1
2367,1,2420023867,1
2368,1,2420004933,1
2368,2,1425181150,0
2369,1,1425183660,1
2370,1,1425183949,1
2371,1,1425183468,1
2372,1,1711203417,0
2372,2,1711202809,1
2373,1,2710111214,1
2374,1,2710089526,1
2375,1,1415187812,1
2376,1,2800000557,1
2377,1,2710019244,1
2378,1,1711196763,1
2379,1,2710019263,1
2380,1,1711196770,1
2381,1,2710019264,1
2382,1,1711196771,1
2383,1,2710063393,1
2384,1,2710100444,1
2384,2,1711190826,0
2384,3,1711174650,0
2385,1,2340031317,1
2386,1,1345364596,1
2387,1,1415181721,0
2387,2,2410011681,1
2388,1,1415186286,0
2388,2,2800000388,1
2389,1,1711193037,1
2390,1,1711175555,1
2391,1,2710000308,1
2392,1,1425169857,1
2393,1,1711153425,0
2393,2,1711186097,0
2393,3,2710099959,1
2393,4,2710076017,0
2394,1,2710061082,1
2395,1,2420012214,1
2396,1,1425172017,1
2397,1,1425164774,1
2398,1,2420010245,1
2398,2,1425172568,0
2399,1,1425169078,1
2400,1,2340031686,1
2401,1,1345364676,0
2401,2,1345354224,0
2401,3,2340036131,1
2402,1,1425171162,1
2403,1,1415181133,1
2404,1,1425165510,1
2405,1,1711178429,1
2406,1,2800001104,1
2406,2,2800000867,0
2406,3,1711170918,0
2407,1,1711196043,1
2408,1,2800000164,1
2409,1,2800001102,1
2409,2,2800000865,0
2410,1,1711196041,1
2411,1,2800000162,1
2412,1,1425164478,0
2412,2,1425174554,1
2413,1,2420003544,1
2414,1,1345355151,1
2415,1,2340032011,1
2416,1,1345364739,1
2417,1,1345353698,1
2418,1,1415183770,1
2419,1,2710066321,1
2420,1,1711181876,1
2420,2,1711153659,0
2421,1,1711203155,1
2422,1,1711180810,1
2422,2,1711173070,0
2423,1,1415187485,1
2423,2,1415180949,0
2424,1,2710080818,0
2424,2,2710097490,1
2425,1,1425174168,1
2426,1,1425169176,1
2427,1,1711189479,1
2427,2,1711172799,0
2428,1,2710067577,1
2429,1,2710067699,1
2430,1,1711159063,0
2430,2,1711185039,1
2431,1,1711175231,1
2432,1,1345353200,1
2433,1,1405006095,1
2433,2,1405005596,0
2434,1,1711191082,0
2434,2,2710063785,1
2435,1,1711154708,1
2436,1,1345353311,1
2437,1,2340004989,1
2438,1,1711170977,1
2439,1,1615013134,0
2439,2,2610000028,1
2440,1,1615012956,1
2441,1,2420010867,1
2441,2,1425177328,0
2442,1,1425167136,1
2443,1,9991008176,0
2443,2,9991008690,1
2444,1,1415183464,1
2445,1,9991008175,0
2445,2,9991008689,1
2446,1,1711175188,1
2447,1,2340031494,1
2447,2,1345365775,0
2448,1,1345354372,1
2449,1,1415189725,1
2450,1,2410009342,1
2451,1,2710063916,1
2452,1,1711154584,0
2452,2,1711185595,1
2453,1,1425170754,1
2454,1,1425174012,1
2455,1,1425168337,1
2456,1,1425182854,1
2457,1,1395075748,1
2458,1,1395075734,1
2459,1,2410003248,1
2460,1,1415185095,1
2461,1,1415180300,1
2462,1,1425163394,1
2463,1,1425172277,1
2463,2,1425169393,0
2464,1,2420011098,1
2465,1,1711189778,0
2465,2,2710081069,1
2465,3,1711159259,0
2466,1,2710066966,1
2467,1,1711177692,1
2468,1,2710063649,1
2469,1,1711155063,0
2469,2,1711190236,1
2470,1,1425175051,1
2471,1,1425164105,1
2472,1,2420003978,1
2473,1,2710065332,1
2474,1,1711192559,1
2474,2,1711172293,0
2475,1,2610000516,1
2475,2,2610000002,0
2475,3,1615013089,0
2475,4,1615012991,0
2475,5,2610000306,0
2476,1,1415187552,1
2477,1,2410003054,1
2477,2,1415181941,0
2478,1,1425173317,1
2479,1,1425163220,1
2480,1,2420004809,1
2481,1,2710064942,1
2481,2,1711186983,0
2481,3,1711155071,0
2482,1,1711197722,0
2482,2,2710018571,1
2483,1,2710081133,1
2483,2,1711160328,0
2484,1,1711193355,1
2485,1,2710008590,1
2486,1,2710036500,1
2486,2,1711186021,0
2486,3,1711173686,0
2487,1,1415181716,0
2487,2,1415186505,0
2487,3,2410006594,1
2488,1,2410010889,1
2489,1,1345361422,0
2489,2,1345376728,1
2490,1,1525013873,1
2491,1,1525013179,1
2492,1,2800001096,1
2492,2,2800000846,0
2492,3,1711170903,0
2493,1,1711196025,1
2494,1,2800000146,1
2495,1,1425167923,1
2496,1,1425167144,0
2496,2,1425180047,1
2497,1,2420022757,1
2498,1,2610000037,0
2498,2,1615013082,0
2498,3,1615012940,0
2498,4,2610000304,0
2498,5,2610000514,1
2499,1,1711178721,0
2499,2,1711202384,1
2500,1,2410018282,1
2500,2,2410013672,0
2501,1,2410004662,1
2502,1,2410018269,1
2503,1,2420012216,1
2504,1,1425167040,0
2504,2,1425172226,1
2505,1,2410002864,1
2506,1,1415181309,0
2506,2,1415187602,1
2507,1,2410007865,1
2508,1,1711158292,0
2508,2,1711181030,1
2509,1,2410004345,1
2509,2,1415184476,0
2510,1,1415181247,1
2511,1,1425164304,0
2511,2,1425173349,1
2512,1,2420003465,1
2513,1,1711177480,1
2514,1,1525013380,0
2514,2,1525013863,1
2515,1,1525013381,1
2516,1,1525014709,1
2517,1,2340006063,1
2518,1,1345358759,1
2519,1,2340061639,1
2519,2,2340041461,0
2520,1,1425169808,1
2521,1,9991008158,1
2522,1,9991008672,1
2523,1,2710000102,1
2524,1,1711175595,1
2525,1,1711195801,1
2526,1,1711170808,0
2526,2,1711178902,1
2527,1,1545027591,1
2528,1,1545026315,1
2529,1,9991008874,0
2529,2,9991009132,1
2529,3,9991008649,0
2529,4,9991008138,0
2530,1,1425172817,1
2531,1,2420012312,1
2532,1,1425169658,1
2533,1,1345354792,1
2534,1,1345355618,1
2535,1,1711189980,1
2536,1,2710065457,1
2537,1,1711171314,0
2537,2,1711181804,1
2538,1,1425170610,1
2539,1,2420003428,1
2540,1,1425182334,1
2541,1,2710065059,1
2542,1,1711188237,1
2542,2,1711153212,0
2543,1,1711199123,1
2543,2,1711177201,0
2544,1,1425165346,1
2545,1,1711153281,0
2545,2,1711185725,0
2545,3,2710077028,0
2545,4,2710098387,1
2546,1,2710067117,1
2547,1,1711172487,0
2547,2,1711184981,1
2548,1,2710067325,1
2549,1,1711178515,1
2550,1,1425166550,1
2551,1,1425176011,1
2552,1,1425176127,1
2553,1,1425166502,1
2554,1,1711183694,1
2555,1,1711172570,1
2556,1,1711180227,1
2556,2,1711154950,0
2557,1,1545026352,0
2557,2,1545027286,1
2558,1,1711198652,1
2558,2,1711173651,0
2559,1,2710067936,1
2560,1,1425169681,1
2561,1,1425169768,1
2562,1,1425168796,0
2562,2,2420010243,1
2562,3,1425172744,0
2563,1,1711181145,1
2564,1,2710101123,1
2564,2,2710068417,0
2564,3,1711160197,0
2564,4,1711201265,0
2565,1,2710101126,1
2565,2,1711201253,0
2565,3,1711160209,0
2565,4,2710068416,0
2566,1,2710074785,1
2567,1,2710074784,1
2568,1,1711185719,0
2568,2,2710064946,1
2568,3,1711156611,0
2569,1,2410010870,1
2569,2,1415189603,0
2570,1,1415182363,0
2570,2,2410009192,1
2571,1,1425174467,1
2571,2,1425164046,0
2572,1,2420004101,1
2573,1,1425168014,1
2574,1,1425174441,1
2575,1,2420004396,1
2576,1,1425163838,1
2577,1,2420011426,1
2578,1,1425172488,1
2579,1,1425169011,1
2580,1,1711179539,1
2581,1,9991009137,1
2582,1,9991008881,1
2582,2,9991008658,0
2582,3,9991008145,0
2583,1,1711186777,1
2583,2,1711157407,0
2584,1,2710067839,1
2585,1,9991009153,1
2586,1,9991008901,1
2587,1,9991008674,1
2587,2,9991008164,0
2588,1,2710067830,1
2589,1,1711154145,0
2589,2,1711179523,1
2590,1,1711177733,1
2591,1,1711157855,0
2591,2,1711182820,1
2592,1,2710061240,1
2593,1,9991008777,1
2593,2,9991008570,0
2594,1,9991008940,1
2595,1,1711179798,1
2595,2,1711172307,0
2596,1,2710062240,1
2597,1,2710061274,1
2598,1,1711194058,1
2599,1,1711155612,1
2600,1,1615013197,1
2601,1,1615012986,0
2601,2,2610000014,1
2602,1,1425164363,1
2603,1,9991008982,1
2603,2,9991008599,0
2603,3,9991008124,0
2604,1,1415186533,1
2604,2,1415181754,0
2605,1,2410010976,1
2606,1,2410007138,1
2607,1,1711201196,0
2607,2,1711170525,0
2607,3,2710038158,1
2608,1,1425171944,0
2608,2,1425164441,0
2608,3,2420004816,1
2609,1,1761002704,1
2610,1,2310000025,1
2610,2,1315001795,0
2610,3,1315002047,0
2611,1,2310000165,1
2612,1,1711154640,1
2613,1,1711154422,0
2613,2,1711186461,1
2614,1,2710063809,1
2615,1,1425170781,1
2616,1,1425173649,1
2617,1,1425169252,1
2618,1,1425163523,1
2619,1,1425175345,1
2620,1,2710000446,1
2621,1,1711175526,1
2622,1,1711193073,1
2623,1,1415185007,0
2623,2,1415181868,0
2623,3,2410004020,1
2624,1,9991008154,1
2625,1,9991008668,0
2625,2,9991008895,1
2626,1,9991009150,1
2627,1,2710100398,1
2627,2,2710080904,0
2627,3,2710006664,0
2627,4,1711160515,0
2627,5,1711193264,0
2628,1,1425171903,1
2629,1,1425163413,1
2630,1,2420004710,1
2631,1,1425170329,0
2631,2,1425173497,0
2631,3,2420011267,1
2632,1,1711158145,0
2632,2,1711180969,0
2632,3,2710087220,1
2633,1,2710061332,1
2634,1,1711171427,0
2634,2,1711185876,1
2635,1,2710067648,1
2636,1,1425171107,1
2637,1,1345363308,1
2637,2,1345353413,0
2638,1,1711152445,1
2639,1,1425170436,1
2640,1,1425183008,0
2640,2,2420012087,1
2641,1,1711171097,1
2642,1,2710064777,1
2642,2,1711182090,0
2643,1,2710033947,1
2643,2,1711174090,0
2644,1,1711179344,1
2645,1,2710007982,1
2646,1,1711172978,0
2646,2,1711183909,0
2646,3,2710077949,0
2646,4,2710101350,1
2647,1,2710060558,1
2648,1,1425165676,1
2649,1,1425175162,1
2650,1,1425169638,1
2651,1,2420003608,1
2652,1,1425163990,1
2653,1,1425171738,1
2654,1,2420003872,1
2655,1,2340036726,0
2655,2,2340052043,1
2656,1,2710067985,1
2657,1,1711201427,1
2657,2,1711174233,0
2658,1,9991008965,1
2659,1,2320000318,1
2660,1,2340034689,1
2661,1,1345362438,1
2661,2,1345353990,0
2662,1,2710076700,1
2662,2,1711188975,0
2662,3,1711155145,0
2663,1,2710099619,1
2664,1,2710064116,1
2665,1,2290000004,0
2665,2,1711193675,0
2665,3,2290000035,1
2666,1,9991008684,0
2666,2,9991008168,0
2666,3,9991008909,1
2667,1,1711175910,0
2667,2,1711199953,1
2668,1,1405005516,0
2668,2,1405006115,1
2669,1,1405005867,0
2669,2,2400000049,1
2669,3,1405005272,0
2670,1,1425172073,1
2670,2,1425164020,0
2671,1,2420003895,1
2672,1,1425170206,0
2672,2,2420004446,1
2672,3,1425182181,0
2673,1,1711189366,1
2674,1,9991008686,1
2675,1,9991008178,1
2676,1,9991008133,0
2676,2,9991008646,1
2677,1,1711154172,0
2677,2,1711190091,1
2678,1,2710067270,1
2679,1,1395076208,1
2680,1,1425170575,1
2681,1,1425182978,1
2682,1,1425173308,0
2682,2,2420012952,1
2683,1,1425170697,1
2684,1,1525013612,1
2685,1,1345371515,1
2685,2,1345358661,0
2686,1,9991008883,0
2686,2,9991008659,0
2686,3,9991008147,0
2686,4,9991009140,1
2687,1,1711201174,1
2687,2,1711172554,0
2688,1,2710038039,1
2689,1,1711160454,0
2689,2,1711201276,1
2690,1,1425170163,1
2691,1,2710063952,1
2692,1,1711184100,1
2693,1,1711154592,1
2694,1,2710101337,1
2694,2,1711160607,0
2694,3,2710080888,0
2695,1,1711193906,1
2696,1,2710008434,1
2697,1,2420011581,1
2697,2,1425176876,0
2698,1,1425166826,1
2699,1,2710065349,1
2699,2,1711184727,0
2699,3,1711153299,0
2700,1,1425169733,1
2701,1,1395075744,1
2702,1,1711152532,1
2703,1,1711160114,1
2704,1,1415182559,1
2705,1,1425170167,1
2706,1,2420003673,1
2707,1,1425182239,1
2708,1,1711192956,1
2709,1,1711175593,1
2710,1,2710000252,1
2711,1,2410010495,0
2711,2,2410000091,0
2711,3,2410015802,1
2712,1,1425166690,1
2713,1,1425176039,1
2714,1,1425180092,0
2714,2,2420022778,1
2715,1,1425167084,1
2716,1,2710061065,0
2716,2,1711180281,0
2716,3,2710077022,0
2716,4,1711156716,0
2716,5,2710097818,1
2717,1,1395076040,1
2718,1,1395077555,1
2719,1,2390000413,1
2720,1,1425169659,1
2721,1,1425172610,1
2722,1,1425170092,1
2723,1,2410005877,1
2723,2,1415186909,0
2724,1,1415182103,1
2725,1,2410009477,1
2726,1,1425173771,1
2726,2,1425169484,0
2727,1,1425169100,0
2727,2,1425172512,1
2728,1,1315001952,1
2729,1,1315001807,1
2730,1,1711176453,0
2730,2,2710060946,1
2731,1,2710006712,1
2732,1,1711196173,1
2733,1,1711173877,1
2734,1,2710063613,1
2734,2,1711183571,0
2735,1,1711173706,1
2736,1,1425167625,1
2737,1,2710008704,1
2737,2,1711193638,0
2737,3,1711160518,0
2738,1,2710103249,1
2738,2,2710084862,0
2739,1,1425169535,1
2740,1,1711160478,0
2740,2,1711193336,0
2740,3,2710008450,0
2740,4,2710074954,1
2741,1,1345364252,1
2742,1,1345353536,1
2743,1,2340032012,1
2744,1,1345363853,1
2745,1,2340034702,1
2746,1,1345354458,1
2747,1,1425163791,1
2748,1,1711188317,1
2748,2,1711171593,0
2749,1,2710062966,1
2750,1,1711155395,0
2750,2,1711184980,0
2750,3,2710077060,0
2750,4,2710096974,1
2751,1,2710065165,1
2752,1,1425169684,1
2753,1,2710068409,0
2753,2,1711160195,0
2753,3,1711201240,0
2753,4,2710101124,1
2754,1,2710074783,1
2755,1,1545026361,0
2755,2,1545027596,1
2756,1,1711174723,0
2756,2,1711189263,1
2757,1,2710061194,1
2758,1,1711190344,1
2759,1,2050000152,1
2760,1,1485019438,1
2761,1,1485018799,1
2762,1,1485019330,1
2763,1,1485018797,1
2764,1,2050000099,1
2765,1,1425166222,1
2766,1,1425176407,0
2766,2,2420004669,1
2766,3,1425169315,0
2767,1,1425169483,0
2767,2,1425179909,1
2768,1,2420010716,1
2769,1,1711156813,0
2769,2,2710063788,1
2769,3,1711186700,0
2770,1,1711199114,1
2770,2,1711174149,0
2771,1,2610000569,1
2772,1,2610000425,1
2773,1,2610000141,1
2774,1,1711172062,0
2774,2,1711182330,1
2775,1,2710066950,1
2776,1,1425167749,1
2777,1,1425166720,1
2778,1,1425176129,1
2779,1,2420010747,1
2779,2,1425172790,0
2780,1,1425166828,1
2781,1,2400000055,1
2782,1,1425183117,0
2782,2,2420012852,1
2783,1,1425170467,1
2784,1,2420003487,1
2785,1,1425182217,1
2786,1,1425170194,1
2787,1,2340031651,1
2788,1,1345354251,0
2788,2,1345365636,1
2789,1,1415181290,1
2790,1,1545027811,1
2791,1,1545026346,1
2792,1,2710067653,1
2793,1,1711172903,0
2793,2,1711184467,1
2794,1,2710062957,1
2795,1,1711171552,0
2795,2,1711181838,1
2796,1,1711179028,1
2797,1,1425167627,1
2798,1,1425174595,0
2798,2,2420004109,1
2799,1,1425167350,1
2800,1,1425180072,0
2800,2,1425167017,0
2800,3,2420022797,1
2801,1,1415186714,1
2802,1,1425182321,1
2803,1,1425170582,1
2804,1,1711178148,1
2805,1,2610000239,1
2805,2,1615013180,0
2805,3,1615012971,0
2806,1,2610000004,1
2807,1,2410017472,1
2808,1,2410013365,1
2808,2,2410003686,0
2808,3,1415180160,0
2808,4,1415184808,0
2809,1,2420003535,1
2810,1,1425170169,1
2811,1,1425182194,1
2812,1,1345356576,1
2813,1,1425164806,0
2813,2,1425172674,1
2814,1,2420011725,1
2815,1,1711173975,1
2816,1,1711179209,1
2817,1,9991008656,1
2817,2,9991008143,0
2818,1,9991008879,1
2819,1,1711175639,1
2820,1,1711181039,1
2820,2,1711156031,0
2821,1,2710064074,1
2822,1,2710067782,0
2822,2,2710086412,1
2823,1,1711170864,1
2824,1,1711191884,1
2825,1,2710067721,1
2826,1,2710085656,1
2826,2,1711173515,0
2826,3,1711183147,0
2827,1,1711173517,0
2827,2,2710085963,1
2828,1,1711183863,0
2828,2,2710067776,1
2829,1,2710067775,0
2829,2,2710085820,1
2830,1,1711184576,1
2831,1,1711170942,1
2832,1,1711170933,0
2832,2,2710085819,1
2833,1,2710068259,1
2834,1,1711183901,1
2835,1,1711170818,1
2836,1,1711186327,1
2837,1,1395074221,1
2838,1,1345353050,1
2839,1,2710062535,1
2840,1,1711155339,1
2841,1,1711184627,1
2842,1,1711181956,1
2843,1,2710063603,1
2844,1,1711153095,1
2845,1,1345353210,1
2846,1,1395075518,1
2847,1,1395076780,1
2848,1,1425169268,1
2849,1,1425176364,1
2850,1,2420004314,1
2851,1,1315001785,1
2852,1,1711201509,0
2852,2,1711160183,0
2852,3,2710074786,0
2852,4,2710068724,0
2852,5,2710101183,1
2853,1,1425172425,1
2854,1,1425166275,1
2855,1,2400000043,1
2856,1,1405005670,0
2856,2,1405006165,1
2857,1,1405005936,1
2857,2,1405005427,0
2858,1,1405005511,0
2858,2,1405006077,1
2859,1,1711191323,1
2859,2,1711172681,0
2860,1,1345355634,0
2860,2,1345370223,1
2861,1,2710061604,1
2862,1,1711191376,1
2862,2,1711172936,0
2863,1,1345358585,1
2864,1,2420004611,1
2864,2,1425167401,0
2865,1,1425174234,1
2866,1,1711178373,1
2867,1,1485019032,1
2868,1,1425165656,1
2869,1,1425166562,1
2870,1,1545026968,1
2870,2,1545026450,0
2871,1,1425166305,1
2872,1,2420010989,1
2872,2,1425172395,0
2873,1,1425176304,0
2873,2,2420003736,1
2874,1,1425169270,1
2875,1,2710069296,0
2875,2,2710061844,0
2875,3,1711199140,0
2875,4,1711175771,0
2875,5,2710096690,1
2876,1,1711172119,1
2877,1,1415182175,1
2878,1,2340034519,1
2879,1,1345353599,1
2880,1,1425169250,0
2880,2,1425174102,1
2881,1,2710098169,1
2881,2,2710081461,0
2881,3,1711189834,0
2881,4,1711156202,0
2882,1,2710067659,1
2883,1,2420011572,1
2884,1,1425172766,1
2884,2,1425165025,0
2885,1,1395073258,1
2886,1,1711175507,1
2887,1,1711198731,1
2888,1,2710000088,1
2889,1,2310000119,1
2890,1,2310000230,1
2891,1,2540000076,1
2892,1,1545026796,1
2893,1,1545026305,1
2894,1,1711170807,0
2894,2,1711178901,1
2895,1,1425166447,1
2896,1,1395076099,1
2897,1,1345361833,1
2897,2,1345354541,0
2898,1,2340031530,1
2899,1,1545026359,1
2900,1,1545027891,1
2901,1,2050001429,1
2902,1,1055001056,0
2902,2,2050000013,1
2902,3,1055001298,0
2903,1,1711185092,1
2903,2,1711171470,0
2904,1,2710065285,1
2905,1,1415182230,1
2906,1,9991008871,0
2906,2,9991008134,0
2906,3,9991009128,1
2906,4,9991008648,0
2907,1,1415183248,1
2908,1,1425165003,1
2909,1,1711154299,1
2910,1,2410011641,1
2911,1,2410015989,1
2912,1,2410006807,1
2912,2,1415183210,0
2913,1,1415188657,1
2914,1,2710063763,1
2914,2,1711185663,0
2914,3,1711153354,0
2915,1,1711172920,0
2915,2,1711182932,1
2916,1,2710064281,1
2917,1,1425169525,1
2918,1,2420010491,1
2918,2,1425178310,0
2919,1,1711155442,0
2919,2,1711184756,0
2919,3,2710079029,0
2919,4,2710097839,1
2920,1,2710061224,1
2921,1,1425169617,0
2921,2,1425174796,1
2922,1,2420003959,1
2923,1,1711175402,0
2923,2,2710088553,1
2924,1,2710064817,1
2925,1,1711154293,0
2925,2,1711181647,1
2926,1,1711160097,1
2927,1,1425173644,1
2928,1,1425169028,1
2929,1,1345352970,1
2930,1,2340003928,1
2931,1,1555001279,0
2931,2,1555001316,1
2932,1,1555001327,1
2933,1,2550000026,1
2933,2,2550000016,0
2934,1,1425174603,1
2935,1,1425167313,1
2936,1,2420004146,1
2937,1,2710064226,1
2938,1,1711154199,1
2939,1,1711175646,1
2940,1,1345355173,1
2941,1,1425165977,1
2942,1,1425179194,0
2942,2,2420002467,1
2943,1,1425171068,1
2944,1,9991008587,0
2944,2,9991008953,1
2944,3,9991008774,0
2945,1,1711160095,1
2946,1,1425168085,1
2947,1,1425170262,1
2948,1,2420003632,1
2949,1,1425182214,1
2950,1,1711190716,1
2950,2,1711171509,0
2951,1,2710065131,1
2952,1,1425169679,1
2953,1,1711178506,1
2954,1,1711172143,0
2954,2,1711181601,1
2955,1,2710065564,1
2956,1,9991008687,1
2956,2,9991008174,0
2957,1,1425169943,1
2958,1,1425169446,0
2958,2,1425173092,1
2959,1,1711172435,0
2959,2,1711181501,1
2960,1,2710067632,1
2961,1,2710066203,1
2962,1,1711171895,1
2963,1,1425163885,0
2963,2,1425173725,1
2964,1,2420004238,1
2965,1,1711158811,0
2965,2,1711190666,1
2966,1,2710064985,1
2967,1,1345353159,1
2968,1,2340003489,1
2969,1,1415181426,0
2969,2,1415190118,1
2970,1,1711160108,1
2971,1,2710062463,1
2972,1,1711154932,1
2973,1,1711189468,1
2973,2,1711172859,0
2974,1,2710061137,1
2975,1,2710080341,1
2976,1,1711186281,1
2977,1,2710064104,1
2978,1,1711156439,1
2979,1,1425169827,1
2980,1,2710099966,1
2980,2,2710077102,0
2981,1,2050000713,1
2982,1,2050000128,1
2983,1,1711172017,0
2983,2,1711181451,1
2984,1,2710065864,1
2985,1,2420011157,1
2985,2,1425178340,0
2986,1,1425169405,1
2987,1,1425166428,1
2988,1,1425170611,1
2989,1,2420004366,1
2990,1,1425182223,1
2991,1,2710067981,1
2991,2,1711201597,0
2992,1,1711174927,1
2993,1,2710065743,1
2994,1,1711184927,1
2994,2,1711172635,0
2995,1,1545027793,1
2996,1,1405005325,1
2997,1,1711174087,1
2998,1,2710064981,1
2999,1,1711189744,1
2999,2,1711153748,0
3000,1,1425170789,1
3001,1,1711175484,0
3001,2,1711192986,1
3002,1,2710000387,1
3003,1,1711179057,1
3004,1,2710064550,1
3005,1,1711189011,1
3005,2,1711172711,0
3006,1,1425168042,1
3007,1,1711158939,1
3008,1,1425165774,1
3009,1,1425171153,1
3010,1,1711174131,1
3011,1,2610000385,1
3011,2,1615012931,0
3012,1,1615013100,1
3013,1,2610000059,1
3014,1,1711170896,1
3015,1,1425170686,1
3016,1,1615013063,1
3017,1,1425171110,1
3018,1,1105018263,1
3019,1,1395072706,1
3020,1,1395071914,1
3021,1,1395076897,1
3022,1,2390000904,1
3023,1,1425182282,1
3024,1,2420003674,1
3025,1,1425170234,1
3026,1,1395076092,1
3027,1,1395076091,1
3028,1,1395076084,1
3029,1,1395076083,1
3030,1,1395076148,1
3031,1,1395076077,1
3032,1,1395077421,1
3033,1,2390000139,1
3034,1,1395076000,1
3035,1,1395076001,1
3036,1,1395076004,1
3037,1,1395075989,0
3037,2,1395077439,1
3038,1,2390000136,1
3039,1,1395076018,1
3040,1,1395076020,1
3041,1,1395076009,0
3041,2,1395077227,1
3042,1,2390000218,1
3043,1,1425163733,1
3044,1,1711154762,0
3044,2,1711190150,1
3045,1,2710047266,1
3046,1,2710082353,0
3046,2,2710100818,1
3047,1,1405005281,1
3048,1,1425168875,0
3048,2,1425173758,1
3049,1,1425166384,1
3050,1,1425182997,1
3050,2,1425168247,0
3051,1,1425172753,0
3051,2,2420010305,1
3052,1,1425165243,1
3053,1,1711152856,1
3054,1,1395076007,1
3055,1,1395075996,1
3056,1,1395077674,1
3056,2,1395075993,0
3057,1,2390000414,1
3058,1,1711160119,1
3059,1,1345364559,1
3059,2,1345353374,0
3060,1,2340034527,1
3061,1,1395076024,1
3062,1,1395076340,1
3063,1,1395076008,0
3063,2,1395077445,1
3064,1,2390000346,1
3065,1,2710067456,1
3066,1,1711171939,0
3066,2,1711187238,1
3067,1,1425165870,0
3067,2,2420004764,1
3068,1,1425171830,1
3069,1,1425166670,1
3070,1,1425176218,1
3071,1,1415182960,1
3072,1,1395076098,1
3073,1,1395076087,1
3074,1,1395076081,1
3075,1,1395076072,0
3075,2,1395077275,1
3076,1,2390000285,1
3077,1,1395076066,1
3078,1,1395076056,1
3079,1,1395077438,1
3079,2,1395076050,0
3080,1,2390000340,1
3081,1,1415188868,1
3082,1,1415181275,1
3083,1,1711156699,0
3083,2,1711184463,1
3084,1,2710047097,1
3085,1,1405005409,1
3086,1,1711201870,1
3086,2,1711178131,0
3087,1,1425169769,1
3088,1,2710061354,1
3089,1,1711189984,0
3089,2,1711155233,0
3089,3,2710078320,1
3090,1,1711173007,0
3090,2,2710063011,1
3091,1,9991008127,0
3091,2,9991008641,1
3092,1,9991008863,1
3093,1,2410017031,1
3093,2,1415181009,0
3093,3,1415184410,0
3093,4,2410003845,0
3093,5,2410013035,0
3094,1,2420000388,1
3094,2,1425169345,0
3094,3,1425171633,0
3095,1,1615013031,1
3096,1,2420003910,1
3096,2,1425175133,0
3097,1,1425169503,1
3098,1,1711185943,1
3098,2,1711157711,0
3099,1,2710063778,1
3100,1,2710082494,1
3100,2,2710047270,0
3100,3,1711155608,0
3100,4,1711191670,0
3101,1,2310000200,0
3101,2,2310000330,1
3102,1,1315001833,1
3103,1,2310000036,1
3104,1,2710097979,1
3104,2,1711174660,0
3104,3,1711182829,0
3104,4,2710080253,0
3105,1,2710065679,1
3106,1,2710062250,1
3106,2,1711155259,0
3106,3,1711187344,0
3107,1,1711160516,0
3107,2,1711193728,1
3108,1,1711188735,1
3108,2,1711172590,0
3109,1,2710065105,1
3110,1,1425168281,1
3111,1,1425177450,0
3111,2,2420010863,1
3112,1,2710077977,0
3112,2,2710097482,1
3112,3,1711191332,0
3112,4,1711155342,0
3113,1,2710065877,1
3114,1,1425170000,1
3115,1,2420030608,1
3116,1,2420019949,1
3117,1,2420004757,1
3118,1,1711171596,1
3119,1,2710077026,0
3119,2,1711190278,0
3119,3,1711154594,0
3119,4,2710099083,1
3120,1,2710066556,1
3121,1,2420010876,1
3122,1,1425166313,0
3122,2,1425176871,1
3123,1,2710067149,1
3124,1,1711186579,1
3124,2,1711171439,0
3125,1,1345367634,1
3126,1,1345354834,1
3127,1,1711185773,1
3127,2,1711159171,0
3128,1,2710062515,1
3129,1,1525013161,0
3129,2,1525013924,1
3130,1,1525013279,1
3131,1,1525014569,1
3132,1,1425165636,1
3133,1,2710047042,1
3134,1,1711153823,1
3135,1,1711191436,1
3136,1,9991008579,1
3137,1,2710076918,1
3138,1,1711183510,1
3138,2,1711158266,0
3139,1,2710067078,1
3140,1,1545026313,1
3141,1,1545027592,1
3142,1,1415188845,1
3142,2,1415182043,0
3143,1,1425170776,1
3144,1,1711172313,0
3144,2,1711185434,1
3145,1,2710070198,0
3145,2,1711175815,0
3145,3,1711198901,0
3145,4,2710096999,1
3146,1,2710036762,1
3147,1,2540000065,1
3148,1,1545026367,0
3148,2,1545027279,1
3149,1,1545026354,0
3149,2,1545027254,1
3150,1,1545026302,0
3150,2,1545026993,1
3151,1,1545027613,1
3152,1,1545026355,1
3153,1,1425168244,1
3154,1,2420010918,1
3155,1,1425177354,1
3156,1,1395076017,1
3157,1,1395076025,1
3158,1,1395076014,1
3159,1,1395076011,0
3159,2,1395077272,1
3160,1,2390000385,1
3161,1,1545026321,1
3162,1,1545027593,1
3163,1,1395075336,1
3164,1,1425167433,1
3165,1,1345376727,1
3165,2,1345361421,0
3166,1,1711187626,1
3166,2,1711174845,0
3167,1,2710065676,1
3168,1,2710075325,0
3168,2,2710100374,1
3169,1,1415182937,1
3170,1,1711203712,1
3170,2,1711173309,0
3171,1,1425169168,1
3172,1,1425173940,1
3173,1,2710000269,1
3174,1,1711198814,1
3175,1,2050000130,1
3176,1,1365003664,1
3177,1,1425167615,1
3178,1,1425182313,1
3179,1,1425170152,1
3180,1,2420004568,1
3181,1,2710048923,1
3182,1,1711155120,1
3183,1,1711187467,1
3184,1,1345353564,1
3185,1,9991008671,0
3185,2,9991008898,0
3185,3,9991008159,0
3185,4,9991009155,1
3186,1,2710000440,1
3187,1,1711194261,1
3188,1,1711175454,1
3189,1,2610000544,1
3189,2,2610000241,0
3189,3,1615012916,0
3190,1,1615013095,1
3191,1,2610000027,1
3192,1,1711173620,0
3192,2,1711199839,1
3193,1,1711170570,1
3194,1,2710067498,1
3194,2,1711194130,0
3195,1,1711173725,1
3196,1,1711173711,0
3196,2,1711192766,0
3196,3,2710067497,1
3197,1,1711191107,1
3197,2,1711171988,0
3198,1,2710066217,1
3199,1,1615012961,1
3200,1,1615013166,1
3201,1,1425164739,1
3202,1,1425166093,1
3203,1,1395074083,1
3204,1,1425165884,1
3205,1,1425174072,1
3206,1,2420011389,1
3207,1,1425168751,1
3208,1,9991008872,0
3208,2,9991009130,1
3209,1,9991008136,0
3209,2,9991008650,1
3210,1,1425170215,1
3211,1,2410003179,1
3212,1,1415180411,1
3213,1,1395072567,1
3214,1,1711171622,0
3214,2,1711191434,1
3215,1,2710062954,1
3216,1,1345355496,0
3216,2,1345370182,1
3217,1,2710008448,0
3217,2,2710081599,0
3217,3,1711152895,0
3217,4,2710101069,1
3217,5,1711193641,0
3218,1,2710064791,1
3219,1,1711154479,0
3219,2,1711192581,1
3220,1,1711201727,1
3220,2,1711177387,0
3221,1,1711176128,1
3222,1,1711183925,1
3222,2,1711171214,0
3223,1,2710067625,1
3224,1,2050000796,1
3225,1,1055001180,1
3225,2,1055000978,0
3226,1,1711193451,0
3226,2,2710075092,1
3226,3,2710008514,0
3226,4,1711160648,0
3227,1,1425170175,1
3228,1,2420004337,1
3229,1,1425182201,1
3230,1,1425169811,1
3231,1,1711193864,0
3231,2,2710008398,1
3231,3,1711160564,0
3232,1,1415184547,0
3232,2,2410003861,1
3232,3,1415181642,0
3233,1,2340034557,1
3234,1,1345354544,1
3235,1,1415187318,0
3235,2,2410004948,1
3236,1,2410012875,1
3236,2,1415181924,0
3237,1,1711203337,0
3237,2,1711196227,1
3237,3,1711170753,0
3237,4,1711178810,0
3238,1,2710024044,0
3238,2,2710060782,1
3239,1,1425163843,1
3240,1,2710064505,1
3241,1,1711171823,1
3242,1,1711171215,1
3243,1,1711194062,1
3244,1,2710066045,1
3245,1,2710078313,0
3245,2,1711160514,0
3245,3,2710093475,1
3245,4,2710008606,0
3245,5,1711193648,0
3246,1,1711200314,1
3247,1,1711175176,1
3248,1,1395076100,1
3249,1,1395077635,0
3249,2,2390000165,1
3250,1,1711187652,1
3250,2,1711157223,0
3251,1,2710066668,1
3252,1,2710067354,1
3253,1,1711153614,0
3253,2,1711183389,1
3254,1,2710065292,1
3255,1,1711173326,0
3255,2,1711192247,1
3256,1,1711177266,1
3257,1,2420003709,1
3258,1,1425173798,1
3258,2,1425164080,0
3259,1,1711153673,1
3260,1,2710067087,1
3261,1,1711179799,0
3261,2,1711156151,0
3261,3,2710061299,1
3262,1,1711186849,1
3262,2,1711153811,0
3263,1,1345363564,1
3264,1,9991008573,1
3265,1,2710077986,0
3265,2,2710098527,1
3266,1,1711173942,1
3267,1,1711178601,1
3268,1,1711175535,1
3269,1,1711192980,1
3270,1,2710000130,1
3271,1,1711193158,0
3271,2,2710082000,1
3271,3,2710008700,0
3271,4,1711170649,0
3272,1,1425168356,1
3273,1,1425182849,1
3274,1,1345371663,1
3274,2,1345358621,0
3275,1,1425166377,0
3275,2,1425174502,0
3275,3,2420004049,1
3276,1,2710077447,0
3276,2,2710100209,1
3277,1,1425167569,1
3278,1,1711183746,1
3278,2,1711172703,0
3279,1,2710066938,1
3280,1,1425172225,0
3280,2,2420004806,1
3281,1,1425166055,1
3282,1,1425182267,1
3283,1,1425170269,1
3284,1,2420003514,1
3285,1,1711194027,1
3286,1,2710000467,1
3287,1,1711175499,1
3288,1,1425182185,1
3289,1,1425170236,1
3290,1,2420003488,1
3291,1,1425170003,1
3292,1,1425170642,0
3292,2,1425182967,0
3292,3,2420012786,1
3293,1,1711174954,1
3294,1,2710061229,1
3295,1,1711186733,1
3295,2,1711172507,0
3296,1,2710065789,1
3297,1,1425166215,0
3297,2,1425172482,1
3298,1,2420010792,1
3299,1,1711189656,1
3299,2,1711156705,0
3300,1,2710066063,1
3301,1,1711177665,0
3301,2,1711201947,1
3302,1,1425174119,1
3303,1,1425168644,1
3304,1,1425169810,1
3305,1,2420003887,1
3305,2,1425170448,0
3305,3,1425175634,0
3306,1,2710000477,1
3307,1,1711175487,1
3308,1,1711194151,1
3309,1,1425170196,1
3310,1,2420003587,1
3311,1,1425182184,1
3312,1,1711193943,1
3313,1,1425182229,1
3314,1,1425170173,1
3315,1,2420004414,1
3316,1,1425167656,1
3317,1,1425166522,0
3317,2,1425176070,1
3318,1,1425169969,1
3319,1,1711157106,0
3319,2,1711192540,1
3320,1,2710061219,1
3321,1,2420011052,1
3321,2,1425178318,0
3322,1,1425168438,1
3323,1,2340032322,1
3324,1,1345358358,0
3324,2,1345371547,1
3325,1,1425182225,1
3326,1,2420004862,1
3327,1,1425170579,1
3328,1,1425165775,1
3329,1,1425165844,1
3330,1,1711186257,1
3330,2,1711159022,0
3331,1,2340032028,1
3332,1,1345364582,1
3333,1,1345354280,0
3333,2,2340052054,1
3333,3,2340037760,0
3334,1,2710093224,1
3334,2,1711179296,0
3334,3,2710075074,0
3334,4,1711174056,0
3335,1,2710008016,1
3336,1,1711177272,1
3337,1,2420012818,1
3337,2,1425179872,0
3338,1,1425170357,1
3339,1,1711179298,1
3340,1,1711174107,1
3341,1,2710008007,1
3342,1,1615013135,0
3342,2,1615012972,0
3342,3,2610000008,1
3343,1,1415189971,1
3344,1,1415183800,1
3345,1,2410008025,1
3346,1,2410015136,1
3347,1,1711194003,1
3348,1,1711175611,1
3349,1,1711172407,0
3349,2,1711183662,1
3350,1,2710065844,1
3351,1,1711171515,1
3352,1,2410005857,1
3352,2,1415181824,0
3353,1,1425169605,1
3354,1,1425173868,1
3355,1,1425174326,1
3356,1,1425167362,1
3357,1,2420004044,1
3358,1,1525013623,1
3359,1,9991008655,0
3359,2,9991008142,0
3359,3,9991008877,1
3360,1,9991009133,1
3361,1,1415183468,1
3362,1,1425164890,1
3363,1,1425182277,1
3364,1,1425170209,1
3365,1,2420004171,1
3366,1,1711173224,1
3367,1,2710065748,1
3368,1,1711172396,0
3368,2,1711184785,1
3369,1,1711196337,1
3369,2,1711173954,0
3370,1,2800000367,1
3371,1,1711185783,1
3372,1,2710065402,1
3373,1,1711172398,1
3374,1,2710062084,1
3375,1,1711194060,1
3376,1,1711157769,1
3377,1,1711190686,1
3377,2,1711154991,0
3378,1,2710063967,1
3379,1,1711172229,1
3380,1,2710070647,1
3380,2,1711176451,0
3381,1,1711196048,1
3382,1,2710008038,1
3383,1,2420004547,1
3384,1,1425174615,1
3385,1,1425164072,1
3386,1,1415184286,1
3386,2,1415180176,0
3387,1,2710000298,1
3388,1,1711193958,1
3389,1,1711175519,1
3390,1,1711182676,1
3391,1,2710065796,1
3392,1,1711172052,1
3393,1,1711177460,1
3394,1,2420022745,1
3394,2,1425180105,0
3394,3,1425166994,0
3395,1,9991008177,0
3395,2,9991008691,1
3396,1,1711177843,1
3397,1,1711201935,1
3398,1,1425173413,1
3398,2,1425165541,0
3399,1,2420003789,1
3400,1,1425172493,1
3400,2,1425165131,0
3401,1,2420011075,1
3402,1,2420011030,1
3403,1,1425165080,1
3404,1,1425172438,1
3405,1,2420011217,1
3406,1,1425165112,0
3406,2,1425172792,1
3407,1,1425170692,1
3408,1,1415182866,1
3409,1,1425180095,1
3410,1,1425167258,1
3411,1,2420022801,1
3412,1,1545027969,1
3413,1,1545027952,1
3414,1,1545026259,0
3414,2,2540000069,1
3414,3,1545026839,0
3415,1,1545026338,0
3415,2,1545027908,1
3416,1,1545026316,1
3417,1,1545026351,1
3418,1,1545026337,1
3419,1,1545026327,0
3419,2,1545027628,1
3420,1,1545027160,1
3421,1,1545026819,1
3422,1,2540000068,1
3423,1,1545026290,1
3424,1,1711193750,0
3424,2,1711160626,0
3424,3,2710008699,0
3424,4,2710083065,1
3425,1,2710008698,1
3426,1,1711160347,0
3426,2,1711193510,1
3427,1,2410005588,1
3428,1,1415182169,0
3428,2,1415187430,1
3429,1,2410011360,1
3430,1,9991008574,1
3431,1,1425157277,1
3432,1,1711163037,0
3432,2,1711184536,1
3433,1,1711136929,1
3434,1,1711137020,1
3435,1,1485017952,1
3436,1,1485018607,1
3437,1,1485017980,0
3437,2,2480000144,1
3437,3,1485019414,0
3438,1,1425160167,1
3438,2,1425156541,0
3439,1,1711137685,1
3440,1,1711162451,0
3440,2,1711188900,1
3441,1,1535000466,1
3441,2,1535000392,0
3441,3,1535000308,0
3442,1,2310000089,1
3442,2,1315002016,0
3443,1,1315001917,1
3444,1,1711140911,1
3445,1,2710063290,1
3445,2,1711131160,0
3446,1,1711163679,0
3446,2,1711180782,1
3447,1,2340032274,1
3447,2,1345334503,0
3448,1,1345347476,0
3448,2,1345365398,1
3449,1,1425158180,1
3450,1,1711137215,1
3451,1,1711166080,1
3452,1,1711130454,1
3453,1,1525013515,1
3454,1,1535000504,1
3454,2,1535000391,0
3455,1,1535000456,1
3455,2,1535000388,0
3455,3,1535000304,0
3456,1,1535000464,1
3456,2,1535000307,0
3456,3,1535000389,0
3457,1,1415176221,1
3458,1,1711157405,0
3458,2,1711183122,1
3459,1,1711137271,1
3460,1,1615012567,0
3460,2,1615013163,1
3460,3,1615012417,0
3461,1,1525013886,1
3461,2,1525012280,0
3461,3,1525011868,0
3462,1,1525012363,0
3462,2,1525011875,0
3462,3,1525014151,1
3463,1,2420011380,1
3464,1,1425164330,0
3464,2,1425156704,0
3464,3,1425176782,1
3465,1,1345334137,1
3466,1,1345365987,1
3467,1,2340032829,1
3468,1,1345350262,1
3469,1,1711170916,1
3470,1,1365003543,1
3471,1,1365003465,1
3472,1,1711188939,1
3473,1,1711164867,1
3474,1,1711129271,1
3475,1,1405006005,1
3476,1,1711192688,1
3476,2,1711137285,0
3476,3,1711156461,0
3477,1,1711149760,1
3478,1,1711187440,1
3478,2,1711158142,0
3479,1,1711141396,1
3480,1,1711134227,1
3481,1,1405004812,1
3482,1,1525011434,1
3483,1,1711150214,1
3484,1,1711178347,1
3485,1,1711134522,0
3485,2,1711193190,1
3485,3,1711152971,0
3486,1,2710008648,1
3487,1,1415175824,0
3487,2,1415181858,0
3487,3,1415186885,1
3488,1,2070000339,1
3488,2,1075001679,0
3488,3,2070000174,0
3488,4,1075001453,0
3488,5,2070000023,0
3489,1,1075001313,1
3490,1,1425157083,0
3490,2,1425175160,1
3491,1,1425163133,1
3492,1,1711149628,1
3493,1,1711129487,1
3494,1,1711164152,0
3494,2,1711191454,1
3495,1,1425158191,1
3496,1,1425171366,1
3497,1,1425158404,1
3498,1,1711138763,1
3499,1,2410006764,1
3499,2,1415177475,0
3500,1,1415183131,1
3501,1,1415189297,1
3502,1,2410009606,1
3503,1,1711136695,1
3504,1,1711155300,1
3505,1,1485018693,1
3506,1,1485017925,1
3507,1,1485019540,1
3508,1,1711150090,1
3509,1,1395073500,1
3510,1,1395068566,1
3511,1,1345362245,1
3512,1,1711150329,1
3513,1,1345371993,1
3514,1,1345342161,0
3514,2,1345358216,1
3515,1,1425158409,1
3516,1,1345359894,0
3516,2,1345370265,1
3517,1,1345336478,1
3518,1,1415177183,1
3519,1,1415183064,1
3520,1,1415188594,1
3521,1,1711136223,1
3522,1,1711185345,1
3523,1,1711164974,1
3524,1,1615012733,1
3524,2,1615011819,0
3525,1,2410005163,1
3526,1,1415180515,0
3526,2,1415186667,1
3526,3,1415174736,0
3527,1,2410007868,1
3528,1,1325164045,0
3528,2,1711156242,0
3528,3,2710088425,1
3529,1,1711137821,0
3529,2,2320000028,1
3530,1,1711149463,0
3530,2,2710019979,1
3531,1,2710088422,1
3532,1,1711198517,1
3532,2,1711162473,0
3533,1,2710035040,1
3533,2,1711137738,0
3534,1,1711179871,1
3534,2,1711157594,0
3535,1,1711193529,1
3536,1,2710061631,1
3537,1,2710008729,1
3538,1,1711152898,1
3539,1,1711134352,1
3540,1,1711152970,1
3541,1,1345363753,1
3542,1,2340032963,1
3543,1,1345362596,1
3543,2,1345352756,0
3544,1,1345334096,1
3545,1,2340032120,1
3546,1,1345341567,1
3547,1,1345359435,1
3548,1,1711150612,0
3548,2,1711178736,1
3549,1,1711183740,1
3549,2,1711160210,0
3550,1,1711136481,1
3551,1,1711160919,0
3551,2,1711191885,1
3552,1,1711133672,1
3553,1,1425155654,1
3554,1,2340034432,1
3554,2,1345332959,0
3555,1,1345361712,1
3555,2,1345351875,0
3556,1,1711181786,1
3556,2,1711158415,0
3557,1,1711131302,0
3557,2,2710050395,1
3558,1,1711181967,1
3558,2,1711165163,0
3559,1,1711135572,1
3560,1,1415178252,1
3561,1,1415175370,0
3561,2,1415185036,1
3562,1,1711192415,1
3562,2,1711166455,0
3563,1,1711131750,1
3564,1,1711152540,1
3565,1,1325164043,0
3565,2,1711137815,0
3565,3,1711155526,0
3565,4,2710088429,1
3565,5,2320000027,0
3566,1,1711166923,0
3566,2,1711181600,0
3566,3,2710076495,1
3567,1,1711130194,0
3567,2,2710064006,1
3568,1,1711162286,1
3569,1,1711135982,1
3570,1,1345359649,1
3571,1,1711149131,1
3572,1,1711126086,1
3573,1,1711193094,1
3574,1,2710078991,1
3574,2,1711152645,0
3575,1,1711134433,0
3575,2,2710006775,1
3576,1,1711158598,0
3576,2,1711182062,1
3577,1,1711130217,1
3578,1,1425171919,1
3578,2,1425155129,0
3578,3,1425161732,0
3579,1,1711165323,1
3580,1,1711137269,1
3581,1,1395075517,1
3582,1,1345341502,1
3583,1,1711183931,1
3584,1,1711135954,1
3585,1,1711164250,1
3586,1,2710008443,1
3587,1,1711134658,0
3587,2,2710069147,1
3587,3,1711152843,0
3587,4,1711193162,0
3588,1,2710096265,1
3589,1,2610000344,1
3589,2,2610000110,0
3589,3,1615013372,0
3589,4,1615012861,0
3590,1,2610000657,1
3591,1,1415177303,1
3592,1,1415177296,1
3593,1,1425156949,0
3593,2,1425172319,1
3593,3,1425162097,0
3594,1,1535000233,1
3595,1,1535000505,1
3596,1,1425157056,1
3597,1,1425162863,1
3598,1,1415176883,1
3599,1,1711201376,1
3599,2,1711139509,0
3599,3,1711153507,0
3600,1,2710077494,1
3600,2,1711180952,0
3600,3,1711165233,0
3601,1,2710067910,1
3601,2,1711129787,0
3602,1,1425174895,1
3603,1,1425166621,0
3603,2,1425156651,0
3603,3,1425177433,1
3604,1,1711183858,1
3604,2,1711169928,0
3605,1,1711140354,1
3606,1,1711136539,1
3607,1,1711168993,0
3607,2,1711191654,1
3608,1,1345348975,1
3609,1,2340032686,1
3610,1,1345334325,1
3611,1,1345334435,1
3612,1,1545025622,1
3612,2,1545024015,0
3613,1,1711136656,1
3614,1,1711157246,1
3615,1,1345335377,1
3616,1,1345352498,1
3617,1,1711152401,1
3618,1,1711134190,1
3619,1,1535000411,1
3620,1,1711126501,1
3621,1,1711156245,1
3622,1,1711139280,1
3623,1,1711126316,1
3624,1,1711162825,0
3624,2,1711180350,1
3625,1,1711140478,1
3626,1,1711149636,1
3627,1,1711167267,1
3628,1,1711136549,1
3629,1,1425175452,1
3629,2,1425156707,0
3630,1,1425162468,1
3631,1,1425170927,1
3631,2,1425158550,0
3632,1,1711134148,0
3632,2,1711152570,1
3633,1,1345334120,1
3634,1,1711166252,0
3634,2,1711181428,1
3635,1,1711135598,1
3636,1,1711140147,0
3636,2,1711188371,1
3636,3,1711168774,0
3637,1,2710067771,1
3637,2,1711127159,0
3638,1,1711164089,0
3638,2,1711186200,1
3639,1,1415174827,0
3639,2,1415186905,1
3639,3,1415179759,0
3640,1,1395069346,1
3641,1,1395072606,1
3642,1,1395077357,1
3643,1,2390000135,1
3644,1,2710067861,0
3644,2,1711182604,0
3644,3,1711162710,0
3644,4,1711131992,0
3644,5,2710088028,1
3645,1,2710080851,1
3645,2,1711181944,0
3645,3,1711158840,0
3646,1,2710067552,1
3646,2,1711134916,0
3647,1,1415186187,1
3648,1,1415178327,1
3649,1,1415173754,0
3649,2,2410003140,1
3650,1,1711162967,0
3650,2,1711187127,1
3651,1,1711137347,1
3652,1,2710068190,1
3652,2,1711188210,0
3653,1,1711165662,1
3654,1,1711132434,1
3655,1,2340033788,1
3656,1,1711125972,1
3657,1,2340056388,1
3657,2,2340046373,0
3657,3,1345347262,0
3658,1,2340025203,1
3658,2,1345332782,0
3659,1,2710033819,1
3660,1,2710007402,1
3661,1,2710063509,1
3661,2,1711140160,0
3662,1,1711186589,1
3662,2,1711159420,0
3663,1,1345347683,1
3664,1,1711129671,1
3665,1,1711184206,1
3665,2,1711169866,0
3666,1,1711126408,0
3666,2,1711153012,1
3667,1,1615011766,0
3667,2,1615012722,1
3668,1,1425163621,0
3668,2,1425154111,0
3668,3,1425174792,1
3669,1,1711136105,1
3670,1,1315002024,0
3670,2,2310000070,0
3670,3,2310000256,1
3671,1,1615013419,1
3671,2,1615011944,0
3671,3,1615012568,0
3672,1,2340031138,1
3672,2,1345334251,0
3673,1,1345351034,0
3673,2,1345365746,0
3673,3,2340037135,1
3674,1,1711136357,1
3675,1,1711168466,0
3675,2,1711180560,1
3676,1,1711136995,1
3677,1,1425154851,1
3678,1,1395071530,1
3679,1,1535000467,1
3680,1,1535000305,1
3681,1,1535000394,1
3682,1,1711130582,1
3683,1,1711189757,1
3684,1,1711166509,1
3685,1,1425153636,0
3685,2,1425175479,1
3686,1,1425162612,1
3687,1,2480000764,1
3688,1,1485019823,1
3689,1,1405005969,1
3690,1,1405005336,1
3691,1,1405004726,1
3692,1,1345333181,1
3693,1,1345347651,1
3694,1,1535000489,1
3695,1,1535000309,1
3696,1,1535000390,1
3697,1,1711150097,1
3698,1,1395070252,1
3699,1,1711185138,1
3699,2,1711163197,0
3700,1,1711136086,1
3701,1,1711184744,0
3701,2,2710077495,1
3701,3,1711157130,0
3702,1,1711131590,1
3703,1,2710050417,1
3704,1,1405005419,1
3705,1,1525011446,1
3706,1,1485018275,1
3707,1,1525012473,1
3708,1,1525011887,1
3709,1,1525014370,1
3710,1,1345338811,1
3711,1,1711181940,1
3711,2,1711155667,0
3712,1,1711128019,1
3713,1,1711165036,0
3713,2,1711181526,1
3714,1,1711136220,1
3715,1,2340034368,1
3715,2,1345332854,0
3716,1,1345346947,1
3717,1,1415186124,1
3718,1,1345351374,0
3718,2,1345363252,1
3719,1,1345333795,1
3720,1,1711163553,1
3721,1,1711137118,1
3722,1,1405005525,0
3722,2,1405006052,1
3723,1,1711153837,1
3724,1,1711141542,1
3725,1,1415183092,1
3725,2,1415176789,0
3726,1,2710075872,1
3727,1,1525011873,0
3727,2,1525014714,1
3727,3,1525012465,0
3728,1,1711140671,1
3729,1,1711175003,1
3730,1,1711162249,0
3730,2,1711185535,1
3731,1,1711137541,1
3732,1,1525012767,1
3733,1,1525014516,1
3734,1,1525011872,1
3735,1,1425156103,1
3736,1,2710111223,1
3737,1,2710091992,1
3738,1,2710019284,1
3739,1,1415189423,1
3739,2,1415175944,0
3740,1,1415181507,1
3741,1,1415173850,1
3742,1,1711126491,1
3743,1,1711138772,1
3744,1,1425155677,1
3745,1,1711191987,1
3745,2,1711128834,0
3745,3,1711165896,0
3746,1,2710068274,1
3747,1,1425161063,1
3748,1,1425156514,1
3749,1,1425154085,0
3749,2,1425174838,1
3750,1,1425161904,1
3751,1,1425170848,1
3752,1,1425170892,1
3753,1,1425158961,1
3754,1,1711178723,0
3754,2,2710033891,0
3754,3,2710096288,1
3754,4,1711202386,0
3754,5,1711150599,0
3755,1,2340034092,1
3755,2,1345333008,0
3756,1,1345364783,1
3756,2,1345347216,0
3757,1,1711141212,1
3758,1,1425158818,1
3759,1,9991008477,0
3759,2,9991009052,0
3759,3,9991009187,1
3760,1,2710062859,1
3761,1,1711139904,1
3762,1,1711155461,1
3763,1,1075001267,1
3764,1,1345347281,0
3764,2,1345361646,1
3765,1,1345333739,1
3766,1,1395075643,1
3767,1,1395075637,1
3767,2,1395068385,0
3768,1,1395076987,1
3769,1,2390000966,1
3770,1,1711151044,1
3771,1,1615011811,0
3771,2,1615012557,1
3772,1,1711140760,1
3773,1,1711132621,1
3774,1,1711163932,1
3775,1,1711153975,0
3775,2,1711185780,1
3776,1,1711126564,1
3777,1,1345365560,1
3778,1,2340033867,1
3779,1,1711136152,1
3780,1,1711180038,1
3780,2,1711165341,0
3781,1,2340034395,1
3781,2,1345363741,0
3781,3,1345333684,0
3781,4,1345352146,0
3782,1,1425158401,1
3783,1,1425172656,1
3783,2,1425156928,0
3783,3,1425162087,0
3784,1,1415178428,1
3785,1,1711184464,1
3785,2,1711162026,0
3786,1,1711131676,1
3787,1,1711150932,1
3788,1,1711186016,1
3788,2,1711158465,0
3789,1,1711140159,1
3790,1,1425158338,1
3791,1,1711149995,1
3792,1,1711149190,1
3793,1,1345363413,1
3794,1,1345333113,1
3795,1,2340033842,1
3796,1,1345350325,1
3797,1,1711152722,0
3797,2,1711193794,1
3797,3,1711134543,0
3798,1,1711168079,1
3799,1,1711137162,1
3800,1,1711167392,1
3801,1,1711129205,1
3802,1,1711183764,1
3802,2,1711165569,0
3803,1,1711136700,1
3804,1,1425163130,1
3804,2,1425157310,0
3805,1,2340033696,1
3805,2,1345333131,0
3806,1,1345365119,1
3806,2,1345349025,0
3807,1,1345341699,1
3808,1,1345352222,0
3808,2,1345365328,1
3809,1,1345333694,0
3809,2,2340034391,1
3810,1,1425155626,1
3811,1,1425157135,0
3811,2,1425162875,1
3812,1,1415176885,1
3813,1,1711175072,1
3814,1,1711150309,1
3815,1,1425157625,0
3815,2,1425160978,1
3816,1,1425158567,1
3817,1,1425170880,1
3818,1,1425153554,1
3819,1,1711163107,0
3819,2,1711180871,1
3820,1,1711130404,0
3820,2,2710062818,1
3821,1,1425158894,1
3822,1,1425172947,1
3823,1,1425158254,1
3824,1,1711182731,1
3825,1,1711141480,1
3826,1,2710045446,1
3827,1,1711149053,0
3827,2,1711195611,1
3827,3,1711170635,0
3828,1,1415182675,1
3829,1,1415176619,1
3830,1,1395069075,1
3831,1,1395072980,1
3832,1,1395067477,0
3832,2,1395072231,1
3833,1,1395077532,1
3834,1,1711179614,1
3834,2,1711154889,0
3835,1,1711137593,1
3836,1,1711179737,1
3836,2,1711160692,0
3837,1,1711136624,1
3838,1,1485019462,1
3839,1,2480000424,1
3839,2,1485018714,0
3840,1,2480000169,1
3840,2,1485017995,0
3841,1,2710087955,1
3842,1,1711185988,1
3842,2,1711137574,0
3843,1,1711161898,1
3844,1,1711149103,1
3845,1,1615012612,0
3845,2,1615013368,1
3845,3,1615012179,0
3846,1,2340034335,1
3847,1,1345362057,1
3848,1,1345348044,1
3849,1,1345333730,1
3850,1,1345352174,1
3851,1,1425154938,1
3852,1,1405004964,1
3853,1,1345371563,1
3853,2,1345359567,0
3854,1,1345341240,1
3855,1,1711132034,1
3856,1,1711185607,1
3856,2,1711166972,0
3857,1,1425162743,1
3857,2,1425157499,0
3858,1,1415177286,1
3859,1,1415184081,1
3860,1,1425175091,1
3860,2,1425156502,0
3861,1,1425161053,1
3862,1,1711137046,0
3862,2,1711168037,1
3863,1,1345360164,1
3864,1,1415173826,0
3864,2,1415178776,0
3864,3,1415185965,1
3865,1,1425157528,1
3866,1,1405005992,1
3867,1,1405006149,1
3868,1,1405004972,1
3869,1,1405005628,1
3870,1,1405004733,1
3871,1,1405005893,1
3872,1,1405005146,0
3872,2,1405006252,1
3872,3,1405005758,0
3873,1,2400000447,1
3874,1,2400000446,1
3875,1,1405005925,1
3876,1,1405004732,1
3877,1,1405005358,1
3878,1,1405004789,0
3878,2,1405005872,1
3879,1,1405006008,1
3880,1,1405005499,1
3881,1,1405004997,1
3882,1,1711134453,1
3883,1,1711186657,1
3883,2,1711169766,0
3884,1,1711136831,1
3885,1,1395070477,1
3886,1,1395074348,1
3887,1,1395076654,1
3888,1,1395068356,1
3889,1,1615012721,1
3889,2,1615012044,0
3890,1,1345333059,0
3890,2,2340033762,1
3891,1,1345349452,1
3892,1,1711162466,0
3892,2,1711184552,1
3893,1,1711133330,1
3894,1,2480000692,1
3895,1,1485019735,1
3896,1,1535000494,1
3896,2,1535000393,0
3896,3,1535000306,0
3897,1,1425152452,1
3898,1,1711130632,0
3898,2,1711169736,0
3898,3,2710087993,1
3898,4,2710067737,0
3898,5,1711185225,0
3899,1,1711184726,0
3899,2,2710076661,1
3899,3,1711169148,0
3900,1,2710062333,1
3900,2,1711140297,0
3901,1,2710082344,1
3902,1,1711179817,1
3902,2,1711163954,0
3902,3,1711127792,0
3903,1,1415184382,1
3903,2,1415173838,0
3904,1,1711181021,1
3904,2,1711155901,0
3905,1,2710067069,1
3905,2,1711134924,0
3906,1,1711200872,1
3907,1,1711139494,1
3908,1,1711157076,1
3909,1,1711136504,1
3910,1,1711188825,1
3910,2,1711169265,0
3911,1,1711138773,1
3912,1,1345341458,1
3913,1,1711149046,1
3914,1,1711140730,1
3915,1,2520000326,1
3916,1,2550000023,1
3917,1,2550000013,1
3918,1,1395071247,0
3918,2,1395073094,1
3919,1,1395071248,0
3919,2,1395072840,1
3920,1,1395071251,0
3920,2,1395072712,1
3921,1,1395071249,1
3922,1,1395072572,1
3923,1,1395071250,0
3923,2,1395073065,1
3924,1,1395071244,0
3924,2,1395072324,0
3924,3,1395077666,1
3925,1,2390001319,1
3925,2,2390000101,0
3926,1,1615012795,1
3926,2,1615011930,0
3927,1,1615012510,1
3927,2,1615012055,0
3928,1,1615013259,1
3929,1,1395068482,1
3930,1,1395077145,1
3931,1,2390000946,1
3932,1,1395071276,1
3933,1,1415183684,1
3934,1,1415189913,1
3934,2,1415177610,0
3935,1,2410007969,1
3936,1,1425162819,1
3936,2,1425157026,0
3937,1,1711135087,1
3938,1,1395067406,0
3938,2,1395075334,1
3939,1,1415175658,1
3940,1,1415176128,0
3940,2,1415180124,1
3941,1,1425156783,0
3941,2,1425161705,0
3941,3,1425172180,1
3942,1,9991007975,1
3943,1,9991008476,0
3943,2,9991009045,1
3944,1,9991009194,1
3945,1,1711137232,1
3946,1,9991009046,1
3947,1,9991008475,1
3948,1,1425154289,0
3948,2,1425160127,1
3949,1,2340034380,1
3949,2,1345349620,0
3949,3,1345333311,0
3949,4,1345365331,0
3950,1,1345333676,1
3951,1,1711151926,1
3952,1,1425163985,0
3952,2,1425174539,1
3952,3,1425155070,0
3953,1,1425154883,1
3954,1,1711140143,1
3955,1,1425158403,1
3956,1,1345351651,1
3957,1,1345339339,1
3958,1,1405005327,0
3958,2,1405005841,1
3958,3,1405004766,0
3959,1,1711150044,1
3960,1,1425170999,0
3960,2,1425154230,0
3960,3,1425182724,1
3961,1,1105016154,1
3962,1,1405004707,1
3963,1,1711139375,0
3963,2,1711167416,1
3964,1,1425157183,0
3964,2,1425163029,1
3965,1,1395070007,1
3966,1,1395072921,1
3967,1,1395067602,0
3967,2,1395072200,1
3968,1,1615011767,0
3968,2,1615012705,1
3969,1,1711184161,1
3970,1,1711138623,1
3971,1,1711195933,0
3971,2,2710012015,1
3972,1,1711156466,1
3973,1,1425157294,1
3974,1,1615012446,1
3975,1,1711155364,0
3975,2,1711192246,1
3976,1,1711130057,1
3977,1,1075001639,0
3977,2,2070000230,0
3977,3,1075001260,0
3977,4,1075001501,0
3977,5,2070000067,0
3977,6,2070000348,1
3978,1,2340033887,1
3978,2,1345333393,0
3979,1,1345351774,0
3979,2,1345364909,1
3980,1,2710062357,1
3980,2,1711139923,0
3981,1,1711186697,1
3981,2,1711159087,0
3982,1,1405005956,1
3983,1,1405005275,1
3984,1,1405004769,1
3985,1,1711135457,1
3986,1,1711189384,1
3987,1,1711161559,1
3988,1,1711135106,1
3989,1,1711135948,1
3990,1,1711170025,0
3990,2,1711187773,1
3991,1,1345349049,1
3992,1,1345334562,0
3992,2,2340032818,1
3993,1,1345365858,1
3994,1,1711134787,1
3995,1,1711153041,1
3996,1,1711183107,1
3997,1,1711149979,1
3998,1,2420030833,1
3998,2,1425161848,0
3999,1,1425154079,0
3999,2,2420003284,1
3999,3,1425178266,0
4000,1,1425157378,0
4000,2,1425162975,1
4001,1,1711140293,1
4002,1,1711166805,1
4003,1,1345334589,1
4004,1,1345359266,1
4005,1,1415173659,0
4005,2,1415178171,0
4005,3,2410003062,1
4005,4,1415184902,0
4006,1,1711136021,1
4007,1,1711161903,1
4008,1,1711158074,0
4008,2,1711189336,1
4009,1,1711133317,1
4010,1,1711188789,1
4010,2,1711166326,0
4011,1,1711136749,1
4012,1,1711158316,1
4013,1,1711134116,0
4013,2,1711152655,1
4014,1,1711189629,1
4014,2,1711153244,0
4015,1,1711140376,1
4016,1,1711182596,1
4016,2,1711169721,0
4017,1,1711126835,0
4017,2,2710049857,1
4018,1,1711150324,1
4019,1,1425162690,1
4020,1,1425156474,0
4020,2,1425176002,1
4021,1,2410004761,1
4022,1,1405005988,1
4023,1,2340034131,1
4023,2,1345333042,0
4024,1,1345348112,1
4025,1,1425156667,0
4025,2,1425177295,0
4025,3,1425161812,0
4025,4,2420011374,1
4026,1,1711135088,1
4027,1,1711130747,1
4028,1,1711163254,1
4029,1,1711136470,0
4029,2,1711168068,0
4029,3,1711182428,1
4030,1,1425161660,0
4030,2,1425171688,1
4030,3,1425156773,0
4031,1,1345341520,1
4032,1,1711191688,1
4033,1,1711163446,1
4034,1,1711137119,1
4035,1,1465035675,1
4036,1,1465033895,0
4036,2,1465038889,1
4037,1,2710050399,1
4038,1,9991008184,1
4039,1,9991008698,1
4040,1,1711136199,1
4041,1,1711162680,1
4042,1,1711191204,1
4043,1,1415184622,1
4043,2,1415173931,0
4043,3,1415178342,0
4044,1,1425157464,0
4044,2,1425160581,1
4045,1,1425175290,1
4046,1,1425153584,1
4047,1,9991008712,1
4047,2,9991007974,0
4047,3,9991008185,0
4048,1,1711187392,1
4048,2,1711168696,0
4049,1,1711136004,1
4050,1,1405004873,0
4050,2,1405005660,1
4051,1,1405005379,1
4052,1,1711132426,1
4053,1,1711191656,1
4053,2,1711162406,0
4054,1,1711189230,1
4055,1,1711167200,1
4056,1,1711126839,1
4057,1,1425175221,1
4057,2,1425154745,0
4058,1,1425162270,1
4059,1,1345364694,1
4060,1,2340033511,1
4061,1,2710062649,1
4061,2,1711140565,0
4062,1,1711185024,1
4062,2,1711166857,0
4063,1,1711136503,1
4064,1,1711190500,1
4064,2,1711168260,0
4065,1,1711138884,1
4066,1,1415176516,1
4067,1,2710088424,1
4067,2,2320000025,0
4067,3,1711137668,0
4068,1,1711156583,1
4069,1,1325164042,1
4070,1,1425156931,0
4070,2,1425172396,1
4070,3,1425162029,0
4071,1,1415182671,1
4071,2,1415176609,0
4072,1,1615012213,0
4072,2,1615013343,1
4072,3,1615012845,0
4073,1,9991008922,1
4074,1,9991008204,1
4075,1,9991008720,1
4076,1,9991007939,1
4077,1,1615011872,0
4077,2,1615013250,1
4077,3,1615012613,0
4078,1,1425157157,0
4078,2,1425162926,1
4079,1,1425156481,1
4080,1,1425159406,1
4081,1,1425160829,0
4081,2,1425156349,0
4081,3,1425172298,1
4082,1,1405004686,1
4083,1,1711176988,0
4083,2,1711203778,1
4083,3,1711151915,0
4084,1,1395075211,1
4085,1,1395068304,1
4086,1,1395068265,0
4086,2,1395075126,1
4087,1,2340031001,1
4087,2,1345334385,0
4088,1,1345350792,0
4088,2,1345365045,1
4089,1,1711137622,0
4089,2,2320000026,1
4090,1,1711158663,0
4090,2,1325164044,0
4090,3,2710089235,1
4091,1,1615011833,1
4092,1,1615012823,1
4093,1,1711126321,1
4094,1,1345352651,0
4094,2,1345365144,1
4095,1,1345333733,0
4095,2,2340034035,1
4096,1,1425157509,1
4097,1,1425162757,1
4098,1,1711190721,1
4099,1,1711167258,1
4100,1,1711130974,1
4101,1,1711149445,0
4101,2,1711176099,1
4102,1,1395069034,1
4103,1,1395070547,1
4104,1,1395068953,1
4105,1,1425157296,1
4106,1,1405005399,1
4107,1,1405005863,1
4108,1,1405004805,1
4109,1,1711131283,0
4109,2,2710062408,1
4110,1,1711181374,1
4110,2,1711168987,0
4111,1,1615012423,1
4112,1,1711155854,1
4113,1,1711136334,1
4114,1,1711153036,1
4115,1,1711134439,0
4115,2,1711193759,1
4116,1,1711126341,1
4117,1,1711139281,1
4118,1,1711157010,1
4119,1,1425154262,1
4120,1,1425156882,1
4121,1,1425162040,1
4122,1,1345363378,1
4123,1,1345341105,1
4124,1,1711152423,1
4124,2,1711126234,0
4125,1,9991008702,1
4126,1,9991008191,1
4126,2,9991007973,0
4127,1,1345334366,1
4128,1,1345353367,1
4129,1,1615012060,0
4129,2,1615012714,1
4130,1,1711162961,0
4130,2,1711182945,1
4131,1,1711132803,1
4132,1,1405005488,1
4133,1,1615012801,0
4133,2,1615013362,1
4133,3,1615012416,0
4134,1,1711193615,0
4134,2,2710008546,1
4134,3,1711134818,0
4134,4,1711152786,0
4135,1,1415182674,1
4136,1,1415176610,1
4137,1,1711133338,1
4138,1,2550000011,1
4139,1,2550000024,1
4140,1,1345332755,0
4140,2,2340027675,1
4141,1,1345352287,0
4141,2,1345361881,1
4142,1,1711181987,1
4142,2,1711166848,0
4143,1,1711135968,1
4144,1,1711162995,0
4144,2,1711190616,1
4144,3,1711131188,0
4145,1,1711183123,1
4145,2,1711135544,0
4145,3,1711166068,0
4146,1,1711167478,0
4146,2,1711190212,1
4147,1,1711128606,1
4148,1,1711188807,1
4148,2,1711169994,0
4149,1,1711128713,1
4150,1,1345334758,1
4151,1,2710077956,1
4151,2,2710008373,0
4152,1,1711135791,1
4153,1,1711169219,0
4153,2,1711186451,1
4154,1,1711161862,0
4154,2,1711192274,1
4155,1,1711140431,1
4156,1,1711195337,1
4156,2,1711152699,0
4157,1,9991008912,0
4157,2,9991009162,1
4157,3,9991008180,0
4157,4,9991007943,0
4158,1,9991008693,1
4159,1,1425155181,1
4160,1,1425156828,1
4161,1,9991007970,1
4162,1,9991008699,1
4163,1,1711136022,1
4164,1,1405006053,1
4165,1,1405005025,0
4165,2,1405005470,1
4166,1,1711150064,1
4167,1,1395069083,0
4167,2,1395074086,1
4168,1,1395077166,1
4169,1,1711187119,1
4169,2,1711153645,0
4170,1,1711136491,1
4171,1,1545023007,1
4172,1,1545026743,1
4173,1,1545025216,1
4174,1,1395071303,1
4175,1,1395071313,1
4176,1,1395072961,1
4177,1,1415186665,0
4177,2,2410002625,0
4177,3,2410007810,1
4177,4,1415174725,0
4178,1,1415180716,1
4179,1,1395074216,1
4179,2,1395070924,0
4180,1,1395077437,1
4181,1,2400000444,1
4182,1,1711187501,1
4182,2,1711167050,0
4183,1,1711135600,1
4184,1,1395075394,1
4184,2,1395068724,0
4185,1,1395070713,1
4186,1,1615011814,0
4186,2,1615012860,1
4187,1,1615013307,1
4187,2,1615012730,0
4187,3,1615011903,0
4188,1,1395071291,1
4189,1,1395071347,1
4190,1,1395077701,1
4191,1,1395071346,0
4191,2,1395074280,1
4192,1,1345334070,1
4193,1,1711135519,1
4194,1,1711169878,1
4195,1,1345347711,0
4195,2,1345363477,1
4196,1,1345334268,0
4196,2,2340032335,1
4197,1,1711168719,0
4197,2,1711185505,1
4198,1,1711136430,1
4199,1,1525014923,0
4199,2,2520000815,0
4199,3,1525014945,0
4199,4,2520000799,1
4200,1,2520000340,1
4201,1,1711150846,1
4202,1,1425157239,1
4203,1,1711163263,0
4203,2,1711190986,1
4204,1,1711135899,1
4205,1,1615013160,1
4206,1,2610000348,1
4207,1,2610000119,1
4208,1,1615011885,0
4208,2,1615012566,1
4209,1,1711151932,1
4210,1,1485018083,1
4211,1,1485018763,1
4212,1,1365003557,1
4213,1,1365003525,1
4214,1,1711150415,1
4215,1,1425175142,1
4216,1,1425162234,1
4217,1,1525013941,1
4218,1,1525011610,1
4219,1,1711164208,1
4220,1,1711188043,1
4221,1,1711128544,1
4222,1,1711151037,1
4223,1,1415176332,0
4223,2,1415186680,1
4223,3,1415181328,0
4224,1,2410002669,1
4225,1,1425161503,1
4225,2,1425156741,0
4226,1,1425175110,1
4227,1,1711161025,0
4227,2,1711183831,1
4228,1,1711136670,1
4229,1,1345334131,1
4230,1,2340030989,1
4231,1,1345352509,0
4231,2,2340036511,0
4231,3,2340051877,1
4232,1,1345365124,1
4233,1,1711135772,1
4234,1,1711135673,1
4235,1,1711165839,0
4235,2,1711181126,1
4236,1,1615012543,0
4236,2,1615012415,0
4236,3,1615013371,1
4237,1,9991008801,1
4237,2,9991008522,0
4237,3,9991007793,0
4238,1,1415177523,1
4239,1,1711139035,1
4240,1,1405004899,1
4241,1,1525014479,1
4241,2,1525011879,0
4241,3,1525012722,0
4242,1,1415182181,1
4242,2,1415176288,0
4243,1,1425177304,1
4244,1,1425154886,0
4244,2,1425161591,1
4245,1,1345359241,1
4246,1,1345334424,1
4247,1,1425156406,0
4247,2,1425161901,0
4247,3,1425173581,1
4248,1,1425153603,1
4249,1,1395069469,1
4250,1,1395073928,1
4251,1,1345333713,1
4252,1,1711157335,0
4252,2,1711180474,1
4253,1,1711136073,1
4254,1,2710033767,1
4255,1,1425158210,1
4256,1,1425171194,1
4257,1,1711182513,1
4258,1,1711160901,1
4259,1,1711131949,1
4260,1,1711149089,0
4260,2,1711195626,1
4261,1,1711170571,1
4262,1,2710049030,1
4263,1,1345333128,1
4264,1,1425154451,1
4265,1,1425172376,1
4265,2,1425162107,0
4265,3,1425156888,0
4266,1,1345349118,0
4266,2,1345364270,1
4267,1,1345334634,0
4267,2,2340032143,1
4268,1,1711135368,1
4269,1,1711190370,1
4269,2,1711165595,0
4270,1,1425157566,0
4270,2,1425163730,1
4271,1,1395072370,1
4271,2,1395071447,0
4272,1,1395072475,1
4273,1,1395071446,1
4274,1,1395072026,1
4275,1,1395077560,1
4275,2,1395071445,0
4276,1,1711160684,1
4277,1,1711201500,1
4278,1,1711139504,1
4279,1,1415176894,1
4280,1,1345341058,1
4281,1,1711133216,1
4282,1,1711164166,1
4283,1,1425159879,1
4284,1,1425172471,1
4284,2,1425153203,0
4285,1,1711151352,1
4286,1,2340032141,1
4286,2,1345334289,0
4287,1,1345349187,0
4287,2,1345364329,1
4288,1,1425157465,0
4288,2,1425160849,1
4289,1,1425175010,1
4290,1,2610000364,0
4290,2,1615012124,0
4290,3,1615012631,0
4290,4,1615013077,0
4290,5,2610000130,0
4290,6,2610000716,1
4291,1,1345347679,1
4292,1,1711156873,0
4292,2,1711183578,0
4292,3,2710076967,1
4293,1,2710044453,1
4293,2,1711134928,0
4294,1,1711134392,1
4295,1,1425157015,0
4295,2,1425163036,1
4296,1,1425161849,1
4297,1,1425156734,1
4298,1,1425157280,1
4299,1,1395077890,1
4300,1,1711135535,1
4301,1,1711185758,1
4302,1,1711157080,1
4303,1,1711127355,1
4304,1,1711166711,1
4305,1,1711151940,1
4306,1,1711192555,1
4306,2,1711161960,0
4307,1,1711136822,1
4308,1,1711195542,0
4308,2,1711170638,0
4308,3,2710067061,1
4308,4,1711148981,0
4309,1,1711170543,0
4309,2,1711195541,0
4309,3,2710067062,1
4309,4,1711148980,0
4310,1,1711180331,1
4310,2,1711163626,0
4311,1,1711140025,0
4311,2,2710064461,1
4312,1,1395077833,1
4313,1,1425170881,1
4314,1,1425158573,1
4315,1,1425157891,1
4316,1,1711137444,1
4317,1,1395068441,1
4318,1,1711201206,1
4318,2,1711158612,0
4319,1,1711139534,1
4320,1,1415178007,0
4320,2,2410012624,1
4320,3,2410004545,0
4320,4,1415187728,0
4320,5,1415174970,0
4321,1,1415186358,1
4321,2,1415179341,0
4321,3,1415175282,0
4322,1,1415178082,1
4323,1,1415175258,0
4323,2,2800000280,1
4324,1,1415186291,1
4325,1,2800000281,1
4325,2,1415175288,0
4326,1,1415186356,1
4327,1,1415179037,1
4328,1,1425162059,1
4328,2,1425157210,0
4329,1,9991007965,0
4329,2,9991008708,1
4329,3,9991008189,0
4330,1,1615011911,0
4330,2,1615012759,1
4331,1,1425182715,1
4332,1,1425162005,1
4333,1,1425154161,0
4333,2,1425175120,1
4334,1,1345333840,1
4335,1,1711139213,0
4335,2,2710008711,1
4336,1,2710075029,0
4336,2,1711152944,0
4336,3,2710093214,1
4337,1,1711193886,1
4338,1,1711165697,0
4338,2,1711186211,1
4339,1,1711136412,1
4340,1,1711160447,0
4340,2,1711135050,0
4340,3,1711185032,1
4341,1,2410003193,1
4341,2,1415173656,0
4341,3,1415185060,0
4341,4,1415178005,0
4342,1,1711189655,1
4342,2,1711163466,0
4343,1,1711137731,1
4344,1,1711191634,1
4344,2,1711168086,0
4345,1,1711140548,1
4346,1,1415183374,1
4347,1,1415189360,1
4348,1,1415176688,1
4349,1,1425160764,1
4350,1,1425155253,0
4350,2,1425183236,1
4351,1,1425155132,1
4352,1,1425159814,1
4352,2,1425156308,0
4353,1,1711175811,1
4353,2,1711141264,0
4354,1,1711181638,1
4354,2,1711164051,0
4355,1,1711130765,1
4356,1,1525011886,1
4357,1,1525014405,1
4358,1,1525012562,1
4359,1,1425162883,1
4359,2,1425157058,0
4360,1,1425155347,1
4361,1,1405004778,1
4362,1,1405005370,1
4363,1,1711139544,1
4364,1,1711159832,1
4365,1,1711152866,1
4366,1,1711134138,1
4367,1,1425158332,0
4367,2,1425171305,1
4368,1,1711193987,1
4368,2,1711152903,0
4368,3,1711139177,0
4369,1,1711151717,1
4370,1,1525011883,0
4370,2,1525012741,0
4370,3,1525014293,1
4371,1,1525014724,1
4372,1,1525011885,0
4372,2,1525012458,1
4373,1,1425171295,1
4374,1,1425158138,1
4375,1,2480000039,0
4375,2,1485017993,0
4375,3,1485018567,0
4375,4,2480000417,1
4376,1,1485019259,1
4377,1,1711203361,0
4377,2,1711196252,1
4378,1,1711192693,0
4378,2,2710050394,1
4379,1,2710076511,1
4379,2,1711166282,0
4380,1,1711133025,1
4381,1,1485017885,0
4381,2,1485019471,1
4381,3,1485018684,0
4382,1,1405005493,1
4383,1,1405004853,1
4384,1,1405006041,1
4385,1,1545027064,1
4386,1,1545025264,1
4387,1,1545022961,1
4388,1,1545027586,1
4388,2,1545025800,0
4388,3,1545024719,0
4389,1,1711149664,1
4390,1,1425156695,1
4391,1,1425176834,1
4392,1,1425164266,1
4393,1,1711164633,0
4393,2,1711183865,1
4394,1,1711135587,1
4395,1,1711132792,0
4395,2,2710063685,0
4395,3,1711161917,0
4395,4,1711189948,0
4395,5,2710076423,1
4396,1,1615012537,1
4396,2,1615012045,0
4397,1,1345362798,1
4397,2,1345347055,0
4398,1,2340032853,1
4398,2,1345334448,0
4399,1,1711194000,0
4399,2,1711141465,0
4399,3,2710065869,0
4399,4,2710074926,1
4399,5,1711159573,0
4400,1,1415182993,1
4400,2,1415177393,0
4401,1,1711126202,1
4402,1,1405004738,1
4403,1,1711203818,1
4403,2,1711151894,0
4403,3,1711176180,0
4404,1,2710094006,1
4405,1,2710037219,1
4406,1,2710068264,1
4406,2,1711141256,0
4406,3,1711159890,0
4406,4,1711195205,0
4407,1,2710066466,1
4407,2,1711141227,0
4407,3,1711159881,0
4407,4,1711201184,0
4408,1,1711148953,1
4409,1,1711170634,1
4410,1,2710067060,1
4410,2,1711170546,0
4410,3,1711195550,0
4410,4,1711148957,0
4411,1,1711195529,1
4412,1,1711170637,1
4413,1,2710066754,1
4414,1,1425152525,1
4415,1,1425162362,0
4415,2,1425154724,0
4415,3,1425175204,1
4416,1,1711184736,1
4416,2,1711169429,0
4417,1,1711127214,1
4418,1,1711128734,0
4418,2,1711170115,1
4419,1,1711136907,1
4420,1,1425153928,1
4421,1,1425172239,1
4422,1,1425162566,1
4423,1,9991008725,1
4423,2,9991007936,0
4424,1,9991008209,1
4425,1,1485018452,1
4426,1,1485019198,1
4427,1,1711176875,1
4428,1,1711192613,1
4429,1,1525011437,1
4430,1,1405004893,0
4430,2,1405005553,1
4431,1,1405006160,1
4432,1,1365003493,1
4433,1,1365003594,1
4434,1,9991007774,1
4435,1,1615012701,1
4436,1,1615012159,0
4436,2,1615013404,1
4437,1,1711141066,1
4438,1,1425152528,0
4438,2,1425160925,1
4439,1,1425171669,1
4440,1,1615012854,0
4440,2,1615012097,0
4440,3,1615013261,1
4441,1,1425158267,0
4441,2,1425171232,1
4442,1,1415176170,1
4443,1,1415176651,1
4444,1,1405005262,1
4445,1,1425153263,1
4446,1,1425154895,1
4447,1,1711193701,1
4448,1,2710069006,1
4448,2,1711152694,0
4449,1,2710008737,1
4449,2,1711134410,0
4450,1,1711193913,1
4451,1,2710008716,1
4451,2,1711151063,0
4452,1,1711173181,1
4453,1,1425158335,1
4454,1,1425171331,1
4455,1,1711135225,1
4456,1,2340032124,1
4457,1,1345361896,1
4458,1,1425162761,1
4458,2,1425157578,0
4459,1,1425176836,1
4460,1,1425159579,0
4460,2,1425172718,1
4460,3,1425153085,0
4461,1,1711193404,1
4461,2,1711134416,0
4462,1,1711152926,1
4463,1,1345360075,1
4464,1,1415182107,1
4464,2,1415175971,0
4465,1,1711187235,1
4465,2,1711169340,0
4466,1,1711127385,0
4466,2,2710063122,1
4467,1,1711149460,0
4467,2,2710019971,1
4468,1,1711203520,1
4469,1,1711170559,1
4470,1,1711149457,0
4470,2,2710019996,1
4470,3,1711203288,0
4471,1,1711166953,1
4472,1,1415174756,1
4473,1,1415178530,1
4474,1,1711188191,1
4475,1,1711167081,1
4476,1,1711140570,1
4477,1,1711193358,1
4478,1,1711140887,1
4479,1,1425155570,1
4480,1,1711164008,1
4480,2,1711136518,0
4481,1,1711183436,1
4481,2,1711165803,0
4482,1,1711136304,1
4483,1,1711149886,1
4484,1,1395070739,1
4485,1,1395070775,1
4486,1,1395070708,1
4487,1,1425175063,1
4487,2,1425156578,0
4488,1,1425161209,1
4489,1,1425155607,1
4490,1,1711160024,1
4491,1,1711139448,1
4492,1,1615012005,0
4492,2,1615013288,1
4492,3,1615012784,0
4493,1,1711196872,1
4494,1,1711160009,1
4495,1,1415181895,1
4496,1,1415176500,1
4497,1,1711193694,0
4497,2,2710078992,1
4497,3,1711134531,0
4497,4,1711152711,0
4497,5,2710007871,0
4498,1,1711160032,1
4499,1,1711139462,1
4500,1,1415173784,1
4501,1,1615012630,0
4501,2,1615013205,1
4501,3,1615012049,0
4502,1,1615012165,1
4503,1,1711121359,0
4503,2,1711158472,1
4504,1,1711127209,1
4505,1,1711192757,1
4506,1,1425152852,1
4506,2,1425145857,0
4507,1,1711165345,1
4507,2,1711115028,0
4508,1,1711147858,1
4509,1,9991007871,0
4509,2,9991008220,1
4510,1,9991008736,1
4511,1,1415170944,1
4512,1,1415170028,1
4513,1,1345348792,0
4513,2,1345366496,0
4513,3,1345321161,0
4513,4,1345331876,0
4513,5,2340026304,1
4514,1,1415179633,1
4514,2,1415169979,0
4515,1,1415173150,1
4516,1,9991008928,0
4516,2,9991008746,0
4516,3,9991009170,1
4517,1,9991008232,1
4517,2,9991007881,0
4517,3,1415170981,0
4518,1,1711122234,1
4519,1,1711150110,1
4520,1,1711124837,1
4521,1,1711119350,1
4522,1,9991008231,1
4523,1,9991007946,1
4524,1,1711121387,1
4525,1,1711129423,1
4526,1,1711162301,1
4526,2,1711118392,0
4527,1,2710062201,1
4527,2,1711148554,0
4528,1,1711181623,1
4528,2,1711112393,0
4528,3,1711168423,0
4529,1,2340035774,0
4529,2,2340056223,1
4529,3,1345366156,0
4529,4,1345350894,0
4529,5,1345321154,0
4530,1,2340026107,1
4530,2,1345330950,0
4531,1,1615011649,0
4531,2,1615012740,1
4531,3,1615012140,0
4532,1,1615011724,1
4533,1,1395069084,1
4534,1,1395068991,0
4534,2,1395074488,1
4535,1,1425151278,1
4536,1,1425161507,1
4536,2,1425146874,0
4537,1,2410004937,1
4538,1,1711117574,1
4539,1,1425151456,0
4539,2,1425144610,0
4539,3,1425161237,1
4540,1,1711123683,0
4540,2,1711121496,1
4541,1,1345360145,1
4542,1,1711116892,1
4543,1,1415185016,1
4543,2,1415178730,0
4543,3,1415172208,0
4543,4,1415169803,0
4544,1,1711146394,1
4545,1,1711118927,0
4545,2,1711164252,1
4546,1,1415169963,1
4547,1,1415172447,0
4547,2,1415184549,1
4548,1,1415168599,0
4548,2,1415178855,1
4549,1,1711154276,0
4549,2,1711120625,0
4549,3,1711180960,1
4550,1,1711139822,1
4551,1,1315001490,1
4552,1,1415186364,1
4552,2,1415169990,0
4553,1,9991008236,1
4554,1,9991007986,1
4554,2,1415170978,0
4555,1,1345346893,0
4555,2,1345322425,0
4555,3,1345364748,1
4556,1,1345331983,1
4557,1,1345362484,1
4557,2,1345350688,0
4557,3,1345322120,0
4558,1,2340031186,1
4558,2,1345343042,0
4559,1,1711108230,0
4559,2,1711167684,1
4559,3,1711147719,0
4560,1,1711117873,0
4560,2,1711164035,1
4561,1,1711131562,1
4562,1,1711116814,1
4563,1,1711193370,0
4563,2,2710008359,1
4563,3,1711152720,0
4563,4,1711117107,0
4563,5,1711126032,0
4564,1,1415168884,1
4565,1,1415179485,1
4565,2,1415168950,0
4566,1,1415184967,1
4566,2,1415175237,0
4567,1,1415170967,0
4567,2,9991007882,0
4567,3,9991008227,1
4568,1,9991008743,1
4569,1,1711159405,1
4569,2,1711119903,0
4570,1,1711137701,1
4571,1,1425153440,1
4572,1,1425146739,1
4573,1,1711113516,0
4573,2,1711147385,0
4573,3,1711155484,1
4574,1,1345363781,1
4575,1,1345320234,0
4575,2,1345351652,1
4576,1,1345331720,1
4577,1,1711116702,0
4577,2,1711152604,1
4577,3,1711126392,0
4578,1,1711161166,1
4578,2,1711121206,0
4579,1,1711145738,1
4580,1,1711164211,1
4580,2,1711117401,0
4581,1,1711146798,1
4582,1,1395064817,1
4583,1,1395074325,1
4583,2,1395067586,0
4584,1,1345323597,1
4585,1,1415180287,0
4585,2,1415185566,0
4585,3,1415173374,0
4585,4,2410005719,1
4586,1,1345331489,0
4586,2,1345364522,1
4586,3,1345350512,0
4586,4,1345320104,0
4587,1,1711118220,0
4587,2,1711168439,1
4588,1,1711148510,1
4589,1,1711122346,1
4590,1,1711117586,1
4591,1,1425154058,0
4591,2,1425165218,1
4591,3,1425146208,0
4592,1,1345363362,1
4592,2,1345323218,0
4592,3,1345350801,0
4593,1,1345343269,0
4593,2,2340031196,1
4594,1,1711201525,1
4594,2,1711155853,0
4594,3,1711119757,0
4595,1,1711131722,1
4596,1,2710007816,0
4596,2,2710076766,1
4597,1,1425170964,1
4598,1,1711167423,1
4598,2,1711121173,0
4599,1,1711147522,1
4600,1,1711120963,0
4600,2,1711166600,1
4601,1,1711139658,1
4602,1,1415169894,1
4603,1,1425150869,1
4604,1,1425144537,1
4605,1,1711167272,1
4605,2,1711113539,0
4606,1,1711142897,1
4607,1,1615012372,1
4607,2,1615011633,0
4608,1,1711115169,0
4608,2,1711161100,1
4609,1,1711148244,1
4610,1,1345322765,1
4611,1,1345344452,1
4612,1,1711114347,1
4613,1,1711161956,1
4614,1,1711148642,1
4615,1,1711147973,0
4615,2,2710063347,1
4616,1,1711113798,0
4616,2,1711184319,1
4616,3,1711169895,0
4617,1,1711113170,0
4617,2,1711147379,0
4617,3,1711164372,1
4618,1,1711156613,1
4618,2,1711118451,0
4619,1,1711147456,1
4620,1,2710063299,1
4620,2,1711144422,0
4621,1,1711168364,0
4621,2,1711116511,0
4621,3,1711190735,1
4622,1,1711117568,1
4623,1,1711147966,1
4624,1,1711163757,1
4624,2,1711119220,0
4625,1,1315001474,1
4626,1,1525013759,0
4626,2,2520000093,1
4626,3,1525012253,0
4626,4,1525010183,0
4626,5,1525010921,0
4627,1,1711160801,1
4627,2,1711117872,0
4628,1,1711141310,1
4629,1,1711125420,1
4630,1,1345330469,0
4630,2,1345360638,0
4630,3,1345376355,1
4631,1,1345334974,1
4632,1,1615013105,1
4633,1,2610000403,1
4633,2,1615011661,0
4634,1,1615012787,0
4634,2,2610000103,1
4634,3,1615011953,0
4635,1,1315001392,1
4636,1,1711142099,1
4637,1,1711113758,0
4637,2,1711169930,1
4638,1,1711121775,1
4639,1,1711134635,1
4640,1,1711156780,1
4641,1,1395072817,1
4642,1,1395069262,1
4643,1,1395073156,1
4644,1,1395070350,1
4645,1,1395070530,1
4646,1,1425147978,1
4647,1,1711120550,1
4648,1,1711117487,0
4648,2,1711161318,1
4649,1,1711144610,1
4650,1,2710061791,1
4651,1,1711166921,1
4652,1,1711146916,1
4653,1,1711111897,1
4654,1,2340030900,1
4654,2,1345344222,0
4655,1,1345364428,1
4655,2,1345352136,0
4655,3,1345322113,0
4656,1,1525012709,0
4656,2,1525014599,1
4656,3,1525011079,0
4656,4,1525010190,0
4657,1,1425165230,1
4657,2,1425146238,0
4658,1,1425153757,1
4659,1,1345344553,0
4659,2,1345348863,0
4659,3,1345320878,0
4659,4,1345365535,1
4660,1,1535000192,1
4661,1,1535000354,1
4662,1,1711116838,1
4663,1,1345361577,1
4663,2,1345346741,0
4664,1,1345329840,1
4665,1,1345361578,0
4665,2,1345376892,1
4665,3,1345329839,0
4666,1,1345346740,1
4667,1,1415186843,1
4668,1,2410004706,1
4668,2,1415177986,0
4668,3,1415172594,0
4669,1,1415169880,1
4670,1,2410004851,1
4671,1,1711111033,1
4672,1,1711132016,1
4673,1,1711165621,0
4673,2,1711106070,0
4673,3,1711188114,1
4674,1,1711130734,1
4675,1,1405004507,1
4676,1,1405004477,1
4677,1,1405004476,1
4678,1,1711168152,1
4678,2,1711128307,0
4678,3,1711109991,0
4679,1,1711168582,1
4680,1,1711133304,1
4681,1,1711108308,1
4682,1,1615011685,1
4683,1,1615011690,0
4683,2,1615012565,1
4683,3,1615011919,0
4684,1,1711121814,1
4685,1,1425159092,1
4686,1,1395067066,1
4687,1,1425151545,0
4687,2,1425147194,0
4687,3,1425162679,1
4688,1,1425153522,1
4689,1,1425146745,1
4690,1,1415183497,1
4690,2,1415170503,0
4690,3,1415177644,0
4691,1,1425150332,1
4692,1,1425143244,0
4692,2,1425160068,1
4693,1,1415189832,1
4693,2,1415177634,0
4694,1,1415183508,1
4694,2,1415170609,0
4695,1,1545022277,1
4696,1,1545023569,1
4697,1,1545022269,1
4698,1,1545023914,1
4699,1,1615012234,1
4699,2,1615011618,0
4700,1,2710101847,1
4700,2,2710076316,0
4700,3,1711158551,0
4700,4,1711120100,0
4701,1,1711137571,0
4701,2,1711195956,0
4701,3,2710038057,1
4702,1,1345321135,0
4702,2,1345347042,0
4702,3,1345366486,0
4702,4,2340037764,0
4702,5,2340056162,1
4703,1,2340026300,1
4703,2,1345331679,0
4704,1,1711168947,1
4704,2,1711142295,0
4705,1,1711119965,1
4706,1,1711144309,1
4707,1,1711118148,1
4708,1,1711159257,1
4708,2,1711117449,0
4709,1,1711145748,1
4710,1,1425165024,1
4711,1,1711118243,0
4711,2,1711168698,1
4712,1,1711148023,1
4713,1,1415171848,1
4714,1,1711150144,1
4715,1,1711123849,0
4715,2,1711177324,1
4716,1,1711126045,1
4717,1,1711116843,1
4718,1,1711147213,1
4719,1,1711114237,0
4719,2,1711169991,1
4720,1,1425148063,1
4721,1,1711143086,1
4722,1,1711163189,1
4722,2,1711108591,0
4723,1,1711169076,1
4723,2,1711110136,0
4723,3,1711145972,0
4724,1,1711144333,1
4725,1,1711118276,0
4725,2,1711165505,1
4726,1,1711123760,1
4727,1,1711141725,1
4727,2,1711119289,0
4728,1,1425141238,1
4729,1,1711120451,1
4730,1,1425142414,0
4730,2,1425148778,0
4730,3,1425159002,1
4731,1,1425164634,1
4732,1,1711116876,1
4733,1,2340062887,1
4733,2,2340042610,0
4733,3,1345360297,0
4734,1,2340005848,1
4735,1,1395071318,0
4735,2,1395073505,1
4736,1,1395071302,0
4736,2,1395073502,1
4737,1,1395071295,1
4738,1,1711200843,1
4738,2,1711122846,0
4738,3,1711149958,0
4738,4,1711173558,0
4739,1,1395072149,1
4740,1,1425144808,0
4740,2,1425151901,1
4741,1,1425149147,1
4742,1,1425160140,1
4742,2,1425143264,0
4743,1,2710089229,0
4743,2,1711119940,0
4743,3,1711158102,0
4743,4,2710101676,1
4744,1,2710010179,1
4744,2,1711136755,0
4744,3,1711195955,0
4745,1,2710017454,1
4745,2,1711137476,0
4746,1,1711153209,0
4746,2,1711195951,0
4746,3,2710084971,0
4746,4,2710101802,1
4746,5,1711119944,0
4747,1,1711123731,1
4748,1,1711125892,1
4748,2,1711116806,0
4749,1,2710077552,0
4749,2,2710050105,0
4749,3,1711154347,0
4749,4,1711137799,0
4749,5,2710101608,1
4749,6,1711120067,0
4749,7,1711195836,0
4750,1,2710101609,1
4750,2,1711120080,0
4750,3,1711137837,0
4750,4,1711156795,0
4750,5,1711195925,0
4750,6,2710049974,0
4750,7,2710078379,0
4751,1,2710101846,1
4751,2,1711156112,0
4751,3,1711195921,0
4751,4,1711120074,0
4751,5,1711137803,0
4751,6,2710050471,0
4751,7,2710077772,0
4752,1,1415175335,1
4753,1,1425153531,1
4754,1,1425146648,1
4755,1,1535000191,0
4755,2,1535000339,1
4756,1,1535000236,1
4757,1,1535000482,1
4758,1,1345324110,1
4759,1,1711118397,0
4759,2,1711167398,1
4760,1,1711142950,1
4761,1,1711123870,1
4762,1,2710086855,0
4762,2,1711195832,0
4762,3,1711119985,0
4762,4,1711153778,0
4762,5,2710101740,1
4763,1,2710012606,1
4763,2,1711137607,0
4764,1,1711111471,0
4764,2,1711166250,1
4765,1,1711148297,1
4766,1,1535000329,0
4766,2,1535000448,1
4766,3,1535000188,0
4766,4,1535000229,0
4767,1,1535000490,1
4768,1,1535000371,1
4769,1,1535000262,1
4770,1,1535000507,1
4771,1,1535000243,1
4772,1,1535000373,1
4772,2,1535000189,0
4773,1,1525010187,0
4773,2,1525012660,1
4774,1,1525014493,1
4775,1,1525011324,1
4776,1,1345332053,1
4777,1,1345346905,0
4777,2,1345363176,1
4778,1,1345320993,1
4779,1,1711117587,1
4780,1,1315001487,1
4781,1,1535000190,1
4782,1,1711123910,1
4783,1,1711121342,0
4783,2,1711156222,1
4784,1,1711127962,1
4785,1,1405004504,1
4786,1,1345323503,1
4787,1,1711127946,1
4788,1,1711118939,1
4789,1,1711139607,1
4790,1,1711166057,1
4790,2,1711121114,0
4791,1,1425161336,1
4792,1,1711163429,1
4792,2,1711115317,0
4793,1,1711129851,1
4794,1,1711180219,1
4795,1,1711146209,1
4796,1,1711120816,1
4797,1,1425159227,1
4798,1,1425149416,0
4798,2,1425162174,1
4799,1,1545021915,1
4800,1,1545022808,1
4801,1,2710101742,1
4801,2,1711119842,0
4801,3,1711158906,0
4801,4,1711195834,0
4801,5,2710086692,0
4802,1,2710011107,1
4802,2,1711137604,0
4803,1,1395064780,1
4804,1,1711117757,0
4804,2,1711158504,1
4805,1,1711147153,1
4806,1,1711171050,0
4806,2,1711196567,0
4806,3,1711152355,0
4806,4,2710033595,1
4806,5,1711121532,0
4807,1,1415175125,1
4808,1,1425144780,1
4809,1,1425151917,1
4810,1,1711146099,1
4811,1,1711169692,1
4811,2,1711118724,0
4812,1,2410004704,1
4813,1,1711147897,1
4814,1,1711167565,1
4814,2,1711118370,0
4815,1,1425159011,1
4816,1,1345350962,0
4816,2,1345323270,0
4816,3,1345362280,1
4817,1,1345342970,1
4818,1,1711118662,1
4819,1,1711167901,1
4819,2,1711106668,0
4820,1,1711145218,1
4821,1,1345342675,1
4822,1,1345350802,1
4823,1,1345322407,1
4824,1,1711113775,0
4824,2,1711183385,1
4824,3,1711146568,0
4824,4,1711155410,0
4825,1,1711126498,1
4826,1,1711152972,1
4826,2,1711116705,0
4827,1,1425158059,1
4828,1,1425148109,1
4829,1,1711175782,1
4830,1,1711149672,1
4831,1,1711123312,1
4832,1,1711106719,1
4833,1,1711144909,1
4834,1,1711167500,1
4835,1,1425143504,1
4836,1,1425158888,1
4837,1,1395064722,1
4838,1,1395064724,1
4839,1,1711109923,0
4839,2,1711181960,1
4839,3,1711166138,0
4840,1,1711146562,1
4841,1,1425142699,1
4842,1,1425158909,1
4843,1,1711118282,0
4843,2,1711169378,1
4844,1,1711145130,1
4845,1,1425146133,0
4845,2,1425151523,0
4845,3,1425162714,1
4846,1,1425157915,1
4847,1,1425147753,1
4848,1,1415183120,0
4848,2,1415171664,0
4848,3,1415188809,1
4848,4,1415177444,0
4849,1,1425146277,0
4849,2,1425162727,1
4849,3,1425151478,0
4850,1,1425143231,0
4850,2,1425159633,1
4851,1,1425150122,1
4852,1,1711121087,1
4853,1,1711139606,1
4854,1,1711126227,1
4855,1,1711117035,0
4855,2,1711153051,1
4856,1,1711119576,0
4856,2,1711164869,1
4857,1,1711137474,1
4858,1,1711154096,1
4858,2,1711106062,0
4859,1,1711127398,1
4860,1,2340037753,1
4860,2,1345350927,0
4860,3,1345322261,0
4860,4,1345365722,0
4861,1,1345343782,0
4861,2,2340031206,1
4862,1,1405005033,1
4863,1,1405004991,1
4864,1,1345376465,1
4864,2,1345360493,0
4864,3,1345330614,0
4865,1,1345334829,1
4866,1,1425144273,1
4867,1,1425150460,1
4868,1,2410007481,1
4868,2,1415189279,0
4868,3,1415183117,0
4868,4,1415177467,0
4869,1,1415171668,1
4870,1,1711139707,1
4871,1,1711120607,1
4872,1,1415179219,1
4873,1,1711118780,1
4874,1,1711142760,1
4875,1,1395063116,1
4876,1,1425144831,0
4876,2,1425152866,0
4876,3,1425164594,1
4877,1,1711126089,1
4877,2,1711116342,0
4878,1,1415176009,1
4879,1,1425144366,1
4880,1,1405004398,1
4881,1,1415178389,1
4881,2,1415169027,0
4882,1,1415172503,1
4883,1,1395069664,1
4884,1,1395068013,1
4885,1,1345362531,1
4886,1,1415174953,1
4887,1,1415184794,1
4888,1,1485018124,1
4888,2,1485017272,0
4889,1,1711122159,1
4890,1,1525010306,1
4891,1,1525011470,1
4892,1,1425153853,1
4893,1,1425146248,1
4894,1,1711146237,1
4895,1,1711163961,1
4895,2,1711110208,0
4896,1,1711122008,1
4897,1,1711139685,1
4898,1,1711163294,1
4898,2,1711120618,0
4899,1,1415168362,1
4900,1,1425143145,1
4901,1,1415169336,1
4902,1,1525014436,1
4902,2,1525012698,0
4902,3,1525011275,0
4902,4,1525010188,0
4903,1,1345351927,1
4903,2,1345322675,0
4904,1,2340031136,1
4904,2,1345344385,0
4905,1,1345363937,1
4906,1,1395067062,1
4907,1,1711119935,0
4907,2,1711196726,0
4907,3,1711137612,0
4907,4,2710015198,0
4907,5,1711155519,0
4907,6,2710101848,1
4907,7,2710088987,0
4908,1,1345340882,1
4909,1,1345323948,0
4909,2,1345358994,1
4910,1,1405004344,1
4911,1,1425146497,0
4911,2,1425153478,1
4912,1,1415173404,1
4913,1,1415177952,1
4913,2,1415168882,0
4914,1,1425159170,1
4915,1,1345321259,1
4916,1,1425147541,1
4917,1,1711185397,1
4918,1,1711118794,0
4918,2,1711167375,1
4919,1,1711145124,1
4920,1,2710063380,1
4920,2,1711143801,0
4921,1,1711191397,1
4921,2,1711170443,0
4921,3,1711114291,0
4922,1,1711104346,1
4923,1,1711131971,1
4924,1,1315001577,1
4925,1,1711148884,1
4926,1,1711164716,1
4926,2,1711109095,0
4927,1,1395067098,1
4928,1,2710017952,1
4929,1,1395070448,0
4929,2,1395073012,1
4930,1,1395072388,1
4931,1,1395077712,1
4932,1,1395065550,1
4933,1,1345348053,1
4934,1,1345344729,1
4935,1,1345320555,1
4936,1,1345345387,1
4937,1,1345322228,0
4937,2,1345349914,1
4938,1,1711168113,1
4938,2,1711108548,0
4939,1,1711147009,1
4940,1,2710064305,1
4940,2,1711144779,0
4941,1,1711164040,0
4941,2,1711115339,0
4941,3,1711188878,1
4942,1,1711112240,0
4942,2,1711170051,1
4943,1,1711145822,1
4944,1,1711183242,1
4944,2,1711115348,0
4944,3,1711169318,0
4945,1,1711148328,1
4946,1,1711195825,1
4947,1,2710048032,1
4947,2,1711137775,0
4948,1,2710101760,1
4948,2,1711119674,0
4948,3,1711159493,0
4948,4,2710077551,0
4949,1,1525012047,0
4949,2,1525012068,1
4950,1,2520000795,0
4950,2,1525014941,0
4950,3,2520000811,1
4950,4,1525014919,0
4951,1,1525013566,0
4951,2,1525010416,0
4951,3,1525010446,0
4951,4,1525013588,1
4952,1,2520000344,1
4953,1,1711137605,0
4953,2,1711196727,0
4953,3,1711158726,0
4953,4,1711119926,0
4953,5,2710016329,0
4953,6,2710101803,1
4954,1,1345330418,0
4954,2,1345360689,1
4955,1,1345335025,1
4956,1,1425161955,1
4956,2,1425149786,0
4956,3,1425142616,0
4957,1,1711122907,1
4958,1,2540000183,1
4958,2,1545022900,0
4959,1,1545022063,1
4960,1,1711107865,0
4960,2,1711167955,1
4961,1,1711133319,1
4962,1,1415178975,1
4962,2,1415173129,0
4962,3,1415169969,0
4963,1,1711124092,1
4964,1,1395068167,1
4965,1,1711122231,1
4966,1,1395072933,1
4967,1,1395065823,1
4968,1,1425147418,1
4969,1,1711167993,1
4969,2,1711114889,0
4970,1,1711146459,1
4971,1,1415171760,1
4972,1,1711148485,1
4973,1,1711117692,0
4973,2,1711166037,1
4974,1,1711120042,1
4975,1,1711148528,1
4976,1,1545024253,1
4977,1,1545022085,1
4978,1,1711142376,1
4979,1,1711106028,0
4979,2,1711170275,1
4980,1,1425153359,1
4981,1,1425146734,1
4982,1,1365003320,1
4983,1,1345334908,1
4984,1,1345360572,0
4984,2,1345376419,1
4984,3,1345330535,0
4985,1,1711143128,1
4986,1,1711167234,0
4986,2,1711189818,1
4986,3,1711115815,0
4987,1,1711120802,1
4988,1,1415168796,0
4988,2,1415173261,0
4988,3,1415186174,1
4988,4,1415181675,0
4989,1,1711124552,1
4990,1,1711117575,1
4991,1,1425158742,1
4992,1,1425143210,1
4993,1,1415184038,1
4993,2,1415171492,0
4994,1,1415175572,1
4995,1,1711143380,1
4996,1,1711116021,0
4996,2,1711169050,1
4997,1,1711190324,1
4998,1,1711142595,1
4999,1,1711168648,1
5000,1,1711117818,1
5001,1,1425148642,1
5002,1,1425160519,1
5002,2,1425140808,0
5003,1,1525010782,0
5003,2,1535000213,1
5004,1,1395064205,1
5005,1,1711137768,0
5005,2,2710016553,1
5006,1,1711119688,0
5006,2,1711154913,1
5007,1,1711159778,1
5007,2,1711120001,0
5008,1,1711137628,0
5008,2,2710015441,1
5009,1,1711196729,1
5010,1,1711195827,1
5010,2,1711154359,0
5010,3,1711136785,0
5010,4,1711119987,0
5011,1,1711119506,1
5012,1,1711137809,0
5012,2,1711153720,1
5013,1,2710089226,0
5013,2,2710101680,1
5013,3,1711158733,0
5013,4,1711195829,0
5013,5,1711119558,0
5013,6,1711137250,0
5013,7,2710012207,0
5014,1,1711137795,1
5015,1,1711119858,1
5016,1,1711158894,1
5017,1,2710087075,0
5017,2,1711157585,0
5017,3,1711196730,0
5017,4,1711119663,0
5017,5,2710101966,1
5018,1,1711137727,0
5018,2,2710016566,1
5019,1,1711137625,0
5019,2,1711157832,1
5019,3,1711119728,0
5020,1,1711154103,1
5020,2,1711137817,0
5021,1,1711119646,1
5022,1,2710088904,0
5022,2,1711195837,0
5022,3,1711158338,0
5022,4,1711137450,0
5022,5,2710101596,1
5022,6,1711119908,0
5022,7,2710013330,0
5023,1,1711119504,0
5023,2,1711137019,0
5023,3,1711195828,1
5023,4,1711158096,0
5024,1,1711126092,0
5024,2,2710006759,1
5025,1,1711193783,1
5026,1,2710082049,0
5026,2,1711152468,0
5026,3,2710093566,1
5026,4,1711116786,0
5027,1,1615012050,1
5027,2,1615011629,0
5028,1,1345342900,1
5029,1,1345352579,0
5029,2,1345322619,0
5029,3,1345364826,1
5030,1,1711123211,1
5031,1,1711131261,0
5031,2,2710063536,1
5032,1,1711113899,0
5032,2,1711168617,0
5032,3,1711188738,1
5033,1,1425147334,1
5034,1,1711150139,1
5035,1,1711177319,1
5035,2,1711123852,0
5036,1,1711125371,1
5037,1,1425145564,0
5037,2,1425166440,1
5038,1,1425153156,1
5039,1,1711117583,1
5040,1,1711117200,1
5041,1,1425146608,0
5041,2,1425150363,1
5042,1,1711162985,1
5042,2,1711121039,0
5043,1,1711139584,1
5044,1,1425144247,1
5045,1,1425151352,1
5046,1,1395066517,1
5047,1,1395066556,1
5048,1,1345323040,1
5049,1,1425162699,1
5050,1,1711124996,1
5051,1,1425147852,1
5052,1,1711139776,1
5053,1,1711120742,1
5054,1,1711121049,1
5055,1,1711147155,1
5056,1,1711117563,1
5057,1,1345324025,1
5058,1,1345320472,1
5059,1,1615011588,1
5060,1,1615012222,1
5061,1,1415172473,1
5062,1,1425146682,1
5063,1,1425153249,1
5064,1,2710007857,1
5065,1,1711193299,1
5065,2,1711126247,0
5065,3,1711117106,0
5065,4,1711152710,0
5066,1,1425143311,1
5067,1,1425158901,1
5068,1,1425153843,1
5069,1,1425145720,0
5069,2,1425165885,1
5070,1,1711118379,1
5071,1,1711112873,0
5071,2,1711142910,0
5071,3,1711166373,1
5072,1,1711139719,0
5072,2,1711120750,0
5072,3,1711163004,1
5073,1,1711168949,1
5073,2,1711110182,0
5074,1,1711147762,1
5075,1,1711120553,1
5076,1,1711131044,1
5077,1,1711158421,1
5077,2,1711121529,0
5078,1,1415180544,1
5079,1,2610000346,1
5079,2,1615013104,0
5079,3,2610000107,0
5079,4,1615012621,0
5079,5,1615012107,0
5079,6,1615011664,0
5080,1,1425143509,1
5081,1,1425158936,1
5082,1,1395064750,1
5083,1,1415170231,1
5084,1,1395067009,1
5085,1,1425164565,1
5085,2,1425146051,0
5086,1,1425152620,1
5087,1,1345362637,1
5087,2,1345322573,0
5087,3,1345352512,0
5088,1,1345342370,1
5089,1,1711139631,1
5090,1,1711166199,1
5091,1,1711120814,1
5092,1,1711118829,0
5092,2,1711169546,1
5093,1,1711146183,1
5094,1,1415169817,1
5095,1,1425165992,1
5095,2,1425147154,0
5096,1,1425151080,1
5097,1,1711129280,0
5097,2,2800000080,1
5097,3,1711191293,0
5098,1,1711159462,1
5098,2,1711119493,0
5099,1,9991008226,1
5099,2,9991007873,0
5099,3,1415170970,0
5100,1,9991008741,1
5101,1,1375027151,1
5102,1,1395065350,1
5103,1,1395063606,1
5104,1,1711120542,1
5105,1,1711116895,1
5106,1,1711120448,1
5107,1,1345324001,1
5108,1,1711125280,1
5109,1,1425162673,1
5109,2,1425151611,0
5109,3,1425146357,0
5110,1,1345376466,1
5110,2,1345330583,0
5110,3,1345360524,0
5111,1,1345334860,1
5112,1,1711119554,0
5112,2,1711154719,0
5112,3,2800000046,1
5112,4,1711187484,0
5112,5,1711131937,0
5113,1,1345345338,1
5114,1,1345320218,0
5114,2,1345351611,1
5115,1,1711123283,1
5116,1,1415171635,1
5117,1,1415176598,1
5118,1,1711119151,1
5119,1,1345322197,1
5120,1,1345344925,1
5121,1,1711193661,1
5121,2,1711125805,0
5121,3,1711152948,0
5121,4,1711117023,0
5122,1,1365003274,0
5122,2,1365003533,1
5123,1,1365003379,1
5124,1,2710074646,0
5124,2,1711117237,0
5124,3,1711157132,0
5124,4,2710069260,1
5124,5,1711130224,0
5124,6,1711200788,0
5125,1,1345340969,1
5126,1,1345323825,1
5127,1,1105015184,1
5128,1,1345323843,1
5129,1,1395067067,1
5130,1,1415169195,0
5130,2,1415178500,1
5131,1,1711123782,1
5132,1,1425162226,1
5132,2,1425148593,0
5133,1,1711125447,1
5134,1,1315001635,0
5134,2,1315001770,0
5134,3,1315002053,1
5135,1,1711143035,1
5136,1,1711118552,1
5137,1,1425147928,1
5138,1,1425144813,1
5139,1,1425152081,1
5140,1,1711189774,1
5140,2,1711131499,0
5140,3,1711106104,0
5140,4,1711165681,0
5141,1,1711185317,1
5141,2,1711164956,0
5141,3,1711114793,0
5142,1,1711144734,1
5143,1,1711118510,1
5144,1,1711143196,1
5145,1,2340032878,1
5146,1,1345365556,1
5146,2,1345349642,0
5146,3,1345322551,0
5147,1,1345342015,1
5148,1,1711110761,0
5148,2,1711169982,1
5149,1,1711128268,1
5150,1,1711106634,0
5150,2,1711165404,1
5151,1,1711143518,1
5152,1,1425153402,1
5153,1,1425146750,1
5154,1,2710064180,1
5154,2,1711141280,0
5155,1,1711115192,0
5155,2,1711162434,1
5156,1,1425146777,1
5157,1,1425158019,1
5158,1,2710101592,1
5158,2,2710076271,0
5158,3,1711157266,0
5158,4,1711137797,0
5158,5,1711195976,0
5158,6,2710038049,0
5159,1,1711120072,1
5160,1,2710078378,0
5160,2,2710101751,1
5160,3,2710038072,0
5160,4,1711137698,0
5161,1,1711155727,1
5161,2,1711119973,0
5162,1,1711195833,1
5163,1,1711169981,1
5163,2,1711148425,0
5163,3,1711118758,0
5164,1,1711143479,1
5165,1,1711118367,0
5165,2,1711162117,1
5166,1,1711125720,1
5167,1,2710089224,0
5167,2,1711137619,0
5167,3,1711158081,0
5167,4,1711196748,0
5167,5,1711119585,0
5167,6,2710014640,0
5167,7,2710101745,1
5168,1,2710089223,0
5168,2,2710101968,1
5168,3,1711137663,0
5168,4,2710012990,0
5169,1,1711196750,1
5170,1,1711159803,1
5170,2,1711119612,0
5171,1,1711191024,1
5172,1,2710063028,1
5172,2,1711147894,0
5173,1,1711115343,0
5173,2,1711161633,1
5174,1,1711166110,1
5174,2,1711118635,0
5175,1,1711141631,1
5176,1,1395067147,1
5177,1,1425146355,0
5177,2,1425165667,1
5178,1,1425153882,1
5179,1,1425146817,1
5180,1,1395073683,1
5181,1,1395065565,1
5182,1,1615011831,1
5183,1,1615011619,1
5184,1,1711145753,1
5185,1,1711109772,0
5185,2,1711169428,1
5186,1,2520000322,1
5187,1,1711107431,0
5187,2,1711164555,1
5187,3,1711141120,0
5188,1,1345323753,1
5189,1,1345342471,1
5190,1,1395073068,1
5191,1,1395077347,1
5192,1,1425143789,1
5193,1,1425158770,1
5194,1,1425165620,1
5195,1,1345356337,1
5195,2,1345324031,0
5196,1,1345340970,1
5197,1,1711124343,1
5198,1,1711145069,1
5199,1,1711113361,1
5200,1,1711164298,1
5201,1,1425166188,1
5201,2,1425153758,0
5201,3,1425146324,0
5202,1,1711117579,1
5203,1,1425147153,0
5203,2,1425151652,1
5204,1,1415171879,1
5205,1,1415170214,1
5206,1,1345361595,1
5206,2,1345329819,0
5207,1,1345346725,1
5208,1,1545023915,1
5208,2,1545022069,0
5209,1,1711125579,1
5210,1,1711117198,1
5211,1,1425146153,0
5211,2,1425162909,1
5211,3,1425151500,0
5212,1,1711122106,1
5213,1,1405004434,1
5214,1,1345320866,1
5215,1,1711114131,0
5215,2,1711190313,1
5215,3,1711168193,0
5216,1,2710063556,1
5216,2,1711141681,0
5217,1,1395069835,1
5218,1,1395073112,1
5219,1,1395069110,1
5220,1,1395072587,1
5221,1,1395073246,1
5221,2,1395069534,0
5222,1,1395071982,0
5222,2,1395077250,1
5222,3,1395067650,0
5223,1,2390000265,1
5224,1,1395065300,1
5225,1,1395065241,1
5226,1,1711114307,0
5226,2,1711191791,1
5226,3,1711169735,0
5227,1,1711148501,0
5227,2,2710064171,1
5228,1,1711137811,0
5228,2,2710038053,0
5228,3,1711195838,0
5228,4,1711120077,0
5228,5,1711155243,0
5228,6,2710101612,1
5228,7,2710077550,0
5229,1,1711121112,0
5229,2,1711163574,1
5230,1,1711148252,1
5231,1,1415174503,0
5231,2,1415170158,0
5231,3,1415181837,1
5232,1,2410002682,1
5233,1,1415186588,1
5234,1,1711124932,1
5235,1,1711125279,1
5236,1,1425160224,1
5237,1,1415169650,1
5238,1,1415181368,0
5238,2,1415173042,0
5238,3,1415186062,1
5239,1,1425148422,0
5239,2,1425159990,1
5239,3,1425143248,0
5240,1,1711143267,0
5240,2,1711162360,1
5241,1,2710009327,1
5242,1,1425145715,0
5242,2,1425162780,1
5242,3,1425151575,0
5243,1,1711120923,1
5244,1,1711124646,1
5245,1,9991008926,0
5245,2,9991009168,1
5245,3,9991008221,0
5245,4,9991007872,0
5245,5,1415170968,0
5245,6,9991008737,0
5246,1,1711120706,0
5246,2,1711161324,0
5246,3,1711191247,1
5246,4,1711139744,0
5247,1,1415173163,0
5247,2,1415185449,1
5248,1,1415179346,1
5248,2,1415168788,0
5249,1,1711122021,1
5250,1,1711165314,0
5250,2,1711109109,0
5250,3,1711185829,1
5251,1,1711148016,0
5251,2,2710062453,1
5252,1,1425141074,1
5253,1,1425141380,1
5254,1,1711168434,1
5254,2,1711119952,0
5255,1,1711141660,1
5256,1,1425146455,1
5257,1,1425149575,1
5258,1,1615013120,0
5258,2,2610000402,1
5258,3,1615012871,0
5258,4,2610000102,0
5258,5,1615011916,0
5258,6,1615011663,0
5259,1,1415180734,1
5259,2,1415169079,0
5260,1,1415174330,1
5261,1,1711200279,1
5262,1,2710017955,1
5263,1,1711175125,1
5264,1,1711150308,1
5265,1,1375027158,0
5265,2,1375027487,1
5265,3,1375027252,0
5266,1,1425144287,0
5266,2,1425151062,1
5267,1,1375027132,1
5268,1,2710063330,1
5268,2,1711134926,0
5269,1,1711109130,0
5269,2,1711183996,1
5269,3,1711161839,0
5270,1,1525011483,1
5271,1,1525010321,1
5272,1,1525011475,1
5272,2,1525010304,0
5273,1,1525010336,0
5273,2,1525011484,1
5274,1,1425150435,1
5275,1,1425144540,1
5276,1,1711117573,1
5277,1,1425148037,1
5278,1,1425152387,1
5279,1,1425162164,1
5279,2,1425144940,0
5280,1,1425153346,1
5281,1,1425146704,1
5282,1,1425150753,1
5283,1,1425144254,1
5284,1,1425142330,0
5284,2,1425160153,1
5285,1,1425148478,1
5286,1,1711129577,1
5287,1,1711114604,0
5287,2,1711154280,1
5288,1,1345323185,0
5288,2,1345346849,0
5288,3,1345365737,1
5289,1,1345343950,0
5289,2,2340032784,1
5290,1,1425153963,1
5291,1,1425146409,0
5291,2,1425165311,1
5292,1,1711124674,1
5293,1,1711193328,1
5294,1,2710093090,1
5294,2,1711160345,0
5294,3,2710036238,0
5295,1,1711126409,0
5295,2,2710008365,1
5296,1,1711120088,1
5297,1,1425165497,1
5297,2,1425146420,0
5298,1,1425154054,1
5299,1,1425148640,1
5300,1,1425143958,1
5301,1,1345323174,1
5302,1,1711121127,1
5303,1,1711155666,1
5304,1,1711139604,1
5305,1,1711165006,0
5305,2,1711107361,0
5305,3,1711188307,1
5306,1,2710062312,1
5306,2,1711143796,0
5307,1,1425144517,1
5308,1,1425151082,1
5309,1,1425164563,1
5309,2,1425144863,0
5310,1,1425152705,1
5311,1,1345320193,1
5312,1,1395066958,1
5313,1,1711120528,1
5314,1,2340031199,1
5314,2,1345345499,0
5315,1,1345362827,1
5315,2,1345322037,0
5315,3,1345348956,0
5316,1,1345332449,1
5317,1,1345322222,1
5318,1,1711119454,0
5318,2,1711162037,1
5319,1,1711135177,1
5320,1,1415171011,1
5321,1,1415174694,0
5321,2,1415181867,1
5322,1,1425143858,1
5323,1,1711113797,0
5323,2,1711192421,1
5323,3,1711167832,0
5324,1,2710063669,1
5324,2,1711132729,0
5325,1,1711120835,0
5325,2,1711164328,1
5326,1,1711143192,1
5327,1,1425146831,1
5328,1,1711147160,1
5329,1,1711117476,0
5329,2,1711166289,1
5330,1,1711160952,1
5330,2,1711112646,0
5331,1,1711146328,1
5332,1,1425143696,0
5332,2,1425149860,1
5333,1,1395067064,1
5334,1,1365003313,1
5335,1,1345330521,0
5335,2,1345360586,0
5335,3,1345376405,1
5336,1,1345334922,1
5337,1,1711122285,1
5338,1,2540000186,1
5338,2,1545023264,0
5339,1,1545026798,1
5340,1,1545025284,1
5340,2,1545022106,0
5341,1,1711118106,1
5342,1,1425143884,1
5343,1,1425153507,1
5343,2,1425146561,0
5344,1,1425143420,1
5345,1,1395065276,1
5346,1,1345351392,0
5346,2,1345363461,1
5347,1,1345343304,1
5348,1,1345321128,1
5349,1,1711118962,1
5350,1,1415175210,1
5351,1,1415188512,1
5352,1,1415176976,0
5352,2,1415183190,1
5352,3,1415170574,0
5353,1,1711157024,0
5353,2,1711186998,0
5353,3,2800000094,1
5354,1,1711119697,0
5354,2,1711130954,1
5355,1,1425162383,1
5356,1,1425148630,1
5357,1,1711149427,1
5358,1,1711122415,1
5359,1,1711176538,1
5360,1,1415169887,1
5361,1,1415179854,1
5362,1,1711119133,1
5363,1,1711107110,0
5363,2,1711188762,1
5363,3,1711157588,0
5364,1,2710061772,1
5364,2,1711141983,0
5365,1,1525010131,1
5366,1,1425143278,0
5366,2,1425159645,1
5367,1,1425149498,1
5368,1,1711123907,1
5369,1,1425147834,0
5369,2,1425157964,1
5370,1,1711151844,1
5371,1,1711122312,1
5372,1,1711167346,1
5373,1,1711146046,1
5374,1,1711108396,1
5375,1,1711191995,0
5375,2,2710064895,1
5376,1,1425159540,1
5377,1,1415173525,1
5378,1,1415178514,1
5379,1,1425141102,1
5380,1,1425147901,1
5381,1,1711122099,1
5382,1,1415188546,1
5383,1,1415170356,0
5383,2,1415183187,1
5383,3,1415176969,0
5384,1,1711125899,0
5384,2,2710007938,1
5385,1,1711116824,0
5385,2,2710093919,1
5385,3,1711152731,0
5385,4,2710069284,0
5386,1,1711193359,1
5387,1,1415179440,1
5387,2,1415172373,0
5387,3,1415169221,0
5388,1,1711188909,0
5388,2,1711158373,0
5388,3,2800000039,1
5388,4,1711133270,0
5388,5,1711119710,0
5389,1,1711193244,1
5389,2,1711126026,0
5389,3,1711117064,0
5389,4,1711152748,0
5390,1,1711117097,1
5391,1,1375027107,0
5391,2,1375027276,1
5392,1,2410004863,1
5392,2,1415174911,0
5392,3,1415178841,0
5392,4,1415170680,0
5392,5,1415187200,0
5393,1,1415179413,1
5393,2,1415170661,0
5393,3,1415174964,0
5394,1,1415184980,1
5395,1,1415178567,1
5395,2,1415170672,0
5395,3,1415174965,0
5396,1,1415184327,1
5397,1,1415186263,1
5398,1,1415170693,0
5398,2,1415175243,0
5398,3,1415179506,1
5399,1,1415185871,1
5400,1,1415179680,1
5401,1,1415175220,1
5402,1,1415170668,1
5403,1,1415185701,1
5404,1,1415179409,1
5404,2,1415175103,0
5404,3,1415170673,0
5405,1,1395067054,1
5406,1,1345330581,0
5406,2,1345360526,0
5406,3,1345376464,1
5407,1,1345334862,1
5408,1,1711168277,1
5409,1,1711111681,1
5410,1,1711146480,1
5411,1,1711139149,1
5412,1,1425148543,1
5413,1,1425159293,1
5413,2,1425142653,0
5414,1,1711137631,0
5414,2,1711156792,1
5414,3,1711120038,0
5415,1,1711109324,0
5415,2,1711165647,0
5415,3,1711190261,1
5416,1,1711145159,1
5417,1,1425145225,0
5417,2,1425165504,1
5418,1,1425157348,1
5419,1,1615011793,1
5420,1,1615011585,1
5421,1,1425147624,1
5422,1,1425153361,1
5423,1,1425146630,1
5424,1,1711143427,1
5425,1,1711119001,0
5425,2,1711167706,1
5426,1,1711116832,1
5427,1,1711131497,0
5427,2,2710061891,1
5428,1,1711115976,0
5428,2,1711187229,1
5428,3,1711162592,0
5429,1,9991007876,0
5429,2,9991008233,1
5430,1,9991008747,1
5431,1,1415170979,1
5432,1,1425146592,1
5433,1,1425153351,1
5434,1,1415171886,0
5434,2,1415175827,1
5435,1,1415170293,1
5436,1,1415179215,1
5437,1,1711155177,0
5437,2,2710049975,1
5437,3,1711197759,0
5437,4,1711120026,0
5437,5,1711137838,0
5438,1,1711120032,0
5438,2,1711154164,1
5439,1,1711197334,0
5439,2,1711137674,0
5439,3,2710038061,1
5440,1,1425149103,0
5440,2,1425142747,0
5440,3,1425159044,1
5441,1,1711193547,0
5441,2,2710100675,1
5441,3,1711152927,0
5441,4,1711102942,0
5441,5,2710008358,0
5441,6,1711126117,0
5441,7,2710079117,0
5442,1,1711116760,1
5443,1,1711116748,1
5444,1,1425137368,1
5445,1,1415164235,1
5446,1,1425134394,1
5447,1,1425139859,1
5448,1,1761002821,1
5449,1,1711098225,1
5450,1,1711123424,1
5451,1,1711095620,0
5451,2,1711107618,1
5452,1,1711147698,1
5453,1,1711095203,0
5453,2,1711104499,1
5454,1,1711142040,1
5455,1,1761002660,1
5456,1,1075001421,1
5457,1,1711096469,1
5458,1,1535000176,1
5458,2,1535000130,0
5459,1,1711098632,0
5459,2,1711111042,1
5460,1,1711143785,1
5461,1,1525013525,1
5462,1,1525009192,0
5462,2,1525009686,1
5463,1,1711096854,1
5464,1,1711135117,1
5465,1,1711117598,1
5466,1,1711100272,1
5467,1,1711094371,1
5468,1,1711094382,1
5469,1,1711096272,0
5469,2,1711105994,1
5470,1,1711094380,0
5470,2,1711117596,1
5471,1,1711135115,1
5472,1,1425139062,1
5472,2,1425134758,0
5473,1,1711094370,1
5474,1,1415166253,0
5474,2,1415170305,1
5475,1,1425139815,1
5475,2,1425135945,0
5476,1,1711098483,0
5476,2,1711111750,1
5477,1,1711147395,1
5478,1,1365003041,1
5479,1,1525009480,1
5480,1,1711102309,0
5480,2,1711122794,1
5481,1,1615012226,1
5481,2,1615011066,0
5481,3,1615011631,0
5482,1,1615013401,1
5482,2,1615012554,0
5483,1,1425135772,0
5483,2,1425141792,1
5484,1,1711094748,0
5484,2,1711106825,1
5485,1,1711144850,1
5486,1,1711164237,1
5486,2,1711109491,0
5487,1,1711142654,1
5488,1,1711091425,1
5489,1,1711091509,0
5489,2,1711111942,1
5490,1,1425133371,1
5491,1,1711095149,0
5491,2,1711108424,1
5492,1,1711148014,1
5493,1,1425137402,1
5494,1,1425134241,1
5495,1,1711094405,1
5496,1,1711142278,1
5497,1,1711113420,1
5497,2,1711088016,0
5498,1,1711099559,1
5499,1,1711093674,0
5499,2,1711103286,1
5500,1,1711126440,1
5501,1,1425133839,1
5502,1,1711101509,1
5503,1,1711135059,1
5504,1,1711107944,1
5504,2,1711087294,0
5505,1,1425137498,1
5506,1,1425136370,0
5506,2,1425141818,1
5507,1,1711107745,1
5508,1,1711094685,1
5509,1,1711144431,1
5510,1,1711110917,1
5511,1,1711146295,1
5512,1,1711091423,1
5513,1,1425134282,1
5514,1,1425139157,1
5514,2,1425135119,0
5515,1,1535000261,1
5516,1,1535000384,1
5517,1,1415164552,1
5518,1,1711102624,1
5519,1,1345305274,1
5520,1,1425132920,1
5521,1,1711085560,0
5521,2,1711112362,1
5522,1,1711102408,1
5523,1,1405005043,1
5524,1,1405004819,1
5525,1,1711145215,1
5526,1,1711090392,0
5526,2,1711157430,1
5526,3,1711107311,0
5527,1,1711111207,1
5527,2,1711091190,0
5528,1,1711145222,1
5529,1,1711148734,0
5529,2,1711097225,0
5529,3,1711121710,0
5529,4,1711160722,1
5530,1,1711098180,1
5531,1,1345303490,1
5532,1,1345365983,1
5532,2,1345304037,0
5532,3,1345319327,0
5532,4,1345348696,0
5533,1,2340031118,1
5533,2,1345331928,0
5534,1,1711094936,0
5534,2,1711108050,1
5535,1,1711141792,1
5536,1,1425133026,1
5537,1,1315001268,0
5537,2,1315001401,1
5538,1,1425139446,1
5539,1,1425134569,1
5540,1,1711096863,1
5541,1,1711101135,1
5542,1,1415170835,1
5543,1,1415165404,1
5544,1,1415165399,0
5544,2,1415170832,1
5545,1,1425134238,1
5546,1,1525009651,1
5547,1,1425133266,1
5548,1,1425141785,1
5548,2,1425136269,0
5549,1,1711102568,1
5550,1,1711094281,1
5551,1,1535000352,1
5552,1,1535000183,1
5552,2,1535000108,0
5553,1,1535000252,1
5554,1,1711127495,1
5555,1,1711095760,0
5555,2,1711106445,1
5556,1,1711146016,1
5556,2,1711091117,0
5556,3,1711111360,0
5557,1,1425139676,1
5558,1,1425136769,1
5559,1,1415183312,1
5559,2,1415170532,0
5559,3,1415164558,0
5559,4,1415177243,0
5560,1,1711117552,1
5560,2,1711094355,0
5561,1,1711135071,1
5562,1,1711105916,1
5562,2,1711095323,0
5563,1,1711145212,1
5564,1,1425151018,1
5565,1,1425133201,1
5566,1,1711100698,1
5567,1,1711148167,1
5568,1,1711098482,0
5568,2,1711112684,1
5569,1,1425134134,1
5570,1,1711101875,1
5571,1,1711093253,0
5571,2,1711152695,0
5571,3,1711193232,1
5571,4,1711125921,0
5571,5,1711108634,0
5572,1,1711100611,1
5573,1,1415167330,1
5573,2,1415164149,0
5574,1,1415172434,0
5574,2,1415164178,0
5574,3,1415167399,0
5574,4,1415178865,1
5575,1,1711147889,1
5576,1,1711106022,1
5576,2,1711094558,0
5577,1,1425139418,1
5577,2,1425135130,0
5578,1,1711117047,1
5578,2,1711097841,0
5579,1,1711097844,0
5579,2,1711117150,1
5580,1,1395063681,1
5580,2,1395059834,0
5581,1,1711096530,1
5582,1,1425134999,0
5582,2,1425150882,1
5582,3,1425139294,0
5583,1,1711094022,0
5583,2,1711125973,1
5583,3,1711103305,0
5584,1,1525010503,1
5584,2,1525009403,0
5585,1,1525010501,1
5585,2,1525009404,0
5586,1,1525010479,1
5586,2,1525009402,0
5587,1,1525010974,1
5588,1,1425139563,1
5588,2,1425134861,0
5589,1,1711134577,1
5590,1,1425138197,1
5590,2,1425136717,0
5591,1,1425151499,1
5592,1,1535000127,0
5592,2,1535000179,1
5593,1,1711113133,1
5593,2,1711091578,0
5594,1,1711143775,1
5595,1,1711093719,0
5595,2,1711103187,0
5595,3,1711126290,1
5596,1,1425135609,0
5596,2,1425141632,1
5597,1,1425152114,1
5598,1,1615012244,1
5599,1,1615010971,0
5599,2,1615011176,1
5600,1,1425138730,1
5600,2,1425134730,0
5601,1,1711094356,0
5601,2,1711117560,1
5602,1,1711135081,1
5603,1,1711123875,1
5604,1,1711099741,1
5605,1,1711117031,1
5605,2,1711097850,0
5606,1,1345306325,0
5606,2,1345327429,1
5607,1,1345341036,1
5608,1,1345300995,1
5609,1,1345300541,0
5609,2,1345311885,0
5609,3,1345347900,1
5610,1,1345342904,1
5611,1,1425142042,1
5611,2,1425135918,0
5612,1,1425152238,1
5613,1,1425136523,0
5613,2,1425139267,1
5614,1,1415165676,1
5615,1,1425149155,1
5616,1,1425133781,0
5616,2,1425138715,1
5617,1,1415166561,1
5617,2,1415163098,0
5618,1,1415172562,1
5619,1,1415178736,1
5619,2,1415167104,0
5620,1,1415185047,1
5621,1,1415163943,1
5622,1,1711094939,0
5622,2,1711113876,1
5623,1,1711132328,1
5624,1,1535000139,1
5625,1,1315001252,1
5626,1,1315001748,1
5627,1,1315001579,1
5628,1,1415186456,0
5628,2,1415165492,0
5628,3,2410006063,1
5628,4,1415180540,0
5628,5,1415168372,0
5628,6,1415174414,0
5629,1,1711147887,1
5630,1,1711114627,1
5630,2,1711095982,0
5631,1,1615011059,1
5632,1,1615011060,1
5633,1,1615011565,1
5634,1,1615011805,1
5635,1,1425134262,1
5636,1,1711095539,1
5637,1,1711141434,1
5638,1,1711099215,0
5638,2,1711121395,1
5639,1,1711174169,1
5640,1,1711196363,1
5641,1,1425143037,1
5642,1,1425133648,1
5643,1,1315001254,1
5644,1,1395068515,1
5645,1,1711097115,1
5646,1,1425134646,0
5646,2,1425139581,1
5647,1,1711139038,1
5648,1,1711163191,0
5648,2,1711112896,0
5648,3,1711097996,0
5648,4,1711184490,1
5649,1,1711108948,0
5649,2,1711098502,0
5649,3,1711154375,1
5650,1,1711146321,1
5651,1,1525009931,1
5652,1,1525009921,1
5653,1,1525009178,1
5654,1,1525009214,1
5655,1,1535000173,1
5655,2,1535000123,0
5656,1,1535000395,1
5656,2,1535000250,0
5657,1,1425137747,1
5658,1,1425136144,0
5658,2,1425139153,1
5659,1,1711102222,1
5660,1,1405005267,1
5660,2,1405004251,0
5661,1,1345313249,0
5661,2,1345301142,0
5661,3,1345350830,0
5661,4,1345365318,1
5662,1,1345343688,1
5663,1,1345344984,1
5664,1,1345351454,1
5664,2,1345312141,0
5665,1,1345300685,1
5666,1,1711143445,1
5667,1,1711099114,0
5667,2,1711164454,1
5667,3,1711122508,0
5668,1,1345300820,1
5669,1,1711099759,1
5670,1,1711110039,1
5670,2,1711098348,0
5671,1,1711127296,1
5672,1,1535000253,0
5672,2,1535000407,1
5673,1,1535000402,1
5674,1,1425152275,1
5675,1,1425142015,1
5675,2,1425136245,0
5676,1,1711107549,1
5676,2,1711095211,0
5677,1,1711142485,1
5678,1,1711107287,1
5678,2,1711095120,0
5679,1,1711146402,1
5680,1,1711144634,1
5681,1,1711108651,1
5681,2,1711095057,0
5682,1,1711107462,1
5682,2,1711095953,0
5683,1,1711146414,1
5684,1,1711106663,0
5684,2,1711140628,1
5684,3,1711096238,0
5685,1,1711144186,1
5686,1,1711114348,1
5686,2,1711091590,0
5687,1,1711155884,1
5688,1,1711088357,1
5689,1,1711112424,1
5690,1,1425132885,1
5691,1,1425135777,0
5691,2,1425141992,1
5692,1,1711129529,1
5693,1,1711099665,0
5693,2,1711119177,1
5694,1,1711110089,1
5694,2,1711099409,0
5695,1,1711147127,1
5696,1,1415165285,1
5697,1,1415167266,1
5698,1,1711105007,1
5699,1,1711082168,1
5700,1,1711139341,1
5701,1,1525009706,1
5702,1,1525009212,1
5703,1,1615012086,1
5703,2,1615011250,0
5704,1,1615010978,1
5705,1,1711100370,1
5706,1,1711103208,0
5706,2,1711094101,0
5706,3,2710081117,0
5706,4,2710100522,1
5706,5,1711159676,0
5707,1,1711193153,1
5708,1,2710008627,1
5708,2,1711126348,0
5709,1,1711102619,1
5710,1,1711120437,1
5710,2,1711102636,0
5711,1,1711102555,1
5712,1,1425134649,1
5713,1,1395062333,0
5713,2,1395065339,1
5714,1,1711102880,0
5714,2,1711159743,0
5714,3,1711094109,0
5714,4,2710096730,1
5714,5,2710081692,0
5715,1,1711126080,0
5715,2,2710008469,1
5716,1,1711193650,1
5717,1,1345300891,0
5717,2,1345351745,1
5717,3,1345312112,0
5718,1,1345342519,1
5719,1,1711192091,1
5719,2,1711112905,0
5719,3,1711098473,0
5719,4,1711155074,0
5720,1,1711128887,1
5721,1,1425136855,1
5722,1,1711101745,1
5723,1,1711095126,0
5723,2,1711143511,1
5723,3,1711106614,0
5724,1,1415171257,0
5724,2,1415166128,0
5724,3,1415177681,1
5725,1,1415166373,1
5726,1,1711132929,1
5727,1,1711109334,1
5727,2,1711099272,0
5728,1,1415165757,1
5729,1,1425152267,1
5729,2,1425136050,0
5729,3,1425141840,0
5730,1,1615011525,1
5731,1,1615012191,1
5732,1,1615010890,1
5733,1,1615013102,1
5734,1,1711102165,1
5735,1,1615011564,1
5736,1,1615011848,1
5737,1,1615011057,1
5738,1,1615010893,0
5738,2,1615011531,0
5738,3,1615012295,0
5738,4,1615012876,1
5739,1,1615013113,1
5740,1,1615012771,1
5741,1,1615011533,0
5741,2,1615012879,1
5741,3,1615012278,0
5741,4,1615010892,0
5742,1,1615013110,1
5743,1,1345365393,1
5743,2,1345301274,0
5743,3,1345350574,0
5743,4,1345314955,0
5744,1,2340033608,1
5744,2,1345343066,0
5745,1,1761002400,1
5746,1,1711106419,1
5746,2,1711096071,0
5747,1,1711131734,1
5748,1,1711159196,1
5748,2,1711097965,0
5748,3,1711115594,0
5749,1,1711133259,1
5750,1,1425136612,0
5750,2,1425138938,1
5751,1,1425139771,1
5751,2,1425134250,0
5752,1,1425141627,1
5752,2,1425136581,0
5753,1,1425132836,1
5754,1,1345300810,1
5755,1,1711114524,0
5755,2,1711163735,1
5755,3,1711098023,0
5756,1,1711134502,1
5757,1,1711141830,1
5758,1,1711114155,1
5758,2,1711094719,0
5759,1,1415165527,0
5759,2,1415171239,1
5760,1,1415177789,1
5761,1,1535000398,1
5762,1,1535000266,1
5763,1,1535000128,0
5763,2,1535000178,1
5764,1,1345364289,1
5764,2,1345347550,0
5764,3,1345301229,0
5764,4,1345313069,0
5765,1,2340034891,1
5765,2,1345332175,0
5766,1,1711099019,0
5766,2,1711162828,1
5766,3,1711122582,0
5767,1,1711147725,1
5768,1,1711095731,1
5769,1,1711101561,1
5770,1,1405005627,1
5771,1,1405006044,1
5772,1,1425139443,1
5772,2,1425135140,0
5773,1,1415166244,1
5774,1,1415170557,1
5775,1,1405005849,1
5776,1,1711094603,0
5776,2,1711106859,1
5777,1,1711148492,1
5778,1,1415174821,1
5779,1,1415165367,1
5780,1,1711117193,1
5780,2,1711098232,0
5781,1,1711134586,1
5782,1,1395068776,1
5783,1,1395072946,1
5784,1,1395072655,1
5785,1,1395068820,1
5786,1,1395072871,1
5787,1,1395068841,1
5788,1,1395072062,1
5789,1,1395068732,1
5790,1,1405006200,1
5791,1,1405004060,0
5791,2,1405005676,1
5792,1,1405004785,1
5793,1,1405005291,1
5794,1,1405005879,1
5795,1,1315001267,0
5795,2,1315001400,1
5796,1,1615011834,1
5796,2,1615011179,0
5796,3,1615010891,0
5797,1,1711143156,1
5798,1,1711112912,1
5798,2,1711092015,0
5799,1,1711122671,1
5799,2,1711098167,0
5800,1,1711133149,1
5801,1,1711147187,1
5802,1,1711098643,0
5802,2,1711122611,0
5802,3,1711167029,1
5803,1,1711103363,1
5803,2,1711080885,0
5804,1,1711094601,0
5804,2,1711114922,1
5805,1,1711130910,1
5806,1,1711093555,0
5806,2,1711102895,1
5807,1,1425139855,1
5807,2,1425134648,0
5808,1,1711148540,1
5809,1,1711108128,1
5809,2,1711094898,0
5810,1,1711144066,1
5811,1,1711103794,1
5811,2,1711095241,0
5812,1,1535000378,1
5813,1,1535000167,1
5813,2,1535000122,0
5814,1,1535000244,1
5815,1,1535000125,0
5815,2,1535000168,1
5816,1,1711101511,1
5817,1,1615011546,0
5817,2,1615013126,1
5818,1,1615012348,0
5818,2,1615012877,1
5819,1,1615010887,1
5820,1,1711150596,1
5820,2,1711101462,0
5821,1,1711125547,1
5822,1,1711117259,1
5822,2,1711099259,0
5823,1,1711134573,1
5824,1,1425131930,1
5825,1,1711097840,0
5825,2,1711117155,1
5826,1,1345312049,0
5826,2,1345300191,0
5826,3,1345350448,1
5827,1,1345342381,1
5828,1,1425134403,1
5829,1,1711100211,1
5830,1,1711094654,0
5830,2,1711114152,1
5831,1,1711143019,1
5832,1,1415173391,1
5833,1,1415178234,1
5833,2,1415167116,0
5833,3,1415163160,0
5834,1,1711095942,0
5834,2,1711108044,1
5835,1,1711145918,1
5836,1,1425153001,1
5836,2,1425135227,0
5836,3,1425140954,0
5837,1,1425153102,1
5837,2,1425135418,0
5837,3,1425140941,0
5838,1,1711101062,1
5839,1,1345328334,1
5840,1,1345306470,1
5841,1,1711094015,1
5842,1,1711100328,1
5843,1,1711106963,1
5843,2,1711095155,0
5844,1,1711145977,1
5845,1,1615012646,1
5846,1,1711151622,0
5846,2,1711141016,1
5847,1,1711101357,1
5848,1,1711100128,1
5849,1,1711123417,1
5849,2,1711100821,0
5850,1,1711133470,1
5851,1,1711119319,1
5851,2,1711099667,0
5852,1,1711121825,0
5852,2,1711099659,0
5852,3,1711149171,1
5853,1,1711101253,1
5854,1,1345300407,0
5854,2,1345312297,0
5854,3,1345348408,1
5855,1,1345344736,1
5856,1,1425134326,1
5857,1,1425152013,1
5857,2,1425136133,0
5857,3,1425141735,0
5858,1,1345306866,0
5858,2,1345318800,1
5859,1,1345332051,1
5860,1,1525009355,0
5860,2,1525011043,1
5860,3,1525010387,0
5861,1,1525012378,1
5862,1,1525009567,0
5862,2,1535000135,1
5863,1,1425133436,1
5864,1,1525009356,0
5864,2,1525010394,1
5865,1,1525011371,1
5866,1,1525012380,1
5867,1,1535000107,0
5867,2,1535000180,1
5868,1,1535000255,1
5869,1,1535000372,1
5870,1,1345301101,0
5870,2,1345350281,0
5870,3,1345319274,0
5870,4,2340051842,1
5870,5,2340046217,0
5870,6,1345363327,0
5871,1,1345331059,0
5871,2,2340031158,1
5872,1,1711127945,1
5873,1,1711112006,1
5873,2,1711096246,0
5874,1,1525009353,1
5875,1,1525012255,1
5876,1,1525010382,1
5877,1,1525010908,1
5878,1,1535000172,1
5879,1,1535000105,1
5880,1,1535000246,1
5881,1,1535000331,1
5882,1,1525010391,0
5882,2,1525011271,1
5882,3,1525009354,0
5883,1,1525012778,1
5884,1,1711096135,0
5884,2,1711114784,1
5885,1,1711146518,1
5886,1,1425137205,1
5887,1,1615011557,0
5887,2,1615012866,1
5887,3,1615011063,0
5887,4,1615012227,0
5888,1,1615013217,1
5889,1,1425133119,0
5889,2,1425138794,0
5889,3,1425150204,1
5890,1,1615011093,1
5891,1,1395069539,1
5892,1,1395070378,1
5893,1,1395067933,1
5894,1,1711101097,1
5895,1,1615011054,1
5896,1,1615011056,0
5896,2,1615011566,1
5897,1,1615011952,1
5898,1,1425135346,0
5898,2,1425138554,1
5899,1,1425151340,1
5900,1,1315001253,1
5901,1,1711093706,1
5902,1,1425137645,1
5903,1,1711095909,0
5903,2,1711104946,1
5904,1,1711144312,1
5905,1,1395064745,1
5905,2,1395060010,0
5906,1,1395059970,0
5906,2,1395064662,1
5907,1,1395060032,0
5907,2,1395064721,1
5908,1,1415163235,1
5909,1,1415167246,1
5910,1,1711091141,0
5910,2,1711111396,1
5911,1,1711147039,1
5912,1,1525009374,1
5913,1,1711099022,0
5913,2,1711111198,1
5914,1,1711148082,1
5915,1,1415164500,1
5916,1,1425141703,1
5916,2,1425135965,0
5917,1,1711091270,0
5917,2,1711111363,1
5918,1,1711147420,1
5919,1,1711126194,1
5920,1,1711152632,1
5920,2,1711102791,0
5920,3,1711094030,0
5921,1,1711193820,1
5922,1,1711108059,1
5922,2,1711094908,0
5923,1,1711148276,1
5924,1,1315001368,0
5924,2,1315001663,1
5925,1,1315001234,1
5926,1,1711111611,1
5926,2,1711091703,0
5927,1,1711129301,1
5928,1,1425152008,1
5929,1,1711095922,0
5929,2,1711106042,1
5930,1,1711147358,1
5931,1,1425139087,1
5931,2,1425135206,0
5932,1,1425150894,1
5933,1,1425137313,1
5934,1,1615012414,1
5934,2,1615011698,0
5935,1,1615010985,1
5936,1,1711147263,1
5937,1,1711107613,1
5937,2,1711094818,0
5938,1,1345300986,0
5938,2,1345350608,1
5938,3,1345312968,0
5939,1,1345331984,0
5939,2,2340033649,1
5940,1,1711122637,1
5940,2,1711098101,0
5941,1,1711148832,1
5942,1,1711128202,1
5943,1,1711095686,0
5943,2,1711106118,1
5944,1,1711095991,0
5944,2,1711108410,1
5945,1,1711145930,1
5946,1,1345342043,1
5947,1,1345312696,0
5947,2,1345300868,0
5947,3,1345351974,1
5948,1,1415165608,0
5948,2,1415171238,0
5948,3,1415177709,0
5948,4,1415183859,1
5949,1,1711143393,1
5950,1,1711108483,1
5950,2,1711095444,0
5951,1,1711146749,1
5952,1,1711095973,0
5952,2,1711106404,1
5953,1,1711094741,0
5953,2,1711108473,1
5954,1,1711147049,1
5955,1,1711108641,0
5955,2,1711154975,1
5956,1,1711091329,1
5957,1,1711143784,1
5958,1,1711094810,1
5959,1,1345300233,0
5959,2,1345312977,0
5959,3,1345348041,1
5960,1,1345345052,1
5961,1,1711117050,1
5961,2,1711097855,0
5962,1,1415165803,1
5963,1,1425137537,1
5964,1,1425152052,1
5964,2,1425136215,0
5964,3,1425141931,0
5965,1,1711107297,0
5965,2,1711145715,1
5965,3,1711094920,0
5966,1,1315001357,1
5967,1,1711106182,1
5967,2,1711095290,0
5968,1,1711148654,1
5969,1,1711097839,0
5969,2,1711116996,1
5970,1,1345300808,1
5971,1,1711115082,1
5971,2,1711095649,0
5972,1,1711129442,1
5973,1,1711102318,1
5974,1,1711093814,0
5974,2,1711105804,0
5974,3,1711201275,1
5974,4,1711158470,0
5975,1,1711128954,1
5976,1,1711105432,1
5976,2,1711096704,0
5977,1,1711145814,1
5978,1,1711117257,1
5978,2,1711098162,0
5979,1,1711134575,1
5980,1,1425142145,0
5980,2,1425152120,1
5980,3,1425136645,0
5981,1,1711114763,1
5982,1,1711095785,1
5983,1,1711146148,1
5984,1,1425133137,1
5985,1,1711107083,1
5985,2,1711094605,0
5986,1,1711147615,1
5987,1,1711097853,0
5987,2,1711117110,1
5988,1,1425133459,1
5989,1,1415170811,0
5989,2,1415165902,0
5989,3,9991007953,1
5990,1,1711101599,1
5991,1,1711102630,1
5992,1,1425134144,1
5993,1,1345306539,1
5994,1,1615011131,1
5995,1,1711101630,1
5996,1,1711101516,1
5997,1,1711101659,1
5998,1,1425136213,0
5998,2,1425142057,1
5999,1,1711101764,1
6000,1,1711097842,0
6000,2,1711117130,1
6001,1,1345352171,1
6001,2,1345300441,0
6001,3,1345312739,0
6002,1,1345345159,1
6003,1,1711097815,1
6004,1,1415166672,0
6004,2,1415163091,0
6004,3,1415178835,1
6005,1,1415173465,1
6006,1,1425137407,1
6007,1,1711125554,0
6007,2,1711101456,0
6007,3,1711150603,1
6008,1,1711106727,1
6008,2,1711095732,0
6009,1,1711146563,1
6010,1,1425141723,1
6010,2,1425135775,0
6011,1,1425152347,1
6011,2,1425141698,0
6011,3,1425135541,0
6012,1,1105014280,1
6013,1,1425143113,1
6014,1,1425133100,1
6015,1,1711120115,1
6015,2,1711098983,0
6016,1,1711148789,1
6017,1,1711165364,0
6017,2,1711201327,1
6018,1,1711143127,1
6019,1,1711091586,0
6019,2,1711115809,1
6020,1,1711100691,1
6021,1,1711154538,0
6021,2,1711186591,1
6021,3,1711098100,0
6021,4,1711109132,0
6022,1,1711144447,1
6023,1,1711116237,1
6024,1,1711081133,1
6025,1,1615011787,1
6025,2,1615011366,0
6025,3,1615010962,0
6026,1,1615011470,0
6026,2,1615012373,1
6027,1,1615010884,1
6028,1,1711144755,1
6029,1,1711110140,0
6029,2,1711098130,0
6029,3,1711166195,1
6030,1,1711122560,1
6030,2,1711101495,0
6031,1,1711149087,1
6032,1,1711100338,1
6033,1,1545020001,1
6034,1,1415163086,0
6034,2,1415167202,1
6035,1,1415168048,1
6035,2,1415163204,0
6036,1,1711108117,1
6036,2,1711088645,0
6037,1,1711141313,1
6038,1,1711125944,0
6038,2,1711102884,0
6038,3,1711152803,1
6039,1,1405004029,0
6039,2,1405004465,1
6040,1,1405004028,0
6040,2,1405004244,1
6041,1,1405004790,1
6042,1,1405005036,1
6043,1,1615010948,0
6043,2,1615011167,1
6044,1,1711111968,1
6044,2,1711096723,0
6045,1,1711142849,1
6046,1,1711108523,1
6046,2,1711086416,0
6047,1,1711167265,1
6048,1,1711144020,1
6049,1,1425132122,1
6050,1,1345330901,1
6050,2,1345304821,0
6050,3,1345319095,0
6051,1,1711144292,1
6052,1,1711091275,0
6052,2,1711109348,1
6053,1,1711112343,1
6053,2,1711091675,0
6054,1,1711141990,1
6055,1,1415173418,1
6056,1,1711134568,1
6057,1,1711148066,1
6058,1,1711099146,0
6058,2,1711110120,1
6059,1,1415176355,1
6059,2,1415166174,0
6059,3,1415168124,0
6060,1,1415180621,1
6061,1,1415180062,1
6061,2,1415164181,0
6061,3,1415167619,0
6062,1,1415172363,1
6063,1,1711107569,1
6063,2,1711094981,0
6064,1,1711094461,1
6065,1,1711100624,1
6066,1,1525011136,1
6067,1,1525011308,1
6068,1,1425135996,0
6068,2,1425138669,1
6069,1,1395062342,0
6069,2,1395065334,1
6070,1,1395062337,0
6070,2,1395065278,1
6071,1,1711096261,1
6072,1,1425136787,0
6072,2,1425140139,1
6073,1,2710008465,0
6073,2,1711193688,0
6073,3,1711152669,0
6073,4,1711081002,0
6073,5,1711103293,0
6073,6,1711126425,0
6073,7,2710103987,1
6073,8,2710077840,0
6074,1,1425142197,0
6074,2,1425135157,0
6074,3,1425153212,1
6075,1,1711094366,1
6076,1,1415165557,1
6077,1,1711102610,1
6078,1,1711103351,0
6078,2,1711093754,0
6078,3,1711126314,0
6078,4,1711153027,1
6079,1,1535000403,1
6080,1,1535000254,1
6081,1,1535000181,1
6081,2,1535000126,0
6082,1,1425133710,1
6083,1,1405005997,1
6084,1,1405005454,1
6085,1,1711095523,0
6085,2,1711105400,1
6086,1,1711147148,1
6087,1,1425133841,1
6088,1,1615012192,0
6088,2,1615011055,0
6088,3,1615012663,1
6088,4,1615011562,0
6089,1,1615013097,1
6090,1,1615013201,1
6090,2,1615012692,0
6090,3,1615011563,0
6090,4,1615011800,0
6091,1,1615011058,1
6092,1,1425141787,1
6092,2,1425135754,0
6093,1,1425152090,1
6094,1,1711142349,1
6095,1,1711112148,1
6095,2,1711098281,0
6096,1,1711101634,1
6097,1,1711100733,1
6098,1,1425136193,0
6098,2,1425141637,1
6099,1,1711100743,1
6100,1,1711145434,1
6101,1,1711110793,1
6102,1,1711109374,0
6102,2,1711164782,1
6102,3,1711091294,0
6103,1,1711143650,1
6104,1,1345304592,1
6105,1,1345312843,0
6105,2,1345364733,1
6105,3,1345301294,0
6105,4,1345350964,0
6106,1,1345344441,0
6106,2,2340033645,1
6107,1,1711103114,0
6107,2,1711094107,0
6107,3,1711126430,0
6107,4,2710096720,1
6107,5,1711193233,0
6107,6,2710008778,0
6107,7,2710080653,0
6107,8,1711159762,0
6108,1,1425139361,0
6108,2,1425149326,1
6108,3,1425135514,0
6109,1,1415167336,1
6110,1,1415163673,1
6111,1,1711090727,0
6111,2,1711111512,1
6112,1,1711112993,0
6112,2,1711086626,0
6112,3,1711169674,1
6113,1,1711147641,1
6114,1,1525009210,0
6114,2,1525009818,1
6115,1,1535000263,1
6116,1,1711133938,1
6117,1,1711099264,0
6117,2,1711113185,1
6118,1,1345343709,1
6119,1,1345300904,0
6119,2,1345349730,1
6119,3,1345312749,0
6120,1,1711095790,0
6120,2,1711108589,1
6121,1,1711143141,1
6122,1,1711108236,1
6122,2,1711088522,0
6123,1,1711142116,1
6124,1,1711182037,1
6125,1,1711170141,1
6126,1,1415170646,1
6127,1,1711097849,0
6127,2,1711117154,1
6128,1,1615013112,1
6129,1,1615011034,0
6129,2,1615011539,0
6129,3,1615012878,1
6129,4,1615012300,0
6130,1,1615011037,1
6131,1,1525009614,1
6132,1,1425141862,1
6132,2,1425135432,0
6133,1,1711099895,1
6134,1,1711151829,1
6134,2,1711124608,0
6135,1,1711101221,1
6136,1,1711106066,1
6136,2,1711095407,0
6137,1,1711129557,1
6138,1,1711094949,0
6138,2,1711105526,1
6139,1,1711148260,1
6140,1,1711100609,1
6141,1,1711132097,1
6142,1,1711110816,1
6142,2,1711098512,0
6143,1,1711141687,1
6144,1,1711108099,1
6144,2,1711095490,0
6145,1,1711093678,1
6146,1,1425153172,1
6147,1,1425137358,1
6148,1,1415170377,1
6148,2,1415165728,0
6149,1,1711099160,0
6149,2,1711119986,1
6150,1,1711134681,1
6151,1,9991008243,1
6152,1,9991007897,1
6153,1,1415170964,1
6153,2,1415165891,0
6154,1,1345300583,1
6155,1,1615011523,1
6156,1,1615012032,1
6157,1,1615010886,1
6158,1,1615012347,0
6158,2,1615012889,1
6158,3,1615011544,0
6159,1,1615013115,1
6160,1,1425134466,0
6160,2,1425139390,1
6161,1,1711102167,1
6162,1,1711106015,1
6162,2,1711095568,0
6163,1,1711143994,1
6164,1,1345351075,1
6164,2,1345300970,0
6164,3,1345313575,0
6165,1,1345343625,1
6166,1,1425133921,1
6167,1,1425134105,1
6168,1,1425142275,1
6168,2,1425136090,0
6169,1,1425152234,1
6170,1,1711103001,1
6171,1,1711096774,1
6172,1,1425134117,0
6172,2,1425139426,1
6173,1,1711100135,1
6174,1,1425137649,1
6175,1,1395065256,1
6175,2,1395062315,0
6176,1,1711096122,0
6176,2,1711107528,1
6177,1,1711147950,1
6178,1,1711095150,0
6178,2,1711105546,1
6179,1,1711128909,1
6180,1,1711099660,0
6180,2,1711119323,1
6181,1,1711133718,1
6182,1,1425152043,1
6183,1,1425135971,0
6183,2,1425141974,1
6184,1,1425131786,1
6185,1,1425133701,1
6186,1,1415172281,0
6186,2,1415164363,0
6186,3,1415167992,0
6186,4,1415178120,1
6187,1,1711096057,0
6187,2,1711104019,1
6188,1,1711146073,1
6189,1,1711109099,1
6189,2,1711098246,0
6190,1,1711146225,1
6191,1,1711113008,1
6191,2,1711095112,0
6192,1,1711147098,1
6193,1,1615010911,1
6194,1,1615011393,1
6195,1,1711097990,0
6195,2,1711111456,0
6195,3,1711164398,1
6196,1,1711130008,1
6197,1,1425142719,1
6198,1,1425132910,1
6199,1,1711114919,1
6199,2,1711085518,0
6200,1,1711142105,1
6201,1,1711182283,1
6202,1,1345300618,1
6203,1,1425132915,1
6204,1,1375027248,1
6205,1,1375026958,0
6205,2,1375027089,1
6206,1,1711090701,0
6206,2,1711113050,1
6207,1,1711139499,1
6208,1,1525009477,1
6209,1,1425148915,1
6210,1,1425133398,0
6210,2,1425138785,1
6211,1,1425134535,0
6211,2,1425139727,1
6212,1,1711098548,0
6212,2,1711112543,1
6213,1,1711146088,1
6214,1,1711120439,1
6214,2,1711102638,0
6215,1,1711152973,1
6215,2,1711125942,0
6216,1,1345342887,1
6217,1,1345312597,1
6217,2,1345300406,0
6218,1,1711102622,1
6219,1,1415173118,1
6220,1,1415163697,0
6220,2,1415167791,1
6221,1,1415172580,1
6222,1,1415172428,1
6223,1,1415164674,1
6224,1,1711147679,1
6225,1,1711091125,1
6226,1,1711109075,1
6227,1,1415172337,1
6228,1,1375026965,1
6229,1,1711100956,1
6230,1,1711098419,1
6231,1,1425148943,1
6232,1,1425138658,1
6232,2,1425132878,0
6233,1,1711099007,1
6234,1,1415163162,1
6235,1,1425134251,1
6236,1,1425141601,1
6236,2,1425136239,0
6237,1,1425133193,1
6238,1,2410017449,1
6239,1,1415186857,0
6239,2,2410012891,1
6239,3,1415175385,0
6239,4,1415169244,0
6239,5,1415181873,0
6239,6,2410004489,0
6240,1,1415164303,1
6241,1,1711093703,1
6242,1,1425132260,1
6243,1,1425149706,1
6244,1,1425132846,0
6244,2,1425139021,1
6245,1,2710093155,1
6245,2,1711103154,0
6245,3,2710082663,0
6245,4,1711093698,0
6245,5,1711152689,0
6246,1,1711193308,1
6247,1,2710007950,1
6247,2,1711126467,0
6248,1,1711193491,1
6249,1,2710093169,1
6249,2,2710068682,0
6250,1,2710007812,1
6251,1,1711097810,0
6251,2,1711103190,1
6252,1,1615013124,1
6253,1,1711094033,1
6254,1,1711094115,1
6255,1,1711094100,1
6256,1,1425124040,1
6257,1,1345297576,0
6257,2,1345281027,0
6257,3,1345315464,1
6258,1,1345335874,1
6259,1,1345345890,1
6260,1,1345316158,1
6261,1,1345283188,1
6262,1,1345349823,0
6262,2,1345362608,1
6262,3,1345313725,0
6262,4,1345292787,0
6262,5,1345283427,0
6263,1,1345344623,1
6264,1,1345350076,1
6264,2,1345292647,0
6264,3,1345313390,0
6264,4,1345282059,0
6265,1,1345342582,1
6266,1,1711110383,1
6266,2,1711071520,0
6266,3,1711091751,0
6267,1,1711123221,1
6267,2,1711101867,0
6267,3,1711078630,0
6268,1,1525010012,1
6269,1,1711123419,1
6270,1,1711077545,1
6271,1,1711141520,1
6272,1,1711098079,1
6273,1,1711141430,1
6274,1,1711080470,1
6275,1,1525010666,1
6275,2,1525009450,0
6276,1,1525012024,1
6277,1,1415182205,1
6278,1,1345298878,0
6278,2,1345319151,1
6278,3,1345287339,0
6279,1,1345281929,0
6279,2,1345298361,0
6279,3,1345315287,1
6280,1,1345345889,1
6281,1,1415170953,1
6282,1,1415161219,0
6282,2,1415165928,1
6283,1,9991007891,1
6283,2,1415170955,0
6283,3,1415161222,0
6283,4,1415165907,0
6284,1,1345292217,1
6285,1,1525010010,1
6286,1,1525008457,1
6287,1,1711077910,1
6288,1,1711111235,1
6288,2,1711088736,0
6288,3,1711073222,0
6289,1,1525011151,1
6290,1,1345295036,1
6290,2,1345282769,0
6291,1,1345313237,1
6292,1,1345345791,1
6293,1,1425122027,0
6293,2,1425130600,1
6294,1,1425123688,0
6294,2,1425132305,1
6295,1,1711083062,0
6295,2,1711072995,0
6295,3,1711112485,1
6296,1,1711080452,1
6297,1,1345328667,1
6297,2,1345306770,0
6297,3,1345288949,0
6298,1,1425119265,1
6299,1,9991006255,0
6299,2,9991006356,1
6299,3,9991006299,0
6300,1,1405003674,1
6301,1,1415170990,1
6302,1,1415165914,1
6302,2,1415161239,0
6303,1,1345316447,0
6303,2,1345293683,0
6303,3,1345283182,0
6303,4,1345352755,1
6304,1,1345343791,1
6305,1,1525009713,1
6306,1,1525010013,1
6307,1,1525010007,1
6308,1,1415165059,0
6308,2,1415159427,0
6308,3,1415166939,1
6309,1,1415174239,1
6310,1,1415166849,1
6311,1,1425140202,1
6311,2,1425132041,0
6311,3,1425125246,0
6312,1,1711076147,0
6312,2,1711081187,1
6313,1,1711152476,1
6313,2,1711102847,0
6314,1,1711126320,1
6315,1,1615012579,1
6315,2,1615011534,0
6315,3,1615012298,0
6316,1,1615010389,0
6316,2,1615010476,1
6317,1,1425127711,1
6318,1,1425117883,1
6319,1,1425119816,1
6320,1,1425118838,1
6321,1,1425123893,1
6322,1,1711115041,1
6322,2,1711085077,0
6322,3,1711074516,0
6323,1,1711076101,0
6323,2,1711083485,0
6323,3,1711103216,0
6323,4,1711152416,1
6324,1,1711126143,1
6325,1,1425120688,1
6326,1,1711101649,1
6327,1,1415159097,0
6327,2,1415174396,1
6327,3,1415166717,0
6327,4,1415165118,0
6328,1,1415180600,1
6329,1,1425120131,1
6330,1,1711077515,1
6331,1,1345285178,1
6332,1,1711080049,1
6333,1,1711080176,1
6334,1,1395060870,0
6334,2,1395057288,0
6334,3,1395064651,1
6335,1,1395070058,1
6336,1,1395069052,1
6337,1,1395069874,1
6338,1,1395067443,1
6339,1,1345287031,1
6340,1,1711083499,1
6341,1,2710092030,1
6342,1,1711108848,1
6342,2,1711088369,0
6342,3,1711074273,0
6343,1,1345345784,1
6344,1,1345315203,1
6344,2,1345281882,0
6345,1,1345295929,1
6346,1,1415162603,0
6346,2,1415168312,1
6346,3,1415158461,0
6347,1,2340033484,1
6348,1,1345351138,1
6348,2,1345314711,0
6348,3,1345280986,0
6348,4,1345295162,0
6349,1,1345343716,1
6350,1,1345363045,1
6351,1,1711074829,0
6351,2,1711090225,1
6352,1,1711108002,1
6353,1,1425140341,1
6353,2,1425129723,0
6353,3,1425118725,0
6354,1,1415165915,1
6355,1,1415161238,1
6356,1,1415170971,1
6357,1,1711080861,0
6357,2,1711070420,0
6357,3,1711126339,0
6357,4,1711103156,0
6357,5,1711153013,1
6358,1,1711082905,1
6359,1,1415184049,1
6359,2,1415159871,0
6359,3,1415171368,0
6359,4,1415175605,0
6359,5,1415164628,0
6360,1,1345288997,1
6361,1,1425120142,1
6362,1,1711074749,1
6363,1,1711093070,0
6363,2,1711116145,1
6363,3,1711075702,0
6364,1,1711126109,1
6365,1,1711159975,1
6366,1,1711193689,1
6367,1,1425129262,0
6367,2,1425140270,1
6368,1,1711073207,0
6368,2,1711109027,1
6368,3,1711085357,0
6369,1,1711085398,0
6369,2,1711112556,1
6369,3,1711076293,0
6370,1,1711073063,1
6371,1,1711087124,1
6372,1,1711121565,1
6373,1,1345306228,1
6373,2,1345286841,0
6374,1,1425121058,1
6375,1,1711084302,0
6375,2,1711114965,1
6375,3,1711065672,0
6376,1,1711101671,1
6377,1,1711080115,1
6378,1,1105013235,1
6379,1,1525009999,1
6380,1,1395059929,0
6380,2,1395063818,1
6380,3,1395057293,0
6381,1,1545017478,0
6381,2,1545019321,0
6381,3,1545024215,1
6381,4,1545021246,0
6382,1,1545020809,0
6382,2,1545022796,1
6382,3,1545018583,0
6382,4,1545017453,0
6383,1,2710102728,1
6383,2,2710076991,0
6383,3,1711102932,0
6383,4,1711152495,0
6383,5,1711126245,0
6383,6,2710008350,0
6383,7,1711080996,0
6383,8,1711193104,0
6383,9,1711070449,0
6384,1,1415175612,0
6384,2,1415166355,0
6384,3,1415161619,0
6384,4,1415171365,0
6384,5,1415184046,1
6385,1,1615010174,0
6385,2,1615011271,1
6385,3,1615010444,0
6386,1,1711075177,0
6386,2,1711083832,0
6386,3,1711114576,1
6387,1,1415158599,0
6387,2,1415168059,0
6387,3,1415162661,0
6387,4,1415172163,1
6388,1,1345313841,1
6388,2,1345293161,0
6388,3,1345281379,0
6389,1,1345336146,1
6390,1,1711090632,0
6390,2,1711070715,0
6390,3,1711112365,1
6391,1,1345349354,0
6391,2,1345294595,0
6391,3,1345316044,0
6391,4,1345362592,1
6391,5,1345283265,0
6392,1,1345343821,1
6393,1,1425120355,1
6394,1,1711106858,1
6395,1,1711074524,0
6395,2,1711089890,1
6396,1,1615012388,1
6397,1,1615010262,0
6397,2,1615010824,0
6397,3,1615011401,1
6398,1,1315001386,1
6398,2,1315001208,0
6398,3,1315001038,0
6399,1,1615011235,1
6399,2,1615010638,0
6399,3,1615010206,0
6400,1,1345350893,1
6400,2,1345281310,0
6400,3,1345315901,0
6400,4,1345294113,0
6401,1,1345331814,1
6402,1,1345316717,1
6402,2,1345282790,0
6402,3,1345298156,0
6403,1,1345345923,1
6404,1,1711077736,1
6405,1,1345295067,0
6405,2,1345315259,1
6405,3,1345281918,0
6406,1,1345335879,1
6407,1,1425118760,1
6408,1,1711115569,1
6408,2,1711075286,0
6408,3,1711088484,0
6409,1,1345335913,1
6410,1,1345296341,1
6410,2,1345282989,0
6411,1,1345313050,1
6412,1,1425118149,1
6413,1,1415158572,0
6413,2,1415162434,1
6414,1,1345315807,0
6414,2,1345294225,0
6414,3,1345351831,0
6414,4,1345365296,1
6414,5,1345282338,0
6415,1,1345343200,1
6416,1,1345298137,0
6416,2,1345281517,0
6416,3,1345313932,0
6416,4,1345351751,0
6416,5,1345363794,1
6417,1,1345343640,1
6418,1,1711083382,0
6418,2,1711147606,1
6418,3,1711109566,0
6419,1,1711065803,1
6420,1,1711114967,1
6420,2,1711084421,0
6420,3,1711065748,0
6421,1,1711075754,0
6421,2,1711097587,0
6421,3,1711120082,1
6422,1,1395060031,1
6423,1,1405003932,0
6423,2,1405004414,1
6424,1,1425118697,1
6425,1,1345286899,1
6426,1,1415160037,0
6426,2,1415168243,1
6426,3,1415163676,0
6427,1,1415173494,1
6428,1,1415180628,1
6429,1,1365003081,1
6429,2,1365002692,0
6430,1,1711079220,1
6431,1,1545020717,1
6432,1,1545018384,1
6433,1,1415165932,1
6433,2,1415161234,0
6434,1,1415170950,1
6435,1,1425121558,1
6436,1,1711082451,1
6437,1,1711131126,1
6438,1,1711090653,0
6438,2,1711071348,0
6438,3,1711109040,1
6439,1,1525010005,1
6440,1,1711081075,1
6441,1,1425118968,1
6442,1,1395063157,1
6443,1,1395070008,1
6444,1,1711076255,0
6444,2,1711113310,1
6444,3,1711086359,0
6445,1,1545016947,1
6446,1,1525011146,1
6447,1,1345349301,0
6447,2,1345298242,0
6447,3,1345281482,0
6447,4,1345362862,1
6447,5,1345315304,0
6448,1,1345344534,1
6449,1,1395057575,0
6449,2,1395059709,0
6449,3,1395065582,1
6450,1,1395057257,0
6450,2,1395063881,1
6450,3,1395059891,0
6451,1,1395069476,1
6452,1,1395068508,1
6453,1,1525011006,1
6454,1,1525009996,1
6454,2,1525008215,0
6454,3,1525008892,0
6455,1,1525008907,1
6455,2,1525008226,0
6456,1,1525008227,0
6456,2,1525008896,0
6456,3,1525008898,1
6456,4,1525008228,0
6457,1,1525008223,1
6458,1,1525008237,0
6458,2,1525008904,1
6459,1,1525008217,1
6460,1,1525008233,1
6461,1,1525008897,1
6462,1,1525008901,1
6462,2,1525008220,0
6462,3,1525008229,0
6463,1,1525008899,1
6463,2,1525008224,0
6464,1,1525008909,1
6464,2,1525008219,0
6465,1,1525008902,1
6466,1,1525008232,0
6466,2,1525008895,1
6467,1,1525008222,0
6467,2,1525008238,0
6467,3,1525008900,1
6468,1,1525008230,0
6468,2,1525008910,1
6469,1,1525008218,0
6469,2,1525008231,1
6470,1,1525008908,1
6470,2,1525008225,0
6471,1,1525008235,1
6472,1,1525011225,1
6473,1,1525011090,1
6474,1,1525011375,1
6475,1,1405003994,0
6475,2,1405004376,1
6475,3,1405003667,0
6476,1,1711116108,1
6476,2,1711076115,0
6476,3,1711093616,0
6477,1,1415163088,0
6477,2,1415172284,1
6477,3,1415160451,0
6477,4,1415166751,0
6478,1,1525009449,1
6478,2,1525008331,0
6479,1,1711149313,1
6480,1,1711110894,1
6480,2,1711077364,0
6480,3,1711088948,0
6481,1,1711078071,0
6481,2,1711122692,1
6481,3,1711097802,0
6482,1,1525011098,1
6483,1,1711111563,1
6483,2,1711077256,0
6483,3,1711086205,0
6484,1,1711101175,1
6485,1,1345281388,1
6486,1,1395057758,1
6487,1,1395057766,1
6488,1,1395059537,1
6489,1,1425120903,1
6490,1,1525011332,1
6491,1,1345318443,1
6491,2,1345282898,0
6491,3,1345293257,0
6492,1,1345335424,1
6493,1,1415166113,0
6493,2,1415171222,1
6494,1,1415177774,1
6495,1,1415160663,1
6496,1,1425120063,1
6497,1,1425121386,0
6497,2,1425129488,1
6498,1,1425129212,1
6498,2,1425120662,0
6499,1,1345299343,0
6499,2,1345289136,0
6499,3,1345314316,1
6500,1,1345344179,1
6501,1,1415159175,0
6501,2,1415163241,1
6502,1,1415166589,1
6503,1,1345283277,0
6503,2,1345315987,1
6503,3,1345294848,0
6504,1,1345345888,1
6505,1,1415159777,0
6505,2,1415164598,1
6506,1,1711078206,1
6507,1,1415159733,0
6507,2,1415164800,1
6508,1,1425120664,1
6509,1,1415159678,0
6509,2,1415164904,1
6510,1,1425122418,0
6510,2,1425130410,1
6511,1,1711079651,1
6512,1,1615012842,1
6513,1,1711113666,1
6513,2,1711083927,0
6513,3,1711065618,0
6514,1,1711133652,1
6515,1,1415166434,1
6515,2,1415160860,0
6516,1,1415171426,1
6517,1,1425120353,1
6518,1,1405004233,1
6518,2,1405003884,0
6519,1,1405003511,1
6520,1,1711079627,1
6521,1,1345283278,1
6522,1,1711141429,1
6522,2,1711077621,0
6523,1,1711098775,1
6524,1,1711120385,1
6525,1,1425119492,1
6526,1,9991007913,1
6526,2,1415170972,0
6526,3,1415161236,0
6526,4,1415165911,0
6527,1,1711077218,0
6527,2,1711084754,0
6527,3,1711115691,1
6528,1,1485016073,1
6528,2,1485015482,0
6529,1,1485016921,1
6530,1,1415181888,1
6531,1,1415175076,1
6532,1,1525008679,1
6532,2,1525008184,0
6533,1,1525008624,1
6533,2,1525008159,0
6534,1,1425118855,1
6535,1,1425119503,1
6536,1,1525010003,1
6537,1,1395058837,1
6538,1,1711083811,0
6538,2,1711109356,1
6538,3,1711073013,0
6539,1,1345281941,1
6540,1,1485015784,1
6541,1,1345317505,1
6542,1,1345297231,1
6542,2,1345281827,0
6543,1,1345345826,1
6544,1,1711092233,0
6544,2,1711075019,0
6544,3,1711108130,1
6545,1,1711138875,0
6545,2,1711172149,1
6546,1,1711103178,1
6546,2,1711081053,0
6546,3,1711076186,0
6547,1,1425140291,0
6547,2,1425129452,0
6547,3,1425120648,0
6547,4,1425148378,1
6548,1,1395057156,1
6549,1,1345289101,0
6549,2,1345299348,0
6549,3,1345314544,1
6550,1,1345345010,1
6551,1,1711075072,0
6551,2,1711109502,1
6551,3,1711092218,0
6552,1,1711143821,1
6553,1,1711111352,1
6553,2,1711077326,0
6553,3,1711089720,0
6554,1,1345345271,1
6555,1,1345314149,1
6555,2,1345289154,0
6556,1,1345299359,1
6557,1,1711111943,1
6557,2,1711091382,0
6557,3,1711074294,0
6558,1,1711065888,1
6559,1,1425119248,1
6560,1,1711120178,1
6561,1,1415159683,0
6561,2,1415164630,1
6562,1,1425119654,0
6562,2,1425130459,1
6563,1,1425140795,1
6564,1,1711076519,0
6564,2,1711090678,1
6565,1,1425128662,0
6565,2,1425118020,0
6565,3,1425138010,1
6566,1,1711109274,1
6566,2,1711077270,0
6566,3,1711090178,0
6567,1,1711140958,1
6568,1,1345292683,0
6568,2,1345314411,1
6568,3,1345281530,0
6569,1,1345334642,1
6570,1,1395061136,1
6570,2,1395057838,0
6571,1,1395065024,1
6572,1,1711091913,0
6572,2,1711110653,1
6572,3,1711070946,0
6573,1,1345296186,0
6573,2,1345315929,1
6573,3,1345281193,0
6574,1,1345344593,1
6575,1,1615010297,0
6575,2,1615010612,1
6576,1,1345282318,0
6576,2,1345316310,1
6576,3,1345297451,0
6577,1,1345348401,1
6578,1,1345343364,1
6579,1,1525010009,1
6580,1,1525008427,1
6581,1,1345294427,1
6582,1,1345281569,1
6583,1,1415161611,0
6583,2,1415171392,1
6583,3,1415166399,0
6584,1,1711079661,1
6585,1,1711087725,0
6585,2,1711075296,0
6585,3,1711106808,1
6586,1,1345295301,0
6586,2,1345281689,0
6586,3,1345318077,1
6587,1,1345345876,1
6588,1,1525010000,1
6589,1,1615010405,1
6590,1,1425130685,1
6590,2,1425125385,0
6591,1,1345293655,0
6591,2,1345315556,1
6591,3,1345282088,0
6592,1,1345345986,1
6593,1,1711085112,0
6593,2,1711077347,0
6593,3,1711109352,1
6594,1,1711141182,1
6595,1,1345286986,1
6596,1,1345287891,1
6597,1,1345286805,1
6598,1,1711079124,1
6599,1,1711173093,1
6599,2,1711124786,0
6599,3,1711138737,0
6600,1,1415160594,0
6600,2,1415166095,1
6601,1,1415171206,0
6601,2,1415177757,1
6602,1,1711079122,1
6603,1,1711102251,1
6604,1,1395057502,0
6604,2,1395064856,1
6604,3,1395060487,0
6605,1,1425119209,1
6606,1,1711082843,1
6606,2,1711074107,0
6607,1,1345282250,0
6607,2,1345297655,1
6608,1,1711082866,1
6608,2,1711074070,0
6609,1,1615010443,1
6609,2,1615010277,0
6610,1,1345298274,0
6610,2,1345283247,0
6610,3,1345316497,1
6611,1,1345345875,1
6612,1,1405004535,1
6612,2,1405003689,0
6612,3,1405004071,0
6613,1,1395065026,1
6613,2,1395060369,0
6613,3,1395056032,0
6614,1,1395070367,1
6615,1,1395070384,1
6616,1,1395068215,1
6617,1,1395067703,1
6618,1,1395057486,0
6618,2,1395064802,1
6618,3,1395060449,0
6619,1,1395070526,1
6620,1,1395069991,1
6621,1,1395067999,1
6622,1,1395065042,1
6622,2,1395060408,0
6622,3,1395056039,0
6623,1,1395060042,0
6623,2,1395065041,1
6623,3,1395057585,0
6624,1,1395057503,0
6624,2,1395064825,1
6624,3,1395060510,0
6625,1,1395065050,1
6625,2,1395059997,0
6625,3,1395057582,0
6626,1,1395059966,0
6626,2,1395064907,1
6626,3,1395057569,0
6627,1,1395064573,1
6627,2,1395060944,0
6627,3,1395057281,0
6628,1,1395057292,0
6628,2,1395060851,0
6628,3,1395064615,1
6629,1,1395060779,0
6629,2,1395064546,1
6629,3,1395057259,0
6630,1,1395070561,1
6631,1,1395069394,1
6632,1,1395067277,1
6633,1,1415165929,1
6634,1,1415161217,1
6635,1,1415171316,1
6635,2,1415166165,0
6635,3,1415161394,0
6636,1,1415159814,1
6637,1,1711083651,0
6637,2,1711065823,0
6637,3,1711110639,1
6638,1,1395056511,0
6638,2,1395061808,0
6638,3,1395065659,1
6639,1,1395056499,0
6639,2,1395065676,1
6639,3,1395061855,0
6640,1,1395056509,0
6640,2,1395065675,1
6640,3,1395061832,0
6641,1,1395065611,1
6641,2,1395061786,0
6641,3,1395056492,0
6642,1,1711079631,1
6643,1,1345296624,0
6643,2,1345314474,1
6643,3,1345281507,0
6644,1,1345332476,1
6645,1,1711078167,1
6646,1,1395070285,1
6647,1,1395069552,1
6648,1,1395067469,1
6649,1,1415160626,1
6650,1,1415177743,1
6651,1,1415170583,1
6651,2,1415166081,0
6652,1,1395061127,1
6652,2,1395057678,0
6653,1,1711075481,0
6653,2,1711108542,1
6653,3,1711090121,0
6654,1,1345283520,1
6655,1,1345295635,0
6655,2,1345315289,0
6655,3,1345350759,1
6655,4,1345282904,0
6656,1,1345343408,1
6657,1,1711083043,0
6657,2,1711108801,1
6657,3,1711076729,0
6658,1,1711147899,1
6659,1,1345315926,1
6659,2,1345281796,0
6659,3,1345294862,0
6660,1,1345345802,1
6661,1,1711080192,1
6662,1,1425120269,1
6663,1,1425120092,0
6663,2,1425131251,0
6663,3,1425140085,1
6664,1,1711083381,0
6664,2,1711065665,0
6664,3,1711111290,1
6665,1,1425121702,1
6666,1,1615011201,1
6667,1,1615010214,1
6668,1,1615010690,1
6669,1,1425120794,1
6670,1,1425125340,0
6670,2,1425138078,1
6670,3,1425129417,0
6671,1,1415161218,0
6671,2,1415170983,1
6671,3,1415165927,0
6672,1,9991007911,1
6673,1,1711075909,1
6674,1,1425132338,1
6674,2,1425123590,0
6675,1,1415168349,0
6675,2,1415175441,1
6676,1,1415163801,1
6676,2,1415160944,0
6677,1,1345282307,1
6678,1,1425121461,1
6679,1,1711076576,1
6680,1,1345287737,1
6681,1,1425121713,0
6681,2,1425131362,1
6682,1,1375026841,0
6682,2,1375027006,1
6683,1,1345342679,1
6684,1,1345296520,0
6684,2,1345350757,0
6684,3,1345363824,1
6684,4,1345315680,0
6684,5,1345281670,0
6685,1,9991007907,1
6686,1,1415165908,0
6686,2,1415170956,1
6686,3,1415161221,0
6687,1,1425121079,1
6688,1,1425129686,1
6689,1,1425124864,1
6690,1,1545024202,1
6691,1,1545017508,0
6691,2,1545019280,0
6691,3,1545021728,1
6692,1,1395065063,1
6692,2,1395057877,0
6692,3,1395060719,0
6693,1,1395064901,1
6693,2,1395057874,0
6693,3,1395060610,0
6694,1,1395057879,0
6694,2,1395060650,0
6694,3,1395064987,1
6695,1,1711113546,1
6695,2,1711088405,0
6696,1,1711076714,1
6697,1,1711143278,1
6698,1,1345306743,1
6698,2,1345288966,0
6699,1,1425119181,1
6700,1,1425140593,1
6701,1,1425130801,1
6701,2,1425118398,0
6702,1,1425120064,1
6703,1,1425121473,1
6704,1,1425119170,1
6705,1,1395064972,1
6706,1,1395060740,1
6706,2,1395057878,0
6707,1,9991007908,1
6707,2,1415161231,0
6707,3,1415165931,0
6707,4,1415170951,0
6708,1,1711072741,0
6708,2,1711096646,1
6709,1,1711074639,0
6709,2,1711088831,0
6709,3,1711162659,1
6709,4,1711113699,0
6710,1,1711145002,1
6711,1,1345286947,1
6712,1,1345295791,0
6712,2,1345312529,1
6712,3,1345280640,0
6713,1,1345331482,1
6714,1,1425120738,1
6715,1,1711087905,0
6715,2,1711075448,0
6715,3,1711113628,1
6716,1,1425140802,1
6716,2,1425131034,0
6717,1,1615010594,1
6717,2,1615010289,0
6718,1,1345347537,1
6718,2,1345295103,0
6718,3,1345281826,0
6718,4,1345315709,0
6718,5,1345331840,0
6719,1,1615010551,1
6719,2,1615010345,0
6720,1,1615011361,1
6721,1,1615011416,1
6721,2,1615010217,0
6721,3,1615010837,0
6722,1,1615012362,1
6723,1,1711121652,1
6724,1,1615010654,1
6724,2,1615010396,0
6725,1,1425123727,0
6725,2,1425132477,1
6726,1,1345335886,1
6727,1,1345315458,1
6727,2,1345294998,0
6727,3,1345282301,0
6728,1,1345296972,0
6728,2,1345313147,1
6728,3,1345280898,0
6729,1,1345335393,1
6730,1,1345280830,0
6730,2,1345294544,0
6730,3,1345313055,1
6731,1,1345331601,1
6732,1,1711076121,0
6732,2,1711082642,0
6732,3,1711105363,1
6733,1,1711132918,1
6734,1,1415160321,1
6735,1,1425118897,1
6736,1,1345294913,0
6736,2,1345313790,1
6736,3,1345283234,0
6737,1,1345344384,1
6738,1,1525012023,1
6738,2,1525008328,0
6738,3,1525009448,0
6738,4,1525010665,0
6739,1,1525013491,1
6740,1,1525012026,1
6741,1,1525013514,1
6742,1,1711078871,0
6742,2,1711079752,1
6743,1,1711078716,1
6744,1,1425132326,1
6744,2,1425123391,0
6745,1,1711075912,1
6746,1,1711089577,0
6746,2,1711110795,1
6746,3,1711070972,0
6747,1,1395057868,1
6748,1,1415162445,0
6748,2,1415158139,0
6748,3,1415166632,1
6749,1,1425124531,0
6749,2,1425132539,1
6750,1,1345296131,0
6750,2,1345349525,1
6750,3,1345319288,0
6750,4,1345282374,0
6751,1,1345363594,1
6752,1,1345344858,1
6753,1,1395060129,0
6753,2,1395056628,0
6753,3,1395064498,1
6754,1,1395056617,0
6754,2,1395064398,1
6754,3,1395060068,0
6755,1,1395064982,1
6755,2,1395060373,0
6755,3,1395056014,0
6756,1,1395069917,1
6757,1,1395069684,1
6758,1,1395069450,1
6759,1,1395067242,1
6760,1,1395064934,1
6760,2,1395056002,0
6760,3,1395060347,0
6761,1,1615010470,0
6761,2,1615011216,1
6761,3,1615010278,0
6762,1,1345281340,0
6762,2,1345316354,1
6762,3,1345295139,0
6763,1,1345335916,1
6764,1,1345289105,0
6764,2,1345299378,0
6764,3,1345314668,1
6765,1,1345342789,1
6766,1,1345297086,0
6766,2,1345282666,0
6766,3,1345347007,0
6766,4,1345313974,0
6766,5,1345365711,1
6767,1,1345344852,1
6768,1,1425128314,0
6768,2,1425136952,1
6769,1,1345287044,1
6770,1,1415159652,0
6770,2,1415164896,1
6771,1,1425118263,1
6772,1,1345282832,1
6773,1,1345295557,0
6773,2,1345315303,1
6773,3,1345281843,0
6774,1,1345336007,1
6775,1,1711074797,0
6775,2,1711113533,1
6775,3,1711085593,0
6776,1,1425129046,1
6776,2,1425123820,0
6777,1,1711120188,1
6778,1,1711080108,1
6779,1,1345316064,1
6779,2,1345296381,0
6779,3,1345282829,0
6780,1,1345335932,1
6781,1,1711070768,0
6781,2,1711087199,0
6781,3,1711113199,1
6782,1,1345306438,1
6782,2,1345285477,0
6783,1,1525009786,1
6784,1,1615011506,1
6784,2,1615010842,0
6785,1,1615010338,1
6786,1,1615011517,1
6786,2,1615010790,0
6787,1,1615010337,1
6788,1,1615010623,0
6788,2,1615010336,0
6788,3,1615011349,1
6789,1,1711070519,0
6789,2,1711101491,1
6790,1,1711076408,1
6791,1,1415160385,1
6792,1,1525011222,1
6793,1,1345297609,0
6793,2,1345313793,1
6793,3,1345281954,0
6794,1,1345336037,1
6795,1,1345341862,1
6796,1,1345295409,0
6796,2,1345281883,0
6796,3,1345315358,1
6797,1,1425118740,1
6798,1,1425119609,1
6799,1,1711107590,1
6799,2,1711087975,0
6799,3,1711075248,0
6800,1,1345343491,1
6801,1,1345313239,1
6801,2,1345299389,0
6801,3,1345289134,0
6802,1,1415177233,1
6803,1,1415159697,0
6803,2,1415170402,0
6803,3,1415164692,0
6803,4,1415183298,1
6804,1,1395057837,1
6805,1,1395064942,1
6805,2,1395061117,0
6806,1,1395057839,1
6807,1,1395065061,1
6807,2,1395061148,0
6808,1,1425119747,1
6809,1,1345279869,0
6809,2,1345310415,1
6810,1,1425119889,1
6811,1,1345281387,0
6811,2,1345315654,1
6811,3,1345296331,0
6812,1,1345344902,1
6813,1,1425120914,1
6814,1,1345318398,0
6814,2,1345364737,1
6814,3,1345295663,0
6814,4,1345348971,0
6814,5,1345283704,0
6815,1,2340031114,1
6816,1,1345343091,1
6817,1,1711132577,1
6818,1,1711077834,1
6819,1,1711096734,0
6819,2,1711117318,1
6820,1,1711078177,1
6821,1,1711078236,1
6822,1,1415167109,1
6822,2,1415163977,0
6822,3,1415160465,0
6823,1,1415178167,1
6824,1,1415172898,1
6825,1,1425132373,1
6825,2,1425124450,0
6826,1,1425130195,0
6826,2,1425140772,1
6827,1,1415165846,1
6828,1,1615012583,1
6829,1,1425132801,1
6829,2,1425124584,0
6830,1,1425121053,1
6831,1,1345335614,1
6832,1,1345282817,0
6832,2,1345313740,1
6832,3,1345295012,0
6833,1,1711120149,1
6834,1,1711101675,1
6835,1,1711080116,1
6836,1,1395063890,1
6837,1,1711074104,1
6838,1,1345316244,0
6838,2,1345347757,1
6838,3,1345282678,0
6838,4,1345293308,0
6839,1,1345344517,1
6840,1,1425129673,1
6840,2,1425124979,0
6841,1,1525009998,1
6842,1,1711079662,1
6843,1,1345282591,0
6843,2,1345293053,0
6843,3,1345318464,1
6844,1,1345335705,1
6845,1,1345343843,1
6846,1,1345281457,0
6846,2,1345348327,1
6846,3,1345315238,0
6846,4,1345298048,0
6847,1,1525010011,1
6848,1,1395074606,1
6849,1,1395070137,1
6850,1,1615010254,1
6851,1,1615012161,1
6851,2,1615011311,0
6852,1,1425118971,1
6853,1,1425120950,1
6854,1,1425118945,1
6855,1,1425127938,1
6856,1,1711079856,1
6857,1,1425132332,1
6857,2,1425123210,0
6858,1,1375026836,1
6859,1,1711089496,0
6859,2,1711072174,0
6859,3,1711110550,1
6860,1,1711140967,1
6861,1,1711111669,1
6861,2,1711092169,0
6861,3,1711077158,0
6862,1,1345294801,0
6862,2,1345314280,1
6862,3,1345281545,0
6863,1,1345331626,1
6864,1,1425123653,0
6864,2,1425132524,1
6865,1,1425137040,1
6866,1,1415164440,0
6866,2,1415174275,1
6866,3,1415159122,0
6866,4,1415166783,0
6867,1,1711081124,1
6868,1,1525013523,1
6869,1,1525010667,1
6869,2,1525009451,0
6869,3,1525008330,0
6870,1,1525012025,1
6871,1,1615010122,0
6871,2,1615010589,1
6872,1,1711079622,1
6873,1,1711079702,1
6874,1,1711093076,0
6874,2,1711075759,0
6874,3,1711116148,1
6875,1,1711126268,1
6876,1,1711193921,1
6877,1,1711160226,1
6878,1,1345318902,1
6878,2,1345298779,0
6878,3,1345287186,0
6879,1,1425123294,0
6879,2,1425132613,1
6880,1,1425129030,0
6880,2,1425140261,1
6881,1,1425121149,1
6882,1,1525011212,1
6883,1,1525011184,1
6884,1,1525011026,1
6885,1,1525011110,1
6886,1,1525011023,1
6887,1,1525010002,1
6888,1,1525011283,1
6889,1,1711086127,0
6889,2,1711108765,1
6889,3,1711072912,0
6890,1,1425128276,0
6890,2,1425136967,1
6891,1,1345316055,1
6891,2,1345281849,0
6891,3,1345295434,0
6892,1,1345332674,1
6893,1,1345313191,1
6893,2,1345298168,0
6894,1,1345344052,1
6895,1,1345283662,1
6896,1,1425123935,1
6897,1,1711077951,0
6897,2,1711101560,1
6898,1,2340056202,1
6898,2,2340035979,0
6898,3,1345280858,0
6898,4,1345295808,0
6898,5,1345315644,0
6898,6,1345347399,0
6898,7,1345364649,0
6899,1,2340025273,1
6899,2,1345331399,0
6900,1,1711097761,0
6900,2,1711121799,1
6900,3,1711077644,0
6901,1,1415160694,0
6901,2,1425137044,1
6902,1,1711123620,0
6902,2,1711121432,1
6902,3,1711101312,0
6903,1,1345315399,1
6903,2,1345283095,0
6903,3,1345296606,0
6904,1,1711075724,1
6905,1,1711100712,0
6905,2,1711123426,1
6906,1,1711080570,1
6907,1,1345281128,1
6908,1,1425130746,1
6908,2,1425124601,0
6909,1,1415161173,1
6910,1,1711077236,0
6910,2,1711109082,1
6910,3,1711090116,0
6911,1,1711147695,1
6912,1,1345282814,1
6913,1,1425129173,0
6913,2,1425140146,1
6913,3,1425125733,0
6914,1,1345293311,0
6914,2,1345282176,0
6914,3,1345318414,1
6915,1,1345345948,1
6916,1,1425123987,0
6916,2,1425129628,1
6917,1,1711120202,1
6918,1,1711101694,1
6919,1,1711080130,1
6920,1,1425121661,0
6920,2,1425139540,0
6920,3,1425131751,0
6920,4,9991008020,0
6920,5,9991008548,1
6921,1,1345285376,1
6922,1,1415171203,1
6922,2,1415166086,0
6923,1,1415160490,1
6924,1,1415177748,1
6925,1,1711117146,1
6925,2,1711076447,0
6925,3,1711096611,0
6926,1,1711074198,0
6926,2,1711119155,1
6926,3,1711093793,0
6927,1,1711103103,1
6927,2,1711076382,0
6928,1,1711081130,1
6929,1,1425119592,1
6930,1,1711078233,1
6931,1,1425128116,1
6932,1,1405003827,0
6932,2,1405004242,1
6933,1,1345280254,0
6933,2,1345328173,1
6933,3,1345309922,0
6934,1,1345283115,1
6935,1,1711078226,1
6936,1,1415159945,0
6936,2,1415164789,1
6937,1,1425118949,1
6938,1,1425120445,1
6939,1,1345335494,1
6940,1,1345296097,0
6940,2,1345318535,1
6940,3,1345281145,0
6941,1,1415161031,1
6942,1,1711111102,1
6942,2,1711092189,0
6942,3,1711076283,0
6943,1,1711075723,1
6944,1,1425132357,1
6944,2,1425124643,0
6945,1,1425129522,1
6945,2,1425121374,0
6946,1,1425118775,1
6947,1,1415159191,1
6948,1,1711119811,1
6949,1,1711095587,1
6949,2,1711074140,0
6950,1,1711123423,1
6951,1,1711141554,1
6952,1,1711097301,1
6953,1,1711077544,1
6954,1,1105013455,1
6955,1,1415159947,0
6955,2,1415164675,1
6956,1,2710019257,1
6957,1,1711103037,0
6957,2,1711092878,0
6957,3,2710082008,1
6957,4,1711159674,0
6958,1,1711126335,0
6958,2,2710008461,1
6959,1,1711193363,1
6960,1,1711073715,1
6961,1,1711073918,1
6962,1,1425117676,1
6963,1,1415151675,1
6964,1,1465023268,0
6964,2,1465027586,0
6964,3,1465032546,1
6964,4,1465025470,0
6965,1,1465033269,1
6966,1,1345266819,1
6967,1,1425109454,1
6968,1,1711070095,0
6968,2,1711111028,0
6968,3,1711060590,0
6968,4,1711085117,0
6968,5,1711162240,1
6968,6,1711145680,0
6969,1,1395053264,0
6969,2,1395055376,0
6969,3,1395061108,1
6970,1,1711066222,0
6970,2,1711050929,0
6970,3,1711085150,1
6971,1,1525006515,0
6971,2,1525007501,1
6972,1,1711062117,1
6973,1,1425128231,1
6974,1,1415154709,1
6975,1,1425111160,1
6976,1,1711061932,1
6977,1,1415157609,1
6977,2,1425116185,0
6978,1,1405003917,1
6979,1,1415185134,1
6979,2,1415173202,0
6979,3,1415179344,0
6980,1,1711050313,0
6980,2,1711066137,0
6980,3,1711083754,1
6981,1,1415155889,1
6982,1,1345318556,1
6983,1,1345278395,0
6983,2,1345264569,0
6983,3,1345297515,1
6984,1,1395055429,0
6984,2,1395061135,1
6984,3,1395053269,0
6985,1,1345275553,1
6986,1,1345311695,1
6987,1,1345267714,1
6988,1,1525007380,1
6989,1,1711094332,1
6990,1,1711094333,1
6991,1,1425123172,1
6991,2,1425114212,0
6992,1,1425111076,1
6993,1,1711069970,0
6993,2,1711060239,0
6993,3,1711170357,1
6993,4,1711085672,0
6993,5,1711115872,0
6994,1,1711146671,1
6995,1,1711064231,1
6996,1,1425112932,0
6996,2,1425122879,1
6997,1,1345264271,0
6997,2,1345278316,0
6997,3,1345316572,1
6997,4,1345297703,0
6998,1,1425120017,0
6998,2,1425111733,0
6998,3,1425130931,1
6999,1,1425115769,0
6999,2,1425124281,1
7000,1,1711080451,1
7001,1,1485016589,1
7002,1,1425119932,0
7002,2,1425111632,0
7002,3,1425128610,1
7003,1,1711062093,0
7003,2,1711114993,1
7003,3,1711087576,0
7003,4,1711066898,0
7004,1,1345266967,1
7005,1,1711091837,1
7005,2,1711066794,0
7006,1,1711056542,1
7007,1,1425109427,1
7008,1,1345294885,0
7008,2,1345314598,1
7008,3,1345277573,0
7008,4,1345263010,0
7009,1,1711082297,1
7009,2,1711070131,0
7010,1,1711060813,1
7011,1,1711112686,1
7011,2,1711066272,0
7011,3,1711090430,0
7011,4,1711060748,0
7012,1,1415161171,1
7013,1,1345279087,0
7013,2,1345263689,0
7013,3,1345295112,0
7013,4,1345317142,1
7014,1,1711058003,0
7014,2,1711065042,0
7014,3,1711105706,0
7014,4,1711129310,1
7014,5,1711082208,0
7015,1,1345298257,1
7015,2,1345276815,0
7015,3,1345262358,0
7016,1,1345314860,1
7017,1,1711089384,1
7017,2,1711051441,0
7017,3,1711068683,0
7018,1,1711056625,0
7018,2,1711083477,0
7018,3,1711065452,0
7018,4,1711102899,1
7019,1,1345262455,0
7019,2,1345314661,1
7019,3,1345277154,0
7019,4,1345294026,0
7020,1,1711064143,1
7021,1,1711060105,1
7022,1,1425112067,1
7023,1,1415158259,1
7023,2,1415152801,0
7024,1,1711090365,1
7024,2,1711068651,0
7024,3,1711049459,0
7025,1,1711065324,1
7025,2,1711055285,0
7026,1,1345266957,1
7027,1,1345277137,0
7027,2,1345313141,1
7027,3,1345297331,0
7027,4,1345264366,0
7028,1,1711065493,1
7029,1,1345365484,1
7029,2,1345264997,0
7029,3,1345317751,0
7029,4,1345294149,0
7029,5,1345347191,0
7029,6,1345277478,0
7030,1,1345343920,1
7031,1,1711063429,1
7032,1,1525007306,1
7033,1,1345278773,0
7033,2,1345313336,1
7033,3,1345297391,0
7033,4,1345263840,0
7034,1,1345265320,0
7034,2,1345277748,0
7034,3,1345295239,0
7034,4,1345317165,1
7035,1,1345335846,1
7036,1,1425112375,1
7037,1,1425125455,1
7038,1,1711058881,1
7039,1,1711070021,0
7039,2,1711111843,1
7039,3,1711060294,0
7039,4,1711086392,0
7040,1,1415168211,1
7040,2,1415155906,0
7040,3,1415162694,0
7041,1,1415155516,1
7042,1,1711057769,0
7042,2,1711064762,0
7042,3,1711081773,1
7043,1,1425128265,1
7043,2,1425116146,0
7044,1,1415170931,1
7045,1,1415165962,1
7046,1,9991007914,1
7047,1,1345277490,0
7047,2,1345318090,1
7047,3,1345297445,0
7047,4,1345263789,0
7048,1,1711069536,0
7048,2,1711085599,1
7048,3,1711050105,0
7049,1,1345300222,1
7049,2,1345262234,0
7049,3,1345280601,0
7050,1,1415156204,1
7051,1,1345276493,0
7051,2,1345296037,0
7051,3,1345315911,1
7051,4,1345262170,0
7052,1,1345343247,1
7053,1,1345296199,0
7053,2,1345262569,0
7053,3,1345279060,0
7053,4,1345319320,0
7053,5,1345351520,1
7054,1,1415161211,1
7054,2,1415156513,0
7055,1,1345265978,1
7056,1,1415165951,1
7057,1,1415156510,0
7057,2,1415161206,1
7058,1,1711051277,0
7058,2,1711088877,1
7058,3,1711067764,0
7059,1,1425123126,1
7059,2,1425113177,0
7060,1,1425115130,0
7060,2,1425125343,1
7061,1,1425109605,1
7062,1,1711065223,1
7063,1,1415170934,0
7063,2,9991008256,1
7064,1,1415165947,1
7064,2,1415161191,0
7064,3,1415156505,0
7065,1,1415153882,0
7065,2,1415157490,1
7066,1,1711087040,1
7066,2,1711049002,0
7066,3,1711067807,0
7067,1,1425112885,1
7068,1,1711057363,1
7069,1,1415162912,1
7069,2,1415157880,0
7069,3,1415152479,0
7070,1,1425115948,1
7071,1,1345295477,0
7071,2,1345315108,1
7071,3,1345277390,0
7071,4,1345263295,0
7072,1,1711083262,1
7072,2,1711049790,0
7072,3,1711067842,0
7073,1,1711101493,0
7073,2,1711105604,1
7073,3,1711079588,0
7073,4,1711062162,0
7074,1,1711134806,1
7075,1,1711153812,1
7076,1,1711156529,1
7077,1,1711099858,0
7077,2,1711103757,1
7077,3,1711077855,0
7077,4,1711061026,0
7078,1,1711134711,1
7079,1,1615011519,0
7079,2,1615011760,1
7079,3,1615009763,0
7079,4,1615010662,0
7080,1,1615009399,1
7081,1,1615009403,1
7082,1,1615010708,1
7082,2,1615010087,0
7083,1,1615012345,1
7083,2,1615011530,0
7084,1,1615012894,1
7085,1,1615010695,1
7085,2,1615009402,0
7085,3,1615010086,0
7086,1,1615012891,1
7086,2,1615012336,0
7087,1,1615011541,1
7088,1,1425109647,0
7088,2,1425128521,1
7088,3,1425118241,0
7089,1,1425124213,1
7089,2,1425112903,0
7090,1,1415152854,0
7090,2,1415157927,0
7090,3,1415162301,1
7091,1,1415167308,1
7092,1,1415162232,1
7092,2,1415157923,0
7092,3,1415152852,0
7093,1,1415167130,1
7094,1,1415167803,1
7095,1,1415162257,1
7095,2,1415152853,0
7095,3,1415158377,0
7096,1,1345318509,1
7096,2,1345297166,0
7097,1,1345262412,0
7097,2,1345278698,1
7098,1,1711064264,1
7099,1,1415158136,0
7099,2,1415152855,0
7099,3,1415162151,1
7100,1,1415167704,1
7101,1,1711068999,0
7101,2,1711050885,0
7101,3,1711088436,1
7102,1,1525006496,0
7102,2,1525007518,1
7103,1,1525006900,0
7103,2,1525007585,1
7104,1,1345264345,0
7104,2,1345278239,0
7104,3,1345296591,0
7104,4,1345316772,1
7105,1,1711088528,1
7105,2,1711068833,0
7105,3,1711050688,0
7106,1,1711056635,1
7107,1,1345263398,1
7108,1,1345298079,0
7108,2,1345277932,0
7108,3,1345316911,1
7108,4,1345264003,0
7109,1,1425110548,1
7110,1,1711103050,1
7110,2,1711057281,0
7110,3,1711070451,0
7110,4,1711093252,0
7111,1,1711125779,1
7112,1,1711152844,1
7113,1,1345266458,0
7113,2,1345360280,1
7114,1,1711090669,1
7114,2,1711061140,0
7114,3,1711066951,0
7115,1,1711063439,1
7116,1,1711052849,1
7117,1,1711090087,1
7117,2,1711049847,0
7117,3,1711069118,0
7118,1,1345295749,0
7118,2,1345317418,1
7118,3,1345264478,0
7118,4,1345276390,0
7119,1,1711060981,1
7120,1,1345261537,0
7120,2,1345294844,1
7120,3,1345275928,0
7121,1,1711074371,0
7121,2,1711104707,0
7121,3,1711128088,1
7121,4,1711093044,0
7121,5,1711058370,0
7122,1,1345278561,0
7122,2,1345262772,0
7122,3,1345313733,1
7122,4,1345296392,0
7123,1,1711056739,1
7124,1,1711063550,1
7125,1,1345316132,1
7125,2,1345263135,0
7125,3,1345293437,0
7125,4,1345276778,0
7126,1,1405005191,1
7126,2,1405004155,0
7126,3,1405004610,0
7126,4,1405003714,0
7127,1,1545015078,1
7128,1,1545019363,1
7128,2,1545017189,0
7129,1,1545014954,0
7129,2,1545018713,1
7129,3,1545016504,0
7130,1,1711060801,0
7130,2,1711067639,0
7130,3,1711088039,1
7131,1,1425110715,1
7132,1,1415166642,1
7133,1,1711048345,1
7134,1,1425110403,1
7135,1,1345276094,0
7135,2,1345262198,0
7135,3,1345295742,1
7136,1,1415155514,1
7137,1,1415155153,1
7138,1,1711058374,0
7138,2,1711103590,1
7138,3,1711081614,0
7138,4,1711070171,0
7139,1,1345277898,0
7139,2,1345293329,0
7139,3,1345265958,0
7139,4,1345317647,1
7140,1,1425110452,1
7141,1,1711087106,1
7141,2,1711050892,0
7141,3,1711069496,0
7142,1,1545019204,1
7143,1,1425111782,1
7144,1,1425109732,0
7144,2,1425129004,1
7144,3,1425119974,0
7145,1,1711085911,1
7145,2,1711067071,0
7145,3,1711056363,0
7146,1,1395053267,0
7146,2,1395055396,0
7146,3,1395061124,1
7147,1,1395055411,0
7147,2,1395061133,1
7147,3,1395053270,0
7148,1,1711083974,1
7148,2,1711069314,0
7148,3,1711050175,0
7149,1,1365002913,0
7149,2,1365002667,0
7149,3,1365003107,1
7150,1,1365003402,1
7150,2,1365003343,0
7150,3,1365002911,0
7150,4,1365003110,0
7150,5,1365002668,0
7151,1,1365003404,1
7152,1,1365002912,0
7152,2,1365003341,1
7152,3,1365002655,0
7152,4,1365003108,0
7153,1,1365002986,1
7153,2,1365002876,0
7153,3,1365002666,0
7154,1,1365003377,1
7154,2,1365002665,0
7154,3,1365003340,0
7154,4,1365002908,0
7154,5,1365003105,0
7155,1,1711080111,1
7156,1,1525007369,1
7157,1,1415156495,0
7157,2,1415161190,1
7158,1,1711051385,0
7158,2,1711086108,1
7158,3,1711068268,0
7159,1,1425116321,1
7160,1,1345278523,0
7160,2,1345313179,1
7160,3,1345296786,0
7160,4,1345264359,0
7161,1,1711111548,1
7161,2,1711086148,0
7161,3,1711061346,0
7161,4,1711067306,0
7162,1,1345322444,1
7163,1,1711126254,1
7163,2,1711103132,0
7163,3,1711080971,0
7163,4,1711065430,0
7163,5,1711055509,0
7164,1,1545016932,0
7164,2,1545018848,1
7165,1,1415157687,1
7165,2,1425116126,0
7166,1,1415151639,0
7166,2,1415157848,1
7167,1,1711062675,1
7168,1,1711061939,1
7169,1,1345315833,1
7169,2,1345275799,0
7169,3,1345262471,0
7169,4,1345297396,0
7170,1,1711067714,0
7170,2,1711080926,0
7170,3,1711103183,1
7170,4,1711055496,0
7171,1,1711126152,1
7172,1,1711050383,0
7172,2,1711069278,1
7173,1,1345263934,0
7173,2,1345317599,1
7173,3,1345277855,0
7173,4,1345297560,0
7174,1,1425110088,1
7175,1,1425109397,1
7176,1,1375026918,1
7176,2,1375026620,0
7176,3,1375026764,0
7177,1,1405003140,0
7177,2,1405003501,1
7178,1,1425115755,1
7179,1,1415164002,1
7180,1,1425111036,0
7180,2,1425128559,1
7180,3,1425119085,0
7181,1,1345317550,1
7181,2,1345278642,0
7181,3,1345295057,0
7181,4,1345264241,0
7182,1,1711060863,1
7183,1,1711061923,0
7183,2,1711078408,1
7184,1,1711061911,1
7185,1,1415161205,1
7185,2,1415156512,0
7186,1,1425119443,0
7186,2,1425131386,1
7187,1,1425111976,1
7188,1,1345262875,0
7188,2,1345318316,1
7188,3,1345296944,0
7188,4,1345278895,0
7189,1,1711126122,1
7190,1,1711093752,1
7191,1,1711133791,1
7191,2,1711116203,0
7192,1,1711055205,1
7193,1,1711063413,1
7194,1,1711142982,1
7195,1,1711088492,0
7195,2,1711157108,1
7195,3,1711070065,0
7195,4,1711109914,0
7195,5,1711060218,0
7196,1,1345266315,1
7197,1,1711161946,1
7197,2,1711070138,0
7197,3,1711060206,0
7197,4,1711111059,0
7197,5,1711086992,0
7198,1,1711145241,1
7199,1,1345264337,0
7199,2,1345295109,0
7199,3,1345314998,1
7199,4,1345275842,0
7200,1,1711068335,0
7200,2,1711087629,1
7200,3,1711050829,0
7201,1,1711109286,1
7202,1,1711078401,1
7203,1,1425114770,1
7204,1,1425125121,1
7205,1,1711062807,1
7206,1,1711062816,1
7207,1,1711104006,1
7207,2,1711100463,0
7207,3,1711061727,0
7207,4,1711077799,0
7208,1,1711134715,0
7208,2,1711155460,1
7209,1,1345278573,0
7209,2,1345316674,1
7209,3,1345297171,0
7209,4,1345263544,0
7210,1,1711081166,1
7210,2,1711055934,0
7210,3,1711065345,0
7211,1,1711062142,1
7212,1,1425111193,1
7213,1,1415182824,1
7214,1,1415176825,1
7215,1,1415166303,0
7215,2,1415171720,1
7216,1,1415156448,0
7216,2,1415161584,1
7217,1,1711091262,0
7217,2,1711068482,0
7217,3,1711109700,1
7217,4,1711062084,0
7218,1,1345262185,1
7219,1,1711080945,0
7219,2,1711065313,0
7219,3,1711102969,0
7219,4,1711152968,1
7220,1,1415154541,1
7221,1,1425111173,1
7222,1,1711065116,1
7223,1,1711056552,1
7224,1,1711073820,0
7224,2,1711081307,0
7224,3,1711103817,1
7225,1,1711059097,1
7226,1,1711133230,1
7227,1,1345295915,1
7227,2,1345264676,0
7227,3,1345277258,0
7228,1,1425114870,0
7228,2,1425125698,0
7228,3,1425131088,1
7229,1,1425111250,1
7230,1,1711084345,1
7230,2,1711050968,0
7230,3,1711069180,0
7231,1,1711068801,0
7231,2,1711049585,0
7231,3,1711088530,1
7232,1,1415171643,1
7233,1,1415175964,1
7234,1,1711059840,0
7234,2,1711065218,1
7235,1,1415156178,0
7235,2,1415160979,1
7236,1,1711188764,1
7237,1,1711158846,1
7238,1,1711065971,0
7238,2,1711115328,1
7238,3,1711091580,0
7238,4,1711055847,0
7239,1,1711129688,1
7240,1,1415154581,1
7241,1,1425112195,1
7242,1,1711084823,1
7242,2,1711069504,0
7242,3,1711049971,0
7243,1,1415151706,1
7244,1,1711062683,1
7245,1,1711079584,1
7245,2,1711062757,0
7246,1,1711087885,1
7246,2,1711050500,0
7247,1,1415155692,0
7247,2,1415164550,1
7247,3,1415160978,0
7248,1,1711061478,0
7248,2,1711067702,0
7248,3,1711109652,1
7248,4,1711089084,0
7249,1,1711066007,0
7249,2,1711081365,1
7249,3,1711049132,0
7250,1,1711066512,0
7250,2,1711089701,1
7250,3,1711050239,0
7251,1,1345262696,0
7251,2,1345313384,1
7251,3,1345297590,0
7251,4,1345278596,0
7252,1,1711050626,0
7252,2,1711084423,1
7252,3,1711066528,0
7253,1,1711058819,0
7253,2,1711097556,0
7253,3,1711074279,0
7253,4,1711116284,1
7254,1,1711066217,0
7254,2,1711086322,1
7254,3,1711056175,0
7255,1,1711069843,0
7255,2,1711112657,1
7255,3,1711088461,0
7256,1,1711149296,1
7257,1,1415161153,1
7257,2,1415156547,0
7258,1,1711170427,0
7258,2,1711065869,0
7258,3,1711087363,0
7258,4,1711055867,0
7258,5,1711103653,0
7258,6,1711182734,1
7259,1,2710044621,1
7259,2,1711146109,0
7260,1,1345294599,0
7260,2,1345262134,0
7260,3,1345317911,0
7260,4,1345352739,1
7260,5,1345278067,0
7261,1,1345343174,1
7262,1,1405003266,1
7263,1,1425122829,1
7263,2,1425115751,0
7264,1,1711089092,1
7264,2,1711067662,0
7264,3,1711049894,0
7265,1,1415155517,1
7266,1,1615009464,1
7267,1,1711078393,1
7268,1,1711063273,1
7269,1,1711064167,1
7270,1,1415156863,0
7270,2,1415162241,0
7270,3,1415167410,1
7271,1,1711088740,1
7271,2,1711066782,0
7271,3,1711051371,0
7272,1,1345262162,0
7272,2,1345278696,1
7273,1,1415156718,1
7273,2,1415151990,0
7274,1,1415165035,1
7275,1,1711070196,0
7275,2,1711052936,0
7275,3,1711081951,1
7276,1,1525007348,1
7277,1,1415156865,1
7278,1,1415151682,1
7279,1,1345300141,1
7279,2,1345262150,0
7279,3,1345280681,0
7280,1,1711066051,0
7280,2,1711090312,1
7280,3,1711056436,0
7281,1,1711049691,0
7281,2,1711068840,0
7281,3,1711092601,1
7282,1,1711060312,1
7283,1,1711064097,1
7284,1,1711062000,1
7285,1,1345275843,0
7285,2,1345293351,1
7285,3,1345262276,0
7286,1,1711140600,1
7287,1,1711060058,0
7287,2,1711069918,1
7288,1,1711109908,1
7289,1,1711083343,1
7290,1,1345266886,1
7291,1,1711070467,0
7291,2,1711081809,1
7291,3,1711052777,0
7292,1,1425114285,0
7292,2,1425126491,1
7293,1,1345275881,1
7293,2,1345266006,0
7294,1,1345262588,0
7294,2,1345293319,0
7294,3,1345318287,1
7294,4,1345277318,0
7295,1,1415154049,1
7296,1,1425116980,1
7297,1,1425113676,0
7297,2,1425122774,1
7298,1,1345268151,1
7299,1,1711056599,1
7300,1,1525007301,1
7301,1,1615009692,1
7302,1,1711055651,1
7303,1,1711060317,1
7304,1,1415153140,0
7304,2,1415162533,1
7304,3,1415157876,0
7305,1,1711078398,1
7306,1,1711079575,1
7307,1,1615010428,1
7308,1,1615009703,1
7309,1,1711064150,1
7310,1,1615012541,1
7311,1,1615012132,1
7311,2,1615011528,0
7311,3,1615009630,0
7311,4,1615009967,0
7311,5,1615010610,0
7312,1,1615009718,1
7313,1,1345262708,0
7313,2,1345280702,0
7313,3,1345299511,1
7314,1,1711056639,1
7315,1,1711060582,0
7315,2,1711070083,0
7315,3,1711168293,1
7315,4,1711092513,0
7315,5,1711110093,0
7316,1,1711146485,1
7317,1,1425110627,1
7318,1,1711068704,0
7318,2,1711087089,1
7318,3,1711050743,0
7319,1,1711111231,1
7319,2,1711050659,0
7319,3,1711068714,0
7319,4,1711087844,0
7320,1,1711146490,1
7321,1,1711062107,1
7322,1,1711059637,0
7322,2,1711108872,1
7322,3,1711067356,0
7322,4,1711092249,0
7323,1,1345295963,0
7323,2,1345313449,0
7323,3,1345277125,0
7323,4,1345262000,0
7323,5,1345348429,1
7324,1,1345344224,1
7325,1,1545015056,1
7326,1,1425111273,0
7326,2,1425122517,0
7326,3,1425131848,1
7327,1,1711057364,1
7328,1,1345278279,0
7328,2,1345316651,1
7328,3,1345297623,0
7328,4,1345263262,0
7329,1,1345277603,0
7329,2,1345262955,0
7329,3,1345292861,0
7329,4,1345317590,1
7330,1,1711113992,1
7331,1,1711065154,1
7332,1,1711064244,1
7333,1,1425126616,1
7333,2,1425114688,0
7334,1,1415152806,1
7335,1,1425115920,0
7335,2,1425122941,1
7336,1,1711049907,0
7336,2,1711085929,1
7336,3,1711068664,0
7337,1,1555001121,1
7338,1,1345276943,0
7338,2,1345264095,0
7338,3,1345294604,1
7339,1,1711067321,0
7339,2,1711048685,0
7339,3,1711087787,1
7340,1,1345263158,0
7340,2,1345276584,0
7340,3,1345296888,0
7340,4,1345317380,1
7341,1,1345262189,1
7342,1,1425112180,0
7342,2,1425125894,1
7343,1,1711057419,1
7344,1,1425110371,1
7345,1,1345296839,0
7345,2,1345263943,0
7345,3,1345314393,1
7345,4,1345277817,0
7346,1,1425113238,0
7346,2,1425122965,1
7347,1,1345294669,0
7347,2,1345263551,0
7347,3,1345313480,1
7347,4,1345276128,0
7348,1,1425115731,1
7349,1,1345263293,0
7349,2,1345296861,1
7349,3,1345277742,0
7350,1,1345316541,1
7351,1,1425113732,1
7352,1,1415157073,1
7352,2,1415152971,0
7353,1,1545015166,0
7353,2,1545015156,0
7353,3,1545016697,0
7353,4,1545017079,1
7354,1,1545016953,1
7354,2,1545015168,0
7355,1,1425124166,1
7355,2,1425112778,0
7356,1,1711069236,0
7356,2,1711085600,1
7356,3,1711051010,0
7357,1,1711064154,1
7358,1,1345313391,1
7358,2,1345262771,0
7358,3,1345298330,0
7358,4,1345278864,0
7359,1,1711060437,0
7359,2,1711066395,0
7359,3,1711085918,1
7360,1,1345297079,1
7360,2,1345265963,0
7360,3,1345279002,0
7361,1,1345343194,1
7362,1,1345352813,1
7362,2,1345316922,0
7363,1,1345278525,0
7363,2,1345262053,0
7363,3,1345316550,1
7363,4,1345295974,0
7364,1,1425122687,1
7364,2,1425112764,0
7365,1,1525006903,0
7365,2,1525007642,1
7366,1,1525006482,0
7366,2,1525007520,1
7367,1,1525006825,0
7367,2,1525007579,1
7368,1,1345294284,0
7368,2,1345317729,1
7368,3,1345278971,0
7368,4,1345265994,0
7369,1,1425111168,1
7370,1,1525009083,1
7370,2,1525006821,0
7370,3,1525007571,0
7371,1,1525006508,0
7371,2,1525007494,0
7371,3,1525009079,1
7372,1,1711080298,0
7372,2,1711099752,0
7372,3,1711119154,1
7373,1,1711063428,1
7374,1,1405003829,1
7375,1,1405003984,1
7376,1,1711087165,1
7376,2,1711051372,0
7376,3,1711068410,0
7377,1,1415163507,1
7378,1,1415152543,1
7379,1,1425111593,1
7380,1,1711056642,0
7380,2,1711080921,1
7381,1,1711092064,1
7381,2,1711067371,0
7381,3,1711050815,0
7382,1,1345277344,1
7382,2,1345262735,0
7383,1,1345276037,0
7383,2,1345261729,0
7383,3,1345295792,0
7383,4,1345312424,1
7384,1,1345294455,0
7384,2,1345263283,0
7384,3,1345314618,1
7384,4,1345279050,0
7385,1,1345296387,0
7385,2,1345313011,1
7385,3,1345277335,0
7385,4,1345264708,0
7386,1,1711083059,0
7386,2,1711051731,0
7386,3,1711111969,0
7386,4,1711148735,1
7386,5,1711069030,0
7387,1,1711103314,0
7387,2,1711065268,0
7387,3,1711152487,1
7388,1,1711126306,1
7389,1,1711193665,1
7390,1,1345293800,1
7390,2,1345276512,0
7390,3,1345262007,0
7391,1,1711092217,1
7391,2,1711050501,0
7391,3,1711069091,0
7392,1,1711067945,0
7392,2,1711088466,1
7392,3,1711050568,0
7393,1,1345296983,0
7393,2,1345264365,0
7393,3,1345317388,1
7393,4,1345275734,0
7394,1,1711068953,0
7394,2,1711050461,0
7394,3,1711089120,1
7395,1,1711115878,1
7396,1,1345276388,0
7396,2,1345263085,0
7396,3,1345313299,1
7396,4,1345295058,0
7397,1,1415161180,1
7398,1,1415165937,0
7398,2,1415170810,1
7399,1,1425115990,0
7399,2,1425122852,1
7400,1,1711060779,0
7400,2,1711069071,0
7400,3,1711088008,1
7401,1,1711110779,1
7402,1,1415152716,0
7402,2,1415156876,1
7403,1,1345293666,1
7403,2,1345262399,0
7403,3,1345278609,0
7404,1,1711065511,0
7404,2,1711103084,1
7404,3,1711080992,0
7405,1,1711078961,1
7406,1,1711049844,1
7407,1,1425109613,1
7408,1,1345312131,1
7408,2,1345295551,0
7408,3,1345275943,0
7408,4,1345261899,0
7409,1,1365003138,1
7410,1,2360000245,1
7410,2,2360000182,0
7410,3,2360000114,0
7411,1,1365003819,1
7412,1,1345294716,0
7412,2,1345278601,0
7412,3,1345263894,0
7412,4,1345317001,1
7413,1,1711063580,1
7414,1,1615009594,0
7414,2,1615009774,1
7415,1,1345263209,1
7416,1,1711055666,0
7416,2,1711081736,1
7416,3,1711073226,0
7417,1,1345316555,1
7417,2,1345278522,0
7417,3,1345263857,0
7417,4,1345294318,0
7418,1,1345280577,0
7418,2,1345266081,0
7418,3,1345299546,1
7419,1,1615009463,1
7420,1,1711049544,0
7420,2,1711067065,0
7420,3,1711088304,1
7421,1,1415163205,0
7421,2,1415155919,0
7421,3,1415167612,1
7422,1,1711061957,1
7423,1,1711062176,1
7424,1,1711061275,1
7425,1,1711061937,1
7426,1,1415154351,1
7427,1,1415166631,1
7428,1,1415152844,0
7428,2,1415157914,0
7428,3,1415162139,1
7429,1,1405003841,1
7430,1,1415155182,1
7431,1,1615009486,1
7432,1,1345297627,1
7432,2,1345263241,0
7432,3,1345276828,0
7433,1,1425109515,1
7434,1,1711133803,1
7435,1,1711115895,1
7436,1,1711064127,1
7437,1,1711083393,0
7437,2,1711060843,0
7437,3,1711069924,0
7437,4,1711110180,1
7438,1,1711134827,1
7439,1,1711083120,0
7439,2,1711068517,0
7439,3,1711060591,0
7439,4,1711111291,1
7440,1,1711088243,1
7441,1,1711049045,1
7442,1,1711057357,0
7442,2,1711075908,1
7443,1,1425110387,1
7444,1,1711109595,1
7445,1,1425112971,0
7445,2,1425124202,1
7446,1,1711052853,0
7446,2,1711082037,0
7446,3,1711070185,0
7446,4,1711104236,1
7447,1,1711056469,0
7447,2,1711067155,0
7447,3,1711087353,1
7448,1,1711070127,0
7448,2,1711052907,0
7448,3,1711082121,1
7449,1,1711103431,1
7450,1,1711057359,1
7451,1,1415156540,0
7451,2,1415161160,1
7452,1,1711090151,1
7452,2,1711050328,0
7452,3,1711068545,0
7453,1,1711050407,0
7453,2,1711069513,0
7453,3,1711088166,1
7454,1,1425115464,1
7455,1,1425114254,0
7455,2,1425125086,1
7456,1,1395065975,1
7457,1,1425111820,1
7458,1,1425110710,1
7459,1,1345317802,1
7459,2,1345293632,0
7459,3,1345262005,0
7459,4,1345276437,0
7460,1,1425110041,1
7461,1,1711055301,0
7461,2,1711065274,1
7462,1,1711063984,1
7463,1,1425120027,0
7463,2,1425109697,0
7463,3,1425128460,1
7464,1,1345264009,1
7465,1,1415153384,1
7466,1,1425109834,1
7467,1,1375026779,0
7467,2,1375026931,1
7467,3,1375026607,0
7468,1,1711058383,0
7468,2,1711070577,1
7469,1,1615009785,1
7469,2,1615009316,0
7470,1,1711050392,0
7470,2,1711084334,1
7470,3,1711067955,0
7471,1,1425112636,0
7471,2,1425124138,1
7472,1,1615009270,0
7472,2,1615009801,1
7473,1,1425110425,1
7474,1,1425124398,1
7474,2,1425116054,0
7475,1,1345294653,0
7475,2,1345276824,0
7475,3,1345263992,0
7475,4,1345314260,1
7476,1,1711063598,1
7477,1,1711077627,0
7477,2,1711097750,1
7478,1,1711060407,1
7479,1,1425110728,1
7480,1,1415161393,1
7481,1,1415171901,1
7482,1,1415166473,1
7482,2,1415157712,0
7483,1,1711097846,1
7483,2,1711057987,0
7483,3,1711076824,0
7484,1,1475010113,1
7485,1,1475009966,1
7486,1,1711057299,1
7487,1,1345278272,0
7487,2,1345296103,0
7487,3,1345316720,1
7487,4,1345263423,0
7488,1,1405004003,1
7488,2,1405003274,0
7488,3,1405003594,0
7489,1,1405003262,0
7489,2,1405003864,1
7489,3,1405003520,0
7490,1,1711068155,0
7490,2,1711050420,0
7490,3,1711088622,1
7491,1,1741000734,1
7492,1,1535000056,1
7493,1,1711065166,0
7493,2,1711081168,1
7494,1,1415170939,1
7494,2,1415165963,0
7495,1,1711085873,1
7495,2,1711068366,0
7495,3,1711051296,0
7496,1,1345262289,0
7496,2,1345294975,1
7496,3,1345277132,0
7497,1,1425112248,1
7498,1,1711055187,1
7499,1,1425116055,0
7499,2,1425124059,1
7500,1,1711050127,0
7500,2,1711090100,1
7500,3,1711069650,0
7501,1,1415155884,1
7502,1,1425111114,1
7503,1,1415162120,1
7504,1,1711115907,1
7505,1,1711068759,0
7505,2,1711083448,1
7505,3,1711050097,0
7506,1,1711128796,1
7507,1,1711085922,1
7507,2,1711050282,0
7507,3,1711069667,0
7508,1,1711068247,0
7508,2,1711092057,1
7508,3,1711050608,0
7509,1,1711117157,1
7509,2,1711099753,0
7509,3,1711080299,0
7510,1,1711150170,1
7511,1,1415159310,1
7511,2,1415153811,0
7512,1,1415170220,1
7513,1,1415165274,1
7514,1,1425110636,1
7515,1,1711102837,1
7515,2,1711093132,0
7515,3,1711070446,0
7515,4,1711057287,0
7516,1,1711152519,1
7517,1,1711125747,1
7518,1,1345298557,0
7518,2,1345318171,1
7519,1,1345263415,1
7520,1,1345278808,1
7521,1,1415167282,1
7521,2,1415162556,0
7521,3,1415153676,0
7522,1,1711064009,1
7523,1,1711067450,0
7523,2,1711083735,1
7523,3,1711050834,0
7524,1,1415170808,1
7525,1,9991007919,1
7526,1,1345263713,0
7526,2,1345278024,0
7526,3,1345296874,0
7526,4,1345318519,1
7527,1,1711068543,0
7527,2,1711049543,0
7527,3,1711086050,1
7528,1,1711072740,0
7528,2,1711096647,1
7529,1,1711062689,1
7530,1,1711068116,0
7530,2,1711089494,1
7530,3,1711051250,0
7531,1,1711058318,0
7531,2,1711104004,0
7531,3,1711074488,0
7531,4,1711128451,1
7531,5,1711093023,0
7532,1,1711090552,1
7532,2,1711049277,0
7532,3,1711068301,0
7533,1,1415167689,1
7533,2,1415153972,0
7533,3,1415163552,0
7533,4,1415159313,0
7534,1,1425122508,1
7534,2,1425110884,0
7535,1,1425131885,1
7536,1,1711087502,1
7536,2,1711067203,0
7537,1,1711051594,1
7538,1,1415155949,0
7538,2,1415166865,1
7538,3,1415162125,0
7539,1,1425113658,0
7539,2,1425125728,1
7540,1,1711063768,1
7541,1,1711063775,1
7542,1,1105012458,1
7543,1,1415162692,0
7543,2,1415168205,1
7543,3,1415155971,0
7544,1,1615009266,0
7544,2,1615009961,1
7545,1,1415154805,1
7546,1,1711055191,0
7546,2,1711080952,0
7546,3,1711103179,0
7546,4,1711065130,0
7546,5,1711152452,1
7547,1,1711193492,1
7548,1,1711126090,0
7548,2,2710008621,1
7549,1,1711193852,1
7549,2,1711126169,0
7550,1,1711152507,1
7550,2,1711055503,0
7550,3,1711103016,0
7550,4,1711065284,0
7550,5,1711080929,0
7551,1,1711058857,1
7552,1,1425109474,1
7553,1,1711060855,0
7553,2,1711077908,1
7554,1,1711061943,0
7554,2,1711079586,1
7555,1,1711079574,1
7555,2,1711061950,0
7556,1,1345302387,1
7556,2,1345286787,0
7556,3,1345269477,0
7557,1,1485014809,0
7557,2,1485015530,1
7558,1,1485014804,0
7558,2,1485015506,1
7559,1,1711053983,0
7559,2,1711086207,1
7559,3,1711071309,0
7560,1,1485017714,1
7561,1,1345266213,1
7562,1,1711074477,1
7563,1,1711078304,1
7564,1,1711060978,1
7565,1,1711057341,0
7565,2,1711075892,1
7566,1,1711070654,0
7566,2,1711054370,0
7566,3,1711084715,1
7567,1,1711057339,0
7567,2,1711075890,1
7568,1,1415152823,0
7568,2,1415157154,1
7569,1,1711126940,1
7569,2,1711082789,0
7569,3,1711117215,0
7570,1,1711064757,1
7571,1,1711075888,1
7572,1,1615010526,1
7573,1,1345269159,1
7574,1,1345274905,1
7575,1,1345269795,1
7576,1,1711054409,0
7576,2,1711071300,0
7576,3,1711089980,1
7577,1,1415164993,0
7577,2,1415170594,1
7577,3,1415157654,0
7577,4,1415154245,0
7578,1,1415154988,1
7579,1,1711060310,1
7580,1,1345268990,1
7581,1,1711057625,0
7581,2,1711073418,1
7582,1,1711057324,1
7583,1,1615011160,0
7583,2,1615012176,1
7584,1,1425114196,1
7585,1,1415152811,1
7586,1,1485014807,1
7587,1,1345301823,1
7587,2,1345286516,0
7587,3,1345271324,0
7588,1,1415152713,1
7589,1,1711079972,1
7589,2,1711062058,0
7590,1,1711055572,1
7591,1,1415167976,1
7591,2,1415151209,0
7591,3,1415161880,0
7591,4,1415157015,0
7592,1,1425117568,1
7593,1,1415160046,1
7593,2,1415151251,0
7594,1,1711060893,0
7594,2,1711079576,1
7595,1,1711078297,1
7595,2,1711058413,0
7596,1,1711071810,0
7596,2,1711089641,1
7596,3,1711054463,0
7597,1,1345271683,0
7597,2,1345301477,1
7597,3,1345284930,0
7598,1,1711057626,0
7598,2,1711073338,0
7598,3,1711082773,1
7599,1,1711100139,1
7600,1,1711079590,1
7601,1,1741000708,1
7602,1,1741000741,0
7602,2,1761001140,1
7603,1,1761001060,1
7604,1,1415162221,1
7604,2,1415157152,0
7605,1,1415152741,1
7606,1,1345269533,0
7606,2,1345286703,0
7606,3,1345303441,1
7607,1,1555001089,1
7608,1,1711048370,1
7609,1,1415165971,1
7610,1,1415161177,1
7611,1,1415156524,1
7612,1,1345286616,1
7612,2,1345269040,0
7613,1,1345301451,1
7614,1,1425117594,1
7615,1,1711061734,0
7615,2,1711078406,1
7616,1,1711090439,1
7616,2,1711072801,0
7616,3,1711053912,0
7617,1,1415156525,1
7618,1,1345302101,1
7618,2,1345270182,0
7618,3,1345285324,0
7619,1,1345284826,0
7619,2,1345301615,1
7619,3,1345268897,0
7620,1,1711062228,1
7621,1,1415153256,0
7621,2,1415160778,1
7622,1,1711053497,0
7622,2,1711085532,1
7622,3,1711071915,0
7623,1,1425109082,1
7624,1,1425126228,1
7624,2,1425111918,0
7625,1,1711078306,0
7625,2,1711061814,0
7625,3,1711098450,1
7626,1,1425126787,1
7626,2,1425110943,0
7627,1,1711092564,1
7627,2,1711071828,0
7627,3,1711054801,0
7628,1,1345302173,1
7628,2,1345284712,0
7628,3,1345270722,0
7629,1,1345270111,0
7629,2,1345286719,0
7629,3,1345303501,1
7630,1,1415157303,0
7630,2,1415162312,1
7631,1,1711071571,0
7631,2,1711053745,0
7631,3,1711088415,1
7632,1,1345319851,1
7632,2,1345272240,0
7632,3,1345303820,0
7632,4,1345286289,0
7633,1,1345334264,1
7634,1,1345314812,0
7634,2,1345362571,1
7634,3,1345349801,0
7634,4,1345277665,0
7634,5,1345261289,0
7634,6,1345296454,0
7635,1,1345343351,0
7635,2,2340031265,1
7636,1,1415159647,0
7636,2,1415171609,1
7636,3,1415164592,0
7637,1,1615009096,1
7638,1,1615009837,1
7639,1,1345303297,1
7639,2,1345284880,0
7639,3,1345271894,0
7640,1,1711087251,1
7640,2,1711071199,0
7640,3,1711054048,0
7641,1,1545017120,1
7641,2,1545014549,0
7642,1,1711053195,0
7642,2,1711089859,1
7642,3,1711072072,0
7643,1,1711078394,1
7643,2,1711061301,0
7644,1,1711057337,1
7645,1,1741000774,1
7646,1,1711070168,0
7646,2,1711052895,0
7646,3,1711082390,1
7647,1,1615009635,1
7648,1,1711048327,1
7649,1,1711070302,1
7650,1,1711070298,1
7651,1,1395054724,1
7652,1,1395054773,1
7653,1,1395049331,0
7653,2,1395054179,1
7654,1,1395049106,0
7654,2,1395053759,1
7655,1,1711053582,1
7656,1,1345272292,0
7656,2,1345284891,0
7656,3,1345302223,0
7656,4,1345319524,1
7657,1,1345346012,1
7658,1,1415152232,1
7659,1,1711099725,1
7659,2,1711062112,0
7659,3,1711077859,0
7660,1,1711099962,1
7660,2,1711058406,0
7660,3,1711078298,0
7661,1,1415156333,0
7661,2,1415161374,1
7662,1,1345271445,0
7662,2,1345284945,0
7662,3,1345302500,1
7663,1,1711062139,0
7663,2,1711078409,1
7664,1,1711057385,1
7665,1,1415156526,0
7665,2,1415161175,1
7666,1,1415154885,1
7667,1,1711054879,1
7668,1,1415161166,1
7669,1,1415157360,1
7670,1,1711061090,0
7670,2,1711077837,0
7670,3,1711101663,1
7671,1,1425126272,1
7671,2,1425113681,0
7672,1,1711062731,0
7672,2,1711078395,1
7673,1,1545014100,0
7673,2,1545016673,1
7674,1,1711080993,1
7674,2,1711054949,0
7674,3,1711065191,0
7675,1,1345270783,0
7675,2,1345303118,1
7675,3,1345286452,0
7676,1,1711075881,1
7676,2,1711057328,0
7677,1,1415157146,0
7677,2,1415152728,0
7677,3,1415162159,1
7678,1,1711062863,1
7679,1,1711060274,1
7680,1,1345270771,1
7681,1,1345302061,1
7681,2,1345285879,0
7682,1,1415151208,1
7683,1,1415161174,1
7683,2,1415156527,0
7684,1,1711078066,1
7685,1,1425109153,1
7686,1,1711057356,1
7687,1,1711060759,0
7687,2,1711077002,0
7687,3,1711097599,1
7688,1,1711078301,0
7688,2,1711098710,1
7688,3,1711061956,0
7689,1,1415151243,0
7689,2,1415157176,1
7690,1,1345269483,0
7690,2,1345302569,1
7690,3,1345285008,0
7691,1,1711072301,0
7691,2,1711089389,1
7691,3,1711053076,0
7692,1,1345268647,1
7693,1,1345303702,1
7693,2,1345286021,0
7693,3,1345268971,0
7694,1,1345362611,1
7694,2,1345294063,0
7694,3,1345279099,0
7694,4,1345261878,0
7694,5,1345348360,0
7694,6,1345313362,0
7695,1,1345331807,1
7696,1,1711057325,1
7697,1,1345269367,0
7697,2,1345301634,1
7697,3,1345285638,0
7698,1,1415158378,0
7698,2,1415162848,1
7699,1,1415151308,1
7700,1,1345272979,1
7701,1,1425114267,0
7701,2,1425126522,1
7702,1,1395053124,0
7702,2,1395054694,1
7703,1,1415156532,0
7703,2,1415161168,1
7704,1,1711057323,0
7704,2,1711075878,1
7705,1,1711075879,1
7706,1,1345318354,1
7707,1,1345278860,0
7707,2,1345261483,0
7707,3,1345297844,0
7707,4,1345350306,1
7708,1,1345332064,1
7709,1,1711087048,1
7709,2,1711054326,0
7709,3,1711070713,0
7710,1,1711053063,0
7710,2,1711071497,0
7710,3,1711087816,1
7711,1,1405003282,0
7711,2,1405003700,1
7712,1,1545016783,1
7712,2,1545014452,0
7713,1,1425115050,1
7714,1,1711099589,1
7715,1,1711062146,0
7715,2,1711079578,1
7716,1,1711077849,0
7716,2,1711098274,1
7716,3,1711061480,0
7717,1,1711099202,1
7717,2,1711061735,0
7717,3,1711077840,0
7718,1,1711078193,0
7718,2,1711061174,0
7718,3,1711099964,1
7719,1,1711078299,1
7719,2,1711061223,0
7720,1,1711100140,1
7721,1,1395053079,0
7721,2,1395054665,1
7722,1,1415151352,0
7722,2,1415157378,1
7723,1,1615009944,1
7724,1,1615010685,1
7725,1,1615009298,1
7726,1,1345290559,0
7726,2,1345274310,0
7726,3,1345311349,0
7726,4,1345329149,1
7727,1,1345271794,0
7727,2,1345285119,0
7727,3,1345301829,1
7728,1,1345270860,0
7728,2,1345285396,0
7728,3,1345302076,1
7729,1,1545018525,1
7729,2,1545016601,0
7729,3,1545014098,0
7730,1,1545019146,1
7730,2,1545014416,0
7730,3,1545016781,0
7731,1,1415167421,1
7731,2,1415157159,0
7731,3,1415163115,0
7731,4,1415152824,0
7732,1,1711053369,1
7733,1,1711054932,1
7734,1,1711070409,0
7734,2,1711116243,1
7734,3,1711093218,0
7735,1,1711125811,1
7736,1,1425126477,1
7737,1,1425112197,1
7738,1,1711062794,0
7738,2,1711079582,1
7739,1,1711062844,0
7739,2,1711077884,1
7740,1,1711099794,1
7741,1,1711078031,1
7741,2,1711061748,0
7742,1,1711099949,1
7743,1,1711082810,1
7744,1,1711104467,1
7745,1,1711052718,0
7745,2,1711072521,1
7746,1,1711086134,1
7746,2,1711053960,0
7746,3,1711071598,0
7747,1,1615009500,1
7748,1,1415154948,1
7749,1,1711061015,0
7749,2,1711099098,1
7749,3,1711078196,0
7750,1,1345271392,0
7750,2,1345302518,1
7750,3,1345286164,0
7751,1,1395054689,1
7751,2,1395051355,0
7752,1,1535000066,1
7753,1,1395054693,1
7753,2,1395053106,0
7754,1,1711061014,0
7754,2,1711079580,1
7755,1,1545017033,1
7755,2,1545014292,0
7756,1,1415165970,1
7757,1,1415161155,1
7757,2,1415156545,0
7758,1,1345273044,1
7759,1,1615009559,1
7760,1,1485015497,1
7760,2,1485014813,0
7761,1,1345302647,1
7761,2,1345285611,0
7761,3,1345269975,0
7762,1,1345275145,1
7763,1,1425117562,1
7764,1,1711071996,0
7764,2,1711087782,1
7764,3,1711054643,0
7765,1,1345286553,0
7765,2,1345269485,0
7765,3,1345301970,1
7766,1,1415161146,1
7766,2,1415156554,0
7767,1,1415152602,0
7767,2,1415158352,1
7768,1,1711065199,1
7769,1,1345313022,0
7769,2,1345342521,0
7769,3,1345262306,0
7769,4,1345293956,0
7769,5,1345348258,1
7769,6,1345278884,0
7770,1,1711072178,0
7770,2,1711054290,0
7770,3,1711084348,1
7771,1,1711053976,1
7772,1,1615010109,1
7772,2,1615009178,0
7773,1,1425111705,1
7774,1,1345286029,1
7775,1,1345269250,1
7776,1,1345301885,1
7776,2,1345269773,0
7776,3,1345286491,0
7777,1,1711077922,1
7777,2,1711060804,0
7778,1,1711061147,0
7778,2,1711077833,1
7779,1,1711101661,1
7780,1,1425126276,1
7780,2,1425111799,0
7781,1,1711055537,0
7781,2,1711065169,0
7781,3,1711081186,1
7782,1,1415161781,1
7783,1,1395049962,0
7783,2,1395054626,1
7784,1,1545014162,0
7784,2,1545016653,1
7785,1,1345303890,1
7785,2,1345285440,0
7785,3,1345271907,0
7786,1,1711124248,1
7787,1,1711086669,1
7787,2,1711053681,0
7787,3,1711071465,0
7788,1,1365003419,1
7789,1,2360000243,1
7790,1,1711101672,1
7791,1,1711101174,1
7792,1,1345270396,0
7792,2,1345301590,1
7792,3,1345284674,0
7793,1,1711079589,0
7793,2,1711099362,1
7793,3,1711062144,0
7794,1,2340056326,1
7794,2,1345352823,0
7794,3,1345365977,0
7794,4,1345261221,0
7794,5,1345277833,0
7794,6,1345294349,0
7794,7,1345313850,0
7794,8,2340046364,0
7795,1,2340031203,1
7795,2,1345343383,0
7796,1,1425114358,1
7797,1,1345270112,0
7797,2,1345303196,1
7797,3,1345286361,0
7798,1,1425109376,1
7799,1,1711062695,0
7799,2,1711078313,1
7800,1,1711057326,1
7801,1,1711057329,0
7801,2,1711075882,1
7802,1,1711075880,1
7803,1,1345301597,1
7803,2,1345271436,0
7803,3,1345286286,0
7804,1,1711057375,1
7805,1,1711057327,1
7806,1,1711053095,0
7806,2,1711086260,1
7806,3,1711072851,0
7807,1,1711071989,0
7807,2,1711054590,0
7807,3,1711084941,1
7808,1,1415157296,0
7808,2,1415167604,1
7808,3,1415162446,0
7809,1,1415172367,1
7810,1,1425115700,1
7811,1,2340031263,1
7811,2,1345331880,0
7812,1,1345350299,1
7812,2,1345261407,0
7812,3,1345279030,0
7812,4,1345295388,0
7812,5,1345316951,0
7813,1,1425114329,0
7813,2,1425126612,1
7814,1,1425114908,1
7815,1,1711053138,0
7815,2,1711071890,0
7815,3,1711089453,1
7816,1,1415163993,1
7816,2,1415153594,0
7816,3,1415160178,0
7817,1,1425113693,0
7817,2,1425126651,1
7818,1,1425115815,1
7819,1,1711088349,1
7819,2,1711071538,0
7819,3,1711053944,0
7820,1,1711193709,1
7821,1,1711070430,0
7821,2,1711160598,1
7821,3,1711108638,0
7821,4,1711093213,0
7822,1,1711054908,1
7823,1,1711125957,1
7824,1,1405003334,0
7824,2,1405003735,0
7824,3,1405004087,1
7825,1,1545019203,1
7825,2,1545014342,0
7825,3,1545016852,0
7826,1,1545015913,0
7826,2,1545018130,0
7826,3,1545020684,1
7827,1,1545020683,1
7827,2,1545018141,0
7827,3,1545015912,0
7828,1,1545015820,0
7828,2,1545018080,0
7828,3,1545020682,1
7829,1,1535000067,1
7830,1,1741000740,1
7831,1,1741000730,1
7832,1,1711075586,1
7832,2,1711060870,0
7833,1,1345285697,0
7833,2,1345301611,1
7833,3,1345271980,0
7834,1,1345279464,1
7835,1,1415157411,0
7835,2,1415162510,1
7836,1,1345271176,0
7836,2,1345284910,0
7836,3,1345301861,1
7837,1,1425111778,1
7838,1,1425126530,1
7839,1,1345301904,1
7839,2,1345270971,0
7839,3,1345285653,0
7840,1,1345284825,0
7840,2,1345301812,1
7840,3,1345271101,0
7841,1,1711058529,1
7842,1,1425126506,1
7843,1,1425111722,1
7844,1,1415165328,1
7845,1,1415151183,0
7845,2,1415159210,1
7846,1,1711078305,0
7846,2,1711061729,0
7846,3,1711098076,1
7847,1,1615009557,0
7847,2,1615010319,1
7848,1,1711054156,1
7849,1,1711053178,0
7849,2,1711087741,1
7849,3,1711071535,0
7850,1,1415169326,1
7851,1,1415160051,0
7851,2,1415155928,0
7851,3,1415164079,1
7852,1,1415151232,0
7852,2,1415157028,0
7852,3,1415167537,1
7852,4,1415162931,0
7853,1,1415152787,1
7854,1,1711191831,1
7854,2,1711169572,0
7854,3,1711111797,0
7854,4,1711087893,0
7854,5,1711071751,0
7854,6,1711053984,0
7855,1,2710075664,1
7855,2,1711130615,0
7856,1,1415155934,1
7857,1,1345270541,1
7858,1,1555001059,1
7859,1,1615009736,1
7860,1,1615009205,1
7861,1,1615009996,1
7862,1,1615009247,1
7863,1,1485016301,1
7864,1,1525008709,1
7865,1,1711052428,1
7866,1,1415156006,1
7867,1,1415154779,1
7868,1,1415154502,1
7869,1,1711094267,1
7869,2,1711075642,0
7870,1,1711104609,1
7871,1,1345269984,1
7872,1,1345272110,1
7873,1,1545015439,1
7874,1,1525008915,1
7875,1,1525009688,1
7876,1,1615009063,1
7877,1,1345265729,1
7878,1,1345268967,1
7879,1,1711057870,1
7880,1,1711059521,1
7881,1,1345271602,1
7882,1,1545015484,1
7883,1,1545015456,1
7884,1,1711100169,0
7884,2,1711078812,0
7884,3,1711122835,1
7884,4,1711062055,0
7885,1,1345270373,1
7886,1,1345272002,1
7887,1,1415153777,1
7888,1,1525007209,1
7889,1,1525009735,1
7889,2,1525008673,0
7890,1,1525007802,1
7891,1,1525006742,1
7892,1,1415152353,1
7893,1,1395053731,1
7894,1,1711056903,1
7895,1,1415155264,1
7896,1,1415155269,0
7896,2,1415164964,1
7896,3,1415159741,0
7897,1,1711059537,1
7898,1,1711052282,1
7899,1,1415156470,1
7900,1,1425116169,1
7901,1,1415158943,1
7902,1,1711052902,1
7903,1,1415162937,1
7903,2,1415158369,0
7904,1,1415151627,1
7905,1,1415167143,1
7906,1,1345268854,1
7907,1,1761000380,1
7908,1,1761000401,1
7909,1,1711052056,1
7910,1,1415155698,1
7911,1,1525007210,1
7912,1,1345270041,1
7913,1,1711059419,1
7914,1,1345270943,1
7915,1,1345271531,1
7916,1,1545015447,1
7917,1,1545015472,1
7918,1,1615011518,0
7918,2,1615010477,0
7918,3,1615012109,1
7918,4,1615009446,0
7918,5,1615009880,0
7919,1,1615009449,0
7919,2,1615010056,0
7919,3,1615011532,0
7919,4,1615010774,0
7919,5,1615012305,1
7920,1,1711052422,1
7921,1,1345271797,1
7922,1,1345265852,1
7923,1,1711056852,1
7924,1,1525006741,0
7924,2,1525009754,1
7924,3,1525008639,0
7925,1,1525007833,1
7926,1,1545015482,1
7927,1,1345270999,1
7928,1,1525009840,1
7929,1,1711057285,1
7930,1,1711057333,0
7930,2,1711075885,0
7930,3,1711094358,1
7931,1,1545015478,1
7932,1,1545015481,1
7933,1,1545015485,1
7934,1,1345269537,1
7935,1,1711105553,1
7935,2,1711064547,0
7935,3,1711049614,0
7935,4,1711092188,0
7936,1,1711126532,1
7937,1,1711051773,1
7938,1,1711152809,1
7938,2,1711092726,0
7938,3,1711103234,0
7939,1,1711125817,1
7940,1,1345268952,1
7941,1,1345271114,1
7942,1,1711052077,1
7943,1,1415153079,1
7944,1,1345270472,1
7945,1,1345272040,1
7946,1,1711057513,1
7947,1,1415161142,1
7947,2,1415156560,0
7948,1,1711062391,1
7949,1,1345261441,1
7950,1,1345270772,1
7951,1,1345272305,1
7952,1,1345271589,1
7953,1,1711052106,1
7954,1,1415155294,1
7955,1,1525008647,1
7956,1,1525009703,1
7956,2,1525006439,0
7956,3,1525007799,0
7956,4,1525008596,0
7957,1,1615009789,1
7958,1,1711059649,1
7959,1,1415162941,0
7959,2,1415158474,0
7959,3,1415152779,0
7959,4,1415166918,1
7960,1,1345270760,1
7961,1,1711052176,1
7962,1,1415154706,1
7963,1,1415161399,1
7964,1,1415156443,1
7965,1,1711051610,1
7966,1,1415158548,0
7966,2,1415162627,1
7966,3,1415152147,0
7967,1,1525007904,0
7967,2,1525009059,1
7967,3,1525006759,0
7968,1,1525006758,0
7968,2,1525009045,1
7968,3,1525007909,0
7969,1,1525009039,1
7969,2,1525007901,0
7969,3,1525006490,0
7970,1,1525009826,1
7971,1,1711055271,1
7972,1,1711065248,1
7973,1,1345271260,1
7974,1,1711051858,1
7975,1,1415153071,1
7976,1,1415162265,0
7976,2,1415157321,0
7976,3,1415166928,1
7977,1,1535000050,1
7977,2,1741000735,0
7978,1,1525006788,0
7978,2,1525008668,1
7979,1,1525007818,1
7980,1,1525007822,1
7981,1,1525006590,1
7982,1,1345271988,1
7983,1,2710075661,1
7983,2,1711106025,0
7983,3,1711053712,0
7983,4,1711070677,0
7983,5,1711090452,0
7984,1,1711058793,0
7984,2,1711076452,0
7984,3,1711094325,1
7985,1,1415156469,1
7986,1,1415161139,1
7986,2,1415156566,0
7987,1,1415153550,1
7988,1,1415160301,0
7988,2,1415164316,1
7989,1,1711058528,1
7990,1,1415155871,1
7991,1,1711061460,1
7992,1,2100001131,1
7993,1,1615011480,1
7993,2,1615010067,0
7993,3,1615010794,0
7993,4,1615009145,0
7994,1,1415153678,1
7995,1,1415152699,1
7996,1,1525007589,1
7997,1,1525008801,1
7998,1,1525008805,1
7999,1,1525006649,1
8000,1,1525007531,1
8001,1,1525007605,1
8002,1,1525008810,1
8003,1,1525006445,1
8004,1,1525006806,1
8005,1,1525007535,1
8006,1,1525008794,1
8007,1,1525007606,1
8008,1,1525006693,1
8009,1,1525006616,1
8010,1,1415155829,1
8011,1,1485014720,1
8012,1,1315001212,0
8012,2,1315001042,0
8012,3,1315001387,1
8013,1,1345273822,1
8014,1,1415152735,1
8015,1,1741000785,1
8016,1,1415155846,1
8017,1,1525006972,0
8017,2,1525007970,1
8018,1,1415152300,1
8019,1,1711079878,1
8020,1,1545024795,1
8021,1,1545020210,1
8022,1,1545022149,1
8023,1,1345279173,1
8024,1,2100000409,1
8025,1,2100001128,1
8026,1,1615010121,1
8026,2,1615009072,0
8027,1,1615009319,1
8028,1,1615009324,1
8029,1,1415155849,0
8029,2,1415160445,1
8030,1,1615009248,0
8030,2,1615010053,1
8031,1,1711055627,1
8032,1,1415153687,1
8033,1,1711193748,1
8033,2,1711126469,0
8033,3,1711103038,0
8033,4,1711081163,0
8033,5,1711065359,0
8033,6,1711159675,0
8034,1,1711055147,1
8035,1,1415152703,1
8036,1,1711057741,1
8037,1,1345311054,0
8037,2,1345329444,1
8037,3,1345274002,0
8037,4,1345290320,0
8038,1,1075000703,1
8039,1,1075001124,1
8040,1,1075000967,1
8041,1,1075000826,1
8042,1,1711059007,1
8043,1,1365002495,1
8044,1,1415156575,1
8045,1,1415156574,1
8046,1,1415151438,1
8047,1,1711055163,1
8048,1,1711072264,0
8048,2,1711082492,1
8048,3,1711052710,0
8049,1,1415155998,1
8050,1,1711058429,0
8050,2,1711075851,0
8050,3,1711093979,1
8051,1,1711102210,1
8052,1,1415183218,1
8053,1,1415159859,1
8054,1,1711063840,1
8055,1,1711082102,1
8055,2,1711072602,0
8055,3,1711052923,0
8056,1,1711103591,1
8057,1,1711104169,1
8058,1,1711072384,0
8058,2,1711052717,0
8058,3,1711085198,1
8059,1,2360000241,1
8060,1,1365003667,1
8061,1,2360000158,1
8062,1,1711105219,1
8063,1,1711063838,1
8064,1,1711063841,1
8065,1,1345276908,0
8065,2,1345260201,0
8065,3,1345295518,1
8066,1,2480001074,1
8067,1,1485019660,1
8068,1,1485018953,1
8069,1,1711079859,1
8070,1,1365003272,1
8071,1,1365003413,1
8072,1,1365003659,1
8073,1,2710095032,1
8074,1,2710033967,1
8075,1,1711176163,1
8076,1,1415161670,1
8076,2,1415156885,0
8077,1,2520000713,1
8077,2,1525015061,0
8078,1,1525012131,0
8078,2,1525009549,0
8078,3,1525006412,0
8078,4,1525010732,0
8078,5,1525008392,0
8078,6,1525013696,1
